"Datum","Gültig bis","Buchungsnummer","Angebot","Kunde","Betrag","Steuer","Summe","abzurechnender Nettobetrag","abzurechnender Betrag","Bearbeiter","Verkäufer/in","Transportmittel","Projektnummer","Vorgangsbezeichnung","Abteilung","Offen","Ertrag","Ertrag prozentual","Kundennummer","USt-IdNr.","Land","Bestellnummer Webshop","Steuersatz","Auftragswahrscheinlichkeit","Vorauss. Abr.datum","Vorauss. Summe","Zahlungsbedingungen","Interne Bemerkungen","Status","Positionen","Name (Lieferung)","Abteilung (1) (Lieferung)","Abteilung (2) (Lieferung)","Straße (Lieferung)","PLZ (Lieferung)","Stadt (Lieferung)","Land (Lieferung)","Mailing an IT-Firmen","Newsletter","Adresse woher?"
"17.08.2007","17.08.2007","640","170807","Brenn Verena","3'468.00","0.00","3'468.00","3'468.00","3'468.00","Andreas Rudin","Andreas Rudin","","","","","Nein","3'468.00","100.00","138","","CH","","Inland","0%","","0.00","","Anzahlung 70%","","Position Artikelnummer Beschreibung Menge Einheit 1 P11 Notebook JET T1200e 15.4"" WXGA, Core 2 DUO T7100, 1.8 GHZ, 1 GB Ram, (max. 4GB) 120 GB Harddisk, DVD-Brenner, Wireless, Bluetooth, Firewire, Webcam, Gewicht: 2.8 kg, 2 Jahre Garantie 1.00 Stck … ⏷","Position","Artikelnummer","Beschreibung","Menge","Einheit","1","P11","Notebook JET T1200e 15.4"" WXGA, Core 2 DUO T7100, 1.8 GHZ, 1 GB Ram, (max. 4GB) 120 GB Harddisk, DVD-Brenner, Wireless, Bluetooth, Firewire, Webcam, Gewicht: 2.8 kg, 2 Jahre Garantie","1.00","Stck","2","P11","Notebook Lenovo 3000 N100, Core Duo T2350, 15.4"" WXGA, 1.8 GHZ, 1GB Ram (max. 2 GB), 120 GB Harddisk, DVD-Brenner, Wireless, Bluetooth, Firewire, Gewicht: 2.8 kg, 1 Jahr Garantie","1.00","Stck","3","P5","Notebook Dell 600 Occasion 14,1"", Pentium Mobile Centrino 1.4 GHZ, 512 MB Ram, 30 GB Harddisk, ComboDrive DVD-Rom CD-Brenner, Wireless","1.00","Stck","4","P6","Windows XP Home Deutsch oder Windows Vista Home Basic Deutsch, jeweils inkl. Installation","1.00","Stck","5","D8","Garantieerweiterung auf 3 Jahre für JET T1200e","1.00","psch","6","D8","Garantieerweiterung auf 2 Jahre für Lenovo 3000","1.00","psch","7","P12","Notebooktasche Dicota 15,4""","1.00","Stck","8","P13","SD-Speicherkarte 1MB","1.00","Stck","9","P13","SD-Speicherkarte 2MB","1.00","Stck","10","D3","Datenübertragung von bisherigem Notebook nach Aufwand (ca. 50 bis 100 Franken)","1.00","psch","11","D9","Installation vor Ort pro Stunde (zuzüglich Reisespesen S-Bahn)","1.00","Std","","","","","","","","Nein","Abbestellt",""
"04.10.2007","04.10.2007","783","3","Soldini Mark","6'410.00","0.00","6'410.00","6'410.00","6'410.00","Andreas Rudin","Andreas Rudin","","","","","Nein","6'410.00","100.00","149","","CH","","Inland","0%","","0.00","","Graphiker Africash","","Position Artikelnummer Beschreibung Menge Einheit 1 P2 Asus Pundit P1 AH2, AMD X2 Dual Core 4000+, 1 GB Ram, 160 GB Harddisk, DVDRW Labelflash, Dualboot WindowsXP, Linux Mepis 7.0 1.00 Stck … ⏷","Position","Artikelnummer","Beschreibung","Menge","Einheit","1","P2","Asus Pundit P1 AH2, AMD X2 Dual Core 4000+, 1 GB Ram, 160 GB Harddisk, DVDRW Labelflash, Dualboot WindowsXP, Linux Mepis 7.0","1.00","Stck","2","P6","Lizenz WindowsXP Home","1.00","Stck","3","P16","Festplatte 500 GB","1.00","Stck","4","P3","BenQ VL3733, 37"", LCD TV","1.00","Stck","5","P3","Toshiba 42A3030, 42"", LCD TV","1.00","Stck","6","P3","Sharp Aquos LC-46XD1E, 46""","1.00","Stck","7","D4","Swico vorgezogene Recycling-Gebühr","1.00","psch","","","","","","","","","",""
"17.10.2007","17.10.2007","799","A181007","Bollow Norbert","1'689.00","0.00","1'689.00","1'689.00","1'689.00","Andreas Rudin","Andreas Rudin","","","","","Nein","1'689.00","100.00","148","","CH","","Inland","0%","","0.00","","Vorstandsmitglied FreieComputer.ch","","Position Artikelnummer Beschreibung Menge Einheit 1 P11 Notebook JET H8100, 15.4"" WXGA, Core 2 DUO T7200 2GHZ, 2 GB Ram, 160GB HD, Intel 945GM VGA Express Chipset, DVD-RW, Gbit LAN, Wireless, 56K Modem, 4in1 Card Reader Garantie 24 Monate 1.00 Stck … ⏷","Position","Artikelnummer","Beschreibung","Menge","Einheit","1","P11","Notebook JET H8100, 15.4"" WXGA, Core 2 DUO T7200 2GHZ, 2 GB Ram, 160GB HD, Intel 945GM VGA Express Chipset, DVD-RW, Gbit LAN, Wireless, 56K Modem, 4in1 Card Reader Garantie 24 Monate","1.00","Stck","2","D4","Swico vorgezogene Recycling-Gebühr","1.00","psch","3","D8","Garantieerweiterung auf 36 Monate","1.00","psch","","","","","","","","","",""
"30.10.2007","15.11.2007","854","A301007","Pfalzgraf Wolfgang","1'073.50","0.00","1'073.50","1'073.50","1'073.50","Andreas Rudin","Andreas Rudin","","","","","Nein","1'075.50","100.00","151","","CH","","Inland","0%","","0.00","","mobile 079 452 97 91","","Position Artikelnummer Beschreibung Menge Einheit 1 P1 Recycling PC Plus PIII 1GHZ, 512 MB Ram, Ethernet, Sound, USB1.1, 160 GB Hd neu, DVD-Brenner neu, Kubuntu Linux installiert 1.00 Stck … ⏷","Position","Artikelnummer","Beschreibung","Menge","Einheit","1","P1","Recycling PC Plus PIII 1GHZ, 512 MB Ram, Ethernet, Sound, USB1.1, 160 GB Hd neu, DVD-Brenner neu, Kubuntu Linux installiert","1.00","Stck","2","P12","Netzteil- und CPU-Ventilator extra leise","1.00","Stck","3","P29","Ventilatorfreier CPU-Kühler mit Heatpipe","1.00","Stck","4","P28","Netzteil lüfterlos","1.00","Stck","5","P3","19"" Monitor neu","1.00","Stck","6","P30","HP Deskjet F4180 All-in-One Drucker, Scanner, Kopierer","1.00","Stck","7","P65","USB-Kabel","1.00","Stck","","","","","","","","","",""
"16.11.2007","16.11.2007","872","A161107","Grüne Partei Luzern","1'708.00","0.00","1'708.00","1'708.00","1'708.00","Andreas Rudin","Andreas Rudin","","","","","Nein","1'708.00","100.00","154","","CH","","Inland","0%","","0.00","","Kontakt und Angebote an Roman Brusa","","Position Artikelnummer Beschreibung Menge Einheit 1 P31 LTSP-Server mit Athlon64 X2 Dual Core Prozessor, 2 GB Ram, 2 x 250 GB Harddisks als Spiegel-Raid, DVD-Brenner, Cardreader all-in-one, USB 2.0, Gigabit-Lan, Ubuntu 7.10 installiert 1.00 Stck … ⏷","Position","Artikelnummer","Beschreibung","Menge","Einheit","1","P31","LTSP-Server mit Athlon64 X2 Dual Core Prozessor, 2 GB Ram, 2 x 250 GB Harddisks als Spiegel-Raid, DVD-Brenner, Cardreader all-in-one, USB 2.0, Gigabit-Lan, Ubuntu 7.10 installiert","1.00","Stck","2","P32","LTSP-Client mit DVDRW und USB, inkl. neue Tastatur und Maus; (""local devices support"" für DVDRW und USB)","2.00","Stck","3","D8","Garantieerweiterung für Server und Clients auf 3 Jahre","1.00","psch","4","P3","Monitor 19"" (3 Jahren Garantie)","1.00","Stck","5","D4","Swico vorgezogene Recycling-Gebühr für Server und Monitor","1.00","psch","Grüne Luzern","","","Postfach 31","6000","Luzern 4","","","",""
"26.01.2008","31.01.2008","954","A260108","Kulhavy Karel","850.00","0.00","850.00","850.00","850.00","Andreas Rudin","Andreas Rudin","","","","","Nein","850.00","100.00","161","","CH","","Inland","0%","","0.00","","Entwickler von Ronja","","Position Artikelnummer Beschreibung Menge Einheit 1 P31 PC mit folgenden Komponenten: Mainboard ASUS P5E-V HDMI (Intel Chipset, ATX, onboard VGA + DVI, USB2.0, Firewire, 2xIDE, 6xSATAII, 2x PCIEx16, 1xPCIEx1, 3xPCI), CPU Intel Core 2 DUO E4500 2.2GHZ mit Heatpipe-Kühler und ""ich-bin-leise"" Lüfter, Samsung SATAII 250 GB, DVD-RW, 1 GB Kingston DDR2 667MHZ, semi-passives*) Netzteil 450W, robustes Secondhand Metallgehäuse Midi-Tower 1.00 Stck","Position","Artikelnummer","Beschreibung","Menge","Einheit","1","P31","PC mit folgenden Komponenten: Mainboard ASUS P5E-V HDMI (Intel Chipset, ATX, onboard VGA + DVI, USB2.0, Firewire, 2xIDE, 6xSATAII, 2x PCIEx16, 1xPCIEx1, 3xPCI), CPU Intel Core 2 DUO E4500 2.2GHZ mit Heatpipe-Kühler und ""ich-bin-leise"" Lüfter, Samsung SATAII 250 GB, DVD-RW, 1 GB Kingston DDR2 667MHZ, semi-passives*) Netzteil 450W, robustes Secondhand Metallgehäuse Midi-Tower","1.00","Stck","","","","","","","","Nein","Ja",""
"27.04.2008","27.04.2008","1039","A270408","Pfalzgraf Wolfgang","2'317.00","0.00","2'317.00","2'317.00","2'317.00","Andreas Rudin","Andreas Rudin","","","","","Nein","2'317.00","100.00","151","","CH","","Inland","0%","","0.00","","mobile 079 452 97 91","","Position Artikelnummer Beschreibung Menge Einheit 1 P31 PC mit folgenden Spezifikationen: AMD770/AMDSB600-Chipsatz, Phenom X4 9550 Prozessor, 2 x 2GB DDR2 (max.16 GB), Radeon HD3450 Graphikkarte PCIEx16x passivgekühlt (600MHz, 256MB), 2 x 500 GB SATAII-Harddisks, CPU-Kühler Thermalright HR-01 Plus, Gehäusenetzteil semi-passiv 450W, optische Maus USB, DVD+-RW,DL(IDE), Cardreader, 4x SATAII, 1x IDE für 2 Geräte, 10x USB2.0, Gbit Lan, 8-Channel HD Audio; Occasionsbestandteile: Gehäuse, PCI-Firewire-Karte, PS2-Tastatur; Linux-Installation 1.00 Stck … ⏷","Position","Artikelnummer","Beschreibung","Menge","Einheit","1","P31","PC mit folgenden Spezifikationen: AMD770/AMDSB600-Chipsatz, Phenom X4 9550 Prozessor, 2 x 2GB DDR2 (max.16 GB), Radeon HD3450 Graphikkarte PCIEx16x passivgekühlt (600MHz, 256MB), 2 x 500 GB SATAII-Harddisks, CPU-Kühler Thermalright HR-01 Plus, Gehäusenetzteil semi-passiv 450W, optische Maus USB, DVD+-RW,DL(IDE), Cardreader, 4x SATAII, 1x IDE für 2 Geräte, 10x USB2.0, Gbit Lan, 8-Channel HD Audio; Occasionsbestandteile: Gehäuse, PCI-Firewire-Karte, PS2-Tastatur; Linux-Installation","1.00","Stck","2","P16","2 x 750GB Harddisk statt 500GB","1.00","Stck","3","P14","Mainboard Deluxe-Variante AMD790FX/AMDSB600-Chipsatz, 4x PCIEx16x, 6x SATAII, 1x eSATA, Firewire onboard (dann ohne PCI-Firewire-Karte)","1.00","Stck","4","P17","Blueray-Laufwerk (SATA) mit integriertem DVD-Brenner statt nur DVD-Brenner","1.00","Stck","5","D8","Garantieerweiterung auf Gesamtsystem 3 Jahre statt 1 Jahr","1.00","psch","6","P43a","2. Harddisk in Occasions-PC (plus GLAN und SATA) mit FreeNas für Backups innerhalb des Home-Netzes, vielfältig konfigurier- und erweiterbar","1.00","Stck","7","P9","Alternativ: 2. Harddisk in neuem externen NAS (basierend auf proprietärer Software) inkl. Swico-Gebühr","1.00","Stck","8","D4","Swico vorgezogene Recycling-Gebühr auf PC","1.00","psch","9","D7","Installation der freien Virtualisierungssoftware XEN auf Debian Lenny, inklusive Virtualisation einer der unten aufgeführten Linux-Installationen","1.00","psch","","","","","","","","","",""
"20.05.2008","20.05.2008","1097","A200508","Bull Sara","1'280.00","0.00","1'280.00","1'280.00","1'280.00","Andreas Rudin","Andreas Rudin","","","","","Nein","1'280.00","100.00","172","","CH","","Inland","0%","","0.00","","Abonnentin von Markus' Rüeggs Newsletter, zufälliger Kontakt per Telefon, da sie wegen des Newsletters ein Problem mit dem Internet hatte.","","Position Artikelnummer Beschreibung Menge Einheit 1 P11 Laptop J1300 13.3"", 1 GB Ram, 80 GB HD, DVD-RW, Lan, Wlan, Bluetooth, USB 2.0, Firewire, Gewicht: 1.9 kg, Linux als Betriebssystem inkl. Programme vorinstalliert 2 Jahre Garantie 1.00 Stck … ⏷","Position","Artikelnummer","Beschreibung","Menge","Einheit","1","P11","Laptop J1300 13.3"", 1 GB Ram, 80 GB HD, DVD-RW, Lan, Wlan, Bluetooth, USB 2.0, Firewire, Gewicht: 1.9 kg, Linux als Betriebssystem inkl. Programme vorinstalliert 2 Jahre Garantie","1.00","Stck","2","P6","Lizenz WindowsXP pro, inkl. Installation als Dualboot, inkl. CD-Rom","1.00","Stck","3","D8","Garantieerweiterung auf 3 Jahre","1.00","psch","","","","","","","","","",""
"25.06.2008","10.07.2008","1138","A250608","Atelier Terra","13'560.00","0.00","13'560.00","13'560.00","13'560.00","Andreas Rudin","Andreas Rudin","","","","","Nein","13'560.00","100.00","168","","CH","","Inland","0%","","0.00","","Weitere Website: www.vivamos.ch","","Position Artikelnummer Beschreibung Menge Einheit 1 D14 Neueinrichten der Website www.vivamos.ch in joomla 1.5 mit folgenden Grundelementen: - Frontend, Backend, MySql-Datenbank, 2-3 Menüs, Buttons zum Mailen, Ausdrucken und PDF-Erstellen, Zone zum Platzieren von Werbung, Wysiwyg-Editor, Suchfunktion, Kontaktseite, Linkseite, Sitemap, Rechtliche Hinweise, News/Aktuelles, Phoca Gallery Modul mit diversen Plugins, Terminkalender mit Reservierungsmöglichkeit, Wrapper für Flashanimationen, Module zum Abspielen und Download von MPEG Movies 1) 25.00 Std … ⏷","Position","Artikelnummer","Beschreibung","Menge","Einheit","1","D14","Neueinrichten der Website www.vivamos.ch in joomla 1.5 mit folgenden Grundelementen: - Frontend, Backend, MySql-Datenbank, 2-3 Menüs, Buttons zum Mailen, Ausdrucken und PDF-Erstellen, Zone zum Platzieren von Werbung, Wysiwyg-Editor, Suchfunktion, Kontaktseite, Linkseite, Sitemap, Rechtliche Hinweise, News/Aktuelles, Phoca Gallery Modul mit diversen Plugins, Terminkalender mit Reservierungsmöglichkeit, Wrapper für Flashanimationen, Module zum Abspielen und Download von MPEG Movies 1)","25.00","Std","2","D14","Newsletter PHPlist installieren inkl. individuelle Anpassungen (Graphik, Kontaktformular, Stichwortliste, Fehlerbehandlung); Import vorhandener Adressen","10.00","Std","3","D14","OL-Commerce-Webshop installieren inkl. individueller Anpassungen (Graphik, Zahlungsmodule, Rechnungsformular) 2)","15.00","Std","4","D14","Forum phpBB 3 einrichten und individuell anpassen, Benutzerdaten aus Forum in Newsletterdatenbank übernehmen","16.00","Std","5","D14","Entwicklung eines Fotomoduls gemäss Anhang &#8222;Fotomodul&#8220; 3a)","35.00","Std","6","D14","Grund-Installation der Buchhaltungs- und ERP/CRM-Software lx-office mit Shopschnittstelle zu OL-Commerce, inkl. Anpassung (Import Kontenrahmen, Rechnungsvorlage etc.)","15.00","Std","7","D14","Erweiterung des Forums um Werbeposting-Funktionen (siehe Anhang ""Forum-Erweiterung*","16.00","Std","8","D14","Erweiterung der Joomla-Komponente Phoca-Gallery um Bewertungsfunktionen und differenziertere Upload-Möglichkeiten 3b)","15.00","Std","9","D12","Anleitung zum Einrichten des Zugriffs auf die Datenbank von php-List und Erstellen und Ausdrucken von Etiketten in OpenOffice nach beliebigen vorhandenen Kriterien","2.00","Std","10","D15","Einbezug einer/s professionellen Graphikerin/Graphikers für die Gesamtgestaltung der Website und aller Zusatzmodule 4)","1.00","psch","11","D14","Erweiterung des Frontends um weitere Sprachen 5)","1.00","Std","12","D12","Support zur Bedienung von Joomla und den verschiedenen Zusatzmodulen","1.00","Std","","","","","","","","","",""
"30.06.2008","15.07.2008","1146","A300608","Rüegg Markus","21'200.00","0.00","21'200.00","21'200.00","21'200.00","Andreas Rudin","Andreas Rudin","","","","","Nein","21'200.00","100.00","66","","CH","","Inland","0%","","0.00","","","","Position Artikelnummer Beschreibung Menge Einheit 1 D14 Update der Website www.gemeinschaften.ch auf joomla 1.5 mit folgenden Grundelementen: - Frontend, Backend, MySql-Datenbank, 2 Menüs, Buttons zum Mailen, Ausdrucken und PDF-Erstellen, Zone zum Platzieren von Werbung, Wysiwyg-Editor, Suchfunktion, Kontaktseite, Linkseite, Sitemap, Rechtliche Hinweise, Neues auf der Website, Terminkalender mit Reservierungsmöglichkeit, 20.00 Std … ⏷","Position","Artikelnummer","Beschreibung","Menge","Einheit","1","D14","Update der Website www.gemeinschaften.ch auf joomla 1.5 mit folgenden Grundelementen: - Frontend, Backend, MySql-Datenbank, 2 Menüs, Buttons zum Mailen, Ausdrucken und PDF-Erstellen, Zone zum Platzieren von Werbung, Wysiwyg-Editor, Suchfunktion, Kontaktseite, Linkseite, Sitemap, Rechtliche Hinweise, Neues auf der Website, Terminkalender mit Reservierungsmöglichkeit,","20.00","Std","2","D14","Newsletter PHPlist installieren inkl. individuelle Anpassungen (Graphik, Kontaktformular, Stichwortliste, Fehlerbehandlung); Import vorhandener Adressen","10.00","Std","3","D14","Sync-Tool zu PHPlist","1.00","Std","4","D14","Programmierung einer Web-Applikation ""Drehscheibe Vision"" als multifunktioniale Kontaktbörse für Unternehmen, Personengruppen und Privatpersonen gemäss Projektumriss ""Drehscheibe Vision"" vom 28.3.08 1)","1.00","Std","5","D14","Erweiterung der Kontaktboerse um ein Kontaktformular für Mitteilungen an den Administrator der Website, sowie der Möglichkeit, dass Nachrichten anonym verschickt, als Entwürfe gespeichert, und empfangene Nachrichten gespeichert werden können.","1.00","Std","6","D14","Ergänzung des Sync-Tools um die Möglichkeit via Webinterface verschiedene AdministratorInnen verwaten zu können","1.00","Std","7","D12","Anleitung zum Einrichten des Zugriffs auf die Datenbank von php-List und Erstellen und Ausdrucken von Etiketten in OpenOffice nach beliebigen vorhandenen Kriterien","2.00","Std","8","D15","Einbezug einer/s professionellen Graphikerin/Graphikers für die Gesamtgestaltung der Website und aller Zusatzmodule 2)","1.00","psch","9","D12","Support zur Bedienung von Joomla. PHPlist etc.","1.00","Std","","","","","","","","Nein","Ja","Tauschhandel"
"08.07.2008","18.07.2008","1166","A080708","Jodeca AG","2'115.00","0.00","2'115.00","2'115.00","2'115.00","Andreas Rudin","Andreas Rudin","","","","","Nein","2'115.00","100.00","42","","CH","","Inland","0%","","0.00","","Wir hosten seine Websites: www.handpuppen.ch / www.kasperli.ch / www.ritterspielzeug.ch Laptop bei uns gekauft Bier über Laptop geschüttet und anschliessend wieder angestellt - mit dem Ergebnis, dass das Mainboard kaputt ging. Occasions-Pentium III - PC Dualboot mit Linux und Windows98 (für Buchhaltungssoftware PC-Kaufmann) verkauft.","","Position Artikelnummer Beschreibung Menge Einheit 1 P11 Laptop Lenovo3000 N2726, Core 2 Duo T5250, 15.4"" WXGA, 1GB Ram (4GB max.), Intel GMA X3100 Graphik (max. 256 MB shared), 160 GB Harddisk, Duallayer DVD Brenner, WLAN 802.11a/b/g, 10/100 LAN, Modem, Bluetooth, Webcam, 4x USB 2.0, FireWire, 5-in-1 Cardreader, Fingerprint, 1 Jahr Garantie Betriebssystem: Microsoft Windows Vista Home Premium 1.00 Stck … ⏷","Position","Artikelnummer","Beschreibung","Menge","Einheit","1","P11","Laptop Lenovo3000 N2726, Core 2 Duo T5250, 15.4"" WXGA, 1GB Ram (4GB max.), Intel GMA X3100 Graphik (max. 256 MB shared), 160 GB Harddisk, Duallayer DVD Brenner, WLAN 802.11a/b/g, 10/100 LAN, Modem, Bluetooth, Webcam, 4x USB 2.0, FireWire, 5-in-1 Cardreader, Fingerprint, 1 Jahr Garantie Betriebssystem: Microsoft Windows Vista Home Premium","1.00","Stck","2","P6","zusätzliche Installation von WindowsXP Professional inkl. Lizenz (auch später möglich)","1.00","Stck","3","D7","zusätzliche Installation von Linux (auch später möglich)","1.00","psch","4","P25","zusätzlich 1 GB Arbeitsspeicher","1.00","Stck","5","D8","Garantieerweiterung auf 2 Jahre","1.00","psch","6","D8","Garantieerweiterung auf 3 Jahre","1.00","psch","7","D7","Installation der freien Buchhaltungssoftware Lx-office inkl. Übertrag Kontenplan, Adressen von PC Kaufmann sowie eine Rechnungsvorlage für Jodeca (setzt die Installation von Linux voraus) Weitere Anpassungen nach Aufwand.","1.00","psch","","","","","null","","","Nein","Ja","Persönlich"
"08.07.2008","18.07.2008","1170","A080708a","Jodeca AG","2'005.00","0.00","2'005.00","2'005.00","2'005.00","Andreas Rudin","Andreas Rudin","","","","","Nein","2'005.00","100.00","42","","CH","","Inland","0%","","0.00","","Wir hosten seine Websites: www.handpuppen.ch / www.kasperli.ch / www.ritterspielzeug.ch Laptop bei uns gekauft Bier über Laptop geschüttet und anschliessend wieder angestellt - mit dem Ergebnis, dass das Mainboard kaputt ging. Occasions-Pentium III - PC Dualboot mit Linux und Windows98 (für Buchhaltungssoftware PC-Kaufmann) verkauft.","","Position Artikelnummer Beschreibung Menge Einheit 1 P11 Laptop JET TW700A Celeron Mobile 540, 15.4"" WXGA, 1GB Ram (4GB max.), Nvidia 8400 Graphik 256MB Graphik-Ram (bis 512 MB dynamisch), 120 GB Harddisk, Duallayer DVD Brenner, WLAN 802.11a/b/g, 10/100/1000 LAN, Modem, Bluetooth, Webcam 1.3 Megapixel, 4x USB 2.0, FireWire, 4-in-1 Cardreader, DVI, Expresscard 54, 2 Jahre Garantie Betriebssystem: Microsoft Windows XP Professional 1.00 Stck … ⏷","Position","Artikelnummer","Beschreibung","Menge","Einheit","1","P11","Laptop JET TW700A Celeron Mobile 540, 15.4"" WXGA, 1GB Ram (4GB max.), Nvidia 8400 Graphik 256MB Graphik-Ram (bis 512 MB dynamisch), 120 GB Harddisk, Duallayer DVD Brenner, WLAN 802.11a/b/g, 10/100/1000 LAN, Modem, Bluetooth, Webcam 1.3 Megapixel, 4x USB 2.0, FireWire, 4-in-1 Cardreader, DVI, Expresscard 54, 2 Jahre Garantie Betriebssystem: Microsoft Windows XP Professional","1.00","Stck","2","D7","zusätzliche Installation von Linux (auch später möglich)","1.00","psch","3","P25","zusätzlich 1 GB Arbeitsspeicher","1.00","Stck","4","D8","Garantieerweiterung auf 3 Jahre","1.00","psch","5","D7","Installation der freien Buchhaltungssoftware Lx-office inkl. Übertrag Kontenplan, Adressen von PC Kaufmann sowie eine Rechnungsvorlage für Jodeca (setzt die Installation von Linux voraus) Weitere Anpassungen nach Aufwand.","1.00","psch","","","","","null","","","Nein","Ja","Persönlich"
"10.07.2008","20.07.2008","1182","A100708","Atelier Terra","9'130.00","0.00","9'130.00","9'130.00","9'130.00","Andreas Rudin","Andreas Rudin","","","","","Nein","9'130.00","100.00","168","","CH","","Inland","0%","","0.00","","Weitere Website: www.vivamos.ch","","Position Artikelnummer Beschreibung Menge Einheit 1 D14 Entwicklung eines Fotomoduls gemäss Anhang &#8222;Detailspezifikation Fotomodul&#8220; 1.00 Std … ⏷","Position","Artikelnummer","Beschreibung","Menge","Einheit","1","D14","Entwicklung eines Fotomoduls gemäss Anhang &#8222;Detailspezifikation Fotomodul&#8220;","1.00","Std","2","D14","Erweiterung der Joomla-Komponente Phoca-Gallery um differenziertere Upload-Möglichkeiten, Bewertungsfunktionen, und das Definieren von Wettbewerben *)","1.00","Std","3","D14","BenutzerInnen können selbst hochgeladene Bilder wieder löschen (erfordert ein separates php-Script)","1.00","Std","4","D14","Wettbewerb kann ""exportiert"" werden","1.00","Std","5","D14","Die Authentifizierung der BenutzerInnen findet innerhalb des fotomoduls statt anstatt wie in der Grundofferte über phpList","1.00","Std","","","","","","","","","",""
"21.08.2008","25.08.2008","1198","A210808","Wyona","1'304.00","0.00","1'304.00","1'304.00","1'304.00","Andreas Rudin","Andreas Rudin","","","","","Nein","1'304.00","100.00","93","","CH","","Inland","0%","","0.00","","Firma, die OpenSource Entwicklungen macht Bezieht von uns Hardware","","Position Artikelnummer Beschreibung Menge Einheit 1 P31 Midi-Tower-PC mit folgenden Spezifikationen: Athlon64 X2 3600+ DualCore CPU, Mini-ATX-Mainboard, 2 GB Ram, 500 GB Harddisk, Onboard-Graphik, -Sound, -Gigabit-LAN, -USB 2.0, DVD-Brenner, 420W Netzteil Occasionsteile: Midi-Tower-Gehäuse 1 Jahr Garantie auf das ganze Gerät. (Einzelteilgarantien gemäss Herstellergarantien) 2.00 Stck … ⏷","Position","Artikelnummer","Beschreibung","Menge","Einheit","1","P31","Midi-Tower-PC mit folgenden Spezifikationen: Athlon64 X2 3600+ DualCore CPU, Mini-ATX-Mainboard, 2 GB Ram, 500 GB Harddisk, Onboard-Graphik, -Sound, -Gigabit-LAN, -USB 2.0, DVD-Brenner, 420W Netzteil Occasionsteile: Midi-Tower-Gehäuse 1 Jahr Garantie auf das ganze Gerät. (Einzelteilgarantien gemäss Herstellergarantien)","2.00","Stck","2","D4","Swico vorgezogene Recycling-Gebühr","2.00","psch","3","P14","Aufpreis für Mainboard mit Dualhead Video (VGA und DVI) zum optionalen Anschluss von zwei Monitoren","1.00","Stck","4","D8","Garantieerweiterung auf 3 Jahre für das gesamte Gerät","2.00","psch","","","","","","","","Ja","Ja",""
"21.10.2008","31.10.2008","1011","A211008","Rüegg Markus","985.00","0.00","985.00","985.00","985.00","Andreas Rudin","Andreas Rudin","","","","","Nein","985.00","100.00","66","","CH","","Inland","0%","","0.00","","","","Position Artikelnummer Beschreibung Menge Einheit 1 P40 HP Farblaserdrucker CP1515N, 1 Jahr Garantie 1.00 Stck … ⏷","Position","Artikelnummer","Beschreibung","Menge","Einheit","1","P40","HP Farblaserdrucker CP1515N, 1 Jahr Garantie","1.00","Stck","2","D8","Garantieerweiterung auf 3 jahre vor Ort mit Reparatur oder Ersatz innert einem Arbeitstag (Option)","1.00","psch","3","P20","Reservetoner schwarz","1.00","Stck","4","P20","Reservetoner gelb, magenta oder cyan","1.00","Stck","","","","","","","","Nein","Ja","Tauschhandel"
"04.11.2008","04.11.2008","1241","A041108","Weiss Marie-Theres","345.00","0.00","345.00","345.00","345.00","Andreas Rudin","Andreas Rudin","","","","","Nein","345.00","100.00","181","","CH","","Inland","0%","","0.00","","Handy: 079 715 86 61","","Position Artikelnummer Beschreibung Menge Einheit 1 P18 Laserdrucker HP 5MP Occasion 1.00 Stck … ⏷","Position","Artikelnummer","Beschreibung","Menge","Einheit","1","P18","Laserdrucker HP 5MP Occasion","1.00","Stck","2","P40","Farblaserdrucker neu HP Color Laser Jet CP1215","1.00","Stck","","","","","","","","Nein","Ja",""
"29.01.2009","29.01.2009","1401","A290109","ETH - Zürich, Laboratorium für Physikalische Chemie","900.00","0.00","900.00","900.00","900.00","Andreas Rudin","Andreas Rudin","","","","","Nein","900.00","100.00","187","","CH","","Inland","0%","","0.00","","","","Position Artikelnummer Beschreibung Menge Einheit 1 P59 PC Occasion, Intel 486 DX66 Prozessor, VGA-Graphik, 128 MB Ram, Floppy, CD-Rom, ca. 1 GB IDE-Harddisk, Installationsdisketten MS-DOS 6.2, alle Funktionen getestet, 6 Monate Garantie 1.00 Stck … ⏷","Position","Artikelnummer","Beschreibung","Menge","Einheit","1","P59","PC Occasion, Intel 486 DX66 Prozessor, VGA-Graphik, 128 MB Ram, Floppy, CD-Rom, ca. 1 GB IDE-Harddisk, Installationsdisketten MS-DOS 6.2, alle Funktionen getestet, 6 Monate Garantie","1.00","Stck","2","D8","Garantieerweiterung auf 1 Jahr","1.00","psch","3","D8","Garantieerweiterung auf 2 Jahre","1.00","psch","4","D8","Garantieerweiterung auf 3 Jahre","1.00","psch","","","","","","","","","",""
"24.02.2009","06.03.2009","1415","A240209","Weibel Charles","2'697.00","0.00","2'697.00","2'697.00","2'697.00","Andreas Rudin","Andreas Rudin","","","","","Nein","2'697.00","100.00","196","","CH","","Inland","0%","","0.00","","","","Position Artikelnummer Beschreibung Menge Einheit 1 P11 Laptop JET M7610S, Prozessor: Intel Dual Core T3200 2 GHz, Arbeitsspeicher: 2 GB, Festplatte: 160 GB, DVD-Brenner, LAN, Wireless-LAN, USB2.0, 1.3 MPixel Webcam, VGA-Ausgang, Notebooktasche, Linux inkl. Programme vorinstalliert, Gewicht inkl. Akku: 2.6 kg, 2 Jahre Garantie 1.00 Stck … ⏷","Position","Artikelnummer","Beschreibung","Menge","Einheit","1","P11","Laptop JET M7610S, Prozessor: Intel Dual Core T3200 2 GHz, Arbeitsspeicher: 2 GB, Festplatte: 160 GB, DVD-Brenner, LAN, Wireless-LAN, USB2.0, 1.3 MPixel Webcam, VGA-Ausgang, Notebooktasche, Linux inkl. Programme vorinstalliert, Gewicht inkl. Akku: 2.6 kg, 2 Jahre Garantie","1.00","Stck","2","D4","Swico vorgezogene Recycling-Gebühr (beide Modelle)","1.00","psch","3","P16","Harddisk 500 GB statt 160 GB","1.00","Stck","4","P25","Arbeitsspeicher 4 GB statt 2 GB","1.00","Stck","5","P6","Zusatzinstallation WindowsXP Home plus Lizenz","1.00","Stck","6","P11","Laptop JET M7610T, Prozessor: Intel Dual Core T3200 2 GHz, Arbeitsspeicher: 2 GB, Festplatte: 160 GB, DVD-Brenner, LAN, Wireless-LAN, USB2.0, 2 MPixel Webcam, VGA-Ausgang, Fingerprint-Security, Notebooktasche, Linux inkl. Programme vorinstalliert, Gewicht inkl. Akku: 2.6 kg, 2 Jahre Garantie","1.00","Stck","7","P40","Farblaserdrucker HP CP1515N, inkl. Kabel","1.00","Stck","","","","","","","","Nein","Ja",""
"30.04.2009","10.05.2009","1458","A300409","Gassmann Urs","1'597.00","0.00","1'597.00","1'597.00","1'597.00","Andreas Rudin","Andreas Rudin","","","","","Nein","1'597.00","100.00","198","","CH","","Inland","0%","","0.00","","","","Position Artikelnummer Beschreibung Menge Einheit 1 P11 Laptop JET M761S, Prozessor: Intel Dual Core T3200 2 GHz, Arbeitsspeicher: 2 GB, Festplatte: 160 GB, DVD-Brenner, LAN, Wireless-LAN, USB2.0, Webcam, VGA-Ausgang, Notebooktasche, WindowsXP installiert, inkl. Lizenz, Gewicht inkl. Akku: 2.6 kg, 2 Jahre Garantie 1.00 Stck … ⏷","Position","Artikelnummer","Beschreibung","Menge","Einheit","1","P11","Laptop JET M761S, Prozessor: Intel Dual Core T3200 2 GHz, Arbeitsspeicher: 2 GB, Festplatte: 160 GB, DVD-Brenner, LAN, Wireless-LAN, USB2.0, Webcam, VGA-Ausgang, Notebooktasche, WindowsXP installiert, inkl. Lizenz, Gewicht inkl. Akku: 2.6 kg, 2 Jahre Garantie","1.00","Stck","2","D4","Swico vorgezogene Recycling-Gebühr","1.00","psch","3","P60","Notebook IBM T-40, Pentium Mobile, 40 GB Harddisk, DVD-Rom/CD-RW-Laufwerk, 512 MB Ram, Wireless, WindowsXP installiert, inkl. Lizenz","1.00","Stck","4","P25","Arbeitsspeichererweiterung für IBM T40 auf 1 GB","1.00","Stck","5","D7","Dualboot-Installation WindowsXP und Linux","1.00","psch","6","P39","Canon Fax-B340 Occasion, Schwarz-Weiss-Inkjet-Fax / Drucker / Kopierer /Telefon inkl. neuer Patrone","1.00","Stck","","","","","","","","","",""
"26.05.2009","26.05.2009","1491","A260509","Bia-Boya Newtech Solutions","4'084.00","0.00","4'084.00","4'084.00","4'084.00","Andreas Rudin","Andreas Rudin","","","","","Nein","4'084.00","100.00","53","","Kamerun","","Inland","0%","","0.00","","Tel Schweiz: Mobile 078 690 81 98 VOIP 021 550 08 58 Alain führt die Firma in Kamerun. Er hat früher in der Schweiz gelebt und ist auch jetzt noch regelmässig für längere Zeit hier. Wir haben für ihn hier in Zürich ein Internetcafé mit LTSP einrichtet und ihm diverse Computer für Kamerun verkauft. Anschliessend war er für Africash (siehe dort) tätig. Jetzt kauft er regelmässig für seine Firma in Kamerun bei uns ein.","","Position Artikelnummer Beschreibung Menge Einheit 1 P31 Server Midi Tower, AMD Phenom II X4 810/2600MHz, 8 GB PC3-8500 ECC DDR3-Ram (16GB max.), 4 x 1 TeraByte 24x7 SATAII Harddisks (Raid 10), DVD-Brenner, GLan, 10 x USB 2.0, Firewire, eSata, 420W Powersupply, Debian Lenny 64bit installiert 1.00 Stck … ⏷","Position","Artikelnummer","Beschreibung","Menge","Einheit","1","P31","Server Midi Tower, AMD Phenom II X4 810/2600MHz, 8 GB PC3-8500 ECC DDR3-Ram (16GB max.), 4 x 1 TeraByte 24x7 SATAII Harddisks (Raid 10), DVD-Brenner, GLan, 10 x USB 2.0, Firewire, eSata, 420W Powersupply, Debian Lenny 64bit installiert","1.00","Stck","2","P31","Server 19"" 1HE, AMD Phenom II X4 810/2600MHz, 8 GB PC3-8500 ECC DDR3-Ram (16GB max.), 4 x 1 TeraByte 24x7 SATAII Harddisks (Raid 10), GLan, 10 x USB 2.0, Firewire, eSata, 520W Powersupply, Debian Lenny 64bit installiert","1.00","Stck","3","P59","Firewall PC PII Occasion, Installation und Konfiguration IPCOP für DMZ und internes Netzwerk","1.00","Stck","4","P9","Netzwerkswitches 10/100 für DMZ und internes Netz","2.00","Stck","5","P65","Netzwerkkabel RJ45","5.00","Stck","6","D7","Einrichtungsgebühr Server in Rechenzentrum","1.00","psch","7","D24","Miete Serverplatz plus Grundwartung beider Server (Updates etc.) durch uns","1.00","Mt","8","D2","Einrichten Datensynchronisation zwischen beiden Servern und Backup (abhängig von den installierten Diensten und Datenbanken)","1.00","Std","9","D4","Swico vorgezogene Recycling-Gebühr","2.00","psch","","","","","null","","","","",""
"24.09.2009","30.09.2009","1254","A240909","Cinéma Copain Ltd","4'787.00","0.00","4'787.00","-1'906.00","-1'906.00","Andreas Rudin","Andreas Rudin","","","","","Nein","4'787.00","100.00","183","","CH","","Inland","0%","","0.00","","Handy 079 231 75 81","","Position Artikelnummer Beschreibung Menge Einheit 1 P31 Workstation PC mit Intel 5520 Mainboard, 2 x Quad Core Xeon E5520 Prozessoren Socket 1366 , 6 x 2 GB DDR3 ECC FB Ram, 2 x 1 TB SATA II Harddisks, Nvidia Quadro FX 3700 512 MB GDDR3 SDRAM, DVD-/BluRay-Brenner, 1200W Netzteil, 6x eSATA, 1x Firewire400, 2x Firewire800 , 8 channel Intel High definition Audio, Card-Reader, Installation Windows Vista Ultimate 1.00 Stck … ⏷","Position","Artikelnummer","Beschreibung","Menge","Einheit","1","P31","Workstation PC mit Intel 5520 Mainboard, 2 x Quad Core Xeon E5520 Prozessoren Socket 1366 , 6 x 2 GB DDR3 ECC FB Ram, 2 x 1 TB SATA II Harddisks, Nvidia Quadro FX 3700 512 MB GDDR3 SDRAM, DVD-/BluRay-Brenner, 1200W Netzteil, 6x eSATA, 1x Firewire400, 2x Firewire800 , 8 channel Intel High definition Audio, Card-Reader, Installation Windows Vista Ultimate","1.00","Stck","2","P6","Lizenz Windows Vista Ultimate","1.00","Stck","3","P50","Graphikkarte Nvidia Quadro FX 1700 statt FX 3700","1.00","Stck","4","D4","Swico vorgezogene Recycling-Gebühr","1.00","psch","","","","","","","","Nein","Ja",""
"03.11.2009","30.11.2009","1387","A180109","linadmin Jakob Kägi","1'006.00","0.00","1'006.00","1'006.00","1'006.00","Jakob Kägi","Jakob Kägi","","","","","Nein","1'006.00","100.00","176","","CH","","Inland","0%","","0.00","","","","Position Artikelnummer Beschreibung Menge Einheit 1 P11 Laptop JET M761S, Prozessor: Intel Dual Core T3200 2 GHz, Arbeitsspeicher: 2 GB, Festplatte: 160 GB, DVD-Brenner, LAN, Wireless-LAN, USB2.0, Webcam, VGA-Ausgang, Notebooktasche, Windows inst. Gewicht inkl. Akku: 2.6 kg, 2 Jahre Garantie 1.00 Stck … ⏷","Position","Artikelnummer","Beschreibung","Menge","Einheit","1","P11","Laptop JET M761S, Prozessor: Intel Dual Core T3200 2 GHz, Arbeitsspeicher: 2 GB, Festplatte: 160 GB, DVD-Brenner, LAN, Wireless-LAN, USB2.0, Webcam, VGA-Ausgang, Notebooktasche, Windows inst. Gewicht inkl. Akku: 2.6 kg, 2 Jahre Garantie","1.00","Stck","2","D4","Swico vorgezogene Recycling-Gebühr (beide Modelle)","1.00","psch","3","P6","Windows 7 home premium Lizenz","1.00","Stck","","","","","","","","Ja","Ja",""
"13.12.2009","10.01.2010","1498","A131209","Teamwork Treuhand Ritterband","1'857.00","0.00","1'857.00","1'857.00","1'857.00","Andreas Rudin","Andreas Rudin","","","","","Nein","1'857.00","100.00","24","","CH","","Inland","0%","","0.00","","Treuhandbüro, für die Andreas PC-Support macht. Sie haben mehrere Windows-PCs, einer davon wurde von uns zusammengebaut und eingerichtet.","","Position Artikelnummer Beschreibung Menge Einheit 1 P31 PC AMD Athlon64 X2 4200+ CPU, 4GB DDR2-Ram (8GB max.), 3 x 160GB SATA-II Harddisk, Netzteil 400W, DVD-Brenner, USB2.0 Cardreader, Harddiskschublade für Backup, GLan, USB2.0 (ohne Tastatur, Maus und Monitor) 1.00 Stck … ⏷","Position","Artikelnummer","Beschreibung","Menge","Einheit","1","P31","PC AMD Athlon64 X2 4200+ CPU, 4GB DDR2-Ram (8GB max.), 3 x 160GB SATA-II Harddisk, Netzteil 400W, DVD-Brenner, USB2.0 Cardreader, Harddiskschublade für Backup, GLan, USB2.0 (ohne Tastatur, Maus und Monitor)","1.00","Stck","2","D7","Installation Mepis Linux 64bit mit WindowsXP virtualisiert","1.00","psch","3","D4","Swico vorgezogene Recycling-Gebühr","1.00","psch","4","D12","Programminstallationen, Benutzerkonten einrichten, Drucker einrichten, Datenübertragung, Einrichten Backup nach Aufwand (4 bis 6 Stunden)","1.00","Std","5","D8","Garantieerweiterung auf 3 Jahre","1.00","psch","6","P6","Lizenz Windows7 Professional 64bit","1.00","Stck","7","D7","Installation Windows7 inkl. Antivirus","1.00","psch","8","P66","Hardware-Firewall mit IPCOP zur Absicherung aller Rechner Ihres Büros gegen Angriffe aus dem Internet inklusive Netzwerk-Konfiguration","1.00","Stck","9","P9","Netzwerkswitch 100mbit zur Vernetzung aller Computer an Firewall und Internet inklusive Kabel","1.00","Stck","","","","","","","","","",""
"16.04.2010","30.04.2010","2394","A160410","Wirz-Fotronik","5'800.00","0.00","5'800.00","5'800.00","5'800.00","Andreas Rudin","Andreas Rudin","","","","","Nein","5'800.00","100.00","232","","CH","","Inland","0%","","0.00","","Angebot geschlossen, da es zu lange zurück liegt. Ev. erneut mit Kunde Kontakt aufnehm,en, wenn wir Kapazität dafür haben.","","Position Artikelnummer Beschreibung Menge Einheit 1 D14 Datenimport ELDAS-CD in lx-office 5.00 Std … ⏷","Position","Artikelnummer","Beschreibung","Menge","Einheit","1","D14","Datenimport ELDAS-CD in lx-office","5.00","Std","2","D14","CSV-Import-Funktion für Waren von lx-office erweitern für Import und regelmässige Preisupdates via EM-Preisliste","10.00","Std","3","D14","Automatisierten Download und Import von Artikelbeschreibungen und Bildern von der EM-Website in lx-office programmieren","10.00","Std","4","D14","Importtool für XML-Kreditoren-Rechnungen von EM nach lx-office erstellen","10.00","Std","5","D15","Schnittstelle programmieren für Überweisungen an Postfinance direkt von lx-office aus, Beteiligung an Gesamtkosten","1.00","psch","6","D15","Import von ESR-Debitorenzahlungslisten zur Verbuchung in lx-office programmieren, Beteiligung an Gesamtkosten","1.00","psch","7","D17","lx-office Hosting inkl. monatliches Datenbankbackup","1.00","Mt","8","D14","Neue Variablen für Bestellvorgänge definieren, entsprechende Erweiterungen der Datenbank vornehmen, sowie Eingabemaske für Bestellungen erweitern","5.00","Std","9","D14","Erstellen einer OpenOffice-Vorlage mit den entsprechenden Variablen gemäss Vorlage des Telefax-Bestellungs-Formulars von EM","2.00","Std","10","D14","Erweiterung von lx-office um die Funktion ""Retouren"": Datenbanktabelle erstellen mit entsprechenden Werten, Aufnahme der Funktion ins Einkaufsmenü, Erstellen der HTML-Eingabemaske, Programmieren der Funktion: Aufruf der Einkaufs-Rechnung, zu der die Retoure gehört, Auswahl der retournierten Waren, Ausbuchen der entsprechenden Artikel, Ermitteln des gutzuschreibenden Gesamtbetrags, Erstellen einer entsprechenden Debitorenbuchung mit dem neuen Typ ""Retoure"", Druck- und Stornofunktion einrichten, Erweitern der HTML-Masken für Einkaufsrechnung und Berichte Kreditorenbuchungen, neue Berichtsmaske für Retouren erstellen","15.00","Std","11","D14","Erstellen einer OpenOffice-Vorlage mit den entsprechenden Variablen gemäss Vorlage des Formulars ""Begleitzettel für Retouren"" von EM","2.00","Std","12","D14","Einrichten erweiterter automatischer Datenbank-Backup-Funktionen via Scripte","2.00","Std","","","","","","","","","",""
"16.04.2010","26.04.2010","2404","A160410a","Gammarus Umweltkommunikation","370.00","0.00","370.00","0.00","0.00","Andreas Rudin","Andreas Rudin","","","","","Nein","370.00","100.00","233","","CH","","Inland","0%","","0.00","","","","Position Artikelnummer Beschreibung Menge Einheit 1 P60 Laptop Occasion Thinkpad T30, Pentium4 Mobile Prozessor, 512 MB Ram, 30 GB Harddisk, CD-Rom-Laufwerk, serielle Schnittstelle, Installation von Windows XP 1.00 Stck … ⏷","Position","Artikelnummer","Beschreibung","Menge","Einheit","1","P60","Laptop Occasion Thinkpad T30, Pentium4 Mobile Prozessor, 512 MB Ram, 30 GB Harddisk, CD-Rom-Laufwerk, serielle Schnittstelle, Installation von Windows XP","1.00","Stck","2","P6","Lizenz WindowsXP Professional","1.00","Stck","","","","","","","","","",""
"11.05.2010","31.05.2010","2422","A110510","Restaurant Volkshaus","2'930.00","0.00","2'930.00","160.00","160.00","Andreas Rudin","Andreas Rudin","","","","","Nein","2'930.00","100.00","234","","CH","","Inland","0%","","0.00","","","","Position Artikelnummer Beschreibung Menge Einheit 1 P59 PC revamped, Pentium 4, 1 GB Arbeitsspeicher, 80 GB Harddisk, DVD-Brenner, Installation WindowsXP Professional 2.00 Stck … ⏷","Position","Artikelnummer","Beschreibung","Menge","Einheit","1","P59","PC revamped, Pentium 4, 1 GB Arbeitsspeicher, 80 GB Harddisk, DVD-Brenner, Installation WindowsXP Professional","2.00","Stck","2","P60","Laptop Thinkpad T43, 1 GB Ram, 40 GB Harddisk, DVD-Rom/CD-Brenner-Combolaufwerk, WLan integriert, Fingerprintreader, ATI-Graphik, Installation WindowsXP","1.00","Stck","3","P19","Monitor TFT 17"" revamped","2.00","Stck","4","P6","Lizenz WindowsXP Professional (Originallizenz ohne CD)","3.00","Stck","5","P6","Lizenz Microsoft Office XP Professional (Originallizenz mit CD)","3.00","Stck","6","P6","Lizenz Microsoft Office 2003 Professional (Originallizenz mit CD)","3.00","Stck","","","","","","","","","",""
"28.06.2010","08.07.2010","2476","A280610","Lehmann Manuel","1'430.00","0.00","1'430.00","1'430.00","1'430.00","Andreas Rudin","Andreas Rudin","","","","","Nein","1'430.00","100.00","237","","CH","","Inland","0%","","0.00","","Hat Angebot abgelehnt, da er sich für einen MAC entschieden hat.","","Position Artikelnummer Beschreibung Menge Einheit 1 P11 JET W7600T 15.6"" WXGA, Core 2 Duo T4300, 2.16GHz, 2GB Ram, Graphik: Intel GM45+ICH9M, GMA4500M bis 256MB, 250 GB Festplatte, DVD-Brenner 8x Supermulti, 1 x HDMI + 1 x VGA 1 x Express Card Slot 54 (34) 3 x USB 2.0, 7-1 Card Reader / MMC / RS-MMC / SD / MS-Pro / MS / MS Duo / Mini SD, 1xRJ-11, 1xHeadphone jack, 1xMicrophone jack, Wireless LAN 802.11b/g/n, 10/100/1000 Ethernet LAN, 1.3 Megapixel Webcam, Bluetooth, 6 Zellen Smart Li-Ion Batterie, 4400 mAh, Laufzeit bis zu 240 Minuten Gewicht: 2,6 kg inkl. Batterie Garantie: 2 Jahre Installation WindowsXP inkl. ServicePack3, Firefox-Webbrowser und Microsoft Office 2007 inkl. aller aktueller Updates 1.00 Stck … ⏷","Position","Artikelnummer","Beschreibung","Menge","Einheit","1","P11","JET W7600T 15.6"" WXGA, Core 2 Duo T4300, 2.16GHz, 2GB Ram, Graphik: Intel GM45+ICH9M, GMA4500M bis 256MB, 250 GB Festplatte, DVD-Brenner 8x Supermulti, 1 x HDMI + 1 x VGA 1 x Express Card Slot 54 (34) 3 x USB 2.0, 7-1 Card Reader / MMC / RS-MMC / SD / MS-Pro / MS / MS Duo / Mini SD, 1xRJ-11, 1xHeadphone jack, 1xMicrophone jack, Wireless LAN 802.11b/g/n, 10/100/1000 Ethernet LAN, 1.3 Megapixel Webcam, Bluetooth, 6 Zellen Smart Li-Ion Batterie, 4400 mAh, Laufzeit bis zu 240 Minuten Gewicht: 2,6 kg inkl. Batterie Garantie: 2 Jahre Installation WindowsXP inkl. ServicePack3, Firefox-Webbrowser und Microsoft Office 2007 inkl. aller aktueller Updates","1.00","Stck","2","P6","Lizenz Windows XP","1.00","Stck","3","P6","Lizenz Microsoft Office 2007 Professional Plus","1.00","Stck","4","D8","Garantieerweiterung auf 3 Jahre","1.00","psch","","","","","","","","","",""
"13.07.2010","27.07.2010","2486","A130710","Caritas Zürich","3'360.00","0.00","3'360.00","-1'360.00","-1'360.00","Andreas Rudin","Andreas Rudin","","","","","Nein","1'290.00","38.39","238","","CH","","Inland","0%","","0.00","","Zusammenarbeit für das Einrichten von Computerräumen mit LTSP in verschiedenen Gemeinden des Kantons Zürich und Computerkursen für Armutsbetroffene","","Position Artikelnummer Beschreibung Menge Einheit 1 P59 PC Pentium 4, 2 GB Arbeitsspeicher, 80 GB Harddisk zum Einsatz als LTSP-Server plus 500 GB Harddisk für Backup-Images der Clients 1.00 Stck … ⏷","Position","Artikelnummer","Beschreibung","Menge","Einheit","1","P59","PC Pentium 4, 2 GB Arbeitsspeicher, 80 GB Harddisk zum Einsatz als LTSP-Server plus 500 GB Harddisk für Backup-Images der Clients","1.00","Stck","2","D21","LTSP-System mit Kubuntu 10.4LTS zusammenstellen aus 1 Server und von Caritas zur Verfügung gestellten Notebooks als Clients","1.00","psch","3","D7","lokale Kubuntu 10.4LTS-Installation auf den Client-Notebooks, um diese auch als eigenständige Rechner benutzen zu können.","9.00","psch","4","P18","Laserdrucker Schwarz-Weiss Occasion","1.00","Stck","5","P9","100Mbit-Netzwerkswitch","1.00","Stck","6","P27","USB-Stick 4 GB als Speichermedium","9.00","Stck","7","P12","Maus USB für Notebooks","9.00","Stck","8","P65","Netzwerk-Kabel","10.00","Stck","9","D7","Backup-Image der Clients auf Server erstellen","9.00","psch","10","D7","Einrichten einer selbstgewählten Domain inkl. Anmeldegebühr bei Switch, Konfiguration des Mailservers für Mailkonten der Lernwerkstatt-Teilnehmenden mit späterer Option, eine Kommunikationsplattform auf dieser Domain einzurichten","1.00","psch","11","D17","Hosting der Domain September bis Dezember 2010","4.00","Mt","12","D12","Installation des Systems im Treffpunkt Wetzikon (zuzüglich Reisespesen), Verrechnung nach Aufwand","1.00","Std","13","D2","Vorbereiten und Durchführen der Lernwerkstatt inkl. Besprechungssitzungen mit Caritas, Verrechnung nach Aufwand","1.00","Std","14","P9","Gigabit-Netzwerkswitch statt 100Mbit-Switch","1.00","Stck","15","D21","Server mit zweiter 80 GB Harddisk als Raid-System konfiguriert","1.00","psch","","","","","","","","","",""
"09.08.2010","19.08.2010","2509","A090810","Complino Tauschwerkstatt","3'080.00","0.00","3'080.00","-50.00","-50.00","Andreas Rudin","Andreas Rudin","","","","","Nein","3'080.00","100.00","240","","CH","","Inland","0%","","0.00","","","","Position Artikelnummer Beschreibung Menge Einheit 1 P9 Switch 2x Gigabit, 48 x Megabit, 3Com 1.00 Stck … ⏷","Position","Artikelnummer","Beschreibung","Menge","Einheit","1","P9","Switch 2x Gigabit, 48 x Megabit, 3Com","1.00","Stck","2","P32","LTSP-Client Alix 1D oder 3D3 (Geode LX800 CPU / 256 MB / LAN / USB / VGA / audio)","4.00","Stck","3","P32","LTSP-Client (Second-Hand-PC)","4.00","Stck","4","P65","Netzwerkkabel (RJ45) 30 bis 50 cm","20.00","Stck","5","P39","Samsung Multifunktionslaser SW","1.00","Stck","6","P39","Tastatur","8.00","Stck","7","P39","Maus","4.00","Stck","8","P65","VGA-Kabel 5m","1.00","Stck","9","P3","Monitor ACER V193WB 19"" Stromverbrauch: 16.5W","10.00","Stck","","","","","","","","","",""
"21.12.2010","22.12.2010","2612","A21122010","Modena Emilio","1'670.00","0.00","1'670.00","-2'310.00","-2'310.00","Andreas Rudin","Andreas Rudin","","","","","Nein","1'670.00","100.00","127","","CH","","Inland","0%","","0.00","","","","Position Artikelnummer Beschreibung Menge Einheit 1 P31 PC-Erneuerung mit neuem Mainboard, Prozessor Athon64 X2 4200+, 4 GB DDR2 Arbeitsspeicher, 2x 500GB SATA-Festplatten als Raid-System, 2x USB 3.0-Schnittstelle, BluRay-Brenner, ATX2.0-Netzteil 1.00 Stck … ⏷","Position","Artikelnummer","Beschreibung","Menge","Einheit","1","P31","PC-Erneuerung mit neuem Mainboard, Prozessor Athon64 X2 4200+, 4 GB DDR2 Arbeitsspeicher, 2x 500GB SATA-Festplatten als Raid-System, 2x USB 3.0-Schnittstelle, BluRay-Brenner, ATX2.0-Netzteil","1.00","Stck","2","D7","Installation Linux Mepis inkl. individueller Programmkonfiguration","1.00","psch","3","D3","Datenübertragung von Windows auf Linux, Übertragen Browser- und Maileinstellungen, Backup neu einrichten nach Aufwand","1.00","psch","4","P3","20"" LCD Monitor 1600x1200","1.00","Stck","","","","","null","","","Nein","Ja","Persönlich"
"02.01.2011","15.01.2011","2642","A02012011","Gammarus Umweltkommunikation","545.00","0.00","545.00","545.00","545.00","Andreas Rudin","Andreas Rudin","","","","","Nein","545.00","100.00","233","","CH","","Inland","0%","","0.00","","Angebot wurde nicht angenommen, deshalb geschlossen","","Position Artikelnummer Beschreibung Menge Einheit 1 P5 Laptop Thinkpad T43 Occasion, 2 GB Arbeitsspeicher, CDRW/DVDRom-Combo-Laufwerk, WirelessLan Installation von Mepis Linux 8.5, Label FreieComputer.ch, Einführung in die Grundbedienung von Linux 1.00 Stck","Position","Artikelnummer","Beschreibung","Menge","Einheit","1","P5","Laptop Thinkpad T43 Occasion, 2 GB Arbeitsspeicher, CDRW/DVDRom-Combo-Laufwerk, WirelessLan Installation von Mepis Linux 8.5, Label FreieComputer.ch, Einführung in die Grundbedienung von Linux","1.00","Stck","","","","","","","","","",""
"15.06.2011","16.06.2011","2891","A15062011","i-Center","1'600.00","0.00","1'600.00","0.00","0.00","Diego Wyler","Diego Wyler","","","","","Nein","1'600.00","100.00","263","","Cameroun","","Inland","0%","","0.00","","Anzahlung 500 CHF","","Position Artikelnummer Beschreibung Menge Einheit 1 P59 PC Occasion P4 40.00 Stck","Position","Artikelnummer","Beschreibung","Menge","Einheit","1","P59","PC Occasion P4","40.00","Stck","","","","","","","","","",""
"16.06.2011","17.06.2011","2894","A16062011","Stiftung Holz und Korb","1'880.00","0.00","1'880.00","1'880.00","1'880.00","Andreas Rudin","Andreas Rudin","","","","","Nein","1'880.00","100.00","260","","CH","","Inland","0%","","0.00","","Unser Vermieter! Angebot wurde nicht angenommen: deshalb geschlossen!","","Position Artikelnummer Beschreibung Menge Einheit 1 D15 Übertragen der jetzigen Website auf Joomla inklusive aller Inhalte und den bereits übermittelten Korrekturen 1.00 psch … ⏷","Position","Artikelnummer","Beschreibung","Menge","Einheit","1","D15","Übertragen der jetzigen Website auf Joomla inklusive aller Inhalte und den bereits übermittelten Korrekturen","1.00","psch","2","D15","Einmalige Hosting-Einrichtgebühr auf unserem Server im Rechenzentrum von Init7, Zürich-Albisrieden inkl. DNS-Server-Einträge und Ummeldung bei Switch","1.00","psch","3","D17","Webhosting, monatliche Nutzung","1.00","Mt","4","D17","Einrichten eines Webshops mit VirtueMart innerhalb der Holz und Korb-Website inkl. Erstellen der Produktkategorien etc. für das Stabilia-Sortiment","1.00","Mt","5","D14","Weitere Aufträge für Erweiterungen der Website, Anpassen der Inhalte etc.","1.00","Std","6","D17","Komplette Übernahme aller Artikel, Fotos, Preislisten etc. von der stabilia.ch Website in den VirtueMart Webshop auf holzundkorb.ch inkl. Umleiten der Domain stabilia.ch auf holzundkorb.ch","1.00","Mt","","","","","","","","Nein","Ja","Persönlich"
"09.01.2012","25.05.2012","4827","A2012004","Meyer Marc","100.00","0.00","100.00","100.00","100.00","Diego Wyler","Diego Wyler","","","","","Nein","100.00","100.00","397","","CH","","Inland","0%","","0.00","","","","Position Artikelnummer Beschreibung Menge Einheit 1 D19 Fehleranalyse 1.00 psch … ⏷","Position","Artikelnummer","Beschreibung","Menge","Einheit","1","D19","Fehleranalyse","1.00","psch","2","D12","Support","1.00","Std","","","","","","","","","",""
"28.03.2012","29.03.2012","4589","A28032012","Verschönerungsverein Höngg","0.00","0.00","0.00","-1'245.00","-1'245.00","Andreas Rudin","Andreas Rudin","","","","","Nein","70.00","100.00","380","","CH","","Inland","0%","","0.00","","Sehr geehrte Damen, sehr geehrte Herren Gemäss telephonischer Absprache erhalten Sie hier die genaueren Angaben zu unserem Vorhaben: das Museum: http://www.muse-um-zuerich.ch/details-75.html http://www.museums.ch/index.php?q=31&cultureKey=de Organisation: Trägerverein: ""Verschönerungsverein Höngg"", speziell dessen ""Ortsgeschichtliche Kommission"" Ortsgeschichtliche Kommission: Vorstand 6 Personen Museumsteam 50 Personen, Ressorts s. Anhang Gönnervereinigung 350 Mitgl. IT-Kompetenzen Ein Mitglied des Verschönerungsvereins hat dessen Webseite via joomla aufgebaut und kann uns bei der Wartung unserer Seite helfen. Für die Wartung und Aktualisierung haben wir ein versiertes Mitglied im Team. Textlayout und Grafik der neuen Webseite werden von einem Grafiker im Team geliefert, die Textinhalte selbst erstellen der Vorstand oder die Spezialisten. Aufbau der Website: * Hauptseite – Bild vom Ortsmuseum mit Adresse und Öffnungszeiten - Wappen Höngg (Ziel: für alle Höngger Vereine ein gemeinsames Identifikationszeichen) - – Feld für Aktuelles – weiterführende Links zu: * Museum – Jahresübersicht Öffnungszeiten – Anfahrt öV - Anfahrt PW - Parkplätze – Anmeldeadresse(n) für Führungen, Lokalmiete, Schulklassen – – Informationen über permanente Ausstellung, Sonderausstellungen und Events – Photos Museum – Photos letzte Events * Verein und Stiftung – Organisation und Rechtsform, Aufgabenbereich – Vorstand – Mitgliedschaft Gönnervereinigung – Statuten Die Website müsste Folgendes unterstützen * Möglichkeit zu Aktivitäten: o Präsentation des Museums in Bild und Wort o aktueller Veranstaltungskalender o Präsentation von wechselnden aktuellen Fotos o interner Bereich für Ausschuss o interner Bereich für ganzes Team Falls Ihr Interesse weiter besteht, setzen Sie sich bitte mit Frau Beatrice Lüthi luethirb@retired.ethz.ch in Verbindung. Mit freundlichen Grüssen Dr. B. Frey Ausschuss Ortsgeschichtliche Kommission","","Position Artikelnummer Beschreibung Menge Einheit 1 D14 Programmieren und Webgestaltung 0.00 Std","Position","Artikelnummer","Beschreibung","Menge","Einheit","1","D14","Programmieren und Webgestaltung","0.00","Std","","","","","","","","","",""
"16.04.2012","17.04.2012","4751","A16042012","Uzun Trading","0.00","0.00","0.00","0.00","0.00","Andreas Rudin","Andreas Rudin","","","","","Nein","0.00","0.00","392","","CH","","Inland","0%","","0.00","","Paul hat sich eingehender mit dieser Anfrag auseinandergesetzt. Wir sind anschliessend zum Schluss gekommen, dass wir diesen Auftrag an SIPcall weitergehen, damit sie ihn einem anderen SIPcall-Partner übergeben können, da der Aufwand für uns zu gross ist.","","Position Artikelnummer Beschreibung Menge Einheit 1 D27 Installation und Konfiguration nach Aufwand 1.00 Std","Position","Artikelnummer","Beschreibung","Menge","Einheit","1","D27","Installation und Konfiguration nach Aufwand","1.00","Std","","","","","","","","","",""
"31.08.2012","03.09.2012","5929","A31082012","Banholzer Wolfgang","0.00","0.00","0.00","0.00","0.00","Florian Walder","Florian Walder","","","Offerte Debian PC (neu)","","Nein","0.00","0.00","477","","CH","","Inland","0%","","0.00","","","","Position Artikelnummer Beschreibung Menge Einheit 1 P31 PC neu 1.00 Stck","Position","Artikelnummer","Beschreibung","Menge","Einheit","1","P31","PC neu","1.00","Stck","","","","","","","","","",""
"04.09.2012","14.09.2012","5950","A04092012","Verschönerungsverein Höngg","6'295.00","0.00","6'295.00","3'995.00","3'995.00","Andreas Rudin","Andreas Rudin","","","","","Nein","6'065.00","96.35","380","","CH","","Inland","0%","","0.00","","","","Position Artikelnummer Beschreibung Menge Einheit 1 P59 PC Core 2 Duo, 2 x 500 GB Festplatte, 4 GB Arbeitsspeicher, DVD-Rom, HDMI-Ausgang, Creative Audigy2 Soundkarte 1.00 Stck … ⏷","Position","Artikelnummer","Beschreibung","Menge","Einheit","1","P59","PC Core 2 Duo, 2 x 500 GB Festplatte, 4 GB Arbeitsspeicher, DVD-Rom, HDMI-Ausgang, Creative Audigy2 Soundkarte","1.00","Stck","2","D30","Installation Betriebssystem Linux mit Raid-Mirror inklusive Webserver, Browser und graphischer Oberfläche, Grundinstallation und Konfiguration des Web-CMS Joomla inkl. Mysql-Datenbank","1.00","psch","3","D15","Erstellen des Imagemaps mit ca. 20 anklickbaren Bereichen, Konzeption und Grundeinrichtung für das Abspielen von Filmen, Audiosequenzen und Präsentationen via Mausklick auf einen der anklickbaren Bereiche","1.00","psch","4","D14","Einrichten und Anpassen der einzelnen Präsentationen, Einrichten des Systems vor Ort und Schulung der Betreuungspersonen nach Aufwand","1.00","Std","5","P3","46"" Monitor SAMSUNG SyncMaster 460MX","1.00","Stck","6","P38","Kensington Trackball","1.00","Stck","7","P3","46"" Monitor EloTouchscreen 4600L","1.00","Stck","8","P12","Monitor-Fuss oder Wandhalterung","1.00","Stck","","","","","","","","","",""
"24.11.2012","04.12.2012","6695","A20121124","Vision Birchhof Hofgenossenschaft","890.00","0.00","890.00","180.00","180.00","Andreas Rudin","Andreas Rudin","","","","","Nein","890.00","100.00","433","","CH","","Inland","0%","","0.00","","","","Position Artikelnummer Beschreibung Menge Einheit 1 D15 Einrichten der Joomla-Website www.visionbirchhof.ch inkl. Anpassen des Templates beez5 inkl. Logo, angepasste Farben, Topnavigatioin zum Ausklappen, sowie Anmeldeformular. 1.00 psch … ⏷","Position","Artikelnummer","Beschreibung","Menge","Einheit","1","D15","Einrichten der Joomla-Website www.visionbirchhof.ch inkl. Anpassen des Templates beez5 inkl. Logo, angepasste Farben, Topnavigatioin zum Ausklappen, sowie Anmeldeformular.","1.00","psch","2","D15","Umsetzen eines dynamischen Mindmaps zu Vision und Leitbild gemäss Vorgaben","1.00","psch","3","D7","Einrichten des Webhosting, Konfiguration der Nameserver, des Webservers und Mailservers","1.00","psch","4","D7","Einrichten einer Kivitendo - Installation via Git auf unserem Webserver","1.00","psch","5","D17","Hosting für Web- und Mail sowie Kivitendo","1.00","Mt","6","D14","Weitere Erweiterungen und Anpassungen nach Absprache","1.00","Std","","","","","","","","","",""
"25.11.2012","15.12.2012","6701","A2012005","Renewables-Now","1'195.00","0.00","1'195.00","835.00","835.00","Andreas Rudin","Andreas Rudin","","","","","Nein","1'195.00","100.00","255","","CH","","Inland","0%","","0.00","","Keine Infos per Mail.","","Position Artikelnummer Beschreibung Menge Einheit 1 D7 Installation und Konfiguration von PhpList auf unserem Webserver inkl. 1 Stunde Einführung in die Bedienung 1.00 psch … ⏷","Position","Artikelnummer","Beschreibung","Menge","Einheit","1","D7","Installation und Konfiguration von PhpList auf unserem Webserver inkl. 1 Stunde Einführung in die Bedienung","1.00","psch","2","D7","Minimal-Installation von Joomla 3.0 oder Zügeln einer bestehenden Joomla Installation (Minimum Version 1.7) auf unseren Server als Basis für die Installation von CiviCRM","1.00","psch","3","D7","Installation von CiviCRM und CiviMail auf unserem Webserver, Konfiguration von CiviMail inkl. 1 Stunde Einführung in die Bedienung","1.00","psch","4","D14","Weitere Arbeiten nach Aufwand","1.00","Std","5","D17","Webhosting CiviCRM mit Joomla-Minimal-Installation oder Webhosting Phplist","1.00","Mt","6","D17","Webhosting einer aktiven Joomla-Website plus CiviCRM oder PhpList","1.00","Mt","","","","","","","","","",""
"17.01.2013","17.02.2013","7338","A2013001","Krummenacher Rainer","3'750.00","0.00","3'750.00","3'750.00","3'750.00","Andreas Rudin","Andreas Rudin","","","","","Nein","3'750.00","100.00","539","","CH","","Inland","0%","","0.00","","Kunde hat Angebot abgelehnt, da er nicht damit zufrieden war, dass wir so lange gebraucht hatten, um eine Offerte zu machen.","","Position Artikelnummer Beschreibung Menge Einheit 1 P59 PC Core 2 Duo, 2 x 640 GB Festplatte als Spiegel-Raid, 8 GB Arbeitsspeicher, DVD-Brenner, 2x Gigabit-Netzwerkkarte, 1x Wireless Lan Karte inkl. Installation von Debian Linux als LTSP- und Datenserver inkl. aller benötigten OpenSource Anwenderprogramme (u.a. Mozilla Firefox und Thunderbird, LibreOffice) sowie einzelnen Linux-kompatiblen proprietären Programmen wie Adobe Acrobat Reader, Skype, Snapformviewer, Teamviewer 1.00 Stck … ⏷","Position","Artikelnummer","Beschreibung","Menge","Einheit","1","P59","PC Core 2 Duo, 2 x 640 GB Festplatte als Spiegel-Raid, 8 GB Arbeitsspeicher, DVD-Brenner, 2x Gigabit-Netzwerkkarte, 1x Wireless Lan Karte inkl. Installation von Debian Linux als LTSP- und Datenserver inkl. aller benötigten OpenSource Anwenderprogramme (u.a. Mozilla Firefox und Thunderbird, LibreOffice) sowie einzelnen Linux-kompatiblen proprietären Programmen wie Adobe Acrobat Reader, Skype, Snapformviewer, Teamviewer","1.00","Stck","2","P59","Firewall-PC mit Installation von Pfsense","1.00","Stck","3","P59","Backup-PC mit 2 x 640 GB Festplatten als Spiegel-Raid mit FreeNAS zur regelmässigen Datensicherung inkl. Konfiguration des Backup vom LTSP-Server","1.00","Stck","4","P9","Gigabit-Netzwerkswitch für das LTSP-Netz, für Netzwerkdrucker und Backup-PC","1.00","Stck","5","D27","Umbau der vorhandenen beiden Computer (Compaq Evo D310 und Maxdata), sowie des Toshiba Satellite Pro Notebooks als LTSP-Thin Clients, Übertragen von vorhandenen Daten auf den LTSP-Server, Installation der Drucker, Einrichten und Testen des Gesamtsystems.","10.00","Std","6","P72","Gigabit-Netzwerkkarten für die beiden PCs und das Toshiba Notebook, Arbeitsspeicher-Erweiterung auf 512 MB für Maxdata PC und Toshiba Notebook","1.00","Stck","7","D27","Installation Debian Linux als Dual-Boot-System neben dem vorhandenen Windows7 auf dem Acer Aspire 7736 Notebook, inkl. identische Programme wie auf LTSP-Server, Konfiguration des Zugriffs von Linux und Windows auf den LTSP-Server, Datensynchronisation unter Linux, Einrichten für optionale Nutzung als Thin Client.","5.00","Std","8","D27","Installation von Kivitendo 3.0 auf LTSP-Server oder Acer Notebook inkl. Standard KMU-Kontenplan nach Sterchi, Einführung und weitere Konfigurationen nach Absprache","5.00","Std","","","","","","","","","",""
"21.05.2013","31.05.2013","8991","A2013002","Ecopop Vereinigung ""Umwelt und Bevölkerung""","3'920.00","0.00","3'920.00","-315.00","-315.00","Andreas Rudin","Andreas Rudin","","","","","Nein","3'920.00","100.00","256","","CH","","Inland","0%","","0.00","","","","Position Artikelnummer Beschreibung Menge Einheit 1 D14 Upgrade der aktuellen Website von ecopop.ch auf Joomla 2.5 12.00 Std … ⏷","Position","Artikelnummer","Beschreibung","Menge","Einheit","1","D14","Upgrade der aktuellen Website von ecopop.ch auf Joomla 2.5","12.00","Std","2","D14","Upgrade der Civicrm Komponente auf Version 4.3","9.00","Std","3","D14","Upgrade der Übersetzungskomponente JoomFish auf das neue Übersetzungsmanagement von Joomla 2.5","6.00","Std","4","D14","Konfiguration eines neuen Templates für Joomla 2.5 aufgrund der Vorgaben von Frau Kirchgraber","15.00","Std","5","D14","Neueinrichten Kontakt- und Anmeldeformulare, Newsrubrik, Agenda, Spenden etc.","9.00","Std","6","D14","Weitere Anpassungen und Unvorhergesehenes","5.00","Std","","","","","","","","","",""
"18.07.2013","18.08.2013","9816","A2013003","FHNW Hochschule für Technik Institut für Geistes- und Naturwissenschaften","8'200.00","0.00","8'200.00","8'200.00","8'200.00","Andreas Rudin","Andreas Rudin","","","","","Nein","8'200.00","100.00","668","","CH","","Inland","0%","","0.00","","Mobil Martin Klöti 079 405 69 33","","Position Artikelnummer Beschreibung Menge Einheit 1 P67 Hardware für LTSP-System bestehend aus 2 Server (einer als Reserve) mit Spiegelraid, 10 Clients, 10 Monitore, 10 Tastaturen, 10 Mäuse, 1 Switch plus Strom- Monitor und Netzwerkkabel 4.00 Stck … ⏷","Position","Artikelnummer","Beschreibung","Menge","Einheit","1","P67","Hardware für LTSP-System bestehend aus 2 Server (einer als Reserve) mit Spiegelraid, 10 Clients, 10 Monitore, 10 Tastaturen, 10 Mäuse, 1 Switch plus Strom- Monitor und Netzwerkkabel","4.00","Stck","2","D21","LTSP-System Sotfware installieren und konfigurieren, Clones für 3 weitere Systeme erstellen","1.00","psch","3","P65","1km Cat 7 Netzwerk-Verlege-Kabel 4x2xAWG23, PIMF, 1000Mhz, bis 10Gbps, halogenfrei","4.00","Stck","","","","","","","","","",""
"20.09.2013","23.09.2013","10253","A20092013","""ATELIER TRACE"", Hegetschweiler Contemporary","820.00","0.00","820.00","820.00","820.00","Andreas Rudin","Andreas Rudin","","","","","Nein","820.00","100.00","740","","CH","","Inland","0%","","0.00","","","","Position Artikelnummer Beschreibung Menge Einheit 1 D7 Grundinstallation einer eigenen Kivitendo-Instanz mit Standard CH-Kontenplan auf dem Server von revamp-it 1.00 psch … ⏷","Position","Artikelnummer","Beschreibung","Menge","Einheit","1","D7","Grundinstallation einer eigenen Kivitendo-Instanz mit Standard CH-Kontenplan auf dem Server von revamp-it","1.00","psch","2","D17","Hosting für Kivitendo, inkl. täglicher Backups und Upgrade der Standardinstallation auf die jeweils neuste Stable-Version von Kivitendo","1.00","Mt","3","D7","Grundinstallation von Kivitendo mit Standard CH-Kontenplan auf dem Server von Trace (Voraussetzung: Linux-Serverinstallation vorhanden)","1.00","psch","4","D12","Schulung nach Aufwand","1.00","Std","5","D14","Individuelle Anpassungen bei Vorlagen, beim Datenimport etc. nach Aufwand","1.00","Std","","","","","","","","","",""
"28.11.2013","29.11.2013","10774","A2013005","Blaser Evelyn","0.00","0.00","0.00","0.00","0.00","Yves Kistler","Yves Kistler","","","","","Ja","0.00","0.00","758","","CH","","Inland","0%","","0.00","","30.- für Fehleranalyse schon bezahlt siehe 1 auftrag. Fehler behoben muss nur noch zusammengebaut werden.","","Position Artikelnummer Beschreibung Menge Einheit 1 D19 Fehleranalyse 1.00 psch","Position","Artikelnummer","Beschreibung","Menge","Einheit","1","D19","Fehleranalyse","1.00","psch","","","","","","","","","",""
"29.03.2014","30.04.2014","12182","A2014001","Moser Hansjörg","726.00","0.00","726.00","430.00","430.00","Andreas Rudin","Andreas Rudin","","","","","Nein","726.00","100.00","371","","CH","","Inland","0%","","0.00","","","","Position Artikelnummer Beschreibung Menge Einheit 1 000696 PC MSI Hermes 845GV Pentium 4 2.4GHz, 2GB RAM, 60GB Festplatte, VGA, DVI, TV-out, Firewire 400, 6x USB 2.0, DVD-Brenner, 3.5"" Diskettenlaufwerk, Linux Mepis 12 installiert 1.00 Stck … ⏷","Position","Artikelnummer","Beschreibung","Menge","Einheit","1","000696","PC MSI Hermes 845GV Pentium 4 2.4GHz, 2GB RAM, 60GB Festplatte, VGA, DVI, TV-out, Firewire 400, 6x USB 2.0, DVD-Brenner, 3.5"" Diskettenlaufwerk, Linux Mepis 12 installiert","1.00","Stck","2","000432","Asus Pundit AB-P 2600 Barbone-PC Celeron 2.6 GHz , 2GB Ram, Interne SIS Grafik, USB 2.0, Firewire 400, 80 GB Festplatte, DVD-Brenner, Memory Card Reader, PC-Card-Slot, VGA, DVI Gehäusefarbe: silber oder schwarz, Linux Mepis 12 installiert","1.00","Stck","3","000832","Asus Pundit P3-PH4 Barebone-PC Intel Pentium D 3.4 GHz, 2 GB Ram, 160 GB Festplatte, Intel GMA 950 Graphik, USB 2.0; Firewire 400, DVD-Brenner DL, Card-Reader, Linux Mepis 12 installiert","1.00","Stck","4","000833","Dell Optiplex 745 SFF, Mini-PC, Intel Core 2 Duo 6300 Prozessor 1.86 GHz, 2 GB Ram, 160 GB Festplatte, 8x USB 2.0 (davon 2x Front), kein optisches Laufwerk, Linux Mepis 12 installiert","1.00","Stck","5","000834","Philips Brillance LCD Monitor 190P5, Auflösung 1280 x 1024, Lautsprecher integriert","1.00","Stck","6","835.4","Tastatur Fujitsu-Siemens weiss KBPC SX CH, USB, neu originalverpackt","1.00","Stck","7","000132","Maus optisch USB","1.00","Stck","","","","","","","","Nein","Ja","Webshop"
"05.05.2014","15.05.2014","12535","A2014002","Verein Offene Soziale Arbeit Winterthur - Treffpunkt Vogelsang","7'490.00","0.00","7'490.00","0.00","0.00","Andreas Rudin","Andreas Rudin","","","","","Nein","7'490.00","100.00","813","","CH","","Inland","0%","","0.00","","Telefon Klaus Waldvogel: 052 212 27 25","","Position Artikelnummer Beschreibung Menge Einheit 1 D2 Vorbesprechung und Planung mit dem Vogelsang-Team und Klaus Waldvogel 4.00 Std … ⏷","Position","Artikelnummer","Beschreibung","Menge","Einheit","1","D2","Vorbesprechung und Planung mit dem Vogelsang-Team und Klaus Waldvogel","4.00","Std","2","D1","Hardware der bisherigen Reservergeräte vor Ort im Treffpunkt Vogelsang testen, Transport von Server und HW4100, Hardware dieser beiden Geräte erweitern, testen und für Installation vorbereiten","8.00","Std","3","D2","Installation Linux Terminal Server System (LTSP) auf vorhandenem Server auf der Basis von Debian Linux mit Spiegel-Raid, Programminstallationen und Konfigurationen, Einrichten von mehreren Benutzergruppen mit unterschiedlichen Einstellungen, Rechten und Speicherbereichen: Internettreff, Schreibatelier, Kurse, Leitungsteam, Zeitbegrenzung und Internet-Filter für Internettreff-Arbeitsplätze, Rücksetzen der Einstellungen bei Neuanmeldung, tägliches automatisiertes Datenbankup zum Backupserver von revamp-it einrichten","40.00","Std","4","D27","Installation und Konfiguration der freien Firewall-Software Pfsense auf vorhandener HP Workstation XW4100","8.00","Std","5","D27","Installation und Konfiguration der gesamten Infrastruktur aus Pfsense-Firewall, LTSP-Server, Thin Clients, Drucker und Scanner vor Ort im Treffpunkt Vogelsang (2 Personen)","15.00","Std","6","D12","Schulung für Teammitglieder im Treffpunkt Vogelsang","6.00","Std","7","D2","Diverse unvorhergesehene Arbeiten","10.00","Std","8","P25","Arbeitsspeicher neu 8GB DDR3 ECC für Server","2.00","Stck","9","000288","Seagate Barracuda 7200.10 - 250GB für Server (1 Reserve)","2.00","Stck","10","P33","2.Netzwerkkarte für Pfsense","1.00","Stck","11","P33","Netzwerkkarte für Triumph Adler DC 2130 Multifunktionsdrucker","1.00","Stck","12","000084","HP Color LaserJet 2840 Occasion für A4 Farblaserdruck und Netzwerkscannen","1.00","Stck","13","000879","Zyxel GS1100-24 Netzwerkswitch Occasion","1.00","Stck","14","000249","Kopfhörer neu","8.00","Stck","15","D11","Reise- und Transportspesen","1.00","psch","16","D27","Linux-Installation auf lokaler Festplatte von 4 Thinkpad Laptops","2.50","Std","","","","","","","","Nein","Ja","Persönlich"
"05.05.2014","30.05.2014","12544","A2014003","Verein Offene Soziale Arbeit Winterthur - Treffpunkt Vogelsang","295.00","0.00","295.00","95.00","95.00","Andreas Rudin","Andreas Rudin","","","","","Nein","295.00","100.00","813","","CH","","Inland","0%","","0.00","","Telefon Klaus Waldvogel: 052 212 27 25","","Position Artikelnummer Beschreibung Menge Einheit 1 D7 Einmaliges Einrichten des Webhosting inkl. Mailserverkonfiguration auf dem Webserver von revamp-it 1.00 psch … ⏷","Position","Artikelnummer","Beschreibung","Menge","Einheit","1","D7","Einmaliges Einrichten des Webhosting inkl. Mailserverkonfiguration auf dem Webserver von revamp-it","1.00","psch","2","D7","Grundinstallation der freien Buchhaltungs und ERP-Software Kivitendo auf dem Server von revamp-it","1.00","psch","3","D17","Webhosting und Hosting von Kivitendo inkl. regelmässiger Updates (Webhosting allein: 10 CHF/Mt., Kivitendo allein: 20 CHF/Mt.)","1.00","Mt","4","D12","Support bei der Konfiguration von Kivitendo, Anpassen des Kontenplans, Erstellen von Rechnungsvorlagen, Einführung etc.","1.00","Std","","","","","","","","Nein","Ja","Persönlich"
"27.11.2014","28.11.2014","14646","A2014004","N.SH.""Experteam""","795.00","0.00","795.00","795.00","795.00","Andreas Rudin","Andreas Rudin","","","","","Nein","795.00","100.00","497","","CH","","Inland","0%","","0.00","","Tel. Arbeit (Denner): 043 355 03 25","","Position Artikelnummer Beschreibung Menge Einheit 1 P59 PC HP Miditower dc7800, Prozessor Core 2 Duo E8500 3.16 Ghz, 2 GB Ram, 500 GB Festplatte 11.00 Stck … ⏷","Position","Artikelnummer","Beschreibung","Menge","Einheit","1","P59","PC HP Miditower dc7800, Prozessor Core 2 Duo E8500 3.16 Ghz, 2 GB Ram, 500 GB Festplatte","11.00","Stck","2","000908","Laptop HP Compaq 6730b, Core 2 Duo P8600 / 2.4 GHz, 4 GB Ram, 500 GB Festplatte","1.00","Stck","N.SH.""Experteam""","","","Rruga „Fehmi Lladrovci“ P.N","13000","Drenas","Kosovo","Ja","Ja","Persönlich"
"27.11.2014","07.12.2014","14657","A2014005","N.SH.""Experteam""","1'545.00","0.00","1'545.00","1'545.00","1'545.00","Andreas Rudin","Andreas Rudin","","","","","Nein","1'545.00","100.00","497","","CH","","Inland","0%","","0.00","","Tel. Arbeit (Denner): 043 355 03 25","","Position Artikelnummer Beschreibung Menge Einheit 1 P59 PC HP Miditower dc7800, Prozessor Core 2 Duo E8500 3.16 Ghz, 4 GB Ram, 250 GB Festplatte 20.00 Stck … ⏷","Position","Artikelnummer","Beschreibung","Menge","Einheit","1","P59","PC HP Miditower dc7800, Prozessor Core 2 Duo E8500 3.16 Ghz, 4 GB Ram, 250 GB Festplatte","20.00","Stck","2","000908","Laptop HP Compaq 6730b, Core 2 Duo P8600 / 2.4 GHz, 4 GB Ram, 500 GB Festplatte","1.00","Stck","N.SH.""Experteam""","","","Rruga „Fehmi Lladrovci“ P.N","13000","Drenas","Kosovo","Ja","Ja","Persönlich"
"10.01.2015","31.01.2015","15484","A2015001","Kinder Campus","0.00","0.00","0.00","0.00","0.00","Andreas Rudin","Andreas Rudin","","","Laptop und Beamer","","Nein","0.00","0.00","939","","CH","","Inland","0%","","0.00","","Kundin möchte eine Offerte für einen Laptop mit DVD-Laufwerk, sowie einen Beamer","","Position Artikelnummer Beschreibung Menge Einheit 1 P5 Laptop Occasion mit Linux 1.00 Stck","Position","Artikelnummer","Beschreibung","Menge","Einheit","1","P5","Laptop Occasion mit Linux","1.00","Stck","","","","","","","","","",""
"02.03.2015","31.12.2015","16421","A02032015","Caritas Zürich","1'160.00","0.00","1'160.00","1'160.00","1'160.00","Andreas Rudin","Andreas Rudin","","","","","Nein","930.00","80.17","238","","CH","","Inland","0%","","0.00","","Zusammenarbeit für das Einrichten von Computerräumen mit LTSP in verschiedenen Gemeinden des Kantons Zürich und Computerkursen für Armutsbetroffene","","Position Artikelnummer Beschreibung Menge Einheit 1 000078 Western Digital Caviar WD1600 - 160GB (Upgrade für Server in Zürich Kanonengasse, Zürich Schwamedingen und Wetzikon 6.00 Stck … ⏷","Position","Artikelnummer","Beschreibung","Menge","Einheit","1","000078","Western Digital Caviar WD1600 - 160GB (Upgrade für Server in Zürich Kanonengasse, Zürich Schwamedingen und Wetzikon","6.00","Stck","2","P7","Arbeitsspeicher 2 GB DDR2 ECC (Upgrade für Serverin Zürich Kanonengasse, Zürich Schwamedingen und Wetzikon)","12.00","Stck","3","P12","Weitere Hardwareteile für Upgrade und als Ersatz für Ausfälle","1.00","Stck","","","","","","","","","",""
"03.03.2015","31.12.2015","16417","A03032015","Caritas Zürich","20'850.00","0.00","20'850.00","20'850.00","20'850.00","Andreas Rudin","Andreas Rudin","","","Budget März 2015 bis Dezember 2015","","Nein","20'850.00","100.00","238","","CH","","Inland","0%","","0.00","","Zusammenarbeit für das Einrichten von Computerräumen mit LTSP in verschiedenen Gemeinden des Kantons Zürich und Computerkursen für Armutsbetroffene","","Position Artikelnummer Beschreibung Menge Einheit 1 D14 Fertigstellen des Upgrade der Compirat-Website auf Joomla 3.3 sowie Ausbau inkl.neuen Funktionen für den Internet-Kurs 40.00 Std … ⏷","Position","Artikelnummer","Beschreibung","Menge","Einheit","1","D14","Fertigstellen des Upgrade der Compirat-Website auf Joomla 3.3 sowie Ausbau inkl.neuen Funktionen für den Internet-Kurs","40.00","Std","2","D14","Online Datenaustausch auf internem Bereich der Compirat Website einrichten","15.00","Std","3","D2","Fertigstellen des Internet-Kurses inkl. Dokumentation in Scribus","45.00","Std","4","D2","Übertragen der Einsteiger-Doku in Scribus","15.00","Std","5","D2","Übertragen der Doku für den Textverarbeitungskurs in Scribus","15.00","Std","6","D2","Erarbeiten des Kurses zum Thema Sicherheit (Daten und Internet) inkl. Dokumentation in Scribus","65.00","Std","7","D1","Server Hardware-Upgrade für Compirat Zürich, Kanonengasse, Zürich, Schwamedingen und Wetzikon","15.00","Std","8","D2","Weiterbildungen für Compirat-Freiwillige (2 x à 5 Stunden inkl. Vorbereitung)","10.00","Std","9","D14","Laufende Arbeiten für die jeweils aktuellen Kurse (Termine und Kursflyer etc. für Website, E-Mail-Adressen einrichten)","30.00","Std","10","D12","Support per Telefon, Mail und persönlich vor Ort beim Kurs für KursleiterInnen und ehrenamtliche HelferInnen von Compirat","25.00","Std","11","D2","Diverses und Unvorhergesehenes","20.00","Std","12","D11","Reise- und Transportspesen","1.00","psch","","","","","","","","","",""
"16.04.2015","","17276","A2015003","kivitendo.ch","5'350.00","0.00","5'350.00","5'350.00","5'350.00","Andreas Rudin","Andreas Rudin","","P1","Konzept: ""Kivitendo Modus Schweiz""","","Ja","5'350.00","100.00","1002","","CH","","Inland","0%","","0.00","","Virtueller Kunde zum Auflisten aller Arbeiten für Schweiz-spezifische Anpassungen an Kivitendo","","Position Artikelnummer Beschreibung Menge Einheit 1 D2 A01 Datenbankerstellung für neuen Mandanten 0.00 Std … ⏷","Position","Artikelnummer","Beschreibung","Menge","Einheit","1","D2","A01 Datenbankerstellung für neuen Mandanten","0.00","Std","2","D14","A02 Schweizer Kontenpläne","40.00","Std","3","D2","A03 Rundungen auf 0.05 ermöglichen","0.00","Std","4","D2","A04 Tausendertrennung mit Hochkomma","0.00","Std","5","D2","A05 Erfolgsrechnung (ersetzt GUV)","0.00","Std","6","D2","A06 Neue Benutzersprache: Deutsch-Schweiz","10.00","Std","7","D2","A07 Mehrwertsteuerabrechnung","0.00","Std","8","D2","A08 Elektronische Übermittlung von Zahlungslisten an Post oder Bank","0.00","Std","9","D2","A09 Elektronisches Verarbeiten von Zahlungseingängen","0.00","Std","10","D2","A10 Druck von ESR-Einzahlungsscheinen","0.00","Std","11","D14","Programmieren und Webgestaltung","5.00","Std","","","","","","","","","",""
"20.04.2015","20.05.2015","17334","A2015004","Stiftung Holz und Korb","520.00","0.00","520.00","520.00","520.00","Andreas Rudin","Andreas Rudin","","","Kivitendo- Installation","","Nein","520.00","100.00","260","","CH","","Inland","0%","","0.00","","arudin Am 1.10.2015 neue Offerte A2015010 erstellt. Diese wurde deshalb geschlossen und nicht weiter bearbeitet.","","Position Artikelnummer Beschreibung Menge Einheit 1 D7 Installation von Kivitendo auf Rechner von Holz&Korb (Vorasusetzung: bestehende aktuelle Linux-Installation) 1.00 psch … ⏷","Position","Artikelnummer","Beschreibung","Menge","Einheit","1","D7","Installation von Kivitendo auf Rechner von Holz&Korb (Vorasusetzung: bestehende aktuelle Linux-Installation)","1.00","psch","2","D12","Support für Kivitendo zur Konfiguration, Bedienung, zum Erstellen von Vorlagen, sowie für Upgrades bei der Installation auf dem eigenen Rechner von Holz&Korb","1.00","Std","3","D7","Installation von Kivitendo auf Server von revamp-it mit sicherem verschlüsseltem Zugang übers Internet","1.00","psch","4","D17","Hosting von Kivitendo auf Server von revamp-it inkl. laufende Upgrades","1.00","Mt","","","","","","","","Nein","Ja","Persönlich"
"12.06.2015","31.12.2016","18332","A2015005","Caritas Zürich","29'070.00","0.00","29'070.00","29'070.00","29'070.00","Andreas Rudin","Andreas Rudin","","","Budget Januar bis Dezember 2016","","Nein","29'069.22","100.00","238","","CH","","Inland","0%","","0.00","","Zusammenarbeit für das Einrichten von Computerräumen mit LTSP in verschiedenen Gemeinden des Kantons Zürich und Computerkursen für Armutsbetroffene","","Position Artikelnummer Beschreibung Menge Einheit 1 D14 Laufende Arbeiten für die jeweils aktuellen Kurse (Termine und Kursflyer etc. für Website, E-Mail-Adressen einrichten) 40.00 Std … ⏷","Position","Artikelnummer","Beschreibung","Menge","Einheit","1","D14","Laufende Arbeiten für die jeweils aktuellen Kurse (Termine und Kursflyer etc. für Website, E-Mail-Adressen einrichten)","40.00","Std","2","D12","Support per Telefon, Mail und persönlich vor Ort beim Kurs für KursleiterInnen und ehrenamtliche HelferInnen von Compirat","30.00","Std","3","D14","Anpassungen und Upgrades Compirat-Website","40.00","Std","4","D12","Software-Upgrade bei allen Servern und Laptops inkl. nötiger Anpassungen und Fehlerbehebung","75.00","Std","5","D27","Neuer Compirat-Schulungsort in Opfikon: Erstellen einer neuen Serverkopie für den Server in Opfikon, Anpassen der Konfiguration, Testen der Installation und des LTSP-Netzwerks, Einrichten einer lokalen Kubuntu-Installation auf allen Laptops für den Compirat-Treffpunkt in Opfikon","10.00","Std","6","D2","Transport der Hardware und Einrichten des LTSP-Netzwerks für den neuen Compirat-Treffpunkt in Opfikon, Installation des Druckers, Anschliessen und Testen des Beamers","6.00","Std","7","D2","Diverse Anpassungen für den Übergang zum neuen Label ""LernLokal""","10.00","Std","8","D2","Weiterbildungen für Compirat-Freiwillige (3 x à 5 Stunden inkl. Vorbereitung)","15.00","Std","9","D1","Hardware-Wartung und Reparatur von defekten Geräten","20.00","Std","10","D2","Erarbeiten eines neuen Kurses inkl. Dokumentation in Scribus","65.00","Std","11","D2","Diverses und Unvorhergesehenes","40.00","Std","12","P12","Hardware-Ersatz für defekte Geräte oder Komponenten","1.00","Stck","13","P67","Hardware für neuen Compirat-Standort in Opfikon","1.00","Stck","14","D11","Reise- und Transportspesen","1.00","psch","","","","","","","","","",""
"17.07.2015","27.07.2015","18796","A2015006","Energiegenossenschaft Schweiz","2'800.00","0.00","2'800.00","2'800.00","2'800.00","Andreas Rudin","Andreas Rudin","","","BESR-Rechnbungsvorlage Kivitendo","","Nein","2'800.00","100.00","498","","CH","","Inland","0%","","0.00","","","","Position Artikelnummer Beschreibung Menge Einheit 1 D14 Erweiterung von Kivitendo: Implementierung des Erstellens eines Referenzcodes pro Rechnung inklusive Berechnung einer Prüfziffer. In der Mandantenkonfiguration von Kivitendo Auswahlmöglichkeit der aktuell (gültig bis Q2 2020) für die Schweiz gültigen BESR-Norm. 30.00 Std … ⏷","Position","Artikelnummer","Beschreibung","Menge","Einheit","1","D14","Erweiterung von Kivitendo: Implementierung des Erstellens eines Referenzcodes pro Rechnung inklusive Berechnung einer Prüfziffer. In der Mandantenkonfiguration von Kivitendo Auswahlmöglichkeit der aktuell (gültig bis Q2 2020) für die Schweiz gültigen BESR-Norm.","30.00","Std","2","D14","Erstellen einer odt-Rechnungs-Vorlage für Kivitendo mit dem Eindruck der BESR-Referenzzeile plus Konto- und Adressdaten der ABS Schweiz in vorgedruckte BESR-Einzahlungsscheine, Format A4 unten.","10.00","Std","","","","","","","","Nein","Ja",""
"29.07.2015","31.08.2015","19052","A2015007","Cycle Passion Ltd.","1'700.00","0.00","1'700.00","300.00","300.00","Andreas Rudin","Andreas Rudin","","","Server mit Kivitendo","","Nein","1'700.00","100.00","1056","","CH","","Inland","0%","","0.00","","","","Position Artikelnummer Beschreibung Menge Einheit 1 P59 Dalco Tower-Server mit H8DCE Supermicro Mainboard, 2x DualCore Opteron CPU, 8 GB ECC reg. DDR Ram, 2 x 500 GB SATA 24/7-Festplatten eingebaut (nicht hotswap), 2 x Gigabit-Ethernet 1.00 Stck … ⏷","Position","Artikelnummer","Beschreibung","Menge","Einheit","1","P59","Dalco Tower-Server mit H8DCE Supermicro Mainboard, 2x DualCore Opteron CPU, 8 GB ECC reg. DDR Ram, 2 x 500 GB SATA 24/7-Festplatten eingebaut (nicht hotswap), 2 x Gigabit-Ethernet","1.00","Stck","2","D7","Installation Linux Debian Jessie, Apache Webserver, Postgresql Datenbankserver, Git, Kivitendo Erp und Crm mit Standard CH-Kmu-Kontenplan","1.00","psch","3","D13","Schulungstag bei revamp-it zur Einführung in Kivitendo bei der Übergabe des Servers mit der Möglichkeit, gemeinsam die Konfiguration von Kivitendo nach Ihren Wünschen anzupassen","1.00","psch","4","D12","Upgrade Kivitendo auf Version 3.3 via ssh-Zugang auf Ihren Server (Voraussetzung: keine individuellen Anpassungen am Programmcode von Ihrer Seite)","2.00","Std","5","D12","Support nach Aufwand (Spezialwünsche bei der Konfiguration, Anpassen von Vorlagen, Schulungen etc.)","1.00","Std","","","","","","","","","",""
"01.10.2015","31.10.2015","20164","A2015010","Stiftung Holz und Korb","500.00","0.00","500.00","-340.00","-340.00","Andreas Rudin","Andreas Rudin","","","Kivitendo Hosting inkl. Einrichten und Support","","Nein","520.00","100.00","260","","CH","","Inland","0%","","0.00","","","","Position Artikelnummer Beschreibung Menge Einheit 1 D15 Installation und Grundkonfiguration einer eigenen Kivitendo-Instanz auf unserem Webserver 1.00 psch … ⏷","Position","Artikelnummer","Beschreibung","Menge","Einheit","1","D15","Installation und Grundkonfiguration einer eigenen Kivitendo-Instanz auf unserem Webserver","1.00","psch","2","D12","Einführung in die Konfiguration und Bedienung von Kivitendo inkl. dem Erstellen von odt-Dokumentvorlagen","2.00","Std","3","D13","Einrichten einer Taskserver-Instanz für den csv-Import der vorhandenen Adressdaten plus Support beim Import","1.00","psch","4","D17","Kivitendo-Hosting inkl. täglichem Datenbackup und Upgrades","1.00","Mt","5","D12","Support nach Aufwand (Beratung bei Fragen, Spezialwünsche bei der Konfiguration, Anpassen von Vorlagen etc.)","1.00","Std","","","","","","","","Nein","Ja","Persönlich"
"13.10.2015","15.11.2015","20162","A2015009","Grisar Pedro","1'010.00","0.00","1'010.00","-315.00","-315.00","Andreas Rudin","Andreas Rudin","","","Server für ECO DMS Installation","","Nein","1'006.55","99.66","1092","","CH","","Inland","0%","","0.00","","Kunde möchte Server, auf dem Debian plus ECO DMS (ecodms.de) installiert werden kann. Eingesetzter Scanner: Fujitsu ScanSnap IX500 Installation von Debian, sowie ECO DMS optional offerieren Zugang via Internet einrichten (entweder fixe IP (sunrise) oder DynDns) Manuelles Backup auf externes Festplattenlaufwerk (ev. USB3)","","Position Artikelnummer Beschreibung Menge Einheit 1 P59 Dell Precision Workstation 490, 1x (max. 2) Xeon E5335 Quadcore CPU, 8x1GB (max. 8x4GB) FB-DIMM ECC DDR2-RAM, 2x 74.3 Western Digital Raptor WD740 SATA Festplatten, PCI-e Grafikkarte, DVD-RW, 1x Gigabit Ethernet 1.00 Stck … ⏷","Position","Artikelnummer","Beschreibung","Menge","Einheit","1","P59","Dell Precision Workstation 490, 1x (max. 2) Xeon E5335 Quadcore CPU, 8x1GB (max. 8x4GB) FB-DIMM ECC DDR2-RAM, 2x 74.3 Western Digital Raptor WD740 SATA Festplatten, PCI-e Grafikkarte, DVD-RW, 1x Gigabit Ethernet","1.00","Stck","2","D7","Installation Linux Debian Jessie x64, inkl. Einrichtung ECO-DMS und Standard-Scanner-Installation","1.00","psch","3","P16","Festplatte WD Black 3.5"" SATA-III 1TB (5 Jahre Garantie)","2.00","Stck","4","P12","PCI-e Steckkarte USB 3","1.00","Stck","5","D27","Konfiguration Internetzugang (dynDNS o.ä.) und Patch für Nutzung des Mehrfacheinzugs Fujitsu IX500 Scanner sowie weiterer Support nach Aufwand","0.00","Std","","","","","","","","","",""
"17.11.2015","15.12.2015","20976","A2015011","Rüegg Markus","500.00","0.00","500.00","500.00","500.00","Andreas Rudin","Andreas Rudin","","","Website-Anpassungen für Smartphones","","Nein","500.00","100.00","66","","CH","","Inland","0%","","0.00","","Handy 079 693 55 66","","Position Artikelnummer Beschreibung Menge Einheit 1 D15 Anpassen der Website www.gemeinschaften.ch für die Darstellung auf Smartphones: - nur mittlere Spalte bei Bildschirmgrössen unter 1024 Pixel Breite darstellen - Linke und rechte Spalte bei Bildschirmgrössen unter 1024 Pixel über zusätzliche Menüeinträge zugänglich machen - Menü unter 800 Pixel vertikal darstellen und unter dem Titelbild beginnen - keine Anpassungen bei Texten und Bildern innerhalb der Spalten 1.00 psch","Position","Artikelnummer","Beschreibung","Menge","Einheit","1","D15","Anpassen der Website www.gemeinschaften.ch für die Darstellung auf Smartphones: - nur mittlere Spalte bei Bildschirmgrössen unter 1024 Pixel Breite darstellen - Linke und rechte Spalte bei Bildschirmgrössen unter 1024 Pixel über zusätzliche Menüeinträge zugänglich machen - Menü unter 800 Pixel vertikal darstellen und unter dem Titelbild beginnen - keine Anpassungen bei Texten und Bildern innerhalb der Spalten","1.00","psch","","","","","","","","Nein","Ja","Tauschhandel"
"06.12.2015","07.12.2015","21464","A2015013","Druckerei Reitschule","1'805.00","0.00","1'805.00","-1'085.00","-1'085.00","Andreas Rudin","Andreas Rudin","","","Kivitendo-Installation","","Nein","1'805.00","100.00","1130","","CH","","Inland","0%","","0.00","","","","Position Artikelnummer Beschreibung Menge Einheit 1 P59 Dell Precision Workstation 490, 1x Xeon 5060 Dualcore CPU (max.2), 8x1GB (max. 8x4GB) FB-DIMM ECC DDR2-RAM, 2x 250GB SATA 24/7-Festplatten, PCI-e Grafikkarte, DVD-RW, 1x Gigabit Ethernet 1.00 Stck … ⏷","Position","Artikelnummer","Beschreibung","Menge","Einheit","1","P59","Dell Precision Workstation 490, 1x Xeon 5060 Dualcore CPU (max.2), 8x1GB (max. 8x4GB) FB-DIMM ECC DDR2-RAM, 2x 250GB SATA 24/7-Festplatten, PCI-e Grafikkarte, DVD-RW, 1x Gigabit Ethernet","1.00","Stck","2","D7","Installation Linux Debian Jessie, Apache Webserver, Postgresql Datenbankserver, Git, Kivitendo Erp und Crm mit Standard CH-Kmu-Kontenplan","1.00","psch","3","D13","Schulungstag in der Druckerei zur Einführung in Kivitendo bei der Übergabe des Servers, gemeinsame Grundkonfiguration des Servers, Einrichten und Testen des ssh-Zugang für Wartung und ev. Backup, inkl. Bahnreise","1.00","psch","4","D12","Support nach Aufwand (Beratung bei Fragen, Spezialwünsche bei der Konfiguration, Anpassen von Vorlagen, Anpassungen bei den Eingabemasken, Extraaufwand bei Upgrades etc.) - Spezialpreis","1.00","Std","5","D24","Tägliches Backup auf unserem Backup-Server","1.00","Mt","6","D15","Installation und Grundkonfiguration einer eigenen Kivitendo-Instanz auf unserem Webserver, Erstellen eines Sicherheitszertifikats bei CaCert für die verschlüsselte Übertragung der Daten, Einrichten eines Webdav-Zugangs","1.00","psch","7","D17","Kivitendo-Hosting (Instanz auf unserem Webserver) inkl. täglichem Datenbackup und Upgrades (Separat als Support verrechnet werden Zusatzaufwändungen bei Upgrades bei individuellen Programmanpassungen)","1.00","Mt","8","D17","Kivitendo-Hosting (eigener virtueller Server) inkl. täglichem Datenbackup und Upgrades (Separat als Support verrechnet werden Zusatzaufwändungen bei Upgrades bei individuellen Programmanpassungen)","1.00","Mt","9","D7","Installation und Grundkonfiguration eines eigenen virtuellen Servers mit Linux Debian Jessie, Apache Webserver, Postgresql Datenbankserver, Git, Kivitendo Erp und Crm mit Standard CH-Kmu-Kontenplan, Erstellen eines Sicherheitszertifikats bei CaCert für die verschlüsselte Übertragung der Daten, Einrichten eines Webdav-Zugangs","1.00","psch","","","","","","","","Nein","Ja",""
"03.02.2016","29.02.2016","22619","A2016001","Precitec Vision GmbH & Co. KG","477.00","0.00","477.00","-75.00","-75.00","Andreas Rudin","Andreas Rudin","","","Einkauf Disketten","","Nein","472.10","98.97","1172","","CH","","Inland","0%","","0.00","","","","Position Artikelnummer Beschreibung Menge Einheit 1 000208 Diskettenlaufwerk intern 3.5 50.00 Stck … ⏷","Position","Artikelnummer","Beschreibung","Menge","Einheit","1","000208","Diskettenlaufwerk intern 3.5","50.00","Stck","2","000545","Floppy Kabel (für Diskettenlaufwerk)","50.00","Stck","3","D16","Versandspesen B-Post","1.00","psch","","","","","","","","Nein","Ja","Auftrag"
"19.03.2016","30.04.2016","23626","A2016003","saus&braus","1'100.00","0.00","1'100.00","1'100.00","1'100.00","Andreas Rudin","Andreas Rudin","","","Hosting Web, owncloud, kivitendo","","Nein","1'067.50","97.05","1217","","CH","","Inland","0%","","0.00","","","","Position Artikelnummer Beschreibung Menge Einheit 1 D7 Webhosting für neue Domain einrichten inkl. Mailserverkonfiguration, Webmail, Sicherheitszertifikate für Webmail und Mailserver 1.00 psch … ⏷","Position","Artikelnummer","Beschreibung","Menge","Einheit","1","D7","Webhosting für neue Domain einrichten inkl. Mailserverkonfiguration, Webmail, Sicherheitszertifikate für Webmail und Mailserver","1.00","psch","2","D15","Installation und Grundkonfiguration einer eigenen Kivitendo-Instanz auf unserem Webserver, Erstellen eines Sicherheitszertifikats bei CaCert für die verschlüsselte Übertragung der Daten, Einrichten eines Webdav-Zugangs","1.00","psch","3","D15","Einrichten einer eigenen Own-Cloud-Instanz auf unserem Webserver","1.00","psch","4","D13","Schulungstag zur Einführung in kivitendo","1.00","psch","5","D17","Hosting Website inkl. Mail und täglichem Datenbackup","1.00","Mt","6","D17","Hosting Owncloud mit 250 GB Datenspeicher inkl. täglichem Datenbackup (pro zusätzliche 50 GB: plus 1 CHF)","1.00","Mt","7","D17","Kivitendo-Hosting (Instanz auf unserem Webserver) inkl. täglichem Datenbackup und Upgrades (Separat als Support verrechnet werden Zusatzaufwändungen bei Upgrades bei individuellen Programmanpassungen)","1.00","Mt","8","D17","Kivitendo-Hosting (eigener virtueller Server) inkl. täglichem Datenbackup und Upgrades (Separat als Support verrechnet werden Zusatzaufwändungen bei Upgrades bei individuellen Programmanpassungen)","1.00","Mt","9","D12","Weiterer Support nach Aufwand (Beratung bei Fragen, Spezialwünsche bei der Konfiguration, Anpassen von Vorlagen, Anpassungen bei den Eingabemasken, Extraaufwand bei Upgrades etc.)","1.00","Std","","","","","","","","","",""
"06.04.2016","30.04.2016","23363","A2016002","Zeller Tobias","2'469.00","0.00","2'469.00","-324.00","-324.00","Andreas Rudin","Andreas Rudin","","","IT-Ausstattung für Schulklasse mit Linux","","Nein","2'469.00","100.00","1188","","CH","","Inland","0%","","0.00","","Tobias möchte für seine Schulklasse neu eine auf Linux basiertes Computerausstattung für sein Schulzimmer. Anforderungen: 10-13 Arbeitsplätze, vorhandene Hardware soll so weit wie möglich weiter genutzt werden. Linux-Kompatibilität der eingesetzten Lern-Programmen","","Position Artikelnummer Beschreibung Menge Einheit 1 001262 Flachbildschirm 17 Zoll 11.00 Stck … ⏷","Position","Artikelnummer","Beschreibung","Menge","Einheit","1","001262","Flachbildschirm 17 Zoll","11.00","Stck","2","000812","HP SK-2880 CH PS/2 Tastatur fabrikneu","11.00","Stck","3","001319","HP Compaq 6300 Pro Microtower, 2x 500GB SATA Festplatte für Software-Raid, 32 GB DDR3-Ram, Wlan","1.00","Stck","4","000879","Zyxel GS1100-24 Gigabit-Switch","1.00","Stck","5","000132","Maus optisch USB","11.00","Stck","6","000021","Ethernet Kabel 4.5 bis 5m 1000 Mb/s","12.00","Stck","7","D21","LTSP-System auf Server installieren inkl. aller benötigten Linux-Programme, Installation von wine zur Nutzung von Windows-Software, Tests mit vorhandenen Computern als Clients, Einrichten und Testen des Systems vor Ort","1.00","psch","8","D12","Support bei der Installation und Nutzung der Windows-Programme des Lernmittelverlags, sowie weiterer Windows-Software","5.00","Std","","","","","","","","","",""
"02.07.2016","12.07.2016","25041","A2016006","Nomoko AG","580.00","0.00","580.00","580.00","580.00","Andreas Rudin","Daniel Roth","","","PC zusammenstellen","","Nein","580.00","100.00","1174","","CH","","Inland","0%","","0.00","","arudin 2.7.2016 Offerte am 2.7. per Mail geschickt PC zusammenstellen mit folgenden Kriterien: Prozessor: Bevorzugt i7, i5 oder allenfalls Core 2 Quad RAM: 8 GB mindestens, 16 GB wäre besser, ideal wäre 32 GB Netzteil: mind. 500 W (falls kein Netzteil in dieser Leistungsklasse auch grösser oder allenfalls auch ohne.) PCI-Express 16x Gehäuse: mindestens Minitower oder grösser für 26 cm Grafikkarte.","","Position Artikelnummer Beschreibung Menge Einheit 1 P59 PC Tower bestehend aus: Intel Desktop Board DH67GD Core i5-2500 CPU 3.3 GHz (Quadcore) 4 x 8 GB DDR3 Ram Netzteil Corsair CMPSU-750TX 750W DVD Super Multi Rewriter 1.00 Stck","Position","Artikelnummer","Beschreibung","Menge","Einheit","1","P59","PC Tower bestehend aus: Intel Desktop Board DH67GD Core i5-2500 CPU 3.3 GHz (Quadcore) 4 x 8 GB DDR3 Ram Netzteil Corsair CMPSU-750TX 750W DVD Super Multi Rewriter","1.00","Stck","","","","","","","","","",""
"26.07.2016","31.08.2016","25352","A2016007","go between films gmbh","350.00","0.00","350.00","-350.00","-350.00","Andreas Rudin","Andreas Rudin","","","Upgrade Wordpress Website","","Nein","350.00","100.00","1288","","CH","","Inland","0%","","0.00","","Verschickte Offerte: Minimum 5 Stunden → 350 CHF Maximum 10 Stunden → 700 CHF","","Position Artikelnummer Beschreibung Menge Einheit 1 D14 Upgrade Wordpress-Website gobetweenfilms.com von Version 3.0 auf Version 4.5.3 inkl.: - vorheriges Backup - Migration Plugin qtranslate zu qtranslate-X - Ersatz für nicht mehr unterstüzte Plugins 5.00 Std","Position","Artikelnummer","Beschreibung","Menge","Einheit","1","D14","Upgrade Wordpress-Website gobetweenfilms.com von Version 3.0 auf Version 4.5.3 inkl.: - vorheriges Backup - Migration Plugin qtranslate zu qtranslate-X - Ersatz für nicht mehr unterstüzte Plugins","5.00","Std","","","","","","","","","",""
"17.10.2016","30.11.2016","26647","A2016008","Rüegg Markus","185.00","0.00","185.00","185.00","185.00","Andreas Rudin","Andreas Rudin","","","Bestellung und einbau Tastatur für MacBook Air","","Nein","115.00","62.16","66","","CH","","Inland","0%","","0.00","","Handy 079 693 55 66 Lieferant für Tastatur: CDX Datentechnik e.K. Inhaber: Manuela Wagner Kreuzburger Str. 1 D-90471 Nürnberg https://www.cdx.de/store/print_product_info.php?pID=4039&KeepThis=true&TB_iframe=true&height=450&width=750","","Position Artikelnummer Beschreibung Menge Einheit 1 P57 Laptop-Ersatzteil neu: MacBook Air 13"" Tastatur swiss - 2011-2015 A1369/A1466 1.00 Stck … ⏷","Position","Artikelnummer","Beschreibung","Menge","Einheit","1","P57","Laptop-Ersatzteil neu: MacBook Air 13"" Tastatur swiss - 2011-2015 A1369/A1466","1.00","Stck","2","D10","Reparatur: Aus- und Einbau der Tastatur","1.00","psch","","","","","","","","Nein","Ja","Tauschhandel"
"13.02.2017","15.03.2017","29271","A2017001","BIF","470.00","0.00","470.00","470.00","470.00","Andreas Rudin","Andreas Rudin","","","Helpdesk/Ticketing Lösung für Wordpress-Website erstellen","","Nein","470.00","100.00","1428","","CH","","Inland","0%","","0.00","Nur Angebot: Vorauszahlung bei Auftragserteilung","Beratungsstelle für Frauen gegen Gewalt in Ehe und Partnerschaft","","Position Artikelnummer Beschreibung Menge Einheit 1 D15 Erstellen einer Kopie der aktuellen BIF-Website (Wordpress) mit einer Auswahl von 5 unterschiedlichen Helpdesk-/ Ticketing-Plugins zur Evaluation der bereits zu Wordpress verfügbaren OpenSource Lösungen inkl. einer persönlichen ca. 1-stündigen Einführung sowie nach erfolgter Testphase einer ca. 1-stündigen Auswertung 1.00 psch … ⏷","Position","Artikelnummer","Beschreibung","Menge","Einheit","1","D15","Erstellen einer Kopie der aktuellen BIF-Website (Wordpress) mit einer Auswahl von 5 unterschiedlichen Helpdesk-/ Ticketing-Plugins zur Evaluation der bereits zu Wordpress verfügbaren OpenSource Lösungen inkl. einer persönlichen ca. 1-stündigen Einführung sowie nach erfolgter Testphase einer ca. 1-stündigen Auswertung","1.00","psch","2","D15","Erstellen einer erweiterten detaillierten Offerte aufgrund des Auswertung der Evalution","1.00","psch","3","D14","Umsetzen der Installation desjenigen Plugins, das im Rahmen der Evaluation als beste Lösung beurteilt wurde, plus individuelle Anpassungen gemäss Anforderungen von BIF","1.00","Std","","","","","","","","","",""
"13.02.2017","15.03.2017","29273","A2017002","BIF","470.00","0.00","470.00","470.00","470.00","Andreas Rudin","Andreas Rudin","","","Helpdesk/Ticketing Lösung für Wordpress-Website erstellen","","Nein","470.00","100.00","1428","","CH","","Inland","0%","","0.00","Nur Angebot: Vorauszahlung bei Auftragserteilung","Beratungsstelle für Frauen gegen Gewalt in Ehe und Partnerschaft","","Position Artikelnummer Beschreibung Menge Einheit 1 D15 Erstellen einer Kopie der aktuellen BIF-Website (Wordpress) mit einer Auswahl von 5 unterschiedlichen Helpdesk-/ Ticketing-Plugins zur Evaluation der bereits zu Wordpress verfügbaren OpenSource Lösungen inkl. einer persönlichen ca. 1-stündigen Einführung sowie nach erfolgter Testphase einer ca. 1-stündigen Auswertung 1.00 psch … ⏷","Position","Artikelnummer","Beschreibung","Menge","Einheit","1","D15","Erstellen einer Kopie der aktuellen BIF-Website (Wordpress) mit einer Auswahl von 5 unterschiedlichen Helpdesk-/ Ticketing-Plugins zur Evaluation der bereits zu Wordpress verfügbaren OpenSource Lösungen inkl. einer persönlichen ca. 1-stündigen Einführung sowie nach erfolgter Testphase einer ca. 1-stündigen Auswertung","1.00","psch","2","D15","Erstellen einer erweiterten detaillierten Offerte aufgrund des Auswertung der Evalution","1.00","psch","3","D14","Umsetzen der Installation desjenigen Plugins, das im Rahmen der Evaluation als beste Lösung beurteilt wurde, plus individuelle Anpassungen gemäss Anforderungen von BIF","1.00","Std","","","","","","","","","",""
"13.02.2017","15.03.2017","29275","A2017003","BIF","470.00","0.00","470.00","470.00","470.00","Andreas Rudin","Andreas Rudin","","","Helpdesk/Ticketing Lösung für Wordpress-Website erstellen","","Nein","470.00","100.00","1428","","CH","","Inland","0%","","0.00","Nur Angebot: Vorauszahlung bei Auftragserteilung","Beratungsstelle für Frauen gegen Gewalt in Ehe und Partnerschaft","","Position Artikelnummer Beschreibung Menge Einheit 1 D15 Erstellen einer Kopie der aktuellen BIF-Website (Wordpress) mit einer Auswahl von 5 unterschiedlichen Helpdesk-/ Ticketing-Plugins zur Evaluation der bereits zu Wordpress verfügbaren OpenSource Lösungen inkl. einer persönlichen ca. 1-stündigen Einführung sowie nach erfolgter Testphase einer ca. 1-stündigen Auswertung 1.00 psch … ⏷","Position","Artikelnummer","Beschreibung","Menge","Einheit","1","D15","Erstellen einer Kopie der aktuellen BIF-Website (Wordpress) mit einer Auswahl von 5 unterschiedlichen Helpdesk-/ Ticketing-Plugins zur Evaluation der bereits zu Wordpress verfügbaren OpenSource Lösungen inkl. einer persönlichen ca. 1-stündigen Einführung sowie nach erfolgter Testphase einer ca. 1-stündigen Auswertung","1.00","psch","2","D15","Erstellen einer erweiterten detaillierten Offerte aufgrund des Auswertung der Evalution","1.00","psch","3","D14","Umsetzen der Installation desjenigen Plugins, das im Rahmen der Evaluation als beste Lösung beurteilt wurde, plus individuelle Anpassungen gemäss Anforderungen von BIF","1.00","Std","","","","","","","","","",""
"04.04.2017","04.04.2017","30274","A2017004","Verein Offene Soziale Arbeit Winterthur - Treffpunkt Vogelsang","500.80","0.00","500.80","-319.20","-319.20","Andreas Rudin","Andreas Rudin","","","VOIP Installation inkl. Sipcall Abo","","Nein","489.17","97.68","813","","CH","","Inland","0%","","0.00","","Telefon Klaus Waldvogel: 052 212 27 25 Telefon Jürg Friedli (Linux-Admin): 079 897 00 99","","Position Artikelnummer Beschreibung Menge Einheit 1 D26 Sipcall Business Anschluss inkl. vollportierte bisherige Telefonnummer, monatliche Rechnungsstellung, Tarif für Verbindungen gemäss jeweils aktuelle Sipcall-Tarifliste (https://www.sipcall.ch/sipcall-de/tarife/tarifen.php) 1.00 Mt … ⏷","Position","Artikelnummer","Beschreibung","Menge","Einheit","1","D26","Sipcall Business Anschluss inkl. vollportierte bisherige Telefonnummer, monatliche Rechnungsstellung, Tarif für Verbindungen gemäss jeweils aktuelle Sipcall-Tarifliste (https://www.sipcall.ch/sipcall-de/tarife/tarifen.php)","1.00","Mt","2","D29","Gutschrift bei 3-jähriger Vertragslaufzeit (inkl. einmalige Aufschaltgebühr von 100.- CHF geschenkt)","1.00","psch","3","P9","VOIP-Adapter für die bestehenden Telefonapparate","3.00","Stck","4","P59","Mini-PC zur Installation der OpenSource Software Asterisk (VOIP Telefonserver)","1.00","Stck","5","D7","Installation und Konfiguration des AsteriskServers, Einrichten von individuellen Anschlüssen, Einrichten eines Anrufbeantworters, Testen des Systems","1.00","psch","6","D20","Unvorhergesehenes","1.00","psch","","","","","","","","Nein","Ja","Persönlich"
"19.05.2017","30.06.2017","30867","A2017005","BioCan AG","35'200.00","0.00","35'200.00","2'100.00","2'100.00","Andreas Rudin","Andreas Rudin","","","Anpassungen und Implementierung von kivitendo","","Nein","35'200.00","100.00","1481","","CH","","Inland","0%","","0.00","","Hans Peter Kunz direkt: 052 301 28 18, 079 523 68 17","","Position Artikelnummer Beschreibung Menge Einheit 1 D36 kivitendo Grundinstallation auf dem Webserver von revamp-it mit Standard CH-KMU-Kontenplan, Erstellen eines Sicherheitszertifikats bei CAcert für Sub-Domain von biocan.ch, Einrichten eines gesicherten Webdav-Zugangs auf den Server, Einrichten einer Taskserver-Instanz für den Import von Adressdaten, Einrichten von 2 Mandanten für Blühauf GmbH, Bio-Can AG, sowie eines Test-Mandanten zu Test- und Übungszwecken Die Grundinstallation von kivitendo beinhaltet unter anderem: Stammdatenverwaltung (Adressen, Artikel, Erzeugnisse, Preisregeln etc.), Auftragsabwicklung in Ein- und Verkauf, Kreditoren- und Debitorenbuchhaltung, Mahnwesen, Lagerverwaltung, Finanzbuchhaltung mit Kostenstellen und doppelter Buchführung 1.00 psch … ⏷","Position","Artikelnummer","Beschreibung","Menge","Einheit","1","D36","kivitendo Grundinstallation auf dem Webserver von revamp-it mit Standard CH-KMU-Kontenplan, Erstellen eines Sicherheitszertifikats bei CAcert für Sub-Domain von biocan.ch, Einrichten eines gesicherten Webdav-Zugangs auf den Server, Einrichten einer Taskserver-Instanz für den Import von Adressdaten, Einrichten von 2 Mandanten für Blühauf GmbH, Bio-Can AG, sowie eines Test-Mandanten zu Test- und Übungszwecken Die Grundinstallation von kivitendo beinhaltet unter anderem: Stammdatenverwaltung (Adressen, Artikel, Erzeugnisse, Preisregeln etc.), Auftragsabwicklung in Ein- und Verkauf, Kreditoren- und Debitorenbuchhaltung, Mahnwesen, Lagerverwaltung, Finanzbuchhaltung mit Kostenstellen und doppelter Buchführung","1.00","psch","2","D27","Konfiguration der Standard-Installation von kivitendo für den produktiven Einsatz bei der Blühauf GmbH und bei BIO-Can AG nach Aufwand: Unterstützung beim Einrichten bzw. bei der Übernahme des Kontenplans, Einrichten von Buchungsgruppen und Kostenstellen, Konfiguration der Lagerverwaltung, Parametrisieren von Artikeln und Erzeugnissen, Einrichten von benutzerdefinierten Variablen, Erstellen von Druckvorlagen","25.00","Std","3","D15","Konzeption und Entwicklung der Erweiterung von kivitendo zur Verwaltung von Chargen- und Seriennummern erfasst durch EAN-Codes mit Integration in die Lagerverwaltung bzw. -buchhaltung und Auftragsverarbeitung, Integration in die Standardversion von kivitendo und damit Sicherstellen der Kompatibilät bei künftigen Software-Upgrades","1.00","psch","4","D12","Einführung in die Konfiguration und Bedienung von Kivitendo, Schulung der Mitarbeitenden vor Ort","15.00","Std","5","D15","Kosten-Beteiligung an der Umsetzung zur Einführung des neuen ISO 20022-Standards für die Kommunikation mit Postfinance in Bezug auf Kreditoren- und Debitorenzahlungen sowie Kontoauszüge","1.00","psch","6","D27","Unterstützung bei der Konfiguration der kivitendo-Instanz der BIO-Can AG für das Erfassen von Kreditorenzahlungen zur Übermittlung an Postfinance, für das Importieren von Kontoauszügen und Abgleich der eingehenden Debitorenzahlungen mit der Debitorenbuchhaltung","10.00","Std","7","D27","Einrichten einer automatischen Übermittlung von Debitorendaten aus den Webshops der BIO-Can AG an kivitendo","30.00","Std","8","D27","Erweiterung der Adressverwaltung und Einrichten von benötigten CRM-Modulen","15.00","Std","9","D17","Kivitendo-Hosting inkl. täglichem Datenbackup und Upgrades (Das Hosting kann jederzeit mit einer einmonatigen Kündigungsfrist per Ende Monat gekündigt werden.)","1.00","Mt","10","D12","Support nach Aufwand (Beratung bei Fragen, Spezialwünsche bei der Konfiguration, Anpassen von Vorlagen, Zusatzaufwand bei Upgrades für individuelle Anpassungen ausserhalb des Standards etc.)","1.00","Std","","","","","","","","","",""
"11.07.2017","15.08.2017","31535","A2017006","DKW-OWNERS-CLUB","1'310.00","0.00","1'310.00","-590.00","-590.00","Andreas Rudin","Andreas Rudin","","","Website DKW-Owners Club","","Nein","1'310.00","100.00","1511","","CH","","Inland","0%","","0.00","50 - 50","","","Position Artikelnummer Beschreibung Menge Einheit 1 D15 Installation Joomla, Menü einrichten, Anmeldeformulare mit Weiterverarbeitung erstellen, Benutzerregistrierung und Login mit Capcha einrichten, Komponenten für eCards, Fotogallerie, Event-Kalender, Downloads und Inserate-Marktplatz installieren und konfigurieren, Layout-Vorschläge 1.00 psch … ⏷","Position","Artikelnummer","Beschreibung","Menge","Einheit","1","D15","Installation Joomla, Menü einrichten, Anmeldeformulare mit Weiterverarbeitung erstellen, Benutzerregistrierung und Login mit Capcha einrichten, Komponenten für eCards, Fotogallerie, Event-Kalender, Downloads und Inserate-Marktplatz installieren und konfigurieren, Layout-Vorschläge","1.00","psch","2","D17","Webhosting","1.00","Mt","3","D15","Grundeinrichtung Domain und Hosting inkl. Sicherheitszertifikate, Mailaccounts und Webmail","1.00","psch","","","","","","","","","",""
"06.10.2017","31.10.2017","32787","A2017007","Bürgler Eva","325.00","0.00","325.00","-23.00","-23.00","Andreas Rudin","Andreas Rudin","","","Einkauf PC mit MX Linux","","Nein","325.00","100.00","817","","CH","","Inland","0%","","0.00","Nur Angebot: Vorauszahlung bei Auftragserteilung","","","Position Artikelnummer Beschreibung Menge Einheit 1 002534 HP Compaq Elite 8300 SFF i7 3770, 250 GB Festplatte, 8 GB Arbeitsspeicher, DVD-Brenner, Linux MX-16 installiert 1.00 Stck","Position","Artikelnummer","Beschreibung","Menge","Einheit","1","002534","HP Compaq Elite 8300 SFF i7 3770, 250 GB Festplatte, 8 GB Arbeitsspeicher, DVD-Brenner, Linux MX-16 installiert","1.00","Stck","","","","","","","","Nein","Ja",""
"06.10.2017","06.10.2017","32791","A2017008","Bürgler Eva","0.00","0.00","0.00","0.00","0.00","Andreas Rudin","Andreas Rudin","","","Datenserver für Home Gebrauch","","Nein","0.00","100.00","817","","CH","","Inland","0%","","0.00","Nur Angebot: Vorauszahlung bei Auftragserteilung","Eva möchte einen Datenserver (SFF-Gehäuse oder ähnliches), um in ihrem Homenetzwerk die Daten mit 2 PCs synchron halten zu können und gleichzeitig ein Backup zu haben. Inklusive Einrichten der Synchronisation auf den beiden PCs bei ihr zu Hause.","","Position Artikelnummer Beschreibung Menge Einheit 1 D27 Installation und Konfiguration nach Aufwand 1.00 Std","Position","Artikelnummer","Beschreibung","Menge","Einheit","1","D27","Installation und Konfiguration nach Aufwand","1.00","Std","","","","","","","","Nein","Ja",""
"06.10.2017","31.10.2017","32827","A2017009","Noseda François","0.00","0.00","0.00","0.00","0.00","Andreas Rudin","Andreas Rudin","","","Laptop Kauf","","Nein","0.00","100.00","1381","","CH","","Inland","0%","","0.00","bar beim Abholen","Möchte möglichst leistungsfähiger Occasionslaptop. Abspielen von DVD-Videos sollte in sehr guter Qualtität möglich sein. Ohne Betriebssystem (François wird anschliessend MX Linux mit einem Mate Desktop selbst installieren)","","Position Artikelnummer Beschreibung Menge Einheit 1 002060 HP Elitebook 8440p 1.00 Stck","Position","Artikelnummer","Beschreibung","Menge","Einheit","1","002060","HP Elitebook 8440p","1.00","Stck","","","","","","","","Nein","Ja",""
"06.10.2017","31.10.2017","32829","A2017010","Stiftung Holz und Korb","800.00","0.00","800.00","800.00","800.00","Andreas Rudin","Andreas Rudin","","","Anpassung kivitendo Installation","","Nein","800.00","100.00","260","","CH","","Inland","0%","","0.00","zahlbar innert 10 Tagen","Unser ehemaliger Vermieter! Kivitendo-Kunde","","Position Artikelnummer Beschreibung Menge Einheit 1 D27 Anpassen von Vorlagen: - Logo ersetzen - Fusszeile abändern - Kunden- und Rechnungsadresse vertauschen - Adressfeld nach oben verschieben - Adresse um zusätzliche 5. Zeile Abteilung erweitern - Bei Ansprechperson kein Einzug, wenn Vorname fehlt - Spalte Rabatt anzeigen, falls Rabatt gesetzt - Auftragsformular: 1. Spalte mit Kundenname vergrössern, 2. Spalte mit Datum verkleinern, alles linksbündig; bei Rechnungs- und Kundenadresse Ansprechperson in 2. Zeile 5.00 Std … ⏷","Position","Artikelnummer","Beschreibung","Menge","Einheit","1","D27","Anpassen von Vorlagen: - Logo ersetzen - Fusszeile abändern - Kunden- und Rechnungsadresse vertauschen - Adressfeld nach oben verschieben - Adresse um zusätzliche 5. Zeile Abteilung erweitern - Bei Ansprechperson kein Einzug, wenn Vorname fehlt - Spalte Rabatt anzeigen, falls Rabatt gesetzt - Auftragsformular: 1. Spalte mit Kundenname vergrössern, 2. Spalte mit Datum verkleinern, alles linksbündig; bei Rechnungs- und Kundenadresse Ansprechperson in 2. Zeile","5.00","Std","2","D27","Neue Artikel einrichten für Position ohne Betrag und wenn bei Menge 1 Einheit und Einzelpreis nicht angezeigt werden soll. Abfrage nach diesen Artikeln in Vorlagen integrieren, damit diese Positionen wie gewünscht dargestellt werden.","3.00","Std","3","D27","Bei Offerte und Auftragsbestätigung Wahl zwischen Kunden- und Rechnungsadresse ermöglichen durch Auswahl einer neuen benutzerdefinierten Variable","2.00","Std","","","","","","","","Nein","Ja","Persönlich"
"15.01.2018","17.01.2018","34587","A2018001","Hutter Christian","30.00","0.00","30.00","30.00","30.00","Rolf Flühmann","Daniel Keinath","","","abklärung","","Nein","30.00","100.00","1162","","CH","","Inland","0%","18.01.2018","0.00","","Laptop Ibm T30, ladekabel, Verbidugnskabel kontrollieren, Bildschirm TechlineTL-22le970bildschirm und kabel testen bis jetzt hat nicht funtioniert. Zie telie die defekt sind ersetzten...","","Position Artikelnummer Beschreibung Menge Einheit 1 D19 Grundkosten inkl. Kostenvoranschlag und Fehleranalyse 1.00 psch","Position","Artikelnummer","Beschreibung","Menge","Einheit","1","D19","Grundkosten inkl. Kostenvoranschlag und Fehleranalyse","1.00","psch","","","","","","","","Nein","Ja","Persönlich"
"08.03.2018","08.03.2018","37120","A2018002","Retina Suisse","2'975.00","0.00","2'975.00","-5'950.00","-5'950.00","Andreas Rudin","Andreas Rudin","","","Hardware, Linux und kivitendo","","Nein","2'955.10","99.33","1647","","CH","","Inland","0%","","0.00","zahlbar innert 10 Tagen","Vermittlung über Cleto Pescia, cleto@eurisco.com","","Position Artikelnummer Beschreibung Menge Einheit 1 D36 kivitendo Installation als eigene Instanz auf dem Server von revamp-it mit Standard CH-KMU-Kontenplan, Erstellen eines Sicherheitszertifikats bei CAcert für Sub-Domain von retina.ch, Einrichten eines gesicherten Webdav-Zugangs auf den Server, Einrichten einer Taskserver-Instanz für den Import von Adressdaten. Die Grundinstallation von kivitendo beinhaltet unter anderem: Stammdatenverwaltung (Adressen, Artikel, Erzeugnisse, Preisregeln etc.), Auftragsabwicklung in Ein- und Verkauf, Kreditoren- und Debitorenbuchhaltung, Mahnwesen, Lagerverwaltung, Finanzbuchhaltung mit doppelter Buchführung 1.00 psch … ⏷","Position","Artikelnummer","Beschreibung","Menge","Einheit","1","D36","kivitendo Installation als eigene Instanz auf dem Server von revamp-it mit Standard CH-KMU-Kontenplan, Erstellen eines Sicherheitszertifikats bei CAcert für Sub-Domain von retina.ch, Einrichten eines gesicherten Webdav-Zugangs auf den Server, Einrichten einer Taskserver-Instanz für den Import von Adressdaten. Die Grundinstallation von kivitendo beinhaltet unter anderem: Stammdatenverwaltung (Adressen, Artikel, Erzeugnisse, Preisregeln etc.), Auftragsabwicklung in Ein- und Verkauf, Kreditoren- und Debitorenbuchhaltung, Mahnwesen, Lagerverwaltung, Finanzbuchhaltung mit doppelter Buchführung","1.00","psch","2","D17","kivitendo-Hosting","1.00","Mt","3","D17","Nextcloud-Hosting bis 50 GB (Grösseres Datenvolumen nach Absprache jederzeit möglich)","1.00","Mt","4","D12","Support bei der Konfiguration der Standard-Installation von kivitendo für den produktiven Einsatz bei Retina Suisse nach Aufwand: Unterstützung beim Einrichten bzw. bei der Übernahme des Kontenplans, Einrichten von Buchungsgruppen, Einrichten von benutzerdefinierten Variablen, Erstellen von Druckvorlagen, Import der bisherigen Adressdaten, Einführung in die Konfiguration und Bedienung von Kivitendo, Schulung der Mitarbeitenden vor Ort","1.00","Std","5","002599","Dell Optiplex 7010 SFF i5-3470 3.2 Ghz, 4 GB Ram, 250 GB Festplatte inkl. Linux Installation (Arbeitsplatz Herr Hüsler und Arbeitsplatz Lausanne)","2.00","Stck","6","001403","HP LP1965 19"" Monitor 1280 x 1024 (Arbeitsplatz Herr Hüsler und Arbeitsplatz Lausanne)","2.00","Stck","7","002517","Dell Latitude P15G E6420 Business Notebook, Intel Core I5-2520M 2.5 Ghz, 4 GB Ram, 250 GB Festplatte inkl. Linux-Installation","3.00","Stck","8","002717","Samsung Syncmaster 2243 22"" 1680 x 1050","3.00","Stck","9","000093","Tastatur USB CH-Layout","5.00","Stck","10","000132","Maus optisch USB","5.00","Stck","11","001607","TP-Link TL-PS310U Printserver USB 2.0 für Druckanschluss aus eigenem Netzwerk von Drucker INfotec MP C3503","1.00","Stck","12","P9","Konverter Glasfaser auf Netzwerk","1.00","Stck","13","P9","16-Port Gigabit Switch","1.00","Stck","14","P80","Kabel, Adapter, diverses","1.00","Stck","","","","","","","","Nein","Ja",""
"16.03.2018","16.04.2018","37440","A2018003","Retina Suisse","1'631.30","0.00","1'631.30","1'631.30","1'631.30","Andreas Rudin","Andreas Rudin","","","Internet-Anschluss und Sipcall mit Asterisk","","Nein","1'193.50","73.16","1647","","CH","","Inland","0%","","0.00","50 - 50","Vermittlung über Cleto Pescia, cleto@eurisco.com","","Position Artikelnummer Beschreibung Menge Einheit 1 D26 Sipcall Business Anschluss inkl. vollportierte bisherige Telefonnummern, monatliche Rechnungsstellung, Tarif für Verbindungen gemäss jeweils aktuelle Sipcall-Tarifliste (https://www.sipcall.ch/de/tarife) 1.00 Mt … ⏷","Position","Artikelnummer","Beschreibung","Menge","Einheit","1","D26","Sipcall Business Anschluss inkl. vollportierte bisherige Telefonnummern, monatliche Rechnungsstellung, Tarif für Verbindungen gemäss jeweils aktuelle Sipcall-Tarifliste (https://www.sipcall.ch/de/tarife)","1.00","Mt","2","D29","Gutschrift bei 3-jähriger Vertragslaufzeit (inkl. einmalige Aufschaltgebühr von 100.- CHF geschenkt)","1.00","psch","3","P9","Voip-Telefon inkl. Netzteil","5.00","Stck","4","P59","Mini-PC zur Installation der OpenSource Software Asterisk (VOIP Telefonserver), sowie für Firewall in Zürich und Lausanne","3.00","Stck","5","D7","Installation und Konfiguration des AsteriskServers, Einrichten von individuellen Anschlüssen für Zürich und Lausanne, Einrichten eines Anrufbeantworters, Testen des Systems","1.00","psch","6","D12","Instruktion und Support bei der Einführung der VOIP-Telefonie","1.00","Std","7","D26","Internet-Anschluss Fiber7 1 Gbit Full-Duplex F","1.00","Mt","8","D29","Setup-Gebühr Fiber7","1.00","psch","9","D27","Einrichten und Konfigurieren des Netzwerks und der Firewalls in Zürich und Lausanne","5.00","Std","","","","","","","","Nein","Ja",""
"19.04.2018","31.05.2018","38501","A2018004","Meyer Jean Jacques","3'324.00","0.00","3'324.00","2'028.00","2'028.00","Andreas Rudin","Andreas Rudin","","","Verkauf oder Miete Laptops","","Nein","3'324.00","100.00","1678","","CH","","Inland","0%","","0.00","bei Erhalt der Rechnung","","","Position Artikelnummer Beschreibung Menge Einheit 1 000389 Dell Latitude D620 Intel Core Duo 1.66 GHz, 4 GB Ram, 40 GB Festplatte, WLAN, DVD/CDRW-Combo, Nvidia Quadro 110M Grafik 8.00 Stck … ⏷","Position","Artikelnummer","Beschreibung","Menge","Einheit","1","000389","Dell Latitude D620 Intel Core Duo 1.66 GHz, 4 GB Ram, 40 GB Festplatte, WLAN, DVD/CDRW-Combo, Nvidia Quadro 110M Grafik","8.00","Stck","2","D33","Ausleihe Dell Latitude D620, Spezifikationen wie oben","8.00","Mt","3","000950","Dell Latitude E6400 Intel Core 2 Duo Prozessor, 4 GB Ram, 160GB Festplatte, WLAN, DVD-Brenner, SD-Card-Reader, Webcam","8.00","Stck","4","D33","Ausleihe Dell Latitude E6400, Spezifikationen wie oben","8.00","Mt","","","","","","","","","",""
"08.06.2018","30.06.2018","40837","A2018005","go between films gmbh","70.00","0.00","70.00","70.00","70.00","Andreas Rudin","Andreas Rudin","","","Migration Website und Mailkonten auf neuen Host","","Nein","100.00","100.00","1288","","CH","","Inland","0%","","0.00","","","","Position Artikelnummer Beschreibung Menge Einheit 1 D12 Support 1.00 Std","Position","Artikelnummer","Beschreibung","Menge","Einheit","1","D12","Support","1.00","Std","","","","","","","","","",""
"16.06.2018","18.06.2018","41301","A2018006","Zürcher AIDS-Hilfe","540.00","0.00","540.00","540.00","540.00","Andreas Rudin","Andreas Rudin","","","3 Laptops mit angepasster Linux-Installation","","Nein","540.00","100.00","709","","CH","","Inland","0%","","0.00","bei Erhalt der Rechnung","","","Position Artikelnummer Beschreibung Menge Einheit 1 001946 IBM Thinkpad T60 2007, Intel Core Duo CPU 2.0 GHz, 2 GB Ram, 80 GB Festplatte, angepasste Linux-Installation 3.00 Stck","Position","Artikelnummer","Beschreibung","Menge","Einheit","1","001946","IBM Thinkpad T60 2007, Intel Core Duo CPU 2.0 GHz, 2 GB Ram, 80 GB Festplatte, angepasste Linux-Installation","3.00","Stck","","","","","","","","","",""
"21.06.2018","21.06.2018","41684","A2018007","go between films gmbh","600.00","0.00","600.00","0.00","0.00","Sili Gal","Sili Gal","","","Webserver Transfer","","Nein","600.00","100.00","1288","","CH","","Inland","0%","","0.00","zahlbar innert 10 Tagen","","","Position Artikelnummer Beschreibung Menge Einheit 1 D7 Installation und Konfiguration pauschal Webserver umziehen, Vollbackup 1.00 psch … ⏷","Position","Artikelnummer","Beschreibung","Menge","Einheit","1","D7","Installation und Konfiguration pauschal Webserver umziehen, Vollbackup","1.00","psch","2","002972","32GB KingstonUSB-Stick","1.00","Stck","","","","","","","","","",""
"29.06.2018","31.07.2018","42139","A2018008","Swisscontent AG","200.00","0.00","200.00","200.00","200.00","Andreas Rudin","Andreas Rudin","","","Nextcloud Speicher mit Backup","","Nein","200.00","100.00","1716","","CH","","Inland","0%","","0.00","","","","Position Artikelnummer Beschreibung Menge Einheit 1 D44 Nextcloud-Hosting - 3 TB inkl. nächtlichem Backup auf örtlich getrenntem Server. Backup Snapchots werden eine Woche lang täglich und danach 1 Monat lang wöchentlich gespeichert (Rhythmus und Dauer auf Wunsch anpassbar). - Weitere 7 TB auf Spiegel-Raid ohne Backup - Nextcloud- und Backup-Server in der Schweiz 1.00 Mt","Position","Artikelnummer","Beschreibung","Menge","Einheit","1","D44","Nextcloud-Hosting - 3 TB inkl. nächtlichem Backup auf örtlich getrenntem Server. Backup Snapchots werden eine Woche lang täglich und danach 1 Monat lang wöchentlich gespeichert (Rhythmus und Dauer auf Wunsch anpassbar). - Weitere 7 TB auf Spiegel-Raid ohne Backup - Nextcloud- und Backup-Server in der Schweiz","1.00","Mt","","","","","","","","Nein","Ja",""
"03.09.2018","03.09.2018","45465","A2018010","F&P Robotics AG","0.00","0.00","0.00","0.00","0.00","Andreas Rudin","Andreas Rudin","","","Kleiner PC mit 2 Gigabit Netzwerkkarten","","Nein","-129.00","0.00","1820","","CH","","Inland","0%","","0.00","","","","Position Artikelnummer Beschreibung Menge Einheit 1 P59 PC Occasion diverse 1.00 Stck","Position","Artikelnummer","Beschreibung","Menge","Einheit","1","P59","PC Occasion diverse","1.00","Stck","","","","","","","","","",""
"05.09.2018","30.09.2018","45476","A2018011","Addfin AG","3'340.00","0.00","3'340.00","3'340.00","3'340.00","Andreas Rudin","Andreas Rudin","","","Verkauf PC, Monitore, Beamer","","Nein","3'340.00","100.00","1821","","CH","","Inland","0%","","0.00","Vorauszahlung","Geräta waren noch da 003079, 001858, 003078, im Tresor 4e. Da scheinbar kein interesse vom Kunden wird der Platz frei gemacht und Geräte wkommen wieder in den Webshop 25.07.2019 Gruss Max","","Position Artikelnummer Beschreibung Menge Einheit 1 001858 Acer S243HL 2x HDMI, 1x VGA, 1920x1080 1.00 Stck … ⏷","Position","Artikelnummer","Beschreibung","Menge","Einheit","1","001858","Acer S243HL 2x HDMI, 1x VGA, 1920x1080","1.00","Stck","2","003078","Samsung S24B150 DVI-D, VGA, 1920 x 1080","1.00","Stck","3","002736","HP Compaq Elite 8300 SFF 250 GB SSD 8 GB DDR3 Ram","1.00","Stck","4","003079","Altec Lansing AHS615 Headset","1.00","Stck","5","003080","Sony VPF-FE40 Highend-Beamer","1.00","Stck","","","","","","","","","",""
"22.10.2018","30.11.2018","47698","A2018012","Stiftung Holz und Korb","180.80","0.00","180.80","-932.20","-932.20","Andreas Rudin","Andreas Rudin","","","SIP-Call Abonnement","","Nein","26.40","14.60","260","","CH","","Inland","0%","","0.00","","Unser ehemaliger Vermieter! Kivitendo-Kunde","","Position Artikelnummer Beschreibung Menge Einheit 1 D26 Sipcall Business Anschluss inkl. vollportierte bisherige Telefonnummer, monatliche Rechnungsstellung, Tarif für Verbindungen gemäss jeweils aktuelle Sipcall-Tarifliste (https://www.sipcall.ch/sipcall-de/tarife/tarifen.php) 1.00 Mt … ⏷","Position","Artikelnummer","Beschreibung","Menge","Einheit","1","D26","Sipcall Business Anschluss inkl. vollportierte bisherige Telefonnummer, monatliche Rechnungsstellung, Tarif für Verbindungen gemäss jeweils aktuelle Sipcall-Tarifliste (https://www.sipcall.ch/sipcall-de/tarife/tarifen.php)","1.00","Mt","2","D29","Gutschrift bei 3-jähriger Vertragslaufzeit (inkl. einmalige Aufschaltgebühr von 100.- CHF geschenkt)","1.00","psch","3","P9","VOIP-Adapter für die bestehenden Telefonapparate","1.00","Stck","4","P59","Mini-PC zur Installation der OpenSource Software Asterisk (VOIP Telefonserver)","1.00","Stck","5","D7","Installation und Konfiguration des AsteriskServers, Einrichten von individuellen Anschlüssen, Einrichten eines Anrufbeantworters, Testen des Systems","1.00","psch","","","","","","","","Nein","Ja","Persönlich"
"12.11.2018","15.12.2018","48866","A2018013","Cross Jonathan","581.00","0.00","581.00","81.00","81.00","Andreas Rudin","Andreas Rudin","","","Verkauf Thinkpad T400 mit LibreBoot","","Nein","430.63","74.12","2113","","CH","","Inland","0%","","0.00","bar beim Abholen","arudin 12.11.2018 Wir müssen zuerst einen 16-Pin Chip zum Flashen des Bios besorgen (bei Digi-Key am 12.11.2018 bestellt, siehe verknüpfter Lieferantenauftrag.)","","Position Artikelnummer Beschreibung Menge Einheit 1 001956 Lenovo T400 Core2Duo T9400, 8 GB Ram, 480 GB SSD-Festplatte mit LibreBoot 1.00 Stck … ⏷","Position","Artikelnummer","Beschreibung","Menge","Einheit","1","001956","Lenovo T400 Core2Duo T9400, 8 GB Ram, 480 GB SSD-Festplatte mit LibreBoot","1.00","Stck","2","D1","Auslöten von Ethernet- und Sound-Buchsen","1.00","Std","3","D16","Versandspesen Economy-Post","1.00","psch","","","","","","","","Nein","Ja","Persönlich"
"16.11.2018","16.11.2018","49057","A2018014","Dimitri Todesco","0.00","0.00","0.00","0.00","0.00","Lukas Aboualaa","Lukas Aboualaa","","","Laptop Verkauf","","Nein","0.00","0.00","2118","","CH","","Inland","0%","","0.00","","Chaspar 117.12.18 Lukas hat vergessen schicke Wiederforlage.... T 61 Lenovo Thinkpad T61 T7500 Art. No.: 00194 Datum ? Name .... Lukas Schickt bis mitte Woche eine Offerte für 5 Laptops mit Kulturlegi","","Position Artikelnummer Beschreibung Menge Einheit 1 P5 Laptop Occasion mit Linux 1.00 Stck","Position","Artikelnummer","Beschreibung","Menge","Einheit","1","P5","Laptop Occasion mit Linux","1.00","Stck","","","","","","","","Nein","Ja",""
"18.12.2018","08.01.2019","50534","A2018015","Angst Peter","30.00","0.00","30.00","30.00","30.00","Lukas Aboualaa","Paul Aeberli","","","Revision Mobiltelefon","","Nein","30.00","100.00","2149","","CH","","Inland","0%","","0.00","","","","Position Artikelnummer Beschreibung Menge Einheit 1 D19 Grundkosten inkl. Kostenvoranschlag und Fehleranalyse 1.00 psch","Position","Artikelnummer","Beschreibung","Menge","Einheit","1","D19","Grundkosten inkl. Kostenvoranschlag und Fehleranalyse","1.00","psch","","","","","","","","Nein","Ja",""
"21.12.2018","21.12.2018","50797","A2018016","Stiftung Holz und Korb","178.00","0.00","178.00","-3'572.00","-3'572.00","Andreas Rudin","Andreas Rudin","","","Internet-Anschluss via Fiber7","","Nein","178.00","100.00","260","","CH","","Inland","0%","","0.00","Vorauszahlung","Unser ehemaliger Vermieter! Kivitendo-Kunde","","Position Artikelnummer Beschreibung Menge Einheit 1 D26 Internet-Abo via Glasfaserleitung mit 1 Gbit/s Duplex (Anteil bei Nutzung durch 4 Firmen) 1.00 Mt … ⏷","Position","Artikelnummer","Beschreibung","Menge","Einheit","1","D26","Internet-Abo via Glasfaserleitung mit 1 Gbit/s Duplex (Anteil bei Nutzung durch 4 Firmen)","1.00","Mt","2","003166","Dell Precision 490 Firewall-Server (Anteil bei Nutzung durch 4 Firmen)","1.00","Stck","3","D7","Installation und Konfiguration Firewall und Netzwerk, einmalige Grundkosten (Anteil bei Nutzung durch 4 Firmen)","1.00","psch","4","P9","Medienkonverter TP-Link MC220L Glasfaser auf Ethernet(Anteil bei Nutzung durch 4 Firmen)","1.00","Stck","","","","","","","","Nein","Ja","Persönlich"
"21.12.2018","15.01.2019","50822","A2018017","Ludicious - Zürich Game Festival","178.00","0.00","178.00","178.00","178.00","Andreas Rudin","Andreas Rudin","","","Internet-Anschluss via Fiber7","","Nein","178.00","100.00","841","","CH","","Inland","0%","","0.00","Vorauszahlung","","","Position Artikelnummer Beschreibung Menge Einheit 1 D26 Internet-Abo via Glasfaserleitung mit 1 Gbit/s Duplex (Anteil bei Nutzung durch 4 Firmen) 1.00 Mt … ⏷","Position","Artikelnummer","Beschreibung","Menge","Einheit","1","D26","Internet-Abo via Glasfaserleitung mit 1 Gbit/s Duplex (Anteil bei Nutzung durch 4 Firmen)","1.00","Mt","2","003166","Dell Precision 490 Firewall-Server (Anteil bei Nutzung durch 4 Firmen)","1.00","Stck","3","D7","Installation und Konfiguration Firewall und Netzwerk, einmalige Grundkosten (Anteil bei Nutzung durch 4 Firmen)","1.00","psch","4","P9","Medienkonverter TP-Link MC220L Glasfaser auf Ethernet(Anteil bei Nutzung durch 4 Firmen)","1.00","Stck","","","","","","","","Nein","Ja","Persönlich"
"21.12.2018","15.01.2018","50904","A2018019","Schreinerei Severin Meier","178.00","0.00","178.00","178.00","178.00","Andreas Rudin","Andreas Rudin","","","Internet-Anschluss via Fiber7","","Nein","178.00","100.00","2141","","CH","","Inland","0%","","0.00","Vorauszahlung","","","Position Artikelnummer Beschreibung Menge Einheit 1 D26 Internet-Abo via Glasfaserleitung mit 1 Gbit/s Duplex (Anteil bei Nutzung durch 4 Firmen) 1.00 Mt … ⏷","Position","Artikelnummer","Beschreibung","Menge","Einheit","1","D26","Internet-Abo via Glasfaserleitung mit 1 Gbit/s Duplex (Anteil bei Nutzung durch 4 Firmen)","1.00","Mt","2","003166","Dell Precision 490 Firewall-Server (Anteil bei Nutzung durch 4 Firmen)","1.00","Stck","3","D7","Installation und Konfiguration Firewall und Netzwerk, einmalige Grundkosten (Anteil bei Nutzung durch 4 Firmen)","1.00","psch","4","P9","Medienkonverter TP-Link MC220L Glasfaser auf Ethernet(Anteil bei Nutzung durch 4 Firmen)","1.00","Stck","","","","","","","","Nein","Ja","Persönlich"
"22.12.2018","24.12.2018","50889","A2018018","Pino Music","178.00","0.00","178.00","-2'425.00","-2'425.00","Andreas Rudin","Andreas Rudin","","","Internet-Anschluss via Fiber7","","Nein","178.00","100.00","500","","CH","","Inland","0%","","0.00","Vorauszahlung","","","Position Artikelnummer Beschreibung Menge Einheit 1 D26 Internet-Abo via Glasfaserleitung mit 1 Gbit/s Duplex (Anteil bei Nutzung durch 4 Firmen) 1.00 Mt … ⏷","Position","Artikelnummer","Beschreibung","Menge","Einheit","1","D26","Internet-Abo via Glasfaserleitung mit 1 Gbit/s Duplex (Anteil bei Nutzung durch 4 Firmen)","1.00","Mt","2","003166","Dell Precision 490 Firewall-Server (Anteil bei Nutzung durch 4 Firmen)","1.00","Stck","3","D7","Installation und Konfiguration Firewall und Netzwerk, einmalige Grundkosten (Anteil bei Nutzung durch 4 Firmen)","1.00","psch","4","P9","Medienkonverter TP-Link MC220L Glasfaser auf Ethernet(Anteil bei Nutzung durch 4 Firmen)","1.00","Stck","","","","","","","","Nein","Ja","Persönlich"
"18.01.2019","18.01.2019","51861","A2019001","Haile Tesfamariam","0.00","0.00","0.00","0.00","0.00","Lukas Aboualaa","Lukas Aboualaa","","","Verkauf Apple Mac","","Ja","0.00","0.00","2172","","CH","","Inland","0%","","0.00","bar beim Abholen","","","Position Artikelnummer Beschreibung Menge Einheit 1 K0322 MacBook 1.00 Stck","Position","Artikelnummer","Beschreibung","Menge","Einheit","1","K0322","MacBook","1.00","Stck","","","","","","","","Nein","Ja",""
"22.01.2019","28.02.2019","52103","A2019002","Eurisco GmbH","140.00","0.00","140.00","140.00","140.00","Andreas Rudin","Andreas Rudin","","","Server Mietangebot","","Nein","120.00","100.00","2178","","CH","","Inland","0%","","0.00","","","","Position Artikelnummer Beschreibung Menge Einheit 1 D46 Server Hosting VM-Server 4 Cores, 8 GB Ram, 1 TB Festplattenspeicher (auf Spiegel-Raid) 1.00 Mt … ⏷","Position","Artikelnummer","Beschreibung","Menge","Einheit","1","D46","Server Hosting VM-Server 4 Cores, 8 GB Ram, 1 TB Festplattenspeicher (auf Spiegel-Raid)","1.00","Mt","2","D46","Server Hosting Dezidierter Server 4 Core 8 Threads, 8 GB Ram, 2x1 TB","1.00","Mt","3","D47","Zusatzleistung IPv4-Adresse","1.00","Mt","","","","","","","","Nein","Ja",""
"30.01.2019","28.02.2019","52392","A2019003","Given David","75.00","0.00","75.00","3.00","3.00","Andreas Rudin","Andreas Rudin","","","Verkauf Floppy-Laufwerke, Kabel und Gehäuse","","Nein","75.00","100.00","1626","","CH","","Inland","0%","","0.00","bar beim Abholen","arudin 30.1.2019: Mail mit Offerte geschickt: David sollte noch Bescheid geben, welchen Einbaurahmen er möchte.","","Position Artikelnummer Beschreibung Menge Einheit 1 000208 Diskettenlaufwerk intern 3.5 2.00 Stck … ⏷","Position","Artikelnummer","Beschreibung","Menge","Einheit","1","000208","Diskettenlaufwerk intern 3.5","2.00","Stck","2","000862","Diskettenlaufwerk intern 5.25""","1.00","Stck","3","000545","Floppy Kabel (für Diskettenlaufwerk)","1.00","Stck","4","000193","Laufwerksgehäuse HP für 2 5.25"" Laufwerke","1.00","Stck","5","003215","Einbaurahmen 5.25"" - 3.5"" Metall","1.00","Stck","6","003216","Einbaurahmen 5.25"" - 3.5"" Kunststoff","1.00","Stck","","","","","","","","","",""
"23.04.2019","23.04.2019","54973","A2019004","Braun Dieter","36.45","0.00","36.45","0.00","0.00","Max Stauffer","Max Stauffer","","","Erstellung Rechnung Webshopbestellung","","Nein","28.85","79.15","1422","","CH","","Inland","0%","","0.00","Paypal bezahlt","23.04.2019 mstauffer: Habe den Auftrag mal im Kivi erfasst. Aber die Rechnung noch nicht verbucht, da leider das Mail von Paypal fehlt das die Bezahlung eingegangen ist?","","Position Artikelnummer Beschreibung Menge Einheit 1 000812 HP SK-2880 CH 2.00 Stck … ⏷","Position","Artikelnummer","Beschreibung","Menge","Einheit","1","000812","HP SK-2880 CH","2.00","Stck","2","002928","CNet 4-Port USB Hub","1.00","Stck","3","D16","B-Post Versand mit Schweizer Post 2-5 kg > 20CHFKeine Verpackungsgebühr bei Bestellung über 20 CHF, gratis Versand über 150 CHF","1.00","psch","4","D45","PayPal-Spesen","1.00","Stck","","","","","","","","Nein","Ja","Webshop"
"09.05.2019","31.05.2019","55286","A2019005","Ideen von A-Z - Urs Ambühl","3'000.00","0.00","3'000.00","2'000.00","2'000.00","Sili Gal","Andreas Rudin","","","Redesign Homepage","","Nein","3'000.00","100.00","1517","","CH","","Inland","0%","","0.00","","","","Position Artikelnummer Beschreibung Menge Einheit 1 D15 Redesign der Homepage Segeln.ch 1.00 psch","Position","Artikelnummer","Beschreibung","Menge","Einheit","1","D15","Redesign der Homepage Segeln.ch","1.00","psch","","","","","","","","Nein","Ja",""
"10.07.2019","10.07.2019","57895","A2019006","Ideen von A-Z - Urs Ambühl","975.00","0.00","975.00","975.00","975.00","Hans Peter Schlaepfer","Hans Peter Schlaepfer","","","Verkauf Laptop & Drucker","","Ja","975.00","100.00","1517","","CH","","Inland","0%","","0.00","bar beim Abholen","10.7.2019: Kunde will Laptop-Geräte zuerst anschauen. Andreas hat diese aber noch nicht gefunden. Der Drucker ist aber reserviert auf den Kunden und steht im Schaufenster.","","Position Artikelnummer Beschreibung Menge Einheit 1 003205 Acer 5733 PEW71 1.00 Stck … ⏷","Position","Artikelnummer","Beschreibung","Menge","Einheit","1","003205","Acer 5733 PEW71","1.00","Stck","2","Achtung: Bestehenden Artikel auswählen oder zuerst im Webshop erfassen!13","Sony VAIO VPCEH2P1E","1.00","Stck","3","003672","HP M375nw LaserJet Pro 300","1.00","Stck","","","","","","","","Nein","Ja",""
"22.07.2019","22.07.2019","58293","A2019007","Mike Testet Kivi","28.50","0.00","28.50","28.50","28.50","Andreas Rudin","Sili Gal","","","test","Hosting (Web & Cloud)","Nein","28.50","100.00","1068","","CH","","Inland","0%","","0.00","","[email] Datum: 21.07.2021 17:36:48 An: sili.gal@revamp-it.ch Bcc: verschickt@revamp-it.ch, verschickt@revamp-it.ch Betreff: test kivi Nachricht: nur ein test [email] Datum: 21.07.2021 18:02:42 An: sili.gal@revamp-it.ch Bcc: verschickt@revamp-it.ch, verschickt@revamp-it.ch Betreff: test Nachricht: nur ein test [email] Datum: 21.07.2021 18:13:10 An: sili.gal@revamp-it.ch Bcc: verschickt@revamp-it.ch, verschickt@revamp-it.ch Betreff: test aus kivi Nachricht: nur ein test","","Position Artikelnummer Beschreibung Menge Einheit 1 D19 Grundkosten inkl. Kostenvoranschlag und Fehleranalyse 1.00 psch … ⏷","Position","Artikelnummer","Beschreibung","Menge","Einheit","1","D19","Grundkosten inkl. Kostenvoranschlag und Fehleranalyse","1.00","psch","2","P13","Speicherkarte","1.00","Stck","Lieferadresse 6","","","Röschibachstrasse 22","8034","Zürich","Schweiz","Nein","Ja",""
"30.07.2019","31.08.2019","58581","A2019008","Kompotoi AG","12'650.00","0.00","12'650.00","5'650.00","5'650.00","Andreas Rudin","Andreas Rudin","","","Kivitendo Installation, Anpassung und Hosting","","Nein","12'650.00","100.00","2355","","CH","","Inland","0%","","0.00","Nur Angebot: Vorauszahlung bei Auftragserteilung","arudin 30.7.2019 Folgende Zahlungskonditionen ins Angebot geschrieben: Hostingkosten: jährliche Vorauszahlung Einmalige Kosten: 30% bei Auftragserteilung, 40% per 15. Oktober 2019 Rest mit Schlussrechnung nach Abschluss der Arbeiten.","","Position Artikelnummer Beschreibung Menge Einheit 1 D17 Kivitendo-Hosting inkl. täglichem Datenbackup und Upgrades, Preis für nachhaltige Firmen 1.00 Mt … ⏷","Position","Artikelnummer","Beschreibung","Menge","Einheit","1","D17","Kivitendo-Hosting inkl. täglichem Datenbackup und Upgrades, Preis für nachhaltige Firmen","1.00","Mt","2","D12","Support nach Aufwand","1.00","Std","3","D36","Kivitendo Installation als eigene Instanz auf dem Server von revamp-it mit Standard CH-KMU-Kontenplan, Erstellen eines Sicherheitszertifikats für Sub-Domain von kompotoi.ch, Einrichten eines gesicherten Webdav-Zugangs auf den Server, Einrichten einer Taskserver-Instanz für den Import von Adressdaten und das Erstellen von periodischen Rechnungen. Die Grundinstallation von Kivitendo beinhaltet unter anderem: - Stammdatenverwaltung (Adressen, Artikel, Erzeugnisse, Preisregeln etc.) - (mehrsprachige) Offertenerstellung in CHF und weiteren Währungen - Auftragsabwicklung in Ein- und Verkauf - Kreditoren- und Debitorenbuchhaltung - Mahnwesen - Lagerverwaltung - Finanzbuchhaltung mit doppelter Buchführung - diverse Auswertungen inkl. csv-Export","1.00","psch","4","D12","Konfiguration der Standard-Installation von Kivitendo für den produktiven Einsatz bei der Kompotoi AG nach Aufwand: - Übernahme des Kontenplans der Kompotoi AG - Einrichten von Buchungsgruppen - Einrichten der benötigten benutzerdefinierten Variablen nach Absprache - Einrichten der Lagerverwaltung - Anpassen der Eingabemasken - Import der bisherigen Adressdaten - Einführung in die Konfiguration und Bedienung von Kivitendo - Schulung der Mitarbeitenden vor Ort","30.00","Std","5","D14","Benachrichtigung per Mail bei Ablauf oder vor Ablauf einer Offerte","2.00","Std","6","D14","Einrichten eines Kalenderexports von Liefer- und Abhol-Terminen","5.00","Std","7","D14","Erstellen von neuen Webmasken für das Erfassen und Bearbeiten von Aufträgen und Lieferscheinen bei Lieferung, Wartung und Abholung in der Standardmaske und beim Einsatz von Tablets, Integration in die Menüführung sowie Verarbeitung der Daten auf dem Server","30.00","Std","8","D14","Erweiterung von Kivitendo für das Erstellen von periodischen Sammelrechnungen aufgrund der in der entsprechenden Periode erbrachten Leistungen","15.00","Std","9","D14","Einrichten von Abfragen der in Zukunft aufgrund aller bisherigen Aufträge verfügbaren Toiletten als Basis für das Beantworten von neuen Anfragen (Option: Berücksichtigung offener Offerten)","20.00","Std","10","D12","Weiterer Support oder Unvorhergesehenes","20.00","Std","","","","","","","","Nein","Ja","Persönlich"
"14.08.2019","14.08.2019","59190","A2019009","OAP Offermann Architektur & Projektmanangement","90.00","0.00","90.00","0.00","0.00","Hans Peter Schlaepfer","Hans Peter Schlaepfer","","","Grafikkarte für Mac Pro 5.1 (Modell A1289)","","Nein","55.00","100.00","1577","","CH","","Inland","50%","19.08.2019","45.00","bar beim Abholen","Clara Fernandez (14.8.2019) Grafikkarte in Mac (A1186) kaputt. Ggf. verkaufen wir eine aus einem Mac im Lager. Erich Offermann Mobil: 079 414 72 67","","Position Artikelnummer Beschreibung Menge Einheit 1 000083 Grafikkarten diverse: ATI Radeon 5770 o. 5870 1.00 Stck","Position","Artikelnummer","Beschreibung","Menge","Einheit","1","000083","Grafikkarten diverse: ATI Radeon 5770 o. 5870","1.00","Stck","","","","","","","","","",""
"27.08.2019","27.08.2019","59524","A2019010","ungleich glarus AG","366.00","0.00","366.00","-13.00","-13.00","Andreas Rudin","Andreas Rudin","","","Verkauf 20 günstige Monitore","","Nein","358.40","97.92","2369","","CH","","Inland","0%","","0.00","Vorauszahlung","","","Position Artikelnummer Beschreibung Menge Einheit 1 001261 Flachbildschirm 15 Zoll 20.00 Stck … ⏷","Position","Artikelnummer","Beschreibung","Menge","Einheit","1","001261","Flachbildschirm 15 Zoll","20.00","Stck","2","D16","Versandspesen","1.00","psch","","","","","","","","Nein","Ja","Webshop"
"07.11.2019","31.12.2019","61264","A2019011","Copine Kinowerbung GmbH","1'295.00","0.00","1'295.00","1'295.00","1'295.00","Andreas Rudin","Andreas Rudin","","","Anpassungen und neue Features für kivitendo-Installation","","Nein","1'295.00","100.00","2153","","CH","","Inland","0%","","0.00","Vorauszahlung","Kivitendo-Kunde","","Position Artikelnummer Beschreibung Menge Einheit 1 D14 Adresse beim Erfassen von KundInnen automatisch aus local.ch etc. suchen und anzeigen 1.00 Std … ⏷","Position","Artikelnummer","Beschreibung","Menge","Einheit","1","D14","Adresse beim Erfassen von KundInnen automatisch aus local.ch etc. suchen und anzeigen","1.00","Std","2","D14","Automatisches Speichern beim Erfassen von KundInnen und Angeboten regelmässig jede Minute","2.00","Std","3","D14","Benutzerdefinierte Variablen für Startdatum und Enddatum Kinospot-Artikeln","0.50","Std","4","D14","Beim Erfassen von Angeboten etc. Möglichkeit, Länge der Kinospots einzugeben und für Berechnung der Zeilensumme verwenden","5.00","Std","5","D14","Erweitern der allgemeinen Angaben bei Angeboten etc. : Anzahl Sujets, Anzahl Orte, Anzahl Kinos, Anzahl Leinwände, Spotdauer, ev. Kampagnendauer pro Kino, etc. (Daten sollten aus den eingegebenen Positionen errchnet werden)","10.00","Std","","","","","","","","Nein","Ja","Persönlich"
"07.11.2019","30.11.2019","73142","A2019012","Känzig Ula","900.00","0.00","900.00","900.00","900.00","Andreas Rudin","Paul Aeberli","","","Kauf Laptop + SSD","","Nein","900.00","100.00","2433","","CH","","Inland","0%","","0.00","bar beim Abholen","","","Position Artikelnummer Beschreibung Menge Einheit 1 003521 Lenovo Thinkpad X220 1.00 Stck … ⏷","Position","Artikelnummer","Beschreibung","Menge","Einheit","1","003521","Lenovo Thinkpad X220","1.00","Stck","2","001507","Lenovo Thinkpad T410","1.00","Stck","3","001165","HP Mini 210","1.00","Stck","4","000202","SSD 250 GB","1.00","Stck","","","","","","","","Nein","Ja",""
"07.11.2019","31.12.2019","73145","A2019013","Verein Offene Soziale Arbeit Winterthur - Treffpunkt Vogelsang","1'500.00","0.00","1'500.00","0.00","0.00","Andreas Rudin","Andreas Rudin","","","Website auf Joomla übertragen","","Nein","0.00","0.00","813","","CH","","Inland","0%","","0.00","bei Erhalt der Rechnung","","","Position Artikelnummer Beschreibung Menge Einheit 1 D15 Übertragen der jetzigen Website des Treffpunkts Vogelsang auf das Opensource Content Management System Joomla. 1.00 psch","Position","Artikelnummer","Beschreibung","Menge","Einheit","1","D15","Übertragen der jetzigen Website des Treffpunkts Vogelsang auf das Opensource Content Management System Joomla.","1.00","psch","","","","","","","","Nein","Ja","Persönlich"
"07.11.2019","19.11.2019","73159","A2019014","Känzig Ula","710.00","0.00","710.00","710.00","710.00","Paul Aeberli","Paul Aeberli","","","Kauf Laptop + SSD","","Ja","710.00","100.00","2433","","CH","","Inland","0%","","0.00","bar beim Abholen","","","Position Artikelnummer Beschreibung Menge Einheit 1 003521 Lenovo Thinkpad X220 1.00 Stck … ⏷","Position","Artikelnummer","Beschreibung","Menge","Einheit","1","003521","Lenovo Thinkpad X220","1.00","Stck","2","001507","Lenovo Thinkpad T410","1.00","Stck","3","000202","SSD 250 GB","1.00","Stck","","","","","","","","Nein","Ja",""
"15.11.2019","15.12.2019","104173","A2019015","Freiplatzaktion Zürich","1'470.00","0.00","1'470.00","0.00","0.00","Sili Gal","Sili Gal","","","Drucker/Kopierer","","Nein","1'470.00","100.00","837","","CH","","Inland","100%","","1'470.00","","","","Position Artikelnummer Beschreibung Menge Einheit 1 002971 Ricoh MP C2050 1.00 Stck … ⏷","Position","Artikelnummer","Beschreibung","Menge","Einheit","1","002971","Ricoh MP C2050","1.00","Stck","2","D27","Installation und Konfiguration nach Aufwand","1.00","Std","3","P20","Toner schwarz Ricoh original ca. 10'000 S/A4","2.00","Stck","4","P20","Tonersatz farbig Ricoh original ca. 5'500 S A4","1.00","Stck","5","P20","Tonersatz farbig kompatibel ca. 5'500 S A4","1.00","Stck","","","","","","","","Nein","Ja",""
"26.11.2019","31.12.2019","146900","A2019016","Eisner Vitali","1'100.00","0.00","1'100.00","1'100.00","1'100.00","Andreas Rudin","Andreas Rudin","","","Kivitendo Installation auf VM für proxmox","","Nein","1'100.00","100.00","2452","","CH","","Inland","0%","","0.00","50 - 50","","","Position Artikelnummer Beschreibung Menge Einheit 1 D36 VM für Proxmox mit Installation und Grundkonfiguration von Debian Linux 10, Postgres, Apache2, Git und kivitendo inkl. max. 1 Stunde persönliche Einführung 1.00 psch … ⏷","Position","Artikelnummer","Beschreibung","Menge","Einheit","1","D36","VM für Proxmox mit Installation und Grundkonfiguration von Debian Linux 10, Postgres, Apache2, Git und kivitendo inkl. max. 1 Stunde persönliche Einführung","1.00","psch","2","D12","Support für kivitendo","1.00","Std","","","","","","","","Nein","Ja",""
"12.11.2020","12.11.2020","335163","A2020001","edition pudelundpinscher","2'000.00","0.00","2'000.00","0.00","0.00","Andreas Rudin","Sili Gal","","","Homepage Migration","","Nein","2'000.00","100.00","2572","","CH","","Inland","0%","","0.00","50 - 50","arudin Januar 2021 Mit Beatrice abgemacht, dass der Auftrag von unserem Praktikanten Dejan Danilovic ausgeführt wird. Deshalb keine fixe Zeitvereinbarung, bis wann der Auftrag fertig gestellt sein wird. Eventuell in Absprache mit PudelundPinscher übertragen der fertigen Website zu green.ch","","Position Artikelnummer Beschreibung Menge Einheit 1 D15 Joomla Installation und Einrichten eines passenden Templates, Übertragen der bisherigen Website pudelundpinscher.ch auf Joomla, Einrichten eines Webshops, Einführung in die Bedienung von Joomla 1.00 psch","Position","Artikelnummer","Beschreibung","Menge","Einheit","1","D15","Joomla Installation und Einrichten eines passenden Templates, Übertragen der bisherigen Website pudelundpinscher.ch auf Joomla, Einrichten eines Webshops, Einführung in die Bedienung von Joomla","1.00","psch","","","","","","","","Nein","Ja","Internet"
"20.11.2020","20.12.2020","335323","A2020002","Kompotoi AG","700.00","0.00","700.00","700.00","700.00","Andreas Rudin","Andreas Rudin","","","Kivitendo: Zusätzliche Listen in Aufgabenliste","","Nein","700.00","100.00","2355","","CH","","Inland","0%","","0.00","","","","Position Artikelnummer Beschreibung Menge Einheit 1 D14 Aufnahme einer Liste mit KundInnen mit fälligem Datum zum Nachhaken zur Akquise in die Aufgabenliste, die beim Start von kivitendo angezeigt wird. 4.00 Std … ⏷","Position","Artikelnummer","Beschreibung","Menge","Einheit","1","D14","Aufnahme einer Liste mit KundInnen mit fälligem Datum zum Nachhaken zur Akquise in die Aufgabenliste, die beim Start von kivitendo angezeigt wird.","4.00","Std","2","D14","Aufnahme einer Liste mit fälligen Rechnungen in die Aufgabenliste, die beim Start von kivitendo angezeigt wird.","3.00","Std","","","","","","","","Nein","Ja","Persönlich"
"24.11.2020","23.12.2020","335400","A2020003","Carbogen Amcis AG","925.00","0.00","925.00","0.00","0.00","Andreas Rudin","Andreas Rudin","","","Verkauf diverse HP PCs","","Nein","883.00","95.46","2584","","CH","","Inland","0%","","0.00","Vorauszahlung","","","Position Artikelnummer Beschreibung Menge Einheit 1 001719 HP Compaq dc7700p SFF, 2GB Ram, 160 GB Festplatte 7.00 Stck … ⏷","Position","Artikelnummer","Beschreibung","Menge","Einheit","1","001719","HP Compaq dc7700p SFF, 2GB Ram, 160 GB Festplatte","7.00","Stck","2","002548","HP Compaq dc7700p CMT, 2GB Ram, 160 GB Festplatte","2.00","Stck","3","004003","HP Compaq dc7700p USDT, 2GB Ram, 160 GB Festplatte","1.00","Stck","4","001349","HP Compaq dc7600 SSF, 512 MB Ram, 40 GB Festplatte","9.00","Stck","5","D16","Lieferung nach 5502 Hunzenschwil","1.00","psch","","","","","","","","Nein","Ja","Webshop"
"08.12.2020","31.12.2020","335428","A2020004","Guibentif Christian Daniel","1'600.00","0.00","1'600.00","630.00","630.00","Andreas Rudin","Andreas Rudin","","","Kauf Workstation mit MX Linux","","Nein","1'600.00","100.00","2585","","CH","","Inland","0%","","0.00","Vorauszahlung","","","Position Artikelnummer Beschreibung Menge Einheit 1 002315 Dell Precision Intel Quad-Core Xeon E5-1607 v2 3.0 GHz, 16 GB DDR3 RAM (maximal möglich: 128 GB), DVD-Brenner, 5.25-Zoll Einschub für SATA-Wechselfestplatte, NVIDIA Quadro 2000 Grafikkarte 1 GB 1x DVI-I 2x DisplayPort, 256 GB 2.5"" SSD-Festplatte, 2 TB 3.5"" SATA-Festplatte, Vorderseite: 1x USB 3.0, 3x USB 2.0, Rückseite: 3x USB 3.0, 1x USB 2.0, MX Linux installiert inkl. Firefox, LibreOffice, Gimp, Audacity, VLC, OpenShot und weiteren 1.00 Stck … ⏷","Position","Artikelnummer","Beschreibung","Menge","Einheit","1","002315","Dell Precision Intel Quad-Core Xeon E5-1607 v2 3.0 GHz, 16 GB DDR3 RAM (maximal möglich: 128 GB), DVD-Brenner, 5.25-Zoll Einschub für SATA-Wechselfestplatte, NVIDIA Quadro 2000 Grafikkarte 1 GB 1x DVI-I 2x DisplayPort, 256 GB 2.5"" SSD-Festplatte, 2 TB 3.5"" SATA-Festplatte, Vorderseite: 1x USB 3.0, 3x USB 2.0, Rückseite: 3x USB 3.0, 1x USB 2.0, MX Linux installiert inkl. Firefox, LibreOffice, Gimp, Audacity, VLC, OpenShot und weiteren","1.00","Stck","2","003936","HP Z420 Intel Quad-Core Xeon E5-1620 3.6 GHz, 16 GB DDR3 ECC Registered RAM (maximal möglich: 64 GB), DVD-Brenner, 5.25-Zoll Einschub für SATA-Wechselfestplatte, Kartenleser, NVIDIA Quadro 2000 Grafikkarte 1 GB 1x DVI-I 2x DisplayPort, 256 GB 2.5"" SSD-Festplatte, 2 TB 3.5"" SATA-Festplatte, Vorderseite: 2x USB 3.0, 1x USB 2.0, Rückseite: 2x USB 3.0, 4x USB 2.0, MX Linux installiert inkl. Firefox, LibreOffice, Gimp, Audacity, VLC, OpenShot und weiteren","1.00","Stck","","","","","","","","Nein","Ja","Internet"
"21.12.2020","31.12.2020","335797","A2020005","Rüegg Markus","712.00","0.00","712.00","0.00","0.00","Andreas Rudin","Andreas Rudin","","","Virtuemart für gemeinschaften.ch","","Nein","712.00","100.00","66","","CH","","Inland","0%","","0.00","Vorauszahlung","Handy 079 693 55 66","","Position Artikelnummer Beschreibung Menge Einheit 1 D15 - Installation und Konfiguration der Webshop-Software Virtuemart auf gemeinschaften.ch - Erweiterung um Spenden-Plugin, damit freie Beträge gespendet werden können - Einrichten des VirtueMart-Plugins von Postfinance für die Nutzung von 'PostFinance Checkout Flex' - Spende als Artikel in VirtueMart einrichten mit der Möglichkeit, den Webshop später um weitere Dienstleistungsartikel zu erweitern - Spende-Button zum schnellen direkten Aufruf des Webshops N.B. Texte für die Spende sowie für das Bestätigungsmail an die Spendenden werden von Markus Rüegg erstellt. 1.00 psch … ⏷","Position","Artikelnummer","Beschreibung","Menge","Einheit","1","D15","- Installation und Konfiguration der Webshop-Software Virtuemart auf gemeinschaften.ch - Erweiterung um Spenden-Plugin, damit freie Beträge gespendet werden können - Einrichten des VirtueMart-Plugins von Postfinance für die Nutzung von 'PostFinance Checkout Flex' - Spende als Artikel in VirtueMart einrichten mit der Möglichkeit, den Webshop später um weitere Dienstleistungsartikel zu erweitern - Spende-Button zum schnellen direkten Aufruf des Webshops N.B. Texte für die Spende sowie für das Bestätigungsmail an die Spendenden werden von Markus Rüegg erstellt.","1.00","psch","2","P6","Einmaliger Beitrag zur Nutzung des OpenSource Spenden-Plugins von Virtue-Mart ""Name your Price""","1.00","Stck","","","","","","","","Nein","Ja","Tauschhandel"
"19.02.2021","19.02.2021","336700","A2021001","Kompotoi AG","9'900.00","0.00","9'900.00","0.00","0.00","Andreas Rudin","Andreas Rudin","","","Individuelle Erweiterungen für kivitendo","","Nein","9'900.00","100.00","2355","","CH","","Inland","0%","","0.00","bei Erhalt der Rechnung","","","Position Artikelnummer Beschreibung Menge Einheit 1 D14 Anpassen der Eingabemasken für KundInnen, Angebote und Aufträge, Anpassungen beim Workflow, Einrichten von Pflichtfeldern, Anpassungen bei den Schnellsuchen gemäss Vorgabe von Kompotoi (siehe Anhang) 15.00 Std … ⏷","Position","Artikelnummer","Beschreibung","Menge","Einheit","1","D14","Anpassen der Eingabemasken für KundInnen, Angebote und Aufträge, Anpassungen beim Workflow, Einrichten von Pflichtfeldern, Anpassungen bei den Schnellsuchen gemäss Vorgabe von Kompotoi (siehe Anhang)","15.00","Std","2","D14","Beschleunigen des Speichers bei den Eingabemasken von KundInnen, Angeboten und Aufträgen durch Optimieren der Triggerfunktionen in der Datenbank","10.00","Std","3","D14","Erweitern der Auftragsmasken durch JavaScript, damit ein Aktualisieren der Berechnungen in Angeboten und Aufträgen ohne Speichern möglich ist.","25.00","Std","4","D14","Neue Druckvorlagen für Service und Verkauf, bisherige Vorlagen anpassen nach Angaben von Kompotoi (siehe Mails von Marcos)","6.00","Std","5","D14","Erweitern des Vorschau-Tools: - Unterscheiden von Offerten und Aufträgen - Ausblenden der Artikel mit Menge 0 - Sortieren bei 'entsprechende Artikel' - Grafische Darstellung der Tabelle 'Total geplante Bestandsmengen'","17.00","Std","6","D14","Erweitern der Konfiguration und der Funktionsweise bei den periodischen Rechnungen: - Erstellen der Schlussrechnungen am Enddatum (nicht erst Ende der Periode) - Berechnen von unvollständigen Monaten oder Quartalen bei der ersten und der letzten Rechnung - Berechnen der CO2-Abgabe nur bei der ersten Rechnung","10.00","Std","7","D14","Einrichten von Kalenderexporten von Abhol-, Wartungs- und Lieferterminen in den passenden Kalender der entsprechenden Region","8.00","Std","8","D14","Auf Tablet Button ""Standort"" hinzufügen zur Aufnahme des GPS-Signals und Übertragen in kivitendo","8.00","Std","","","","","","","","Nein","Ja","Persönlich"
"19.07.2021","18.08.2021","349939","A2021002","PSWork GmbH","1'255.00","0.00","1'255.00","-745.00","-745.00","Andreas Rudin","Andreas Rudin","","","NAS mit Nextcloud etc.","","Nein","1'255.00","100.00","2707","","CH","","Inland","0%","","0.00","50 - 50","","","Position Artikelnummer Beschreibung Menge Einheit 1 004290 Dell Optiplex 9020 Mini Tower, Core i5 4590 3.3 GHz, 8 GB Ram und 120 GB SSD mit Einbau der vorhandenen 2 x 8 TB Festplatten 1.00 Stck … ⏷","Position","Artikelnummer","Beschreibung","Menge","Einheit","1","004290","Dell Optiplex 9020 Mini Tower, Core i5 4590 3.3 GHz, 8 GB Ram und 120 GB SSD mit Einbau der vorhandenen 2 x 8 TB Festplatten","1.00","Stck","2","004061","Lenovo Thinkcentre M82, i3 3220 3.3 GHz, 4 GB Ram, 120 GB SSD, 2x Gbit LAN, OPNSense Firewall Software installiert","2.00","Stck","3","000190","Gbit Netzwerkkarte für WLAN","1.00","Stck","4","D30","Installation Linux Debian inkl. Apache2 Webserver und Mysql Datenbank","1.00","psch","5","D27","Installation und Konfiguration von Nextcloud, Einrichten von Konten, Versionsverwaltung und Speichern gelöschter Dateien","2.00","Std","6","D27","Konfiguration von OPNSense auf beiden Firewall-Rechnern für VPN-Verbindung zum Zulassen der Daten-Synchronisation mit Nextcloud, Einrichten eines separaten WLAN Netzes auf einem der Firewall Rechner","1.00","Std","7","D12","Support nach Aufwand beim Einrichten der Desktop Clients auf beiden vorhandenen Computern und bei der Anleitung zur Bedienung von Nextcloud zur Datenwiederherstellung","1.00","Std","8","000202","Seagate Barracuda 3.5"" SATA III 8 TB","1.00","Stck","","","","","","","","Nein","Ja","Internet"
"30.09.2021","01.11.2021","351195","A2021003","Stiftung Start Again","7'280.00","0.00","7'280.00","7'280.00","7'280.00","Andreas Rudin","Andreas Rudin","","","Offerte Verkauf 20 Laptops","","Nein","7'280.00","100.00","1645","","CH","","Inland","0%","","0.00","50 - 50","","","Position Artikelnummer Beschreibung Menge Einheit 1 003168 Dell Latitude E5440 Core i5 4.Gen., 8GB RAM, 120 GB SSD, DVD-Brenner, Linux-Installation auf Wunsch 20.00 Stck … ⏷","Position","Artikelnummer","Beschreibung","Menge","Einheit","1","003168","Dell Latitude E5440 Core i5 4.Gen., 8GB RAM, 120 GB SSD, DVD-Brenner, Linux-Installation auf Wunsch","20.00","Stck","2","001630","Dell Latitude E6410 Core i5 1. Gen., 4 GB Ram, 160 GB Festplatte, DVD-Brenner, Linux-Installation auf Wunsch","20.00","Stck","","","","","","","","Nein","Ja","Auftrag"
"11.10.2021","10.11.2021","351250","A2021004","HZ EDV Support GmbH","1'200.00","0.00","1'200.00","1'200.00","1'200.00","Andreas Rudin","Andreas Rudin","","","Verkauf 4 Stück iMac 27""","","Nein","1'200.00","100.00","1784","","CH","","Inland","0%","","0.00","bar beim Abholen","","","Position Artikelnummer Beschreibung Menge Einheit 1 003773 Apple iMac Core i5 2.66 27 Zoll (Late 2009) 1.00 Stck … ⏷","Position","Artikelnummer","Beschreibung","Menge","Einheit","1","003773","Apple iMac Core i5 2.66 27 Zoll (Late 2009)","1.00","Stck","2","004065","Apple iMac Core i5 2.8 27 Zoll (Mid-2010)","2.00","Stck","3","004108","Apple iMac Core i7 2.93 27 Zoll (Mid-2010)","1.00","Stck","","","","","","","","Ja","Ja",""
"10.12.2021","10.01.2022","352400","A2021005","Vicentini Heinrich (Enrico)","345.00","0.00","345.00","-5.00","-5.00","Andreas Rudin","Andreas Rudin","","","Verkauf HP USDT plus Monitor","","Nein","345.00","100.00","922","","CH","","Inland","0%","","0.00","bar beim Abholen","Alternative Mail-Adressen: h.vic@gmx.ch, enrico@chimarra.nohost.me","","Position Artikelnummer Beschreibung Menge Einheit 1 003811 HP EliteDesk 800 G1 USDT, Intel Core i5-4590S, 8 GB Ram, 256 GB SSD 1.00 Stck … ⏷","Position","Artikelnummer","Beschreibung","Menge","Einheit","1","003811","HP EliteDesk 800 G1 USDT, Intel Core i5-4590S, 8 GB Ram, 256 GB SSD","1.00","Stck","2","004359","Dell U2412Mb","1.00","Stck","3","000937","Monitorkabel DisplayPort","1.00","Stck","","","","","","","","Nein","Ja","Persönlich"
"20.01.2022","21.02.2022","353240","A2022001","BGS Group LLC","2'054.60","0.00","2'054.60","-88.35","-88.35","Andreas Rudin","Andreas Rudin","","","Ausleihe von 20 Laptops","","Nein","2'054.60","102.73","2812","","Russia","","Inland","0%","","0.00","50 - 50","","","Position Artikelnummer Beschreibung Menge Einheit 1 D33 Renting of 20 Dell Laptops Core i5 4 GB Ram, 120 GB SSD, MX Linux english installed with Zoom Desktop App and Microsoft Teams plus 20 headsets , 20.2. till 22.2. 2022 20.00 Wo … ⏷","Position","Artikelnummer","Beschreibung","Menge","Einheit","1","D33","Renting of 20 Dell Laptops Core i5 4 GB Ram, 120 GB SSD, MX Linux english installed with Zoom Desktop App and Microsoft Teams plus 20 headsets , 20.2. till 22.2. 2022","20.00","Wo","2","D16","Transport to Mövenpick Hotel Regensdorf on Sunday, 20.2.2022","1.00","psch","3","D16","Pick up at Hotel Mövenpick and transport back von Tuesday evening 22.2.2022","1.00","psch","4","D12","Installation support at Mövenpick Hotel Regensdorf on Sunday 20.2.2022","2.00","Std","5","D12","Support on Monday morning 21.2.2022 at Mövenpick Hotel Regensdorf","1.00","Std","","","","","","","","Nein","Ja","Internet"
"03.02.2022","07.03.2022","353403","A2022002","Schönenberg Thomas","0.00","0.00","0.00","0.00","0.00","Daniel Afzali","Daniel Afzali","","","Neuen PC zusammenbauen","","Ja","0.00","0.00","2748","","CH","","Inland","0%","","0.00","","Kunde hat Sprachstörung (Aphasie)","","Position Artikelnummer Beschreibung Menge Einheit 1 000199 Mainboard diverse 1.00 Stck","Position","Artikelnummer","Beschreibung","Menge","Einheit","1","000199","Mainboard diverse","1.00","Stck","","","","","","","","Nein","Ja",""
"28.02.2022","30.03.2022","353774","A2022003","Nana Bright","250.00","0.00","250.00","250.00","250.00","Andreas Rudin","Andreas Rudin","","","Kauf PC, Monitor, Tintenstrahldrucker und TV","","Nein","250.00","100.00","2788","","CH","","Inland","0%","","0.00","bar beim Abholen","","","Position Artikelnummer Beschreibung Menge Einheit 1 003865 HP Compaq 8200 Elite CMT 1.00 Stck … ⏷","Position","Artikelnummer","Beschreibung","Menge","Einheit","1","003865","HP Compaq 8200 Elite CMT","1.00","Stck","2","004359","Dell U2412Mb","1.00","Stck","3","004378","Canon Pixma MX475","1.00","Stck","4","002970","Panasonic Fernseher TC-42P1F","1.00","Stck","5","D51","Anpassung Richtpreis","1.00","psch","","","","","","","","Nein","Ja",""
"12.03.2022","30.04.2022","353958","A2022004","Bürgler Eva","202.00","0.00","202.00","-260.00","-260.00","Andreas Rudin","Andreas Rudin","","","Hardware-Upgrade Dell Optiplex 755","","Nein","201.91","99.96","817","","CH","","Inland","0%","","0.00","Vorauszahlung","","","Position Artikelnummer Beschreibung Menge Einheit 1 000202 SSD-Festplatte 180 GB 1.00 Stck … ⏷","Position","Artikelnummer","Beschreibung","Menge","Einheit","1","000202","SSD-Festplatte 180 GB","1.00","Stck","2","003039","Intel Core 2 Quad Q6600","1.00","Stck","3","001699","DDR2 RAM DIMM-240 2 GB","2.00","Stck","4","000784","CR2032 (Bios-Batterie)","1.00","Stck","5","D30","Installation MX Linux 64bit XFCE-Desktop","1.00","psch","","","","","","","","Nein","Ja",""
"06.04.2022","09.05.2022","356161","A2022005","Retina Suisse","6'300.00","0.00","6'300.00","2'050.00","2'050.00","Andreas Rudin","Andreas Rudin","","","Export Mutationen von Kundendaten","","Nein","6'300.00","100.00","1647","","CH","","Inland","0%","","0.00","","","","Position Artikelnummer Beschreibung Menge Einheit 1 D14 Variante 1 (a,b und c) Sie erstellen in regelmässigen Abständen manuell einen CSV-Export über 'Stammdaten → Berichte → Kunden → Export → CSV-Export. Dabei tragen Sie jeweils bei 'Mutationsdatum von' das Datum ein, an dem Sie das letzte Mal einen Export gemacht haben. 0.00 Std … ⏷","Position","Artikelnummer","Beschreibung","Menge","Einheit","1","D14","Variante 1 (a,b und c) Sie erstellen in regelmässigen Abständen manuell einen CSV-Export über 'Stammdaten → Berichte → Kunden → Export → CSV-Export. Dabei tragen Sie jeweils bei 'Mutationsdatum von' das Datum ein, an dem Sie das letzte Mal einen Export gemacht haben.","0.00","Std","2","D14","Variante 1a Ändern der standardmässig ausgewählten Felder bei den Kundenberichten, so dass automatisch die für den IX-Fund-Export nötigen Felder ausgewählt werden (das bedeutet, dass Sie bei allen anderen Abfragen die Auswahl manuell anpassen müssen). Umsetzungsdauer: 1.5 bis 2 Wochen","8.00","Std","3","D14","Variante 1b Sie geben uns alle Optionen an, die Sie bei der Kundensuchmaske regelmässig verwenden wollen mit je einem Stichwort dazu. Wir richten dann ein Dropdownfeld in der Kundensuchmaske mit diesen Stichworten ein. Sobald Sie ein Stichwort ausgewählt haben, wird die entsprechende Auswahl der Spalten, die angezeigt werden sollen ausgefüllt und Sie können die Suche starten. Umsetzungsdauer: 2 bis 3 Wochen","12.00","Std","4","D14","Variante 1c Sie können beliebige Optionen von ausgewählten Feldern in der Kundensuchmaske selbst unter einem Stichwort speichern und mit der Eingabe dieses Stichworts dann später wieder aufrufen. Umsetzungsdauer: 2 bis 3 Wochen","18.00","Std","5","D14","Variante 2 Wir erstellen einen Hintergrundjob, der in regelmässigen Abständen (z.B. täglich / wöchentlich etc.) alle Mutationen bei den Daten der Kund*innen zusammensucht, daraus eine csv-Datei erstellt und diese dann an eine oder mehrere gewünschte e-Mail-Adressen verschickt. Umsetzungsdauer: 3 bis 4 Wochen","25.00","Std","","","","","","","","Nein","Ja",""
"14.04.2022","16.05.2022","356431","A2022006","International Network Support & Service","15.00","0.00","15.00","15.00","15.00","Andreas Rudin","Andreas Rudin","","","Hosting Server VM","","Nein","15.00","100.00","1819","","CH","","Inland","0%","","0.00","jährlich im Voraus","","","Position Artikelnummer Beschreibung Menge Einheit 1 D46 Hosting Server VM mit 2 Cores, 4 GB Ram und 100 GB Festplatte ssh-Zugang, Port 80 und Portrange 8000 - 8100 DynDNS-Adresse 1.00 Mt","Position","Artikelnummer","Beschreibung","Menge","Einheit","1","D46","Hosting Server VM mit 2 Cores, 4 GB Ram und 100 GB Festplatte ssh-Zugang, Port 80 und Portrange 8000 - 8100 DynDNS-Adresse","1.00","Mt","","","","","","","","Nein","Ja",""
"19.04.2022","19.05.2022","356481","A2022007","CREDIT SUISSE ASSET MANAGEMENT (SCHWEIZ) AG","1'950.00","0.00","1'950.00","0.00","0.00","Andreas Rudin","Andreas Rudin","","","Miete Bildschirme etc.","","Nein","1'950.00","100.00","2859","","CH","","Inland","0%","","0.00","Vorauszahlung","","","Position Artikelnummer Beschreibung Menge Einheit 1 D33 Miete Monitor inkl. DP-Kabel bis Ende 2022 39.00 Wo … ⏷","Position","Artikelnummer","Beschreibung","Menge","Einheit","1","D33","Miete Monitor inkl. DP-Kabel bis Ende 2022","39.00","Wo","2","004355","Dell U2312HMt","5.00","Stck","3","004359","Dell U2412Mb","24.00","Stck","4","004360","Dell U2412M","9.00","Stck","5","004362","Dell U2412Mc","1.00","Stck","6","D33","Miete Tastatur USB Schweizer Layout bis Ende 2022","39.00","Wo","7","D33","Miete Maus USB","39.00","Wo","8","D33","Miete Docking-Station","0.00","Wo","","","","","","","","Nein","Ja","Webshop"
"19.04.2022","19.05.2022","356487","A2022008","Mike Testet Kivi","28.50","0.00","28.50","28.50","28.50","Sili Gal","Sili Gal","","","test","Hosting (Web & Cloud)","Nein","28.50","100.00","1068","","CH","","Inland","0%","","0.00","","[email] Datum: 21.07.2021 17:36:48 An: sili.gal@revamp-it.ch Bcc: verschickt@revamp-it.ch, verschickt@revamp-it.ch Betreff: test kivi Nachricht: nur ein test [email] Datum: 21.07.2021 18:02:42 An: sili.gal@revamp-it.ch Bcc: verschickt@revamp-it.ch, verschickt@revamp-it.ch Betreff: test Nachricht: nur ein test [email] Datum: 21.07.2021 18:13:10 An: sili.gal@revamp-it.ch Bcc: verschickt@revamp-it.ch, verschickt@revamp-it.ch Betreff: test aus kivi Nachricht: nur ein test","","Position Artikelnummer Beschreibung Menge Einheit 1 D19 Grundkosten inkl. Kostenvoranschlag und Fehleranalyse 1.00 psch … ⏷","Position","Artikelnummer","Beschreibung","Menge","Einheit","1","D19","Grundkosten inkl. Kostenvoranschlag und Fehleranalyse","1.00","psch","2","P13","Speicherkarte","1.00","Stck","Lieferadresse 6","","","Röschibachstrasse 22","8034","Zürich","Schweiz","Nein","Ja",""
"24.05.2022","23.06.2022","358642","A2022009","Stiftung für Psychotherapie und Psychoanalyse","700.00","0.00","700.00","700.00","700.00","Andreas Rudin","Andreas Rudin","","","Upgrade Mailserver für stipp.ch","","Nein","700.00","100.00","120","","CH","","Inland","0%","","0.00","","Angebot geschickt mit Preis: 700 bis 1000 Franken.","","Position Artikelnummer Beschreibung Menge Einheit 1 D15 Umzug des Mailservers für stipp.ch, Transfer der Mailadressen info@stipp.ch und emodena@stipp.ch auf den neuen Server, Einrichten eines Webmail-Dienstes auf dem neuen Server 1.00 psch","Position","Artikelnummer","Beschreibung","Menge","Einheit","1","D15","Umzug des Mailservers für stipp.ch, Transfer der Mailadressen info@stipp.ch und emodena@stipp.ch auf den neuen Server, Einrichten eines Webmail-Dienstes auf dem neuen Server","1.00","psch","","","","","","","","Nein","Ja","Persönlich"
"25.05.2022","24.06.2022","358663","A2022010","Kompotoi AG","3'500.00","0.00","3'500.00","1'750.00","1'750.00","Andreas Rudin","Andreas Rudin","","","Routenplaner für Kivitendo einrichten","","Nein","3'500.00","100.00","2355","","CH","","Inland","0%","","0.00","50 - 50","","","Position Artikelnummer Beschreibung Menge Einheit 1 D14 Einrichten des Routenplaners in Kivitendo mit folgenden Funktionen: - Datum und Lager auswählbar pro Route - 5 verschiedene Routen pro Standort (erweiterbar) - Fahrer*in, Anfangszeit, Auto und Anhänger pro Route wählbar - Eintrage aus Google Kalender per Drag and Drop in die betreffende Route ziehen - Per Drag and Drop sortierbar - Artikel aufgeteilt in Wartung/Lieferung/Abholung inkl gesamte Menge pro Route - Bemerkungen pro einzelnen Kunden - Direkter Link zum Lieferschein oder auch Auftrag (wenn gewünscht) - Übersichtlicher Plan zum ausdrucken auf A4 pro Route - Gesamte Wegstrecke auf Klick in Openstreetmap anschauen - Übergabe der Route auf das Fahrer Tablett - Nachträgliches manuelles Einfügen auf das Fahrer Tablett möglich 35.00 Std","Position","Artikelnummer","Beschreibung","Menge","Einheit","1","D14","Einrichten des Routenplaners in Kivitendo mit folgenden Funktionen: - Datum und Lager auswählbar pro Route - 5 verschiedene Routen pro Standort (erweiterbar) - Fahrer*in, Anfangszeit, Auto und Anhänger pro Route wählbar - Eintrage aus Google Kalender per Drag and Drop in die betreffende Route ziehen - Per Drag and Drop sortierbar - Artikel aufgeteilt in Wartung/Lieferung/Abholung inkl gesamte Menge pro Route - Bemerkungen pro einzelnen Kunden - Direkter Link zum Lieferschein oder auch Auftrag (wenn gewünscht) - Übersichtlicher Plan zum ausdrucken auf A4 pro Route - Gesamte Wegstrecke auf Klick in Openstreetmap anschauen - Übergabe der Route auf das Fahrer Tablett - Nachträgliches manuelles Einfügen auf das Fahrer Tablett möglich","35.00","Std","","","","","","","","Nein","Ja","Persönlich"
"25.05.2022","24.06.2022","358674","A2022011","Valtronic Technologies (Suisse) SA","67.00","0.00","67.00","67.00","67.00","Andreas Rudin","Andreas Rudin","","","Verkauf Zip Laufwerke 100MB intern","","Nein","25.00","37.31","2868","","","","Inland","0%","","0.00","Vorauszahlung","","","Position Artikelnummer Beschreibung Menge Einheit 1 001765 Iomega ZIP Z100ATAPI 2.00 Stck … ⏷","Position","Artikelnummer","Beschreibung","Menge","Einheit","1","001765","Iomega ZIP Z100ATAPI","2.00","Stck","2","D16","Frais de port","1.00","psch","","","","","","","","Nein","Ja","Webshop"
"31.05.2022","30.06.2022","359000","A2022012","sinndrin Genossenschaft","2'080.00","0.00","2'080.00","-3'960.00","-3'960.00","Andreas Rudin","Andreas Rudin","","","Übernahme Serververwaltung","","Nein","2'080.00","100.00","2873","","CH","","Inland","0%","","0.00","50 - 50","","","Position Artikelnummer Beschreibung Menge Einheit 1 D2 Übernahme Kivitendo inkl. Postgresql, Nextcloud und Wordpress-Installationen sinndrin.ch und sinndrin-shop.ch inkl. MariaDB auf unsere Server 1.00 Std … ⏷","Position","Artikelnummer","Beschreibung","Menge","Einheit","1","D2","Übernahme Kivitendo inkl. Postgresql, Nextcloud und Wordpress-Installationen sinndrin.ch und sinndrin-shop.ch inkl. MariaDB auf unsere Server","1.00","Std","2","D2","Einarbeitung in vserver-Installtion netcup.de, caprover, gitea, shopware5, kimai, matomo, mautic und shlink und Übernahme der Betreuung eurer jetzigen Software-Instanzen","1.00","Std","3","D2","übernahme von shopware5, kimai, matomo, mautic, shlink bis Ende 2022 auf unsere Server nach Aufwand","1.00","Std","4","D17","Hosting Kivitendo, Nexcloud und Wordpress Juli bis Dezember 2022","5.00","Mt","5","D17","Hosting alle Dienste ab 1.1.2023","1.00","Mt","6","D12","Laufende Supportarbeiten","1.00","Std","","","","","","","","Nein","Ja","Persönlich"
"27.07.2022","26.08.2022","363934","A2022013","Retina Suisse","200.00","0.00","200.00","-1'550.00","-1'550.00","Andreas Rudin","Andreas Rudin","","","Kivitendo-Entwicklung: Neues Feld 'Briefanrede'","","Nein","200.00","100.00","1647","","CH","","Inland","0%","","0.00","bei Erhalt der Rechnung","","","Position Artikelnummer Beschreibung Menge Einheit 1 D14 Neue benutzerdefinierte Variable 'Briefanrede' erstellen, in Kundenmaske unter Anrede einfügen, in Kundenbericht auswählbar 2.00 Std","Position","Artikelnummer","Beschreibung","Menge","Einheit","1","D14","Neue benutzerdefinierte Variable 'Briefanrede' erstellen, in Kundenmaske unter Anrede einfügen, in Kundenbericht auswählbar","2.00","Std","","","","","","","","Nein","Ja",""
"17.08.2022","16.09.2022","365017","A2022014","Retina Suisse","3'350.00","0.00","3'350.00","-400.00","-400.00","Andreas Rudin","Andreas Rudin","","","Kivitendo Upgrade und QR-Code Anpassungen","","Nein","2'862.50","85.45","1647","","CH","","Inland","0%","","0.00","bei Erhalt der Rechnung","Vermittlung über Cleto Pescia, cleto@eurisco.com","","Position Artikelnummer Beschreibung Menge Einheit 1 D14 Upgrade auf aktuelle kivitendo-Version inkl. allen nötigen Sicherheitsupdates und QR-Code Unterstützung: Übernehmen aller individuellen Kivitendo-Anpassungen für Retina 12.00 Std … ⏷","Position","Artikelnummer","Beschreibung","Menge","Einheit","1","D14","Upgrade auf aktuelle kivitendo-Version inkl. allen nötigen Sicherheitsupdates und QR-Code Unterstützung: Übernehmen aller individuellen Kivitendo-Anpassungen für Retina","12.00","Std","2","D13","Basiskosten für das Erstellen von QR-Einzahlungsscheinen in zwei zusätzlichen Sprachen (französisch und italienisch)","2.00","psch","3","D13","Anpassen der bestehenden Druckvorlagen: 13 Vorlagen ( 4 Vorlagen in je 3 Sprachen plus eine Vorlage deutsch)","13.00","psch","4","D15","Beteiligung an der Entwicklungskosten für die Nutzung von Kivitendo mit QR-Rechnungen","1.00","psch","","","","","","","","Nein","Ja",""
"23.08.2022","24.08.2022","365331","A2022015","Meier Patrick","385.00","0.00","385.00","385.00","385.00","Sili Gal","Sili Gal","","","Reparatur Laptop","","Nein","111.50","28.96","2885","","CH","","Inland","0%","","0.00","","HD und Motherboard defekt 23.8 Sili, Kunde kontaktiert, muss noch Offerte schicken","","Position Artikelnummer Beschreibung Menge Einheit 1 K0882 Lenovo G50-80 1.00 Stck … ⏷","Position","Artikelnummer","Beschreibung","Menge","Einheit","1","K0882","Lenovo G50-80","1.00","Stck","2","49F95667M3865454L","ssd 500GB Samsung","1.00","Stck","3","P14","Mainboard neu","1.00","Stck","4","D49","Linux Installation","1.00","Stck","5","D75","Reparatur","1.00","Stck","","","","","","","","Nein","Ja",""
"13.09.2022","20.09.2022","366884","A2022017","Georg Jos. Kaes GmbH","1'020.00","0.00","1'020.00","19.84","19.85","Andreas Rudin","Andreas Rudin","","","Verkauf 20 Stück HP Desktop","","Nein","964.57","94.57","2928","","D","","Inland","0%","","0.00","Vorauszahlung","arudin 13.9.2022 Angebot an Kunde verschickt, Transport basierend auf Offerte von DSV arudin 10.9.2022 Transport-Offerte bei folgenden Firmen angefragt: post.ch, planzer.ch, dsv.com ------ Bitte um Offerte für einen Stückgut-Transport mit Second Hand Computern nach Deutschland: Masse: 60 (L) x 80 (B) x 100 (H) cm Gewicht: 210 kg Auf Einwegpalette Abholort: Badenerstr. 816, 8048 Zürich Empfänger: Georg Jos. Kaes GmbH, Am Ring 15, D 87665 Mauerstetten ------","","Position Artikelnummer Beschreibung Menge Einheit 1 001347 HP Compaq d530 SFF 20.00 Stck … ⏷","Position","Artikelnummer","Beschreibung","Menge","Einheit","1","001347","HP Compaq d530 SFF","20.00","Stck","2","D16","Transportkosten mit Spedition inklusive Export-Verzollung Schweiz","1.00","psch","3","000784","Neue BIOS-Batterien CR2032","20.00","Stck","4","D29","Import-Verzollung Deutschland","1.00","psch","","","","","","","","Nein","Ja","Webshop"
"25.10.2022","24.11.2022","369554","A2022019","Biovision","6'310.00","0.00","6'310.00","5'200.00","5'200.00","Andreas Rudin","Andreas Rudin","","","Ausleihe Laptps und Monitore bzw. iMacs","","Nein","6'310.00","100.00","2953","","","","Inland","0%","","0.00","Vorauszahlung","","","Position Artikelnummer Beschreibung Menge Einheit 1 003164 Dell Latitude E5440 Wlan, Linux mit Firefox installiert 8.00 Stck … ⏷","Position","Artikelnummer","Beschreibung","Menge","Einheit","1","003164","Dell Latitude E5440 Wlan, Linux mit Firefox installiert","8.00","Stck","2","004060","Lenovo ThinkPad L540 Wlan, Linux mit Firefox installiert","4.00","Stck","3","D18","Ausleihe von Laptops inkl. Netzteile, 5. und 6. November 2022","12.00","psch","4","004359","Dell U2412Mb 24"" Monitor","12.00","Stck","5","D18","Ausleihe von Monitore 24"", 5. und 6. November 2022","12.00","psch","6","D12","Einrichten der Laptops und Monitore im Kosmos, Lagerstr. 104 am Samstag morgen inkl. Anreise","1.50","Std","","","","","","","","Nein","Ja",""
"02.12.2022","09.12.2022","370728","A2022020","Amka Films Production","2'580.00","0.00","2'580.00","1'545.00","1'545.00","Andreas Rudin","Andreas Rudin","","","Miete oder Kauf 6x Thinkpad T410","","Nein","2'580.00","100.00","2976","","","","Inland","0%","","0.00","Nur Angebot: Vorauszahlung bei Auftragserteilung","","","Position Artikelnummer Beschreibung Menge Einheit 1 001507 Lenovo Thinkpad T410 6.00 Stck … ⏷","Position","Artikelnummer","Beschreibung","Menge","Einheit","1","001507","Lenovo Thinkpad T410","6.00","Stck","2","D18","Ausleihe von Hardware Lenovo T410 Januar bis April 2022 inkl. Reservierung ab Auftragseingang","6.00","psch","","","","","","","","Nein","Ja","Webshop"
"13.12.2022","12.01.2023","371664","A2022021","Energiegenossenschaft Schweiz","5'400.00","0.00","5'400.00","0.00","0.00","Cem Aydin","Cem Aydin","","","Erweiterung kivitendo Scan Kred.R. und Übermittlung an Bank","","Nein","5'400.00","100.00","498","","CH","","Inland","0%","","0.00","","","","Position Artikelnummer Beschreibung Menge Einheit 1 D14 Scan von QR-Rechnung zu Kreditor Buchung inkl. Zuweisung zu Lieferant (wenn Lieferant gefunden automatische Zuweisung, sonst Auswahl via Liste, wenn noch nicht existent neu erstellen) - Auswahl geeigneter JavaScript Library zum Scannen von QR-Code (2h) - Template zur Scan-Funktion für Mobile-Version (8h) (Kann später auch für die Desktop-Version für weitere je 8h für die aktuelle Standard-Version und/oder für das neue Design 4.0 erweitert werden.) - Controller zur Scan-Funktion und Kreditor Buchung (12h) - Parser für die QR-Daten (12h) 34.00 Std … ⏷","Position","Artikelnummer","Beschreibung","Menge","Einheit","1","D14","Scan von QR-Rechnung zu Kreditor Buchung inkl. Zuweisung zu Lieferant (wenn Lieferant gefunden automatische Zuweisung, sonst Auswahl via Liste, wenn noch nicht existent neu erstellen) - Auswahl geeigneter JavaScript Library zum Scannen von QR-Code (2h) - Template zur Scan-Funktion für Mobile-Version (8h) (Kann später auch für die Desktop-Version für weitere je 8h für die aktuelle Standard-Version und/oder für das neue Design 4.0 erweitert werden.) - Controller zur Scan-Funktion und Kreditor Buchung (12h) - Parser für die QR-Daten (12h)","34.00","Std","2","D14","Anpassung an Überweisung via SEPA XML gemäss: Swiss Payment Standards 2022 gemäss ISO 20022 Schweizer Implementation Guidelines für Kunde-Bank-Meldungen für Überweisungen im Zahlungsverkehr Customer Credit Transfer Initiation (pain.001)","20.00","Std","","","","","","","","Nein","Ja",""
"27.01.2023","27.02.2023","367576","A2022018","Kompotoi AG","31'750.00","0.00","31'750.00","15'440.00","15'440.00","Andreas Rudin","Andreas Rudin","","","Diverse Erweiterungen für Kompotoi kivitendo","","Nein","31'717.50","99.90","2355","","CH","","Inland","0%","","0.00","50 - 50","","","Position Artikelnummer Beschreibung Menge Einheit 1 D14 Upgrade eurer Kivitendo-Version auf die neuste Kivitendo Version 15.00 Std … ⏷","Position","Artikelnummer","Beschreibung","Menge","Einheit","1","D14","Upgrade eurer Kivitendo-Version auf die neuste Kivitendo Version","15.00","Std","2","D13","Anpassen der bestehenden Rechnungs-Druckvorlagen mit QR-Einzahlungsscheinen mit Rechnungsnummer, aber ohne Referenznummer : 5 Rechnungsvorlagen je in deutsch und französisch","1.00","psch","3","D15","Beteiligung an den Entwicklungskosten für die Nutzung von Kivitendo mit QR-Rechnungen","1.00","psch","4","D14","Erweiterung, dass mehrere Rechnungsadressen pro Kund*in erfasst werden können und pro Offerte / Auftrag eine Rechnungsadresse ausgewählt werden kann","5.00","Std","5","D14","Kivitendo-Abteilungen in Bereiche umbennen und diese jeder Offerte zuteilen können. Bereiche in Berichte aufnehmen und danach sortieren können","2.00","Std","6","D14","Hintergrundsjob einrichten, der folgende Aufgaben erfüllt: Täglich: - alle offenen Offerten, bei denen das Startdatum der Vermietung in der Vergangenheit liegt: Status auf abgesagt setzen und bei Info ""keine Antwort"" eintragen - alle offenen Offerten, die mindestens 30 Tage alt sind oder wenn Lieferdatum in weniger als einer Woche: Reminder als E-Mail an Kund*in senden sowie Kopie davon an Kompotoi, Bearbeiter*in der Offerte als Absender*in des E-Mail eintragen (Text für E-Mail wird von Kompotoi auf deutsch und französisch geliefert) - alle offenen Aufträge, die 15 Tage nach Erstellen des Auftrags noch ohne Unterschrift sind: Reminder als E-Mail an Kund*in senden sowie Kopie davon an Kompotoi, Bearbeiter*in des Auftrags als Absender*in des E-Mail eintragen (Text für E-Mail wird von Kompotoi auf deutsch und französisch geliefert) - Langzeit Vermietungsaufträge mit fixem Abholdatum: 15 Tage vor dem Abholdatum E-Mail an Kund*in senden um nachzufragen, ob die Toilette am abgemachten Abholdatum abgeholt werden soll. Funktion kann im Auftrag deaktiviert werden. (Text für E-Mail wird von Kompotoi auf deutsch und französisch geliefert) 1x pro Woche: - Berechnung der Anzahl Offerten aus den letzten 365 Tagen, die als Aufträge bestätigt wurden und Speichern des Prozentanteils in der Kivitendo-Datenbank inkl. Anpassung des Vorschau-Tools, dass automatisch jeweils dieser gespeicherte Prozentsatz ausgewählt wird.","25.00","Std","7","D14","Datum bei Offerten änderbar machen und Text anpassen: Statt 'Angebot erstellt am' neu: 'Datum Offerte'","1.00","Std","8","D14","Bei Tageswartung Veredelungspauschale unabhängig manuell anpassbar machen und im Export bei allen Vorlagen alle ausgewählten Angaben anzeigen. Ausserdem bei 'Service manuell anpassen' auch Tageswartung auswählbar machen.","6.00","Std","9","D14","Wenn das Lieferdatum und/oder das Abholdatum in einem Auftrag verändert wird und bereits Lieferscheine existieren: automatisches Anpassung des Liefer- bzw. Abholdatums in den vorhandenen Lieferscheinen","4.00","Std","10","D14","Wenn die Lieferadresse in einem Auftrag verändert wird, automatisches Anpassen der Lieferadresse in dem bereits erstellten aber noch in der Zukunft liegenden Lieferschein und Abhollieferschein, sowie in einem noch aktiven Service-Lieferschein.","3.00","Std","11","D14","Beim Erstellen von Verkaufsaufträgen automatisch 'Debitoren Verkauf' als Konto in Rechnungskonfiguration eintragen","1.00","Std","12","D14","Neuer Workflow beim Auftrag ""Speichern und Mietkauf"": Bei der neuen Verkaufs-Offerte werden automatisch als Rabatt die letzten 6 Monate Miete abgezogen (oder wenn Vermietungsdauer weniger als 6 Monate die gesamten bisherigen Mietkosten)","8.00","Std","13","D14","Rechnungskonfiguration im Auftrag erweitern, dass pro Auftrag eingestellt werden kann, ob die Rechnungen automatisch per E-Mail verschickt werden sollen. (Text für E-Mail wird von Kompotoi auf deutsch und französisch geliefert)","2.50","Std","14","D14","Erstellen von Rechnungen 1 Tag nach der Abholung statt nach dem Enddatum der Vermietung, automatische Anpassung des Datums der letzten Rechnung (oder der ersten Rechnung bei einmaliger Rechnungsstellung), wenn Abholdatum im Auftrag geändert wird. Ausserdem automatisches Anpassen der Datums der ersten Rechnung, wenn Vermietung noch nicht läuft und Startdatum im Auftrag angepasst wird.","2.00","Std","15","D14","Beim Export von Rechnungen Darstellung im Rechnungsformular aufgrund des Auftrags anzeigen (manuell änderbar) und dann automatisch beim Export übernehmen (Falls die Lösung mit mehreren Service-Pauschale-Artikeln günstiger kommen sollte, diese ausführen)","12.00","Std","16","D14","Bei Service-Rechnungen Art der Dienstleistung aus Auftrag übernehmen und beim Export anzeigen","3.00","Std","17","D14","Rechnungsformular erweitern um Datumsfeld, wann die Rechnung verschickt wurde, automatische Anpassung des Fälligkeitsdatums aufgrund des Verschickt-Datums","4.00","Std","18","D14","Bei Berichte → Aufträge zusätzlich zum Anzeigen auswählbar machen: - welche Dienstleistung (Wartung, Leerung etc.) - Lager Vermietung - Lager (Standort) Service","1.50","Std","19","D27","Einrichten eines neuen Mandanten als Kopie der bisherigen Kivitendo-Installation von Kompotoi für Kompotoi Deutschland mit Kontenplan SKR4, Euro, deutscher MWST etc. (Zusätzlich: Anpassung Lagerorte, Export-Vorlagen etc. nach Aufwand)","5.00","Std","20","D14","Liquiditätsplanung in kivitendo so anpassen, dass jeweils der monatliche Betrag aller bestätigten noch aktiven Aufträge berücksichtigt wird. (Erst möglich nach Upgrade auf die neuste Kivitendo-Version)","5.00","Std","21","D14","Erweiterung Kivitendo zur Nutzung von Seriennummern: - Erfassen und Editieren der einzelnen Toiletten mit Seriennummern, Jahrgang, Wertzustand via Eingabemaske - Import von Toiletten via CSV-Import mit Seriennummen und den oben aufgeführten Daten - Anlegen einer History pro Toilette, in der folgende Daten erfasst werden: --Verfügbarkeitszustand: In Vermietung | Lager ungereinigt | muss repariert werden | verfügbar für Vermietung | verkauft | gelöscht -- Wertzustand der Toilette: neu | neuwertig | Gebrauchsspuren | Grafitti -- aktuelles Lager der Toilette -- aktuelle Artikelnummer der Toilette -- aktueller Lieferschein oder Service-Schein -- Wartung ja / nein -- Standort-Koordinaten -- Bemerkungen (können gelöscht oder erweitert werden) -- Link zu Bild - Pro Lieferschein / Abhollieferschein mit Tablett: Einscannen aller aufgeladenen / abgeladenen Toiletten im Lager und am Vermietungsstandort - Service-Schein mit Tablett: Möglichkeit Bemerkungen bei den Toiletten zu erfassen oder ändern, sowie Bilder hochzuladen, Mail versenden, wenn Bemerkungen geändert wurden - Änderung der Artikelnummer via Tablett bei Änderung des Lagers - Anzeigen der Seriennummern beim Lieferschein in eigenem Tab - Bericht pro Toilette: History anzeigen - Bericht über alle Toiletten als benutzerdefinierter Datenexport","80.00","Std","22","D14","Lieferschein Service: Erfassen der gelieferten und abgeholten Kübel, Anzeige der aktuell bei Kund*in vorhandenen Kübel","5.00","Std","23","D14","Beim Erzeugen von Rechnungen Aufnahme sämtlicher Service-Leistungen, die während der Rechnungsperiode statt gefunden haben, Anpassen der Rechnungsvorlagen","12.00","Std","24","D14","Erfassen der Zeiten und km pro Auftrag via Tablett. Entsprechende Daten im Auftrag speichern. Bei jeder Rechnung die erstellt wird für den entsprechenden Zeitraum Daten aus Auftrag in Rechnung übernehmen Pro Rechnung aus diesen Daten Ertrag berechnen und in Rechnung und Berichten anzeigen","22.00","Std","25","D14","Einrichten eines Export-Feeds mit GravityExport via sftp zum kivitendo-Server zum Export von neuen Vermietungsanfragen über das Formular auf kompotoi.ch","3.00","Std","26","P6","Softwarelizenz für GravityExport für eine Domain","1.00","Stck","27","D14","Aufsplitten der von Gravity-Export angelieferten csv-Dateie in 2 Dateien für den Import von Kund*innen und Offerten csv-Import von Kund*innen für Import der Daten von Kompotoi Website konfigurieren csv-Import von Offerten analog zu Aufträgen möglich machen csv-Import von Offerten für Import der Daten von Kompotoi Website konfigurieren Hintergrundjob für regelmässigen Import von Kund*innen und Offerten einrichten","15.00","Std","28","D14","Import der von GravityExport angelieferten csv-Dateien via Shopschnittstelle möglich machen mit der Möglichkeit, bei bestehenden Kund*innen individuelle Anpassungen vorzunehmen","60.00","Std","","","","","","","","Nein","Ja","Persönlich"
"30.01.2023","01.03.2023","375491","A2023001","Müller Dominik","205.00","0.00","205.00","45.00","45.00","Andreas Rudin","Andreas Rudin","","","Verkauf diverse alte Hardware-Komponenten","","Nein","205.00","100.00","2982","","","","Inland","0%","","0.00","","","","Position Artikelnummer Beschreibung Menge Einheit 1 000208 Diskettenlaufwerk intern 3.5"" 1.4 MB schwarze Blende 2.00 Stck … ⏷","Position","Artikelnummer","Beschreibung","Menge","Einheit","1","000208","Diskettenlaufwerk intern 3.5"" 1.4 MB schwarze Blende","2.00","Stck","2","000862","Diskettenlaufwerk intern 5.25"" graue Blende","1.00","Stck","3","002583","256 MB SDRAM DIMM 168pin 133 MHZ","2.00","Stck","4","000200","Prozessor Pentium III 800 MHZ für Slot 1","1.00","Stck","5","005235","Kartenlesegerät USB 2.0 3.5"" intern","1.00","Stck","6","005230","USB 2.0 Schnittstellenkarte VT6212 Chip, PCI, 4+1","1.00","Stck","7","005231","LaCie PTI-205N, USB 2.0 PCI, 4+1","1.00","Stck","8","005232","Aten IC250U, USB 2.0 PCI, 4+1","1.00","Stck","9","005233","USB 2.0 Schnittstellenkarte, PCI, 3+1","1.00","Stck","","","","","","","","Nein","Ja","Webshop"
"02.02.2023","01.03.2023","375504","A2023002","Pfluger Marc","1'505.00","0.00","1'505.00","-200.00","-200.00","Andreas Rudin","Andreas Rudin","","","Verkauf Firewall, Switch und Server","","Nein","1'505.00","100.00","3011","","","","Inland","0%","","0.00","Nur Angebot: Vorauszahlung bei Auftragserteilung","","","Position Artikelnummer Beschreibung Menge Einheit 1 004134 Dell PowerConnect 6248P 1.00 Stck … ⏷","Position","Artikelnummer","Beschreibung","Menge","Einheit","1","004134","Dell PowerConnect 6248P","1.00","Stck","2","005164","Intel NUC7i5BNK Core i5-7260U, 8GB Ram, 256 GB SSD, OPNSense installiert","1.00","Stck","3","000799","USB-C RJ45 Adapter","1.00","Stck","4","005236","HP Proliant ML 350p G8, 2x Xeon E5-2630 6 Cores 2.36 GHz, 32 GB Ram","1.00","Stck","5","000202","WESTERN DIGITAL Red SA500 NAS SSD, 1.0TB","6.00","Stck","","","","","","","","Nein","Ja",""
"10.02.2023","13.03.2023","376628","A2023003","Freddy Meyer","0.00","0.00","0.00","-130.00","-130.00","Sili Gal","Sili Gal","","","Daten Sicherung und Linux Installation","","Nein","0.00","0.00","3019","","Schweiz","","Inland","0%","","0.00","","","","","","","","","","","","Nein","Ja",""
"02.03.2023","03.03.2023","378141","A2023004","Stiftung Start Again","230.00","0.00","230.00","230.00","230.00","Sili Gal","Andreas Rudin","","","4X Laptop Reparatur","","Nein","230.00","100.00","1645","","CH","","Inland","0%","","0.00","Vorauszahlung","sili 15.2.23 alle angeschaut, muss noch Offerte machen. 1x Display, 1x unteres Gehäuse sili 2.3 nicht alles klar, Hr. Streiff ist in den Ferien, aber ich mache mal offerte für 2 ..... defektes Display und Tastatur 1 wäre fertig, da fehlte ne schraube Hallo Herr Streiff, bei einem Laptop fehlte echt nur eine Schraube, und bei dem mit der fehlenden HD kann ich noch nichts sagen. Der mit dem defekten Display kostet grob 150.-- und der mit den Schaniren etwa leider dasselbe, wobei ich noch nicht genau weiss ob wir eine SwissGerman Tastatur dafür bekommen. Diese Teile müsste wir bestellen ( Lieferfrist ca. 4 wo) und falls möglich würde ich sogar die letzten 2 Swiss German Tastaturen bestellen, weil das wohl der Schwachpunkt bei diesen Laptops ist. Dafür bräuchten wir eine Vorauszahlung von 230.--","","Position Artikelnummer Beschreibung Menge Einheit 1 K0946 Dell Vostro 15 1.00 Stck … ⏷","Position","Artikelnummer","Beschreibung","Menge","Einheit","1","K0946","Dell Vostro 15","1.00","Stck","2","K0750","Dell Vostro P62F","1.00","Stck","3","K0947","Dell Vostro P62F","1.00","Stck","4","K0948","Dell Vostro P62F","1.00","Stck","5","000196","Teile diverse, LCD 2x Tastaturen","1.00","Stck","","","","","","","","Nein","Ja","Auftrag"
"05.03.2023","04.04.2023","379748","A2023005","sinndrin Genossenschaft","800.00","0.00","800.00","-300.00","-300.00","Andreas Rudin","Andreas Rudin","","","Diverse Anpassungen kivitendo","","Nein","800.00","100.00","2873","","CH","","Inland","0%","","0.00","","","","Position Artikelnummer Beschreibung Menge Einheit 1 D12 Neue odt-Templates für Rechnungen erstellen mit folgenden Erweiterungen, Änderungen gegenüber bisher: - Zusätzliche Zeilen in der Adresse: Abteilung 1, ev. Abteilung 2 und Ansprechperson - Auswahl der Vorlage im Druckdialog - QR-Einzahlungsschein anhängen - Anzeige bereits bezahlter Teil-Beträge - Korrektur Fehler bei der Anzeige der MWST - Korrektur Telefonnummer 6.00 Std … ⏷","Position","Artikelnummer","Beschreibung","Menge","Einheit","1","D12","Neue odt-Templates für Rechnungen erstellen mit folgenden Erweiterungen, Änderungen gegenüber bisher: - Zusätzliche Zeilen in der Adresse: Abteilung 1, ev. Abteilung 2 und Ansprechperson - Auswahl der Vorlage im Druckdialog - QR-Einzahlungsschein anhängen - Anzeige bereits bezahlter Teil-Beträge - Korrektur Fehler bei der Anzeige der MWST - Korrektur Telefonnummer","6.00","Std","2","D12","Neue odt-Templates für die weiteren Dokument-Typen Auftrag, Lieferschein, (Angebot?, ...) mit den gleichen Anpassungen wie bei den Rechnungen ausser QR-Code und Teilbeträge Aufwand pro Vorlagentyp","2.00","Std","","","","","","","","Nein","Ja","Persönlich"
"20.07.2023","21.08.2023","387002","A2023006","Kompotoi AG","3'800.00","0.00","3'800.00","3'175.00","3'175.00","Andreas Rudin","Andreas Rudin","","","","","Nein","3'800.00","100.00","2355","","CH","","Inland","0%","","0.00","50 - 50","","","Position Artikelnummer Beschreibung Menge Einheit 1 D14 Erstellen der neuen Position 'Wartungsset' mit den Artikelnummern WS_BS, WS_BE etc. mit dem Pauschalbetrag von 50 Franken, Aufnahme in die Service-Sortimente, Erweiterung der Kalkulation im Hintergrund für das Erstellen der Offerten, Erstellen von neuen benutzerdefinierten Projekt-Variablen inkl. Anpassung der Berechnungen bei den Variablen für den Export der neuen Artikel, Einfügen des Wartungssets bei Auswahl der Dienstleistung 'Austauch Ersatzmaterial auf Abruf' mit der Möglichkeit, die Stückzahl anschliessend zu ändern 12.00 Std … ⏷","Position","Artikelnummer","Beschreibung","Menge","Einheit","1","D14","Erstellen der neuen Position 'Wartungsset' mit den Artikelnummern WS_BS, WS_BE etc. mit dem Pauschalbetrag von 50 Franken, Aufnahme in die Service-Sortimente, Erweiterung der Kalkulation im Hintergrund für das Erstellen der Offerten, Erstellen von neuen benutzerdefinierten Projekt-Variablen inkl. Anpassung der Berechnungen bei den Variablen für den Export der neuen Artikel, Einfügen des Wartungssets bei Auswahl der Dienstleistung 'Austauch Ersatzmaterial auf Abruf' mit der Möglichkeit, die Stückzahl anschliessend zu ändern","12.00","Std","2","D14","Umbenennen bei den Artikeln, Artikel-Spezifikationen, Warengruppen, benutzerdefinierten Projekt-Variablen und Berichtsabfragen sowie bei den Dienstleistungen von 'Leerung' zu 'Austausch Ersatzmaterial' inkl. Umbenennen der Kürzel von LE zu AE","3.00","Std","3","D14","Erweiterung und Anpassung der Darstellungen auf den Tabletts für 'Wartungsset' und 'Austausch Ersatzmaterial'","5.00","Std","4","D14","Erweiterung und Anpassung der Export-Vorlagen für Angebote, Aufträge, Lieferscheine und Rechnungen: - neue Position Wartungsset - Umbennenen von Leerung in 'Austausch Ersatzmaterial' - Falls Wartungsset gewählt ist, Einfügen der neuen Zeile '**Kosten für die Bereitstellung des Wartungssets ...' - weitere Anpassungen bei den Texten von Angeboten und Aufträgen - Übersetzung der neuen Texte mit Deepl auf Französisch und Anpassungen der französischen Vorlagen wie oben beschrieben","18.00","Std","","","","","","","","Nein","Ja","Persönlich"
"22.09.2023","23.10.2023","392017","A2023007","Martec GmbH","1'000.00","0.00","1'000.00","-200.00","-200.00","Sili Gal","Sili Gal","","","Offerte Homepage","","Nein","1'000.00","100.00","3158","","CH","","Inland","0%","","0.00","50 - 50","","","Position Artikelnummer Beschreibung Menge Einheit 1 D15 Erstellung/Übertragung bestehender Homepage martec.ch inkl. responsibler Modus. Pauschal 1.00 psch","Position","Artikelnummer","Beschreibung","Menge","Einheit","1","D15","Erstellung/Übertragung bestehender Homepage martec.ch inkl. responsibler Modus. Pauschal","1.00","psch","","","","","","","","Nein","Ja",""
"26.09.2023","26.10.2023","392581","A2023008","Gori Robert","180.00","0.00","180.00","180.00","180.00","Sili Gal","Julia Dietz","","","Apple A1465 Neue Batterie","","Nein","-357.45","-198.58","3159","","","","Inland","0%","","0.00","bar beim Abholen","Kontaktieren wegen Preis von Batterie, hat Laptop wieder mitgenommen. Apple Laptop Ist von 2011","","Position Artikelnummer Beschreibung Menge Einheit 1 K1001 Apple A1465 1.00 Stck … ⏷","Position","Artikelnummer","Beschreibung","Menge","Einheit","1","K1001","Apple A1465","1.00","Stck","2","001903","Mac Akku","1.00","Stck","3","D19","Grundkosten inkl. Kostenvoranschlag und Fehleranalyse","1.00","psch","4","D20","allgemeine Arbeiten pauschal","1.00","psch","","","","","","","","Nein","Ja",""
"10.10.2023","09.11.2023","394132","A2023009","PSWork GmbH","1'110.00","0.00","1'110.00","-330.00","-330.00","Andreas Rudin","Andreas Rudin","","","Backup-Server plus Konfiguration Backup","","Nein","1'110.00","100.00","2707","","CH","","Inland","0%","","0.00","50 - 50","","","Position Artikelnummer Beschreibung Menge Einheit 1 004287 Silverstone Sugo SG08, ASRock Z68M-ITX/HT, Corei5-2500, 8GB Ram zur Nutzung als Backup-Server 1.00 Stck … ⏷","Position","Artikelnummer","Beschreibung","Menge","Einheit","1","004287","Silverstone Sugo SG08, ASRock Z68M-ITX/HT, Corei5-2500, 8GB Ram zur Nutzung als Backup-Server","1.00","Stck","2","D30","Installation Debian auf Silverstone-Server","1.00","psch","3","004628","QNAP TS-212-E, NAS-System für 2 SATA-Festplatten","1.00","Stck","4","D30","Installation Debian auf QNAP-NAS","2.50","psch","5","000202","Festplatte Western Digital Red NAS 4 TB","2.00","Stck","6","D27","Externen Zugang zum Backup-Server von der PSSense-Firewall aus einrichten, Backup vom Nextcloud-Server auf Backup-Server konfigurieren und testen","3.00","Std","","","","","","","","Nein","Ja","Internet"
"09.11.2023","11.12.2023","396696","A2023010","B COOL Controls A/S","1'183.15","0.00","1'183.15","508.15","508.14","Andreas Rudin","Andreas Rudin","","","Verkauf HP Compaq SFF Computer","","Nein","1'103.10","88.85","3196","","Dänemark","","Inland","0%","","0.00","Vorauszahlung","","","Position Artikelnummer Beschreibung Menge Einheit 1 001352 Compaq Evo D510 SFF 4.00 Stck … ⏷","Position","Artikelnummer","Beschreibung","Menge","Einheit","1","001352","Compaq Evo D510 SFF","4.00","Stck","2","D16","Shipping Expenses","1.00","psch","3","001352","Compaq Evo D510 SFF","5.00","Stck","4","001720","HP Compaq Evo D500 SFF","1.00","Stck","5","D16","Shipping Expenses","1.00","psch","","","","","","","","Nein","Ja",""
"24.11.2023","30.11.2023","397684","A2023012","PSWork GmbH","2'050.00","0.00","2'050.00","-81.20","-81.20","Andreas Rudin","Andreas Rudin","","","Synchronisation Adressen und Telefonnummern","","Nein","2'050.00","100.00","2707","","CH","","Inland","0%","","0.00","50 - 50","","","Position Artikelnummer Beschreibung Menge Einheit 1 D14 Programmieren eines Scripts zur Datenkonvertierung aus dem Format vcard in das Format XML. Einrichten des Asterisk Telefonservers mit einem Cronjob, der regelmässig die neuen und geänderten Adressen und Telefonnummern vom Nextcloud-Server holt und anschliessend via das Konvertierungsscript in eine XML-Datei umwandelt, das von den Geräten, auf denen Zoiper läuft beim Einschalten und Neustart abgeholt werden kann. 12.50 Std … ⏷","Position","Artikelnummer","Beschreibung","Menge","Einheit","1","D14","Programmieren eines Scripts zur Datenkonvertierung aus dem Format vcard in das Format XML. Einrichten des Asterisk Telefonservers mit einem Cronjob, der regelmässig die neuen und geänderten Adressen und Telefonnummern vom Nextcloud-Server holt und anschliessend via das Konvertierungsscript in eine XML-Datei umwandelt, das von den Geräten, auf denen Zoiper läuft beim Einschalten und Neustart abgeholt werden kann.","12.50","Std","2","D12","Einrichten des Asterisk-Telefonservers vor Ort, Installieren der VPN-Software wireguard plus Einrichten der Adressen- und Telefonnummern-Synchronisation auf allen Endgeräten mit Zoiper, persönliche Einführung in die Bedienung","8.00","Std","","","","","","","","Nein","Ja","Internet"
"07.12.2023","08.01.2024","399072","A2023013","Zodiac Pictures LTD","450.00","0.00","450.00","-200.00","-200.00","Andreas Rudin","Andreas Rudin","","","Ausleihe 3 Dell Latitude Laptops","","Nein","450.00","100.00","2574","","CH","","Inland","0%","","0.00","Vorauszahlung","","","Position Artikelnummer Beschreibung Menge Einheit 1 005855 Dell Latitude E7450 0.00 Stck … ⏷","Position","Artikelnummer","Beschreibung","Menge","Einheit","1","005855","Dell Latitude E7450","0.00","Stck","2","D18","Ausleihe Dell Latitude E7450 12.12.2023 bis 8.3.2024","3.00","psch","","","","","","","","Nein","Ja","Kundenvermittlung"
"10.12.2023","09.01.2024","399317","A2023014","Kompotoi AG","1'200.00","0.00","1'200.00","1'200.00","1'200.00","Andreas Rudin","Andreas Rudin","","","zusätzliche Funktionen für den Einsatz der Tablets","","Ja","1'200.00","100.00","2355","","CH","","Inland","0%","","0.00","50 - 50","","","Position Artikelnummer Beschreibung Menge Einheit 1 D14 Zeitstopp-Funktion in kivitendo bei den Tablets einbauen: sobald eine Fahrer*in auf Start klickt, wird die Zeit gespeichert, und wenn sie auf Stopp klickt werden Fahrer*in und Zeit in den Lieferschein übertragen. 4.00 Std … ⏷","Position","Artikelnummer","Beschreibung","Menge","Einheit","1","D14","Zeitstopp-Funktion in kivitendo bei den Tablets einbauen: sobald eine Fahrer*in auf Start klickt, wird die Zeit gespeichert, und wenn sie auf Stopp klickt werden Fahrer*in und Zeit in den Lieferschein übertragen.","4.00","Std","2","D14","Design-Anpassungen beim Tablet und Routenplaner aufgrund der neuen Zeitstopp-Funktion","3.00","Std","3","D14","Regelmässiges Löschen von älteren Fotos nach einem festgelegten Zeitplan","3.00","Std","4","D14","Hintergrundjob erstellen, mit dem die vergangenen nicht erledigten Touren automatisch abgeschlossen werden.","2.00","Std","","","","","","","","Nein","Ja","Persönlich"
"13.12.2023","31.12.2023","399530","A2023015","Retina Suisse","2'000.00","0.00","2'000.00","-500.00","-500.00","Andreas Rudin","Andreas Rudin","","","Upgrade Kivitendo und Kostenbeteiligung","","Nein","2'000.00","100.00","1647","","CH","","Inland","0%","","0.00","50 - 50","Vermittlung über Cleto Pescia, cleto@eurisco.com","","Position Artikelnummer Beschreibung Menge Einheit 1 D15 Individuelle Anpassungen für Retina beimUpgrade auf Kivitendo Version 3.8.0 1.00 psch … ⏷","Position","Artikelnummer","Beschreibung","Menge","Einheit","1","D15","Individuelle Anpassungen für Retina beimUpgrade auf Kivitendo Version 3.8.0","1.00","psch","2","D15","Kostnbeteiligung neue Funktion für Abschlussbuchungen","1.00","psch","","","","","","","","Nein","Ja",""
"20.12.2023","19.01.2024","399939","A2023016","sinndrin Genossenschaft","1'500.00","0.00","1'500.00","0.00","0.00","Andreas Rudin","Andreas Rudin","","","Migration Shopware 5 zu Shopware 6","","Nein","1'500.00","100.00","2873","","CH","","Inland","0%","","0.00","50 - 50","","","Position Artikelnummer Beschreibung Menge Einheit 1 D14 Migration Webshop von Shopware5 zu Shopware 6 15.00 Std","Position","Artikelnummer","Beschreibung","Menge","Einheit","1","D14","Migration Webshop von Shopware5 zu Shopware 6","15.00","Std","","","","","","","","Nein","Ja","Persönlich"
"05.01.2024","04.02.2024","396830","A2023011","Kompotoi AG","700.00","0.00","700.00","-900.00","-900.00","Andreas Rudin","Andreas Rudin","","","Kivitendo-Anpassung: Rechnungsadressen","","Nein","700.00","100.00","2355","","CH","","Inland","0%","","0.00","50 - 50","","","Position Artikelnummer Beschreibung Menge Einheit 1 D14 Anpassung Kivitendo: - Rechnungsadresse in Offerten und Aufträgen anzeigen mit Dropdown zur Auswahl, Rechnungsadresse wird bei der Offerte und beim Auftrag gespeichert, Übernahme der Rechnungsadresse aus der Offerte in den Auftrag. - Übernahme der Rechnungsadresse aus dem Auftrag in die Rechnung und in den Einzahlungsschein und den QR-Code Rechnungsadresse in der Rechnung anzeigen, so dass sie nicht verändert werden kann. 5.00 Std … ⏷","Position","Artikelnummer","Beschreibung","Menge","Einheit","1","D14","Anpassung Kivitendo: - Rechnungsadresse in Offerten und Aufträgen anzeigen mit Dropdown zur Auswahl, Rechnungsadresse wird bei der Offerte und beim Auftrag gespeichert, Übernahme der Rechnungsadresse aus der Offerte in den Auftrag. - Übernahme der Rechnungsadresse aus dem Auftrag in die Rechnung und in den Einzahlungsschein und den QR-Code Rechnungsadresse in der Rechnung anzeigen, so dass sie nicht verändert werden kann.","5.00","Std","2","D14","Als zusätzliche Option: - Rechnungsadresse, die in der Kundenmaske ausgewählt wurde, beim Workflow in die Offerte übernehmen","2.00","Std","","","","","","","","Nein","Ja","Persönlich"
"08.02.2024","31.03.2024","402037","A2024001","Rene Appenzeller","82.00","0.00","82.00","47.00","47.00","Julia Dietz","Julia Dietz","","","Reinigung Laptop und PC","","Nein","81.91","99.89","3244","","","","Inland","0%","","0.00","","Termine vereinbaren Per Telefon erreichbar Kulturlegi karte Dokumente sind vorhanden Avid- Computer: Darf max. 2 Tage im geschäft sein Office Computer: Muss am selben tag gemacht sein, hohe priorität","","Position Artikelnummer Beschreibung Menge Einheit 1 K1045 Avid-Computer (HP EliteBook 8560w Mobile Workstation) 1.00 Stck … ⏷","Position","Artikelnummer","Beschreibung","Menge","Einheit","1","K1045","Avid-Computer (HP EliteBook 8560w Mobile Workstation)","1.00","Stck","2","K1046","(Office Computer) HP PB440G8 i7-1165g7 14 16GB/1T","1.00","Stck","3","D12","Support (Avid-Computer)","1.00","Std","4","D12","Support (Office Computer)","1.00","Std","5","002972","USB-Stick mit MX-Linux","1.00","Stck","6","000784","CR2032 (CMOS Batterie)","1.00","Stck","","","","","","","","Nein","Ja",""
"09.03.2024","08.04.2024","405141","A2024002","Kompotoi AG","1'450.00","0.00","1'450.00","-175.00","-175.00","Andreas Rudin","Andreas Rudin","","","Anpassungen Kivitendo","","Nein","1'450.00","100.00","2355","","CH","","Inland","0%","","0.00","50 - 50","","","Position Artikelnummer Beschreibung Menge Einheit 1 D14 Neue Betriebsertragskonten und Buchungsgruppen für Service-Artikel und für den Artikel Rabatt einrichten und Umstellen der Artikel, die auf Service bzw. Rabatt gebucht werden sollen auf die neuen Buchungsgruppen 4.00 Std … ⏷","Position","Artikelnummer","Beschreibung","Menge","Einheit","1","D14","Neue Betriebsertragskonten und Buchungsgruppen für Service-Artikel und für den Artikel Rabatt einrichten und Umstellen der Artikel, die auf Service bzw. Rabatt gebucht werden sollen auf die neuen Buchungsgruppen","4.00","Std","2","D14","Datenbankscript erstellen, dass bei allen betroffenen Artikeln rückwirkend auf den 1.1.2024 (oder zu einem beliebigen anderen Zeitpunkt) diese Umstellung durchführt, damit es keine Unstimmigkeiten in der Buchhaltung gibt.","3.00","Std","3","D14","Benutzerdefinierter Bericht erstellen, zum Anzeigen des Anteils Vermietung und des Anteils Service der aktuell offenen Debitoren.","2.50","Std","4","D14","Neues Feld 'verschickt' bei den Rechnungen einrichten und dieses beim Erstellen der periodischen Rechnungen automatisch auf 'nein' setzen. Bei 'Vermietung → Berichte → Rechnungen, Gutschriften und Debitorenbuchungen' neue Option einrichten, dass nur Rechnungen angezeigt werden, bei denen das Feld 'verschickt' auf 'ja' oder 'nein' gesetzt ist.","5.00","Std","","","","","","","","Nein","Ja","Persönlich"
"26.05.2024","25.06.2024","411509","A2024003","Kompotoi AG","2'200.00","0.00","2'200.00","2'200.00","2'200.00","Andreas Rudin","Andreas Rudin","","","Kivitendo Standorte und Fahrzeuge in Datenbank","","Ja","2'200.00","100.00","2355","","CH","","Inland","0%","","0.00","50 - 50","","","Position Artikelnummer Beschreibung Menge Einheit 1 D14 Erstellen von neuen Datenbanktabellen für Standorte und Fahrzeuge sowie unter Stammdaten neue Menüpunkte für das Erfassen und Verwalten von Standorten und Fahrzeugen inklusive der nötigen Programmierung im Hintergrund 8.00 Std … ⏷","Position","Artikelnummer","Beschreibung","Menge","Einheit","1","D14","Erstellen von neuen Datenbanktabellen für Standorte und Fahrzeuge sowie unter Stammdaten neue Menüpunkte für das Erfassen und Verwalten von Standorten und Fahrzeugen inklusive der nötigen Programmierung im Hintergrund","8.00","Std","2","D14","Funktion programmieren, die beim Erstellen eines neuen Standorts automatisch die dafür notwendigen Sortimente und Artikel erstellt, damit diese korrekt bei Offerten etc. verwendet werden können.","5.00","Std","3","D14","Anpassungen im Programmcode von Kivitendo und bei den Datenbank-Triggern, damit die Preis-Kalkulationen auch für alle neu erstellten Artikel korrekt durchgeführt werden kann.","6.00","Std","4","D14","Anpassungen im Programmcode von Kivitendo, damit die Fahrzeuge aus der Datenbank gelesen und verarbeitet werden.","1.00","Std","5","D14","Anpassungen bei den benutzerdefinierten Berichten, damit die neuen Artikel jeweils automatisch mitberücksichtigt werden.","2.00","Std","","","","","","","","Nein","Ja","Persönlich"
"08.06.2024","08.07.2024","412411","A2024004","Kompotoi AG","500.00","0.00","500.00","500.00","500.00","Andreas Rudin","Andreas Rudin","","","Umstellung auf separate Verkaufsartikel im kivitendo","","Ja","500.00","100.00","2355","","CH","","Inland","0%","","0.00","50 - 50","","","Position Artikelnummer Beschreibung Menge Einheit 1 D14 - Neue Artikel für den Verkauf von Kompotois etc. erstellen und in Buchungsgruppe Verkauf aufnehmen - Bei Verkaufsangeboten und -aufträgen automatisch die Verkaufsartikel zusätzlich zu den Vermietungsartikel laden und die Vermietungsartikel ausblenden - Bei Verkaufs-Lieferscheinen Verkaufsartikel ignorieren und nur die Vermietungsartikel verwenden und bei der Auslagerung berücksichtigen. - Bei Verkaufs-Rechnungen die Vermietungsartikel ignorieren und nur die Verkaufsartikel verwenden. 5.00 Std","Position","Artikelnummer","Beschreibung","Menge","Einheit","1","D14","- Neue Artikel für den Verkauf von Kompotois etc. erstellen und in Buchungsgruppe Verkauf aufnehmen - Bei Verkaufsangeboten und -aufträgen automatisch die Verkaufsartikel zusätzlich zu den Vermietungsartikel laden und die Vermietungsartikel ausblenden - Bei Verkaufs-Lieferscheinen Verkaufsartikel ignorieren und nur die Vermietungsartikel verwenden und bei der Auslagerung berücksichtigen. - Bei Verkaufs-Rechnungen die Vermietungsartikel ignorieren und nur die Verkaufsartikel verwenden.","5.00","Std","","","","","","","","Nein","Ja","Persönlich"
"08.06.2024","08.07.2024","412417","A2024005","Kompotoi AG","16'250.00","0.00","16'250.00","16'250.00","16'250.00","Andreas Rudin","Andreas Rudin","","","Diverse Erweiterungen für Kompotoi kivitendo","","Ja","16'250.00","100.00","2355","","CH","","Inland","0%","","0.00","50 - 50","","","Position Artikelnummer Beschreibung Menge Einheit 1 D14 Kivitendo-Abteilungen in Bereiche umbennen und diese jeder Offerte zuteilen können. Bereiche in Berichte aufnehmen und danach sortieren können 2.00 Std … ⏷","Position","Artikelnummer","Beschreibung","Menge","Einheit","1","D14","Kivitendo-Abteilungen in Bereiche umbennen und diese jeder Offerte zuteilen können. Bereiche in Berichte aufnehmen und danach sortieren können","2.00","Std","2","D14","Datum bei Offerten änderbar machen und Text anpassen: Statt 'Angebot erstellt am' neu: 'Datum Offerte'","1.00","Std","3","D14","Bei Tageswartung Veredelungspauschale unabhängig manuell anpassbar machen und im Export bei allen Vorlagen alle ausgewählten Angaben anzeigen. Ausserdem bei 'Service manuell anpassen' auch Tageswartung auswählbar machen.","6.00","Std","4","D14","Wenn das Lieferdatum und/oder das Abholdatum in einem Auftrag verändert wird und bereits Lieferscheine existieren: automatisches Anpassung des Liefer- bzw. Abholdatums in den vorhandenen Lieferscheinen","4.00","Std","5","D14","Wenn die Lieferadresse in einem Auftrag verändert wird, automatisches Anpassen der Lieferadresse in dem bereits erstellten aber noch in der Zukunft liegenden Lieferschein und Abhollieferschein, sowie in einem noch aktiven Service-Lieferschein.","3.00","Std","6","D14","Neuer Workflow beim Auftrag ""Speichern und Mietkauf"": Bei der neuen Verkaufs-Offerte werden automatisch als Rabatt die letzten 6 Monate Miete abgezogen (oder wenn Vermietungsdauer weniger als 6 Monate die gesamten bisherigen Mietkosten)","8.00","Std","7","D14","Rechnungskonfiguration im Auftrag erweitern, dass pro Auftrag eingestellt werden kann, ob die Rechnungen automatisch per E-Mail verschickt werden sollen. (Text für E-Mail wird von Kompotoi auf deutsch und französisch geliefert)","2.50","Std","8","D14","Erstellen von Rechnungen 1 Tag nach der Abholung statt nach dem Enddatum der Vermietung, automatische Anpassung des Datums der letzten Rechnung (oder der ersten Rechnung bei einmaliger Rechnungsstellung), wenn Abholdatum im Auftrag geändert wird. Ausserdem automatisches Anpassen der Datums der ersten Rechnung, wenn Vermietung noch nicht läuft und Startdatum im Auftrag angepasst wird.","2.00","Std","9","D14","Beim Export von Rechnungen Darstellung im Rechnungsformular aufgrund des Auftrags anzeigen (manuell änderbar) und dann automatisch beim Export übernehmen","12.00","Std","10","D14","Bei Service-Rechnungen Art der Dienstleistung aus Auftrag übernehmen und beim Export anzeigen","3.00","Std","11","D14","Bei Berichte → Aufträge zusätzlich zum Anzeigen auswählbar machen: - welche Dienstleistung (Wartung, Leerung etc.) - Lager Vermietung - Lager (Standort) Service","1.50","Std","12","D14","Lieferschein Service: Erfassen der gelieferten und abgeholten Kübel, Anzeige der aktuell bei Kund*in vorhandenen Kübel","5.00","Std","13","D14","Beim Erzeugen von Rechnungen Aufnahme sämtlicher Service-Leistungen, die während der Rechnungsperiode statt gefunden haben, Anpassen der Rechnungsvorlagen","12.00","Std","14","D14","Erfassen der Zeiten und km pro Auftrag via Tablett. Entsprechende Daten im Auftrag speichern. Bei jeder Rechnung die erstellt wird für den entsprechenden Zeitraum Daten aus Auftrag in Rechnung übernehmen Pro Rechnung aus diesen Daten Ertrag berechnen und in Rechnung und Berichten anzeigen","22.00","Std","15","D14","Einrichten eines Export-Feeds mit GravityExport via sftp zum kivitendo-Server zum Export von neuen Vermietungsanfragen über das Formular auf kompotoi.ch","3.00","Std","16","P6","Softwarelizenz für GravityExport für eine Domain","1.00","Stck","17","D14","Aufsplitten der von Gravity-Export angelieferten csv-Datei in 2 Dateien für den Import von Kund*innen und Offerten csv-Import von Kund*innen für Import der Daten von Kompotoi Website konfigurieren csv-Import von Offerten analog zu Aufträgen möglich machen csv-Import von Offerten für Import der Daten von Kompotoi Website konfigurieren Hintergrundjob für regelmässigen Import von Kund*innen und Offerten einrichten","15.00","Std","18","D14","Import der von GravityExport angelieferten csv-Dateien via Shopschnittstelle möglich machen mit der Möglichkeit, bei bestehenden Kund*innen individuelle Anpassungen vorzunehmen","60.00","Std","","","","","","","","Nein","Ja","Persönlich"
"11.09.2024","11.10.2024","430741","A2024006","Spira David","30.00","0.00","30.00","30.00","30.00","Sili Gal","Reza Khawari","","","Brother DCP-L2530W, USB Buchse ist defekt. Hinter dem Gerät.","","Nein","30.00","100.00","3342","","Schweiz","","Inland","0%","","0.00","","sili. offerte 70..- arudin 5.9.24 Kunde hat die Rechnung für die Grundkosten am 2.9. bezahlt. arudin 30.8.24 Habe dem Kunden ein Mail mit der Rechnung für die Grundkosten geschickt. Mit der Weiterarbeit an diesem Auftrag bitte warten, bis die Grundkosten bezahlt sind. Reza 30.8.2024 USB Buchse ist defekt. Hinter dem Gerät. Der Kunde hat die Grundkosten nicht bezahlt. Herr Spira Ich bezahle erst, wenn sie meinen Drucker reparieren.","","Position Artikelnummer Beschreibung Menge Einheit 1 K1083 Brother DCP-L2530W 1.00 Stck … ⏷","Position","Artikelnummer","Beschreibung","Menge","Einheit","1","K1083","Brother DCP-L2530W","1.00","Stck","2","D19","Grundkosten inkl. Kostenvoranschlag und Fehleranalyse","1.00","psch","","","","","","","","Nein","Ja",""
"01.10.2024","31.03.2025","432464","A2024007","Verlag die Brotsuppe","1'025.50","0.00","1'025.50","470.10","470.10","Andreas Rudin","Andreas Rudin","","","Neue Website erstellen inkl. Hosting","","Nein","1'025.50","100.00","3357","","","","Inland","0%","","0.00","50 - 50","","","Position Artikelnummer Beschreibung Menge Einheit 1 D14 Erstellen einer neuen Website im Joomla CMS mit einfachem Menü und statischen Seiten inkl. kurzer Einführung in die Bedienung von Joomla 10.00 Std … ⏷","Position","Artikelnummer","Beschreibung","Menge","Einheit","1","D14","Erstellen einer neuen Website im Joomla CMS mit einfachem Menü und statischen Seiten inkl. kurzer Einführung in die Bedienung von Joomla","10.00","Std","2","D17","Webhosting inkl. E-Mailadressen","1.00","Mt","3","D35","Registrierungsgebühr für Domain","1.00","Jahr","","","","","","","","Nein","Ja","Kundenvermittlung"
"04.10.2024","04.11.2024","432591","A2024008","CONELL Druck & Werbung","96.53","0.00","96.53","96.53","96.53","Andreas Rudin","Andreas Rudin","","","Verkauf Grafikkarte für Mac Pro","","Ja","57.47","55.37","3362","","Deutschland","","Inland","0%","","0.00","Vorauszahlung SEPA","","","Position Artikelnummer Beschreibung Menge Einheit 1 001773 Nvidia GeForce 7300 GT for Intel Mac Pro P345 1.00 Stck … ⏷","Position","Artikelnummer","Beschreibung","Menge","Einheit","1","001773","Nvidia GeForce 7300 GT for Intel Mac Pro P345","1.00","Stck","2","D16","Versandspesen","1.00","psch","","","","","","","","Nein","Ja","Webshop"
"02.12.2024","01.01.2025","433665","A2024009","FleXibles","110.00","0.00","110.00","0.00","0.00","Andreas Rudin","Andreas Rudin","","","Akku plus Einbau MacBook Air","","Nein","47.36","43.05","3389","","","","Inland","0%","","0.00","","","","Position Artikelnummer Beschreibung Menge Einheit 1 D19 Grundkosten inkl. Kostenvoranschlag und Fehleranalyse 1.00 psch … ⏷","Position","Artikelnummer","Beschreibung","Menge","Einheit","1","D19","Grundkosten inkl. Kostenvoranschlag und Fehleranalyse","1.00","psch","2","001903","Mac Akku kompatibel für MacBook Air 13"" 2017","1.00","Stck","3","D1","Akku-Einbau","0.50","Std","","","","","","","","Nein","Ja","Tauschhandel"
"06.02.2025","08.03.2025","434921","A2025001","Grossi Marco","109.00","0.00","109.00","0.00","0.00","Andreas Rudin","Andreas Rudin","","","Angebot PC mit 3.5"" Zip-Laufwerk","","Nein","-62.00","-56.88","3454","","","","Inland","0%","","0.00","Vorauszahlung","","","Position Artikelnummer Beschreibung Menge Einheit 1 P59 PC Occasion mit DVD Brenner, 3.5"" Diskettenlaufwerk, 3.5"" Zip100-Laufwerk intern , USB, Linux-Installation 1.00 Stck … ⏷","Position","Artikelnummer","Beschreibung","Menge","Einheit","1","P59","PC Occasion mit DVD Brenner, 3.5"" Diskettenlaufwerk, 3.5"" Zip100-Laufwerk intern , USB, Linux-Installation","1.00","Stck","2","D16","Versandspesen","1.00","psch","","","","","","","","Nein","Ja","Webshop"
"10.02.2025","12.03.2025","434953","A2025002","Bisig Richard","400.00","0.00","400.00","0.00","0.00","Andreas Rudin","Andreas Rudin","","","Verkauf Dell Latitude E7440 mit MX Linux","","Nein","400.00","100.00","3456","","","","Inland","0%","","0.00","","","","Position Artikelnummer Beschreibung Menge Einheit 1 005854 Dell Latitude E7440, 8 GB Ram, 256 GB SSD inkl. Installation MX Linux 1.00 Stck … ⏷","Position","Artikelnummer","Beschreibung","Menge","Einheit","1","005854","Dell Latitude E7440, 8 GB Ram, 256 GB SSD inkl. Installation MX Linux","1.00","Stck","2","D7","Installation zusätzlicher Programme","1.00","psch","","","","","","","","Nein","Ja","Internet"
"13.02.2025","17.03.2025","435071","A2025003","Ezenduka Chukwuemeka","125.00","0.00","125.00","125.00","125.00","Sili Gal","Christian Bruhin","","","Drucker Reparatur","","Nein","75.00","60.00","1520","","CH","","Inland","0%","","0.00","","Ausdrucke sind sehr schlecht. Kulturlegi Transferband muss ersetzt werden Original Brother BU220CL Transfer-Kit","","Position Artikelnummer Beschreibung Menge Einheit 1 K1131 Brother DCP-9020DW 1.00 Stck … ⏷","Position","Artikelnummer","Beschreibung","Menge","Einheit","1","K1131","Brother DCP-9020DW","1.00","Stck","2","D48","Arbeitszeit","1.00","Stck","3","000368","Transfer-Kit Brother","1.00","Stck","","","","","","","","Nein","Ja",""
"26.02.2025","28.03.2025","435314","A2025004","Ursula Messner","160.00","0.00","160.00","160.00","160.00","Sili Gal","Sili Gal","","","Reparatur HP Pavilion dv8","","Nein","110.00","68.75","3465","","Schweiz","","Inland","0%","","0.00","","13.03.2025 rschmid Neues Mainboard eingebaut. Allerdings konnte erst jetzt festgestellt werden, dass die Ladebuchse einen Wackelkontakt hat. Zudem bootet Windows 7 weder im abgesicherten, noch im Reparaturmodus. 19.02.2025 rschmid Auseinandergebaut. Ist bei Schnittstelle zu Ladebuchse braun auf dem Board und stinkt verbrannt. Sili kontaktiert Kunden wegen Kosten. passendes Mainboard bestellbar bei Aliexpress. Startet nicht. Kein Strom","","Position Artikelnummer Beschreibung Menge Einheit 1 K0271 HP Pavilion dv8 1.00 Stck … ⏷","Position","Artikelnummer","Beschreibung","Menge","Einheit","1","K0271","HP Pavilion dv8","1.00","Stck","2","000199","Mainboard HP","1.00","Stck","3","D48","Arbeitszeit","1.00","Stck","","","","","","","","Nein","Ja",""
"01.04.2025","31.12.2025","435727","A2025005","Verein Talent Schweiz c/o H.Vogel","60'000.00","0.00","60'000.00","60'000.00","60'000.00","Andreas Rudin","Andreas Rudin","","","Cyclos 3 Weiterentwicklung","","Ja","60'000.00","100.00","1076","","CH","","Inland","0%","","0.00","CHF / Talent bei Rechnungserhalt","","","Position Artikelnummer Beschreibung Menge Einheit 1 D15 Upgrade OpenSource Software Cyclos 3 auf aktuelle Java- und MariaDB-Versionen zur Kompatibiltät mit den aktuellen Sicherheitsstandards 1.00 psch … ⏷","Position","Artikelnummer","Beschreibung","Menge","Einheit","1","D15","Upgrade OpenSource Software Cyclos 3 auf aktuelle Java- und MariaDB-Versionen zur Kompatibiltät mit den aktuellen Sicherheitsstandards","1.00","psch","2","D15","Entwicklung eines neuen Designs für OpenSource Software Cyclos 3 inkl. Optimierung der Bedienung","1.00","psch","3","D15","Entwicklung einer Schnittstelle zur OpenSource Content Management Software Wordpress zur Integration des Cyclos-Marktplatzes mit Angeboten und Nachfragen und vereinfachten Anmeldemöglichkeiten in die Website von Talent Schweiz","1.00","psch","","","","","","","","Nein","Ja",""
"07.08.2025","08.09.2025","437508","A2025006","Bornschlegel Leo","0.00","0.00","0.00","-60.00","-60.00","Andreas Rudin","Romeo Schmid","","","Kosten Voranschlag für Versicherung zu 2 Monitoren","","Nein","0.00","0.00","3519","","Schweiz","","Inland","0%","","0.00","","arudin 7.8.2025 Beide Monitore sind nicht reparierbar, da wir keine Ersatzteile bekommen. Ich schreibe heute für den Kunden die Bestätigungen für die Versicherung.","","Position Artikelnummer Beschreibung Menge Einheit 1 K1167 Samsung LC49HG90DMU, Seriennummer: 0RR9HTRJC00057A 1.00 Stck","Position","Artikelnummer","Beschreibung","Menge","Einheit","1","K1167","Samsung LC49HG90DMU, Seriennummer: 0RR9HTRJC00057A","1.00","Stck","","","","","","","","Nein","Ja",""
"07.08.2025","08.09.2025","437514","A2025007","Bornschlegel Leo","0.00","0.00","0.00","-60.00","-60.00","Andreas Rudin","Romeo Schmid","","","Kosten Voranschlag für Versicherung zu 2 Monitoren","","Nein","0.00","0.00","3519","","Schweiz","","Inland","0%","","0.00","","arudin 7.8.2025 Beide Monitore sind nicht reparierbar, da wir keine Ersatzteile bekommen. Ich schreibe heute für den Kunden die Bestätigungen für die Versicherung.","","Position Artikelnummer Beschreibung Menge Einheit 1 K1168 ASUS XG43U, S/N: MALMTF254076 1.00 Stck","Position","Artikelnummer","Beschreibung","Menge","Einheit","1","K1168","ASUS XG43U, S/N: MALMTF254076","1.00","Stck","","","","","","","","Nein","Ja",""
"01.02.2026","03.03.2026","441276","A2026001","Abwasserreinigung Seez","77.00","0.00","77.00","77.00","77.00","Andreas Rudin","Andreas Rudin","","","Verkauf 2 Stück FortiAP","","Ja","35.00","45.45","3667","","","","Inland","0%","","0.00","Vorauszahlung","","","Position Artikelnummer Beschreibung Menge Einheit 1 006300 Fortinet FortiAP 221C 2.00 Stck … ⏷","Position","Artikelnummer","Beschreibung","Menge","Einheit","1","006300","Fortinet FortiAP 221C","2.00","Stck","2","D16","Versandspesen","1.00","psch","","","","","","","","Nein","Ja","Webshop"
"","","","","","488'162.63","0.00","488'162.63","288'883.48","288'883.48","","","","","","","","481'204.39","98.57","","","","","","","","1'515.00","","","","","","","","","","","","","",""