"Artikelnummer","Typ","Artikelbeschreibung","Bemerkungen","Warengruppe","Standard-Lager","Standard-Lagerplatz","Lieferant","Lieferanten-Art-Nr.","Lagermenge","Mindestlagerbestand","Einheit","Listenpreis","Gesamt","Verkaufspreis","Gesamt","Einkaufspreis","Erzeugnis-Einkaufspreis","Gesamt","Gewicht","Grafik","Zeichnung","Mikrofilm","Buchungsdatum Beleg","Seriennummer","Lieferdatum","EAN","Projektnummer","Projektbeschreibung","Erfassungsdatum","Shopartikel","Preisgruppe keine Preisgruppe","Preisgruppe 50 CHF pro Stunde","Preisgruppe 100 CHF pro Stunde","BesitzerIn","Hersteller","Länge (mm)","Breite (mm)","Höhe (mm)","Aktion falls nicht vorhanden (nur Info)","Kurzbeschreibung","Langtext","Hauptkategorien A (entsprechen den Kategorien im Shop)","Veröffentlicht Status","Unterkategorien A (entsprechen den Kategorien im Shop)","Hauptkategorien B (entsprechen den Kategorien im Shop)","Unterkategorien B (entsprechen den Kategorien im Shop)"
"D1","D","","","Dienstleistung","","","","","0","0","Std","0.00","0.00","70.00","0.00","50.37","0.00","0.00","0 kg","","","","20.11.2015","","","","","","09.04.2007","nein","0.00","0.00","0.00","","","","","","","","","","","","",""
"D27","D","","","Dienstleistung","","","","","0","0","Std","0.00","0.00","0.00","0.00","0.00","0.00","0.00","0 kg","","","","16.12.2013","","","","","","23.11.2010","nein","0.00","0.00","0.00","","","","","","","","","","","","",""
"","","","","","","","","","","","","","0.00","","0.00","","","0.00","","","","","","","","","","","","","","","","","","","","","","","","","","","",""
"004782","WV","004782","","","","","","","1","0","Stck","0.00","0.00","150.00","150.00","0.00","0.00","0.00","1.4 kg","","","","06.05.2022","","","","","","06.05.2022","ja","40.00","0.00","0.00","","NETGEAR","103","285","27","","","","","","","",""
"","","","","","","","","","","","","","0.00","","150.00","","","0.00","","","","","","","","","","","","","","","","","","","","","","","","","","","",""
"GA-N210SL-1GI","W","005185","","","","","","","0","0","Stck","0.00","0.00","0.00","0.00","0.00","0.00","0.00","0.25 kg","","","","","","","","","","06.01.2023","ja","0.00","0.00","0.00","","Gigabye","16.5000","12.3000","2.2000","","","","","","","",""
"","","","","","","","","","","","","","0.00","","0.00","","","0.00","","","","","","","","","","","","","","","","","","","","","","","","","","","",""
"P34","W","10$ Guthaben auf diamondcard.us via PayPal einbezahlt","","Geldbetraege","","","","","0","0","Stck","0.00","0.00","10.00","0.00","0.00","0.00","0.00","0 kg","","","","02.04.2008","","","","","","05.12.2007","nein","0.00","0.00","0.00","","","","","","","","","","","","",""
"","","","","","","","","","","","","","0.00","","0.00","","","0.00","","","","","","","","","","","","","","","","","","","","","","","","","","","",""
"000955","W","100-Franken Komplettsystem","","","","","","","49","0","Stck","50.00","2'450.00","100.00","4'900.00","0.00","0.00","0.00","17 kg","","","","14.06.2016","","","","","","20.02.2015","ja","0.00","0.00","0.00","","revamp-it","500","450","450","","","","","","","",""
"","","","","","","","","","","","","","2'450.00","","4'900.00","","","0.00","","","","","","","","","","","","","","","","","","","","","","","","","","","",""
"ALI00001","W","100% getestet Echtem Touch Panel Touchpad Trackpad Mit Kabel Für Apple Macbook Retina 13 ''A1502 Touchpad Trackpad 2015 Jahr (MacTop Store)","","Computer neu","","","","","0","0","Stck","0.00","0.00","18.00","0.00","17.60","0.00","0.00","0 kg","","","","16.09.2019","","","","","","22.11.2019","nein","0.00","0.00","0.00","","","","","","","","","","","","",""
"ALI00001","W","100% getestet Echtem Touch Panel Touchpad Trackpad Mit Kabel Für Apple Macbook Retina 13 ''A1502 Touchpad Trackpad 2015 Jahr (MacTop Store)","","Computer neu","","","","","0","0","Stck","0.00","0.00","17.60","0.00","17.60","0.00","0.00","0 kg","","","","20.11.2019","","","","","","22.11.2019","nein","0.00","0.00","0.00","","","","","","","","","","","","",""
"ALI00001","W","100% getestet Echtem Touch Panel Touchpad Trackpad Mit Kabel Für Apple Macbook Retina 13 ''A1502 Touchpad Trackpad 2015 Jahr (MacTop Store)","","Computer neu","","","","","0","0","Stck","0.00","0.00","17.60","0.00","17.60","0.00","0.00","0 kg","","","","22.11.2019","","","","","","22.11.2019","nein","0.00","0.00","0.00","","","","","","","","","","","","",""
"ALI00001","W","100% getestet Echtem Touch Panel Touchpad Trackpad Mit Kabel Für Apple Macbook Retina 13 ''A1502 Touchpad Trackpad 2015 Jahr (MacTop Store)","","Computer neu","","","","","0","0","Stck","0.00","0.00","18.00","0.00","17.60","0.00","0.00","0 kg","","","","22.11.2019","","","","","","22.11.2019","nein","0.00","0.00","0.00","","","","","","","","","","","","",""
"","","","","","","","","","","","","","0.00","","0.00","","","0.00","","","","","","","","","","","","","","","","","","","","","","","","","","","",""
"P9","W","100Mbit-Netzwerkswitch","","Hardwareteile neu","","","","","0","0","Stck","0.00","0.00","40.00","0.00","0.00","0.00","0.00","0 kg","","","","13.07.2010","","","","","","09.08.2007","nein","0.00","0.00","0.00","","","","","","","","","","","","",""
"","","","","","","","","","","","","","0.00","","0.00","","","0.00","","","","","","","","","","","","","","","","","","","","","","","","","","","",""
"P33","W","10/100 Ethernet Cardbus Adapter als 2.Netzwerkschnittstelle für IBM Thinkpad T40 Laptops als LTSP-Server","","Hardwareteile Occasion","","","","","0","0","Stck","0.00","0.00","15.00","0.00","0.00","0.00","0.00","0 kg","","","","30.12.2008","","","","","","03.12.2007","nein","0.00","0.00","0.00","","","","","","","","","","","","",""
"","","","","","","","","","","","","","0.00","","0.00","","","0.00","","","","","","","","","","","","","","","","","","","","","","","","","","","",""
"000406","W","10/100 Intellinet Netzwerkkarte","","","","","","","0","0","Stck","0.00","0.00","7.00","0.00","0.00","0.00","0.00","0 kg","","","","","","","","","","05.11.2019","ja","0.00","0.00","0.00","","Intellinet","230","160","25","","","","","","","",""
"","","","","","","","","","","","","","0.00","","0.00","","","0.00","","","","","","","","","","","","","","","","","","","","","","","","","","","",""
"P9","W","10/100 Mbit Netzwerkswitch","","Hardwareteile neu","","","","","0","0","Stck","0.00","0.00","15.00","0.00","0.00","0.00","0.00","0 kg","","","","18.05.2012","","","","","","09.08.2007","nein","0.00","0.00","0.00","","","","","","","","","","","","",""
"","","","","","","","","","","","","","0.00","","0.00","","","0.00","","","","","","","","","","","","","","","","","","","","","","","","","","","",""
"P9","W","10/100 Mbit Switch","","Hardwareteile neu","","","","","0","0","Stck","0.00","0.00","15.00","0.00","0.00","0.00","0.00","0 kg","","","","02.03.2011","","","","","","09.08.2007","nein","0.00","0.00","0.00","","","","","","","","","","","","",""
"","","","","","","","","","","","","","0.00","","0.00","","","0.00","","","","","","","","","","","","","","","","","","","","","","","","","","","",""
"001608","W","10/100Mbps 3-port Print Server","","","","","","","0","0","Stck","0.00","0.00","15.00","0.00","0.00","0.00","0.00","0.77 kg","","","","","","","","","","06.11.2019","ja","0.00","0.00","0.00","","unbekannt","120","221","31","","","","","","","",""
"","","","","","","","","","","","","","0.00","","0.00","","","0.00","","","","","","","","","","","","","","","","","","","","","","","","","","","",""
"D14","D","10.10.2022 Schnelleres Speichern von Lieferscheinen programmiert","","Dienstleistung","","","","","0","0","Std","0.00","0.00","100.00","0.00","0.00","0.00","0.00","0 kg","","","","28.10.2022","","","","","","29.09.2007","nein","0.00","0.00","0.00","","","","","","","","","","","","",""
"","","","","","","","","","","","","","0.00","","0.00","","","0.00","","","","","","","","","","","","","","","","","","","","","","","","","","","",""
"D12","D","10.6.2024 Kalender-Freigabe und Rechte setzen für Jan Roduner","","Dienstleistung (Stunden)","","","","","0","0","Std","0.00","0.00","100.00","0.00","0.00","0.00","0.00","0 kg","","","","24.07.2024","","","","","","29.09.2007","nein","0.00","0.00","0.00","","","","","","","","","","","","",""
"","","","","","","","","","","","","","0.00","","0.00","","","0.00","","","","","","","","","","","","","","","","","","","","","","","","","","","",""
"P12","W","1076-6319 Watt/1076-6318 Watt DLP projektor DMD chip für Benq MP612C","","Zubehör","","","","","0","0","Stck","0.00","0.00","193.55","0.00","16.81","0.00","0.00","0 kg","","","","29.09.2017","","","","","","17.08.2007","nein","0.00","0.00","0.00","","","","","","","","","","","","",""
"P12","W","1076-6319 Watt/1076-6318 Watt DLP projektor DMD chip für Benq MP612C","","Zubehör","","","","","0","0","Stck","0.00","0.00","193.55","0.00","16.81","0.00","0.00","0 kg","","","","26.10.2017","","","","","","17.08.2007","nein","0.00","0.00","0.00","","","","","","","","","","","","",""
"P12","W","1076-6319 Watt/1076-6318 Watt DLP projektor DMD chip für Benq MP612C","","Zubehör","","","","","0","0","Stck","0.00","0.00","193.55","0.00","16.81","0.00","0.00","0 kg","","","","30.11.2017","","","","","","17.08.2007","nein","0.00","0.00","0.00","","","","","","","","","","","","",""
"P12","W","1076-6319 Watt/1076-6318 Watt DLP projektor DMD chip für Benq MP612C","","Zubehör","","","","","0","0","Stck","0.00","0.00","193.55","0.00","16.81","0.00","0.00","0 kg","","","","06.12.2017","","","","","","17.08.2007","nein","0.00","0.00","0.00","","","","","","","","","","","","",""
"","","","","","","","","","","","","","0.00","","0.00","","","0.00","","","","","","","","","","","","","","","","","","","","","","","","","","","",""
"002297","W","10Base-T Worgoup Ethernet Hub","","","","","","","0","0","Stck","0.00","0.00","0.00","0.00","0.00","0.00","0.00","0.562 kg","","","","","","","","","","06.11.2019","ja","0.00","0.00","0.00","","","135","195","30","","","","","","","",""
"","","","","","","","","","","","","","0.00","","0.00","","","0.00","","","","","","","","","","","","","","","","","","","","","","","","","","","",""
"D3","D","10. bis 12.5.2010 Datenkopie auf neue Harddisk, Windows-Partition da nicht richtig heruntergefahren nochmals kopiert, Harddisks ein- und ausbauen, Partitionsgrössen auf neuer Harddisk erweitern, Backup Bilder von Compact Flash Card auf neue Harddisk kopieren","","Dienstleistung","","","","","0","0","psch","0.00","0.00","50.00","0.00","0.00","0.00","0.00","0 kg","","","","11.05.2010","","","","","","17.07.2007","nein","0.00","0.00","0.00","","","","","","","","","","","","",""
"","","","","","","","","","","","","","0.00","","0.00","","","0.00","","","","","","","","","","","","","","","","","","","","","","","","","","","",""
"P9","W","10Mbit-Switch Occasion","","Hardwareteile neu","","","","","0","0","Stck","0.00","0.00","20.00","0.00","0.00","0.00","0.00","0 kg","","","","28.10.2008","","","","","","09.08.2007","nein","0.00","0.00","0.00","","","","","","","","","","","","",""
"","","","","","","","","","","","","","0.00","","0.00","","","0.00","","","","","","","","","","","","","","","","","","","","","","","","","","","",""
"D51","D","10% Rabatt","","Geldbetraege","","","","","0","0","psch","0.00","0.00","-410.00","0.00","0.00","0.00","0.00","0 kg","","","","29.06.2023","","","","","","06.10.2014","nein","0.00","0.00","0.00","","3Com","","","","","","","","","","",""
"","","","","","","","","","","","","","0.00","","0.00","","","0.00","","","","","","","","","","","","","","","","","","","","","","","","","","","",""
"D12","D","11.10.2016 Kurzeinführung kivitendo Patrick Wiebach und Planung des weiteren Vorgehens","","Dienstleistung (Stunden)","","","","","0","0","Std","0.00","0.00","80.00","0.00","0.00","0.00","0.00","0 kg","","","","13.12.2016","","","","","","29.09.2007","nein","0.00","0.00","0.00","","","","","","","","","","","","",""
"D12","D","11.10.2016 Kurzeinführung kivitendo Patrick Wiebach und Planung des weiteren Vorgehens","","Dienstleistung (Stunden)","","","","","0","0","Std","0.00","0.00","80.00","0.00","0.00","0.00","0.00","0 kg","","","","21.12.2016","","","","","","29.09.2007","nein","0.00","0.00","0.00","","","","","","","","","","","","",""
"","","","","","","","","","","","","","0.00","","0.00","","","0.00","","","","","","","","","","","","","","","","","","","","","","","","","","","",""
"D12","D","11.10.2019 Besprechung mit Patrick bezüglich Website","","Dienstleistung (Stunden)","","","","","0","0","Std","0.00","0.00","80.00","0.00","0.00","0.00","0.00","0 kg","","","","31.12.2019","","","","","","29.09.2007","nein","0.00","0.00","0.00","","","","","","","","","","","","",""
"","","","","","","","","","","","","","0.00","","0.00","","","0.00","","","","","","","","","","","","","","","","","","","","","","","","","","","",""
"D12","D","11.10. Support in Winterthur, Pendenzen erledigen, Beratung Claudio","","Dienstleistung (Stunden)","","","","","0","0","Std","0.00","0.00","50.00","0.00","0.00","0.00","0.00","0 kg","","","","18.12.2011","","","","","","29.09.2007","nein","0.00","0.00","0.00","","","","","","","","","","","","",""
"","","","","","","","","","","","","","0.00","","0.00","","","0.00","","","","","","","","","","","","","","","","","","","","","","","","","","","",""
"D12","D","11.11.2021 Buchhaltungs-Support für Kivitendo siehe E-Mail","","Dienstleistung (Stunden)","","","","","0","0","Std","0.00","0.00","100.00","0.00","0.00","0.00","0.00","0 kg","","","","04.12.2021","","","","","","29.09.2007","nein","0.00","0.00","0.00","","","","","","","","","","","","",""
"","","","","","","","","","","","","","0.00","","0.00","","","0.00","","","","","","","","","","","","","","","","","","","","","","","","","","","",""
"D14","D","11.7.2024 Anpassungen bei den Kalenderabfragen","","Dienstleistung","","","","","0","0","Std","0.00","0.00","100.00","0.00","0.00","0.00","0.00","0 kg","","","","24.07.2024","","","","","","29.09.2007","nein","0.00","0.00","0.00","","","","","","","","","","","","",""
"","","","","","","","","","","","","","0.00","","0.00","","","0.00","","","","","","","","","","","","","","","","","","","","","","","","","","","",""
"D12","D","11.7.2024 Online Schulung Dispo","","Dienstleistung (Stunden)","","","","","0","0","Std","0.00","0.00","100.00","0.00","0.00","0.00","0.00","0 kg","","","","24.07.2024","","","","","","29.09.2007","nein","0.00","0.00","0.00","","","","","","","","","","","","",""
"","","","","","","","","","","","","","0.00","","0.00","","","0.00","","","","","","","","","","","","","","","","","","","","","","","","","","","",""
"D3","D","1:1 Kopie von Festplatte erstellen","","Dienstleistung","","","","","0","0","psch","0.00","0.00","62.00","0.00","0.00","0.00","0.00","0 kg","","","","03.01.2024","","","","","","17.07.2007","nein","0.00","0.00","0.00","","","","","","","","","","","","",""
"D3","D","1:1 Kopie von Festplatte erstellen","","Dienstleistung","","","","","0","0","psch","0.00","0.00","62.00","0.00","0.00","0.00","0.00","0 kg","","","","08.01.2024","","","","","","17.07.2007","nein","0.00","0.00","0.00","","","","","","","","","","","","",""
"","","","","","","","","","","","","","0.00","","0.00","","","0.00","","","","","","","","","","","","","","","","","","","","","","","","","","","",""
"P59","W","11 PC Small Form Factor Pentium 4 und Pentium D","","Computer Occasion","","","","","0","0","Stck","0.00","0.00","300.00","0.00","129.00","0.00","0.00","0 kg","","","","27.10.2012","","","","","","29.01.2009","nein","0.00","0.00","0.00","","","","","","","","","","","","",""
"","","","","","","","","","","","","","0.00","","0.00","","","0.00","","","","","","","","","","","","","","","","","","","","","","","","","","","",""
"D2","D","1.2.2022 IT-Sitzung im Treffpunkt Vogelsang","","Dienstleistung","","","","","0","0","Std","0.00","0.00","70.00","0.00","0.00","0.00","0.00","0 kg","","","","04.12.2022","","","","","","13.06.2007","nein","0.00","0.00","0.00","","","","","","","","","","","","",""
"D2","D","1.2.2022 IT-Sitzung im Treffpunkt Vogelsang","","Dienstleistung","","","","","0","0","Std","0.00","0.00","70.00","0.00","0.00","0.00","0.00","0 kg","","","","05.12.2022","","","","","","13.06.2007","nein","0.00","0.00","0.00","","","","","","","","","","","","",""
"","","","","","","","","","","","","","0.00","","0.00","","","0.00","","","","","","","","","","","","","","","","","","","","","","","","","","","",""
"001931","W","128 MB DIMM 168pin SDRAM","","","","","","","0","0","Stck","0.00","0.00","5.00","0.00","0.00","0.00","0.00","0.03 kg","","","","24.02.2017","","","","","","24.02.2017","ja","0.00","0.00","0.00","","diverse","133","32","4","","","","","","","",""
"","","","","","","","","","","","","","0.00","","0.00","","","0.00","","","","","","","","","","","","","","","","","","","","","","","","","","","",""
"D12","D","12.9.2024 Support beim Umstieg auf Linux","","Dienstleistung (Stunden)","","","","","0","0","Std","0.00","0.00","100.00","0.00","0.00","0.00","0.00","0 kg","","","","11.09.2024","","","","","","29.09.2007","nein","0.00","0.00","0.00","","","","","","","","","","","","",""
"","","","","","","","","","","","","","0.00","","0.00","","","0.00","","","","","","","","","","","","","","","","","","","","","","","","","","","",""
"D15","D","12 Miniaturbilder für handpuppen.ch erzeugen und in Auswahlmenü einbauen","","Dienstleistung","","","","","0","0","psch","0.00","0.00","200.00","0.00","0.00","0.00","0.00","0 kg","","","","29.09.2007","","","","","","29.09.2007","nein","0.00","0.00","0.00","","","","","","","","","","","","",""
"","","","","","","","","","","","","","0.00","","0.00","","","0.00","","","","","","","","","","","","","","","","","","","","","","","","","","","",""
"D2","D","13.11.2014 Weiterbildungsabend inkl. Vorbereitung zu Linux und Kubuntu für die eheramtlichen Compirat- HelferInnen","","Dienstleistung","","","","","0","0","Std","0.00","0.00","70.00","0.00","0.00","0.00","0.00","0 kg","","","","10.11.2014","","","","","","13.06.2007","nein","0.00","0.00","0.00","","","","","","","","","","","","",""
"D2","D","13.11.2014 Weiterbildungsabend inkl. Vorbereitung zu Linux und Kubuntu für die eheramtlichen Compirat- HelferInnen","","Dienstleistung","","","","","0","0","Std","0.00","0.00","70.00","0.00","0.00","0.00","0.00","0 kg","","","","30.11.2014","","","","","","13.06.2007","nein","0.00","0.00","0.00","","","","","","","","","","","","",""
"","","","","","","","","","","","","","0.00","","0.00","","","0.00","","","","","","","","","","","","","","","","","","","","","","","","","","","",""
"D12","D","13.12.2016 Schulung kivitendo Severin Meier und Mike Meyer","","Dienstleistung (Stunden)","","","","","0","0","Std","0.00","0.00","80.00","0.00","0.00","0.00","0.00","0 kg","","","","13.12.2016","","","","","","29.09.2007","nein","0.00","0.00","0.00","","","","","","","","","","","","",""
"D12","D","13.12.2016 Schulung kivitendo Severin Meier und Mike Meyer","","Dienstleistung (Stunden)","","","","","0","0","Std","0.00","0.00","80.00","0.00","0.00","0.00","0.00","0 kg","","","","21.12.2016","","","","","","29.09.2007","nein","0.00","0.00","0.00","","","","","","","","","","","","",""
"","","","","","","","","","","","","","0.00","","0.00","","","0.00","","","","","","","","","","","","","","","","","","","","","","","","","","","",""
"D12","D","1.3.2013 Support am ersten Kurstag des neuen Compirat-Kurses im Complino","","Dienstleistung (Stunden)","","","","","0","0","Std","0.00","0.00","70.00","0.00","0.00","0.00","0.00","0 kg","","","","15.05.2013","","","","","","29.09.2007","nein","0.00","0.00","0.00","","","","","","","","","","","","",""
"","","","","","","","","","","","","","0.00","","0.00","","","0.00","","","","","","","","","","","","","","","","","","","","","","","","","","","",""
"D12","D","13.9.2022 Umstellung Sipcall-Anschluss auf neue Kennung (Ticket #143)","","Dienstleistung (Stunden)","","","","","0","0","Std","0.00","0.00","70.00","0.00","0.00","0.00","0.00","0 kg","","","","04.12.2022","","","","","","29.09.2007","nein","0.00","0.00","0.00","","","","","","","","","","","","",""
"D12","D","13.9.2022 Umstellung Sipcall-Anschluss auf neue Kennung (Ticket #143)","","Dienstleistung (Stunden)","","","","","0","0","Std","0.00","0.00","70.00","0.00","0.00","0.00","0.00","0 kg","","","","05.12.2022","","","","","","29.09.2007","nein","0.00","0.00","0.00","","","","","","","","","","","","",""
"","","","","","","","","","","","","","0.00","","0.00","","","0.00","","","","","","","","","","","","","","","","","","","","","","","","","","","",""
"P57","W","13"" A1342 2009 2010 Top Case Palmrest & Keyboard Fr original for Macbook","","Hardwareteile neu","","","","","0","0","Stck","0.00","0.00","150.00","0.00","69.68","0.00","0.00","0 kg","","","","29.04.2015","","","","","","05.01.2009","nein","0.00","0.00","0.00","","3Com","","","","","","","","","","",""
"P57","W","13"" A1342 2009 2010 Top Case Palmrest & Keyboard Fr original for Macbook","","Hardwareteile neu","","","","","0","0","Stck","0.00","0.00","149.63","0.00","69.68","0.00","0.00","0 kg","","","","02.06.2015","","","","","","05.01.2009","nein","0.00","0.00","0.00","","3Com","","","","","","","","","","",""
"P57","W","13"" A1342 2009 2010 Top Case Palmrest & Keyboard Fr original for Macbook","","Hardwareteile neu","","","","","0","0","Stck","0.00","0.00","150.00","0.00","69.68","0.00","0.00","0 kg","","","","15.07.2015","","","","","","05.01.2009","nein","0.00","0.00","0.00","","3Com","","","","","","","","","","",""
"P57","W","13"" A1342 2009 2010 Top Case Palmrest & Keyboard Fr original for Macbook","","Hardwareteile neu","","","","","0","0","Stck","0.00","0.00","150.00","0.00","69.68","0.00","0.00","0 kg","","","","27.07.2015","","","","","","05.01.2009","nein","0.00","0.00","0.00","","3Com","","","","","","","","","","",""
"","","","","","","","","","","","","","0.00","","0.00","","","0.00","","","","","","","","","","","","","","","","","","","","","","","","","","","",""
"D12","D","14.10. 2022 Neues Benutzerkonto Debitor eingerichtet und Fehler wegen Auftrag 3818 behoben","","Dienstleistung (Stunden)","","","","","0","0","Std","0.00","0.00","100.00","0.00","0.00","0.00","0.00","0 kg","","","","28.10.2022","","","","","","29.09.2007","nein","0.00","0.00","0.00","","","","","","","","","","","","",""
"","","","","","","","","","","","","","0.00","","0.00","","","0.00","","","","","","","","","","","","","","","","","","","","","","","","","","","",""
"D12","D","14./15./20./21.6.Support Karel Kulhavy: Arbeit an Performanceproblemen beim LTSP-Server, lts.conf-Einstellung, ACL-Einstellungen (Verrechnung 5.25 statt 10.5 Stunden)","","Dienstleistung (Stunden)","","","","","0","0","Std","0.00","0.00","40.00","0.00","0.00","0.00","0.00","0 kg","","","","15.07.2011","","","","","","29.09.2007","nein","0.00","0.00","0.00","","","","","","","","","","","","",""
"","","","","","","","","","","","","","0.00","","0.00","","","0.00","","","","","","","","","","","","","","","","","","","","","","","","","","","",""
"D12","D","14./15.4. - Ausbau Harddisk Jet-Laptop - Übertragen der Daten von Harddisk auf IBM-Thinkpad-Laptop: Thunderbird- und Firefox- Profil, eigene Dateien ausser ""eigene Musik"" - Arbeiten in WindowsXP: Upgrade auf Service Pack 3 sowie alle Sicherheitsupdates, Firefox 4 und LibreOffice 3.3 Installation, Neue Version von Antivir und Zonealarm installiert, Update von Java und Flashplayer, Installation von Skype - Arbeiten in Mepis7: Link anlegen auf Eigene Dateien in Windows, Automatisches Mounten der Windows-Partitionen mit Daten und den Profilen von Firefox und Thunderbird, Automatisches Mounten der Compact-Flash-Karte, Installation von kcron, Anpassen des Backupscripts auf die neuen Verzeichnisse, Backup von ""eigene Bilder"" und ""wings"" auskommentiert, da zu wenig Platz auf der Karte. Einrichten eines Cronjobs zum Backup alle 30 Minuten. Kurzeinführung für Markus","","Dienstleistung (Stunden)","","","","","0","0","Std","0.00","0.00","50.00","0.00","0.00","0.00","0.00","0 kg","","","","24.06.2011","","","","","","29.09.2007","nein","0.00","0.00","0.00","","","","","","","","","","","","",""
"","","","","","","","","","","","","","0.00","","0.00","","","0.00","","","","","","","","","","","","","","","","","","","","","","","","","","","",""
"D12","D","1.4.2016 Überprüfen und Rücksetzen aller Konten auf Server und Laptops bei Caritas Beckenhofstrasse, Kontrolle des Druckers","","Dienstleistung (Stunden)","","","","","0","0","Std","0.00","0.00","70.00","0.00","0.00","0.00","0.00","0 kg","","","","07.03.2016","","","","","","29.09.2007","nein","0.00","0.00","0.00","","","","","","","","","","","","",""
"D12","D","1.4.2016 Überprüfen und Rücksetzen aller Konten auf Server und Laptops bei Caritas Beckenhofstrasse, Kontrolle des Druckers","","Dienstleistung (Stunden)","","","","","0","0","Std","0.00","0.00","70.00","0.00","0.00","0.00","0.00","0 kg","","","","09.09.2016","","","","","","29.09.2007","nein","0.00","0.00","0.00","","","","","","","","","","","","",""
"","","","","","","","","","","","","","0.00","","0.00","","","0.00","","","","","","","","","","","","","","","","","","","","","","","","","","","",""
"D28","D","14.3.2023 Auftrag 3930 aus Backup wieder herstellen","","Dienstleistung","","","","","0","0","Std","0.00","0.00","100.00","0.00","0.00","0.00","0.00","0 kg","","","","28.02.2023","","","","","","23.11.2010","nein","0.00","0.00","0.00","","","","","","","","","","","","",""
"D28","D","14.3.2023 Auftrag 3930 aus Backup wieder herstellen","","Dienstleistung","","","","","0","0","Std","0.00","0.00","100.00","0.00","0.00","0.00","0.00","0 kg","","","","21.03.2023","","","","","","23.11.2010","nein","0.00","0.00","0.00","","","","","","","","","","","","",""
"","","","","","","","","","","","","","0.00","","0.00","","","0.00","","","","","","","","","","","","","","","","","","","","","","","","","","","",""
"D12","D","14.3.2023 Rücksetzen des Bücher-Schliessens per 31.12.2022, Abschluss- und Eröffnungsbuchungen 2022/2023","","Dienstleistung (Stunden)","","","","","0","0","Std","0.00","0.00","100.00","0.00","0.00","0.00","0.00","0 kg","","","","14.03.2023","","","","","","29.09.2007","nein","0.00","0.00","0.00","","","","","","","","","","","","",""
"D12","D","14.3.2023 Rücksetzen des Bücher-Schliessens per 31.12.2022, Abschluss- und Eröffnungsbuchungen 2022/2023","","Dienstleistung (Stunden)","","","","","0","0","Std","0.00","0.00","100.00","0.00","0.00","0.00","0.00","0 kg","","","","18.09.2023","","","","","","29.09.2007","nein","0.00","0.00","0.00","","","","","","","","","","","","",""
"","","","","","","","","","","","","","0.00","","0.00","","","0.00","","","","","","","","","","","","","","","","","","","","","","","","","","","",""
"D3","D","14.7. bis 19.7 Versuch, Fehler im Dateisystem auf dem Laptop zu reparieren, Wiederherstellen der Systempartition auf dem Laptop via Backup-Disk, Anlegen einer Backup-Systempartition auf dem Laptop, um für solche Fälle in Zukunft die Wiederherstellung zu vereinfachen","","Dienstleistung","","","","","0","0","psch","0.00","0.00","50.00","0.00","0.00","0.00","0.00","0 kg","","","","18.12.2011","","","","","","17.07.2007","nein","0.00","0.00","0.00","","","","","","","","","","","","",""
"D3","D","14.7. bis 19.7 Versuch, Fehler im Dateisystem auf dem Laptop zu reparieren, Wiederherstellen der Systempartition auf dem Laptop via Backup-Disk, Anlegen einer Backup-Systempartition auf dem Laptop, um für solche Fälle in Zukunft die Wiederherstellung zu vereinfachen","","Dienstleistung","","","","","0","0","psch","0.00","0.00","50.00","0.00","0.00","0.00","0.00","0 kg","","","","05.06.2012","","","","","","17.07.2007","nein","0.00","0.00","0.00","","","","","","","","","","","","",""
"","","","","","","","","","","","","","0.00","","0.00","","","0.00","","","","","","","","","","","","","","","","","","","","","","","","","","","",""
"D27","D","14.9. Bei Laptop nach Absturz Fehler im Dateisystem korrigert, Updates installiert und getestet","","Dienstleistung","","","","","0","0","Std","0.00","0.00","50.00","0.00","0.00","0.00","0.00","0 kg","","","","18.12.2011","","","","","","23.11.2010","nein","0.00","0.00","0.00","","","","","","","","","","","","",""
"","","","","","","","","","","","","","0.00","","0.00","","","0.00","","","","","","","","","","","","","","","","","","","","","","","","","","","",""
"D12","D","15.11.2022 Neue E-Mail-Adressen einrichten (Ticket #147)","","Dienstleistung (Stunden)","","","","","0","0","Std","0.00","0.00","70.00","0.00","0.00","0.00","0.00","0 kg","","","","04.12.2022","","","","","","29.09.2007","nein","0.00","0.00","0.00","","","","","","","","","","","","",""
"D12","D","15.11.2022 Neue E-Mail-Adressen einrichten (Ticket #147)","","Dienstleistung (Stunden)","","","","","0","0","Std","0.00","0.00","70.00","0.00","0.00","0.00","0.00","0 kg","","","","05.12.2022","","","","","","29.09.2007","nein","0.00","0.00","0.00","","","","","","","","","","","","",""
"","","","","","","","","","","","","","0.00","","0.00","","","0.00","","","","","","","","","","","","","","","","","","","","","","","","","","","",""
"D12","D","15.1.2022 Wiederkehrende Rechnungen in Aufträgen deaktivieren, die versehentlich aktiviert worden waren plus fälschlicherweise erzeugte Rechnungen löschen.","","Dienstleistung (Stunden)","","","","","0","0","Std","0.00","0.00","100.00","0.00","0.00","0.00","0.00","0 kg","","","","08.08.2022","","","","","","29.09.2007","nein","0.00","0.00","0.00","","","","","","","","","","","","",""
"","","","","","","","","","","","","","0.00","","0.00","","","0.00","","","","","","","","","","","","","","","","","","","","","","","","","","","",""
"D12","D","15.3. / 23.3. Mail an Markus und Tel. Beratung","","Dienstleistung (Stunden)","","","","","0","0","Std","0.00","0.00","50.00","0.00","0.00","0.00","0.00","0 kg","","","","05.06.2012","","","","","","29.09.2007","nein","0.00","0.00","0.00","","","","","","","","","","","","",""
"","","","","","","","","","","","","","0.00","","0.00","","","0.00","","","","","","","","","","","","","","","","","","","","","","","","","","","",""
"D12","D","15.3. und 22.3.2016 Passwörter zurücksetzen und Mailkonten überprüfen","","Dienstleistung (Stunden)","","","","","0","0","Std","0.00","0.00","70.00","0.00","0.00","0.00","0.00","0 kg","","","","07.03.2016","","","","","","29.09.2007","nein","0.00","0.00","0.00","","","","","","","","","","","","",""
"D12","D","15.3. und 22.3.2016 Passwörter zurücksetzen und Mailkonten überprüfen","","Dienstleistung (Stunden)","","","","","0","0","Std","0.00","0.00","70.00","0.00","0.00","0.00","0.00","0 kg","","","","09.09.2016","","","","","","29.09.2007","nein","0.00","0.00","0.00","","","","","","","","","","","","",""
"","","","","","","","","","","","","","0.00","","0.00","","","0.00","","","","","","","","","","","","","","","","","","","","","","","","","","","",""
"D12","D","15.4.23 Mail zu Umlauten in EMail-Adressen","","Dienstleistung (Stunden)","","","","","0","0","Std","0.00","0.00","100.00","0.00","0.00","0.00","0.00","0 kg","","","","09.04.2023","","","","","","29.09.2007","nein","0.00","0.00","0.00","","","","","","","","","","","","",""
"D12","D","15.4.23 Mail zu Umlauten in EMail-Adressen","","Dienstleistung (Stunden)","","","","","0","0","Std","0.00","0.00","100.00","0.00","0.00","0.00","0.00","0 kg","","","","25.09.2023","","","","","","29.09.2007","nein","0.00","0.00","0.00","","","","","","","","","","","","",""
"","","","","","","","","","","","","","0.00","","0.00","","","0.00","","","","","","","","","","","","","","","","","","","","","","","","","","","",""
"D12","D","15.6.2024 Verbuchen des Jahresgewinns 2022 rückgängig machen und Abschlussbuchungen 2022 durchführen, damit Saldo auf den Kontenblättern korrekt angezeigt wird und kurze Anleitung zum Erstellen der Jahresabschlussbuchungen, Korrektur bei den Kontoeinstellungen von Konto 9000","","Dienstleistung (Stunden)","","","","","0","0","Std","0.00","0.00","100.00","0.00","0.00","0.00","0.00","0 kg","","","","16.06.2024","","","","","","29.09.2007","nein","0.00","0.00","0.00","","","","","","","","","","","","",""
"","","","","","","","","","","","","","0.00","","0.00","","","0.00","","","","","","","","","","","","","","","","","","","","","","","","","","","",""
"D12","D","15.6.23 Alle Abhollieferscheine seit 29.Mai auf 'nicht ausgelagert' zurücksetzen","","Dienstleistung (Stunden)","","","","","0","0","Std","0.00","0.00","100.00","0.00","0.00","0.00","0.00","0 kg","","","","23.09.2023","","","","","","29.09.2007","nein","0.00","0.00","0.00","","","","","","","","","","","","",""
"D12","D","15.6.23 Alle Abhollieferscheine seit 29.Mai auf 'nicht ausgelagert' zurücksetzen","","Dienstleistung (Stunden)","","","","","0","0","Std","0.00","0.00","100.00","0.00","0.00","0.00","0.00","0 kg","","","","25.09.2023","","","","","","29.09.2007","nein","0.00","0.00","0.00","","","","","","","","","","","","",""
"","","","","","","","","","","","","","0.00","","0.00","","","0.00","","","","","","","","","","","","","","","","","","","","","","","","","","","",""
"D66","D","15.6"" Display LP156WH4 (TL)(P1) 1366x768","","","","","","","0","0","Stck","0.00","0.00","55.00","0.00","55.00","0.00","0.00","0 kg","","","","12.02.2018","","","","","","03.02.2017","nein","0.00","0.00","0.00","","","","","","","","","","","","",""
"","","","","","","","","","","","","","0.00","","0.00","","","0.00","","","","","","","","","","","","","","","","","","","","","","","","","","","",""
"D14","D","15.9.23 Änderung 'Leerung' zu 'Austausch Ersatzmaterial' und 'LE' zu 'AE'","","Dienstleistung","","","","","0","0","Std","0.00","0.00","100.00","0.00","0.00","0.00","0.00","0 kg","","","","23.09.2023","","","","","","29.09.2007","nein","0.00","0.00","0.00","","","","","","","","","","","","",""
"D14","D","15.9.23 Änderung 'Leerung' zu 'Austausch Ersatzmaterial' und 'LE' zu 'AE'","","Dienstleistung","","","","","0","0","Std","0.00","0.00","100.00","0.00","0.00","0.00","0.00","0 kg","","","","25.09.2023","","","","","","29.09.2007","nein","0.00","0.00","0.00","","","","","","","","","","","","",""
"","","","","","","","","","","","","","0.00","","0.00","","","0.00","","","","","","","","","","","","","","","","","","","","","","","","","","","",""
"D27","D","15. bis 22.8. Installation eines neuen Kernels und weitere Tests mit der Ruhestellung","","Dienstleistung","","","","","0","0","Std","0.00","0.00","50.00","0.00","0.00","0.00","0.00","0 kg","","","","18.12.2011","","","","","","23.11.2010","nein","0.00","0.00","0.00","","","","","","","","","","","","",""
"D27","D","15. bis 22.8. Installation eines neuen Kernels und weitere Tests mit der Ruhestellung","","Dienstleistung","","","","","0","0","Std","0.00","0.00","50.00","0.00","0.00","0.00","0.00","0 kg","","","","05.06.2012","","","","","","23.11.2010","nein","0.00","0.00","0.00","","","","","","","","","","","","",""
"","","","","","","","","","","","","","0.00","","0.00","","","0.00","","","","","","","","","","","","","","","","","","","","","","","","","","","",""
"P39","W","15"" Monitor Occasion","","Peripheriegeräte Occasion","","","","","0","0","Stck","0.00","0.00","55.00","0.00","0.00","0.00","0.00","0 kg","","","","13.02.2011","","","","","","01.02.2008","nein","0.00","0.00","0.00","","","","","","","","","","","","",""
"","","","","","","","","","","","","","0.00","","0.00","","","0.00","","","","","","","","","","","","","","","","","","","","","","","","","","","",""
"005002","W","15"" Touchcomputer","","","","","","","1","0","Stck","0.00","0.00","0.00","0.00","0.00","0.00","0.00","10 kg","","","","","","","","","","06.09.2022","ja","0.00","0.00","0.00","","Tyco","350","280","300","","","","","","","",""
"","","","","","","","","","","","","","0.00","","0.00","","","0.00","","","","","","","","","","","","","","","","","","","","","","","","","","","",""
"Achtung: Bestehenden Artikel auswählen oder zuerst im Webshop erfassen!17","W","160GB Sata HDD","","","","","","","0","0","Stck","0.00","0.00","10.00","0.00","0.00","0.00","0.00","0 kg","","","","09.06.2020","","","","","","09.06.2020","nein","10.00","0.00","0.00","","","","","","","","","","","","",""
"","","","","","","","","","","","","","0.00","","0.00","","","0.00","","","","","","","","","","","","","","","","","","","","","","","","","","","",""
"D12","D","16.12.2022 Support wegen Problem mit dem Internet-Zugang","","Dienstleistung (Stunden)","","","","","0","0","Std","0.00","0.00","70.00","0.00","0.00","0.00","0.00","0 kg","","","","28.06.2023","","","","","","29.09.2007","nein","0.00","0.00","0.00","","","","","","","","","","","","",""
"D12","D","16.12.2022 Support wegen Problem mit dem Internet-Zugang","","Dienstleistung (Stunden)","","","","","0","0","Std","0.00","0.00","70.00","0.00","0.00","0.00","0.00","0 kg","","","","29.06.2023","","","","","","29.09.2007","nein","0.00","0.00","0.00","","","","","","","","","","","","",""
"","","","","","","","","","","","","","0.00","","0.00","","","0.00","","","","","","","","","","","","","","","","","","","","","","","","","","","",""
"D12","D","1.6.2011 Support Karel Kulhavy: Einrichten von Firefox als local application (Verrechnung 1.25 statt 2.5 Stunden)","","Dienstleistung (Stunden)","","","","","0","0","Std","0.00","0.00","40.00","0.00","0.00","0.00","0.00","0 kg","","","","15.07.2011","","","","","","29.09.2007","nein","0.00","0.00","0.00","","","","","","","","","","","","",""
"","","","","","","","","","","","","","0.00","","0.00","","","0.00","","","","","","","","","","","","","","","","","","","","","","","","","","","",""
"D12","D","16.2.2012 Telefon bezüglich Druckerunterstützung, 2 Mails an Jörg, Paypal-Überweisung","","Dienstleistung (Stunden)","","","","","0","0","Std","0.00","0.00","50.00","0.00","0.00","0.00","0.00","0 kg","","","","05.06.2012","","","","","","29.09.2007","nein","0.00","0.00","0.00","","","","","","","","","","","","",""
"","","","","","","","","","","","","","0.00","","0.00","","","0.00","","","","","","","","","","","","","","","","","","","","","","","","","","","",""
"D12","D","16.2.2023 Erstellen der Liste mit den im 4.Quartal 2022 bezahlten Debitoren","","Dienstleistung (Stunden)","","","","","0","0","Std","0.00","0.00","100.00","0.00","0.00","0.00","0.00","0 kg","","","","16.02.2023","","","","","","29.09.2007","nein","0.00","0.00","0.00","","","","","","","","","","","","",""
"D12","D","16.2.2023 Erstellen der Liste mit den im 4.Quartal 2022 bezahlten Debitoren","","Dienstleistung (Stunden)","","","","","0","0","Std","0.00","0.00","100.00","0.00","0.00","0.00","0.00","0 kg","","","","21.04.2023","","","","","","29.09.2007","nein","0.00","0.00","0.00","","","","","","","","","","","","",""
"","","","","","","","","","","","","","0.00","","0.00","","","0.00","","","","","","","","","","","","","","","","","","","","","","","","","","","",""
"000201","W","16 GB DDR4 So-Dimm","","","","","","","0","0","Stck","0.00","0.00","35.00","0.00","0.00","0.00","0.00","0 kg","","","","26.03.2024","","","","","","22.01.2015","ja","0.00","0.00","0.00","","diverse","0","0","0","","","","","","","",""
"","","","","","","","","","","","","","0.00","","0.00","","","0.00","","","","","","","","","","","","","","","","","","","","","","","","","","","",""
"P9","W","16-Port Gigabit Switch","","Hardwareteile neu","","","","","0","0","Stck","0.00","0.00","50.00","0.00","0.00","0.00","0.00","0 kg","","","","08.03.2018","","","","","","09.08.2007","nein","0.00","0.00","0.00","","","","","","","","","","","","",""
"","","","","","","","","","","","","","0.00","","0.00","","","0.00","","","","","","","","","","","","","","","","","","","","","","","","","","","",""
"D14","D","17.10.2023 Google-Fehlermeldung untersuchen und Website auf fehlerhafte Links kontrollieren","","Dienstleistung","","","","","0","0","Std","0.00","0.00","100.00","0.00","0.00","0.00","0.00","0 kg","","","","06.04.2023","","","","","","29.09.2007","nein","0.00","0.00","0.00","","","","","","","","","","","","",""
"D14","D","17.10.2023 Google-Fehlermeldung untersuchen und Website auf fehlerhafte Links kontrollieren","","Dienstleistung","","","","","0","0","Std","0.00","0.00","100.00","0.00","0.00","0.00","0.00","0 kg","","","","24.10.2023","","","","","","29.09.2007","nein","0.00","0.00","0.00","","","","","","","","","","","","",""
"","","","","","","","","","","","","","0.00","","0.00","","","0.00","","","","","","","","","","","","","","","","","","","","","","","","","","","",""
"D12","D","17.9.23 Datenbank-Suche nach Aufträgen, bei denen noch Kompotois dem Lager Zürich zugeteilt sind","","Dienstleistung (Stunden)","","","","","0","0","Std","0.00","0.00","100.00","0.00","0.00","0.00","0.00","0 kg","","","","23.09.2023","","","","","","29.09.2007","nein","0.00","0.00","0.00","","","","","","","","","","","","",""
"D12","D","17.9.23 Datenbank-Suche nach Aufträgen, bei denen noch Kompotois dem Lager Zürich zugeteilt sind","","Dienstleistung (Stunden)","","","","","0","0","Std","0.00","0.00","100.00","0.00","0.00","0.00","0.00","0 kg","","","","25.09.2023","","","","","","29.09.2007","nein","0.00","0.00","0.00","","","","","","","","","","","","",""
"","","","","","","","","","","","","","0.00","","0.00","","","0.00","","","","","","","","","","","","","","","","","","","","","","","","","","","",""
"004224","W","17"" TFT-LCD-Monitor","","","","","","","1","0","Stck","0.00","0.00","80.00","80.00","0.00","0.00","0.00","0 kg","","","","16.06.2025","","","","","","17.06.2021","ja","0.00","0.00","0.00","","","195","384","360","","","","","","","",""
"","","","","","","","","","","","","","0.00","","80.00","","","0.00","","","","","","","","","","","","","","","","","","","","","","","","","","","",""
"D12","D","18./19.10.2022 Umstellung DNS-Server für neue Vogelsang Website","","Dienstleistung (Stunden)","","","","","0","0","Std","0.00","0.00","70.00","0.00","0.00","0.00","0.00","0 kg","","","","04.12.2022","","","","","","29.09.2007","nein","0.00","0.00","0.00","","","","","","","","","","","","",""
"D12","D","18./19.10.2022 Umstellung DNS-Server für neue Vogelsang Website","","Dienstleistung (Stunden)","","","","","0","0","Std","0.00","0.00","70.00","0.00","0.00","0.00","0.00","0 kg","","","","05.12.2022","","","","","","29.09.2007","nein","0.00","0.00","0.00","","","","","","","","","","","","",""
"","","","","","","","","","","","","","0.00","","0.00","","","0.00","","","","","","","","","","","","","","","","","","","","","","","","","","","",""
"D12","D","18.3.2022 Testen des gesamten Netzwerks im Treffpunkt Vogelsang wegen teilweise schlechter Übertragungsgeschwindigkeiten (Ticket #134)","","Dienstleistung (Stunden)","","","","","0","0","Std","0.00","0.00","70.00","0.00","0.00","0.00","0.00","0 kg","","","","04.12.2022","","","","","","29.09.2007","nein","0.00","0.00","0.00","","","","","","","","","","","","",""
"D12","D","18.3.2022 Testen des gesamten Netzwerks im Treffpunkt Vogelsang wegen teilweise schlechter Übertragungsgeschwindigkeiten (Ticket #134)","","Dienstleistung (Stunden)","","","","","0","0","Std","0.00","0.00","70.00","0.00","0.00","0.00","0.00","0 kg","","","","05.12.2022","","","","","","29.09.2007","nein","0.00","0.00","0.00","","","","","","","","","","","","",""
"","","","","","","","","","","","","","0.00","","0.00","","","0.00","","","","","","","","","","","","","","","","","","","","","","","","","","","",""
"D12","D","18.5.2015 Support in Winterthur","","Dienstleistung (Stunden)","","","","","0","0","Std","0.00","0.00","50.00","0.00","0.00","0.00","0.00","0 kg","","","","01.05.2014","","","","","","29.09.2007","nein","0.00","0.00","0.00","","","","","","","","","","","","",""
"D12","D","18.5.2015 Support in Winterthur","","Dienstleistung (Stunden)","","","","","0","0","Std","0.00","0.00","50.00","0.00","0.00","0.00","0.00","0 kg","","","","29.12.2015","","","","","","29.09.2007","nein","0.00","0.00","0.00","","","","","","","","","","","","",""
"","","","","","","","","","","","","","0.00","","0.00","","","0.00","","","","","","","","","","","","","","","","","","","","","","","","","","","",""
"D12","D","18.6.2024 Wiederherstellen der Ordner 'Verkauf → Marketing' und 'Verkauf Onlineshop' aus den Server-Backups","","Dienstleistung (Stunden)","","","","","0","0","Std","0.00","0.00","100.00","0.00","0.00","0.00","0.00","0 kg","","","","24.07.2024","","","","","","29.09.2007","nein","0.00","0.00","0.00","","","","","","","","","","","","",""
"","","","","","","","","","","","","","0.00","","0.00","","","0.00","","","","","","","","","","","","","","","","","","","","","","","","","","","",""
"D12","D","18 mal Support zu Hause Januar 2013 bis Juli 2015","","Dienstleistung (Stunden)","","","","","0","0","Std","0.00","0.00","70.00","0.00","0.00","0.00","0.00","0 kg","","","","01.01.2013","","","","","","29.09.2007","nein","0.00","0.00","0.00","","","","","","","","","","","","",""
"D12","D","18 mal Support zu Hause Januar 2013 bis Juli 2015","","Dienstleistung (Stunden)","","","","","0","0","Std","0.00","0.00","70.00","0.00","0.00","0.00","0.00","0 kg","","","","30.06.2015","","","","","","29.09.2007","nein","0.00","0.00","0.00","","","","","","","","","","","","",""
"","","","","","","","","","","","","","0.00","","0.00","","","0.00","","","","","","","","","","","","","","","","","","","","","","","","","","","",""
"D12","D","19.11.2018 Notfalleinsatz wegen Ausfall der Internet-Leitung (Beschädigung der Glasfaserleitung durch Bauarbeiten) inkl. Weiterbearbeitung bis zur Lösung des Problems","","Dienstleistung (Stunden)","","","","","0","0","Std","0.00","0.00","70.00","0.00","0.00","0.00","0.00","0 kg","","","","01.01.2018","","","","","","29.09.2007","nein","0.00","0.00","0.00","","","","","","","","","","","","",""
"D12","D","19.11.2018 Notfalleinsatz wegen Ausfall der Internet-Leitung (Beschädigung der Glasfaserleitung durch Bauarbeiten) inkl. Weiterbearbeitung bis zur Lösung des Problems","","Dienstleistung (Stunden)","","","","","0","0","Std","0.00","0.00","70.00","0.00","0.00","0.00","0.00","0 kg","","","","31.12.2018","","","","","","29.09.2007","nein","0.00","0.00","0.00","","","","","","","","","","","","",""
"","","","","","","","","","","","","","0.00","","0.00","","","0.00","","","","","","","","","","","","","","","","","","","","","","","","","","","",""
"D29","D","19.11.24 Einkauf Geschenke bei Offcut","","Dienstleistung","","","","","0","0","psch","0.00","0.00","88.50","0.00","11.63","0.00","0.00","0 kg","","","","01.12.2024","","","","","","02.01.2011","nein","0.00","0.00","0.00","","","","","","","","","","","","",""
"","","","","","","","","","","","","","0.00","","0.00","","","0.00","","","","","","","","","","","","","","","","","","","","","","","","","","","",""
"D12","D","19./20.1.2023 Problem mit internem Netz analysieren, Support vor Ort mit Bereitstellen eines Ersatz-Switch für den Switch im Büro von Rafael","","Dienstleistung (Stunden)","","","","","0","0","Std","0.00","0.00","70.00","0.00","0.00","0.00","0.00","0 kg","","","","28.06.2023","","","","","","29.09.2007","nein","0.00","0.00","0.00","","","","","","","","","","","","",""
"D12","D","19./20.1.2023 Problem mit internem Netz analysieren, Support vor Ort mit Bereitstellen eines Ersatz-Switch für den Switch im Büro von Rafael","","Dienstleistung (Stunden)","","","","","0","0","Std","0.00","0.00","70.00","0.00","0.00","0.00","0.00","0 kg","","","","29.06.2023","","","","","","29.09.2007","nein","0.00","0.00","0.00","","","","","","","","","","","","",""
"","","","","","","","","","","","","","0.00","","0.00","","","0.00","","","","","","","","","","","","","","","","","","","","","","","","","","","",""
"D12","D","19.6.2023 Problem mit Internetzugang untersuchen, Remote mit Hilfe von Virginia die Verkabelungen überprüfen, Server Neustart","","Dienstleistung (Stunden)","","","","","0","0","Std","0.00","0.00","70.00","0.00","0.00","0.00","0.00","0 kg","","","","28.06.2023","","","","","","29.09.2007","nein","0.00","0.00","0.00","","","","","","","","","","","","",""
"D12","D","19.6.2023 Problem mit Internetzugang untersuchen, Remote mit Hilfe von Virginia die Verkabelungen überprüfen, Server Neustart","","Dienstleistung (Stunden)","","","","","0","0","Std","0.00","0.00","70.00","0.00","0.00","0.00","0.00","0 kg","","","","29.06.2023","","","","","","29.09.2007","nein","0.00","0.00","0.00","","","","","","","","","","","","",""
"","","","","","","","","","","","","","0.00","","0.00","","","0.00","","","","","","","","","","","","","","","","","","","","","","","","","","","",""
"D12","D","19.8.2023 Abklärungen und Fragen beantworten zu kivitendo","","Dienstleistung (Stunden)","","","","","0","0","Std","0.00","0.00","100.00","0.00","0.00","0.00","0.00","0 kg","","","","01.12.2023","","","","","","29.09.2007","nein","0.00","0.00","0.00","","","","","","","","","","","","",""
"","","","","","","","","","","","","","0.00","","0.00","","","0.00","","","","","","","","","","","","","","","","","","","","","","","","","","","",""
"D13","D","19.9.2011, Support in Dietikon von Diego","","Dienstleistung","","","","","0","0","psch","0.00","0.00","100.00","0.00","32.50","0.00","0.00","0 kg","","","","09.11.2011","","","","","","29.09.2007","nein","0.00","0.00","0.00","","","","","","","","","","","","",""
"D13","D","19.9.2011, Support in Dietikon von Diego","","Dienstleistung","","","","","0","0","psch","0.00","0.00","100.00","0.00","32.50","0.00","0.00","0 kg","","","","21.05.2012","","","","","","29.09.2007","nein","0.00","0.00","0.00","","","","","","","","","","","","",""
"","","","","","","","","","","","","","0.00","","0.00","","","0.00","","","","","","","","","","","","","","","","","","","","","","","","","","","",""
"P3","W","19"" Monitor neu","","Peripheriegeräte neu","","","","","0","0","Stck","0.00","0.00","295.00","0.00","0.00","0.00","0.00","0 kg","","","","30.10.2007","","","","","","17.07.2007","nein","0.00","0.00","0.00","","","","","","","","","","","","",""
"P3","W","19"" Monitor neu","","Peripheriegeräte neu","","","","","0","0","Stck","0.00","0.00","295.00","0.00","0.00","0.00","0.00","0 kg","","","","05.11.2007","","","","","","17.07.2007","nein","0.00","0.00","0.00","","","","","","","","","","","","",""
"","","","","","","","","","","","","","0.00","","0.00","","","0.00","","","","","","","","","","","","","","","","","","","","","","","","","","","",""
"D12","D","1.9. Support","","Dienstleistung (Stunden)","","","","","0","0","Std","0.00","0.00","50.00","0.00","0.00","0.00","0.00","0 kg","","","","18.12.2011","","","","","","29.09.2007","nein","0.00","0.00","0.00","","","","","","","","","","","","",""
"","","","","","","","","","","","","","0.00","","0.00","","","0.00","","","","","","","","","","","","","","","","","","","","","","","","","","","",""
"P25","W","1 GB Arbeitsspeicher neu","","Hardwareteile neu","","","","","0","0","Stck","0.00","0.00","32.00","0.00","134.00","0.00","0.00","0 kg","","","","12.06.2013","","","","","","29.09.2007","nein","0.00","0.00","0.00","","","","","","","","","","","","",""
"","","","","","","","","","","","","","0.00","","0.00","","","0.00","","","","","","","","","","","","","","","","","","","","","","","","","","","",""
"P25","W","1GB DDR1-400 SO-DIMM","","Hardwareteile neu","","","","","0","0","Stck","0.00","0.00","42.00","0.00","134.00","0.00","0.00","0 kg","","","","03.02.2016","","","","","","29.09.2007","nein","0.00","0.00","0.00","","","","","","","","","","","","",""
"P25","W","1GB DDR1-400 SO-DIMM","","Hardwareteile neu","","","","","0","0","Stck","0.00","0.00","42.00","0.00","134.00","0.00","0.00","0 kg","","","","10.02.2016","","","","","","29.09.2007","nein","0.00","0.00","0.00","","","","","","","","","","","","",""
"","","","","","","","","","","","","","0.00","","0.00","","","0.00","","","","","","","","","","","","","","","","","","","","","","","","","","","",""
"P7","W","1GB DDR1 PC2700 Arbeitsspeicher","","Hardwareteile Occasion","","","","","0","0","Stck","0.00","0.00","35.00","0.00","14.32","0.00","0.00","0 kg","","","","25.12.2014","","","","","","09.08.2007","nein","0.00","0.00","0.00","","","","","","","","","","","","",""
"P7","W","1GB DDR1 PC2700 Arbeitsspeicher","","Hardwareteile Occasion","","","","","0","0","Stck","0.00","0.00","35.00","0.00","14.32","0.00","0.00","0 kg","","","","11.04.2015","","","","","","09.08.2007","nein","0.00","0.00","0.00","","","","","","","","","","","","",""
"","","","","","","","","","","","","","0.00","","0.00","","","0.00","","","","","","","","","","","","","","","","","","","","","","","","","","","",""
"P7","W","1 GB DDR-Ram 2100 184pin","","Hardwareteile Occasion","","","","","0","0","Stck","0.00","0.00","30.00","0.00","14.32","0.00","0.00","0 kg","","","","22.09.2009","","","","","","09.08.2007","nein","0.00","0.00","0.00","","","","","","","","","","","","",""
"","","","","","","","","","","","","","0.00","","0.00","","","0.00","","","","","","","","","","","","","","","","","","","","","","","","","","","",""
"P25","W","1 GB DDR-Ram So-Dimm","","Hardwareteile neu","","","","","0","0","Stck","0.00","0.00","50.00","0.00","134.00","0.00","0.00","0 kg","","","","22.10.2008","","","","","","29.09.2007","nein","0.00","0.00","0.00","","","","","","","","","","","","",""
"","","","","","","","","","","","","","0.00","","0.00","","","0.00","","","","","","","","","","","","","","","","","","","","","","","","","","","",""
"001698","W","1GB DIMM DDR2 RAM","","","","","","","0","0","Stck","0.00","0.00","10.00","0.00","0.00","0.00","0.00","0.023 kg","","","","29.05.2019","","","","","","03.06.2019","ja","0.00","0.00","0.00","","diverse","140","30","10","","","","","","","",""
"001698","W","1GB DIMM DDR2 RAM","","","","","","","0","0","Stck","0.00","0.00","10.00","0.00","0.00","0.00","0.00","0.023 kg","","","","03.06.2019","","","","","","03.06.2019","ja","0.00","0.00","0.00","","diverse","140","30","10","","","","","","","",""
"","","","","","","","","","","","","","0.00","","0.00","","","0.00","","","","","","","","","","","","","","","","","","","","","","","","","","","",""
"000756","W","1GB DIMM DDR RAM","","","","","","","0","0","Stck","24.00","0.00","24.00","0.00","0.00","0.00","0.00","0.022 kg","","","","01.10.2015","","","","","","13.07.2015","ja","0.00","0.00","0.00","","diverse","133","32","4","","","","","","","",""
"000756","W","1GB DIMM DDR RAM","","","","","","","0","0","Stck","24.00","0.00","24.00","0.00","0.00","0.00","0.00","0.022 kg","","","","23.12.2016","","","","","","13.07.2015","ja","0.00","0.00","0.00","","diverse","133","32","4","","","","","","","",""
"","","","","","","","","","","","","","0.00","","0.00","","","0.00","","","","","","","","","","","","","","","","","","","","","","","","","","","",""
"000756","W","1GB DIMM DDR RAM PC2700","","","","","","","0","0","Stck","24.00","0.00","24.00","0.00","0.00","0.00","0.00","0.022 kg","","","","07.06.2019","1469326-1218020, 1469326-1219013","","","","","13.07.2015","ja","0.00","0.00","0.00","","diverse","133","32","4","","","","","","","",""
"","","","","","","","","","","","","","0.00","","0.00","","","0.00","","","","","","","","","","","","","","","","","","","","","","","","","","","",""
"000756","W","1GB DIMM DDR RAM PC3200","","","","","","","0","0","Stck","24.00","0.00","24.00","0.00","0.00","0.00","0.00","0.022 kg","","","","13.07.2015","","","","","","13.07.2015","ja","0.00","0.00","0.00","","diverse","133","32","4","","","","","","","",""
"000756","W","1GB DIMM DDR RAM PC3200","","","","","","","0","0","Stck","24.00","0.00","20.00","0.00","0.00","0.00","0.00","0.022 kg","","","","14.07.2015","","","","","","13.07.2015","ja","0.00","0.00","0.00","","diverse","133","32","4","","","","","","","",""
"000756","W","1GB DIMM DDR RAM PC3200","","","","","","","0","0","Stck","24.00","0.00","24.00","0.00","0.00","0.00","0.00","0.022 kg","","","","06.07.2016","","","","","","13.07.2015","ja","0.00","0.00","0.00","","diverse","133","32","4","","","","","","","",""
"000756","W","1GB DIMM DDR RAM PC3200","","","","","","","0","0","Stck","24.00","0.00","24.00","0.00","0.00","0.00","0.00","0.022 kg","","","","09.07.2019","","","","","","13.07.2015","ja","0.00","0.00","0.00","","diverse","133","32","4","","","","","","","",""
"000756","W","1GB DIMM DDR RAM PC3200","","","","","","","0","0","Stck","24.00","0.00","24.00","0.00","0.00","0.00","0.00","0.022 kg","","","","29.07.2019","","","","","","13.07.2015","ja","0.00","0.00","0.00","","diverse","133","32","4","","","","","","","",""
"000756","W","1GB DIMM DDR RAM PC3200","","","","","","","0","0","Stck","24.00","0.00","15.00","0.00","0.00","0.00","0.00","0.022 kg","","","","17.12.2021","","","","","","13.07.2015","ja","0.00","0.00","0.00","","diverse","133","32","4","","","","","","","",""
"","","","","","","","","","","","","","0.00","","0.00","","","0.00","","","","","","","","","","","","","","","","","","","","","","","","","","","",""
"P33","W","1 GB Netzwerkkarte Occasion 3-Com","","Hardwareteile Occasion","","","","","0","0","Stck","0.00","0.00","15.00","0.00","0.00","0.00","0.00","0 kg","","","","23.07.2012","","","","","","03.12.2007","nein","0.00","0.00","0.00","","","","","","","","","","","","",""
"","","","","","","","","","","","","","0.00","","0.00","","","0.00","","","","","","","","","","","","","","","","","","","","","","","","","","","",""
"P117","W","1GB RAM 333MhZ Kingston 240Pin","","","","","","","0","0","Stck","0.00","0.00","20.00","0.00","0.00","0.00","0.00","0 kg","","","","04.04.2014","","","","","","04.04.2014","nein","0.00","0.00","0.00","","","","","","","","","","","","",""
"P117","W","1GB RAM 333MhZ Kingston 240Pin","","","","","","","0","0","Stck","0.00","0.00","20.00","0.00","0.00","0.00","0.00","0 kg","","","","12.03.2015","","","","","","04.04.2014","nein","0.00","0.00","0.00","","","","","","","","","","","","",""
"","","","","","","","","","","","","","0.00","","0.00","","","0.00","","","","","","","","","","","","","","","","","","","","","","","","","","","",""
"000750","W","1 GB RAM DDR 2","","","","","","","0","0","Stck","15.00","0.00","15.00","0.00","0.00","0.00","0.00","0.022 kg","","","","25.01.2019","","","","","","11.07.2016","ja","0.00","0.00","0.00","","diverse","133","32","4","","","","","","","",""
"","","","","","","","","","","","","","0.00","","0.00","","","0.00","","","","","","","","","","","","","","","","","","","","","","","","","","","",""
"P117","W","1GB RAM pc2-4200 Notebook","","","","","","","0","0","Stck","0.00","0.00","20.00","0.00","0.00","0.00","0.00","0 kg","","","","12.08.2015","","","","","","04.04.2014","nein","0.00","0.00","0.00","","","","","","","","","","","","",""
"P117","W","1GB RAM pc2-4200 Notebook","","","","","","","0","0","Stck","0.00","0.00","20.00","0.00","0.00","0.00","0.00","0 kg","","","","10.09.2015","","","","","","04.04.2014","nein","0.00","0.00","0.00","","","","","","","","","","","","",""
"","","","","","","","","","","","","","0.00","","0.00","","","0.00","","","","","","","","","","","","","","","","","","","","","","","","","","","",""
"P59","W","1 HE Transtec-Server CL321WXU5R-A mit SuperMicro X7DWU Mainboard","","Computer Occasion","","","","","0","0","Stck","0.00","0.00","200.00","0.00","129.00","0.00","0.00","0 kg","","","","09.03.2016","","","","","","29.01.2009","nein","0.00","0.00","0.00","","","","","","","","","","","","",""
"P59","W","1 HE Transtec-Server CL321WXU5R-A mit SuperMicro X7DWU Mainboard","","Computer Occasion","","","","","0","0","Stck","0.00","0.00","200.00","0.00","129.00","0.00","0.00","0 kg","","","","31.12.2017","","","","","","29.01.2009","nein","0.00","0.00","0.00","","","","","","","","","","","","",""
"","","","","","","","","","","","","","0.00","","0.00","","","0.00","","","","","","","","","","","","","","","","","","","","","","","","","","","",""
"D10","D","1. HP Laptop dv5, defekten Screen ersetzen. 120CHF 2. HP Laptop ProBook 4730, Windows löschen,Linux Installation und Konfiguration pauschal. 100 CHF","","Dienstleistung","","","","","0","0","psch","0.00","0.00","100.00","0.00","0.00","0.00","0.00","0 kg","","","","11.08.2015","","","","","","23.08.2007","nein","0.00","0.00","0.00","","","","","","","","","","","","",""
"","","","","","","","","","","","","","0.00","","0.00","","","0.00","","","","","","","","","","","","","","","","","","","","","","","","","","","",""
"P65","W","1km Cat 7 Netzwerk-Verlege-Kabel 4x2xAWG23, PIMF, 1000Mhz, bis 10Gbps, halogenfrei","","Zubehör","","","","","0","0","Stck","0.00","0.00","800.00","0.00","0.00","0.00","0.00","0 kg","","","","18.07.2013","","","","","","23.08.2007","nein","0.00","0.00","0.00","","","","","","","","","","","","",""
"","","","","","","","","","","","","","0.00","","0.00","","","0.00","","","","","","","","","","","","","","","","","","","","","","","","","","","",""
"003527","W","1 Paar TCN Basreflex Lautsprecher","","","","","","","0","0","Stck","0.00","0.00","25.00","0.00","0.00","0.00","0.00","55 kg","","","","","","","","","","22.03.2021","ja","0.00","0.00","0.00","","unbekannt","650","300","0","","","","","","","",""
"","","","","","","","","","","","","","0.00","","0.00","","","0.00","","","","","","","","","","","","","","","","","","","","","","","","","","","",""
"Achtung: Bestehenden Artikel auswählen oder zuerst im Webshop erfassen!1","WE","1 x Tastatur CH (schweiz) schwarz Original für Packard Bell EasyNote TE69KB-12508G75Mnsk","","","","","","","0","0","Stck","0.00","0.00","0.00","0.00","51.12","0.00","0.00","0 kg","","","","","","","","","","17.01.2019","nein","0.00","0.00","0.00","","","","","","","","","","","","",""
"","","","","","","","","","","","","","0.00","","0.00","","","0.00","","","","","","","","","","","","","","","","","","","","","","","","","","","",""
"D12","D","2019 Support beim Lösen von diversen E-Mail-Problemen","","Dienstleistung (Stunden)","","","","","0","0","Std","0.00","0.00","100.00","0.00","0.00","0.00","0.00","0 kg","","","","06.04.2022","","","","","","29.09.2007","nein","0.00","0.00","0.00","","","","","","","","","","","","",""
"","","","","","","","","","","","","","0.00","","0.00","","","0.00","","","","","","","","","","","","","","","","","","","","","","","","","","","",""
"P12","W","2060-771961-001 REV A Western Digital PCB WD Hard Drive Logic Controller Board, Artikel-Nummer Lieferant: 131749037520 Preis in US$: 18.80","","Zubehör","","","","","0","0","Stck","0.00","0.00","19.65","0.00","16.81","0.00","0.00","0 kg","","","","10.03.2017","","","","","","17.08.2007","nein","0.00","0.00","0.00","","","","","","","","","","","","",""
"","","","","","","","","","","","","","0.00","","0.00","","","0.00","","","","","","","","","","","","","","","","","","","","","","","","","","","",""
"D2","D","20.6.2022 IT-Koordinations-Sitzung Talent Schweiz mit Matthias Weiss und Emil Horber","","Dienstleistung","","","","","0","0","Std","0.00","0.00","30.00","0.00","0.00","0.00","0.00","0 kg","","","","05.10.2022","","","","","","13.06.2007","nein","0.00","0.00","0.00","","","","","","","","","","","","",""
"","","","","","","","","","","","","","0.00","","0.00","","","0.00","","","","","","","","","","","","","","","","","","","","","","","","","","","",""
"D12","D","20.9.2022 Fehlersuche wegen SRE5550 - von Hand schon erzeugt, aber per. Rechnungen immer noch aktiv","","Dienstleistung (Stunden)","","","","","0","0","Std","0.00","0.00","100.00","0.00","0.00","0.00","0.00","0 kg","","","","28.10.2022","","","","","","29.09.2007","nein","0.00","0.00","0.00","","","","","","","","","","","","",""
"","","","","","","","","","","","","","0.00","","0.00","","","0.00","","","","","","","","","","","","","","","","","","","","","","","","","","","",""
"P3","W","20"" LCD Monitor 1600x1200","","Peripheriegeräte neu","","","","","0","0","Stck","0.00","0.00","400.00","0.00","0.00","0.00","0.00","0 kg","","","","21.12.2010","","","","","","17.07.2007","nein","0.00","0.00","0.00","","","","","","","","","","","","",""
"P3","W","20"" LCD Monitor 1600x1200","","Peripheriegeräte neu","","","","","0","0","Stck","0.00","0.00","400.00","0.00","0.00","0.00","0.00","0 kg","","","","12.07.2011","","","","","","17.07.2007","nein","0.00","0.00","0.00","","","","","","","","","","","","",""
"","","","","","","","","","","","","","0.00","","0.00","","","0.00","","","","","","","","","","","","","","","","","","","","","","","","","","","",""
"D12","D","21./23./27./28.6/5./7.7.2011 Support Karel Kulhavy: Scanner Konfiguration etc, Performanceprobleme (Verrechnung 5.75 statt 11.5 Stunden)","","Dienstleistung (Stunden)","","","","","0","0","Std","0.00","0.00","40.00","0.00","0.00","0.00","0.00","0 kg","","","","15.07.2011","","","","","","29.09.2007","nein","0.00","0.00","0.00","","","","","","","","","","","","",""
"","","","","","","","","","","","","","0.00","","0.00","","","0.00","","","","","","","","","","","","","","","","","","","","","","","","","","","",""
"D12","D","2.12. Support in Winterthur, Pendenzen erledigen, Beratung Markus und Claudio","","Dienstleistung (Stunden)","","","","","0","0","Std","0.00","0.00","50.00","0.00","0.00","0.00","0.00","0 kg","","","","18.12.2011","","","","","","29.09.2007","nein","0.00","0.00","0.00","","","","","","","","","","","","",""
"","","","","","","","","","","","","","0.00","","0.00","","","0.00","","","","","","","","","","","","","","","","","","","","","","","","","","","",""
"D14","D","21.3.2023 Anpassung Kivitendo: Soll- bzw. Aufwandskonto können nun im Kreditorenbericht angezeigt werden.","","Dienstleistung","","","","","0","0","Std","0.00","0.00","100.00","0.00","0.00","0.00","0.00","0 kg","","","","28.02.2023","","","","","","29.09.2007","nein","0.00","0.00","0.00","","","","","","","","","","","","",""
"D14","D","21.3.2023 Anpassung Kivitendo: Soll- bzw. Aufwandskonto können nun im Kreditorenbericht angezeigt werden.","","Dienstleistung","","","","","0","0","Std","0.00","0.00","100.00","0.00","0.00","0.00","0.00","0 kg","","","","21.03.2023","","","","","","29.09.2007","nein","0.00","0.00","0.00","","","","","","","","","","","","",""
"","","","","","","","","","","","","","0.00","","0.00","","","0.00","","","","","","","","","","","","","","","","","","","","","","","","","","","",""
"D14","D","21.4.2023 Erstellen eines benutzerdefinierten Berichts mit allen in einem bestimmten Zeitraum bezahlten Debitoren","","Dienstleistung","","","","","0","0","Std","0.00","0.00","100.00","0.00","0.00","0.00","0.00","0 kg","","","","16.02.2023","","","","","","29.09.2007","nein","0.00","0.00","0.00","","","","","","","","","","","","",""
"D14","D","21.4.2023 Erstellen eines benutzerdefinierten Berichts mit allen in einem bestimmten Zeitraum bezahlten Debitoren","","Dienstleistung","","","","","0","0","Std","0.00","0.00","100.00","0.00","0.00","0.00","0.00","0 kg","","","","21.04.2023","","","","","","29.09.2007","nein","0.00","0.00","0.00","","","","","","","","","","","","",""
"","","","","","","","","","","","","","0.00","","0.00","","","0.00","","","","","","","","","","","","","","","","","","","","","","","","","","","",""
"D12","D","22.12.2011 Anpassen der An- und Abmeldeseite für Mailman sowie der Bestätigungsseite","","Dienstleistung (Stunden)","","","","","0","0","Std","0.00","0.00","50.00","0.00","0.00","0.00","0.00","0 kg","","","","05.06.2012","","","","","","29.09.2007","nein","0.00","0.00","0.00","","","","","","","","","","","","",""
"","","","","","","","","","","","","","0.00","","0.00","","","0.00","","","","","","","","","","","","","","","","","","","","","","","","","","","",""
"samsung2243","WH","2243 samsung synchmaster","","","","","","","0","0","Stck","0.00","0.00","75.00","0.00","0.00","0.00","0.00","0 kg","","","","13.03.2019","","","","","","13.03.2019","nein","0.00","0.00","0.00","","","","","","","","","","","","",""
"","","","","","","","","","","","","","0.00","","0.00","","","0.00","","","","","","","","","","","","","","","","","","","","","","","","","","","",""
"D12","D","22.8. Support in Zürich","","Dienstleistung (Stunden)","","","","","0","0","Std","0.00","0.00","50.00","0.00","0.00","0.00","0.00","0 kg","","","","18.12.2011","","","","","","29.09.2007","nein","0.00","0.00","0.00","","","","","","","","","","","","",""
"D12","D","22.8. Support in Zürich","","Dienstleistung (Stunden)","","","","","0","0","Std","0.00","0.00","50.00","0.00","0.00","0.00","0.00","0 kg","","","","05.06.2012","","","","","","29.09.2007","nein","0.00","0.00","0.00","","","","","","","","","","","","",""
"","","","","","","","","","","","","","0.00","","0.00","","","0.00","","","","","","","","","","","","","","","","","","","","","","","","","","","",""
"D12","D","23.11.2015 Support in Winterthur","","Dienstleistung (Stunden)","","","","","0","0","Std","0.00","0.00","50.00","0.00","0.00","0.00","0.00","0 kg","","","","01.05.2014","","","","","","29.09.2007","nein","0.00","0.00","0.00","","","","","","","","","","","","",""
"D12","D","23.11.2015 Support in Winterthur","","Dienstleistung (Stunden)","","","","","0","0","Std","0.00","0.00","50.00","0.00","0.00","0.00","0.00","0 kg","","","","29.12.2015","","","","","","29.09.2007","nein","0.00","0.00","0.00","","","","","","","","","","","","",""
"","","","","","","","","","","","","","0.00","","0.00","","","0.00","","","","","","","","","","","","","","","","","","","","","","","","","","","",""
"D2","D","23.12.2010 Auswertungssitzung erster Kurs, Besprechen der weiteren Schritte mit Andreas Rudin und Jakob Kägi","","Dienstleistung","","","","","0","0","Std","0.00","0.00","70.00","0.00","0.00","0.00","0.00","0 kg","","","","13.02.2011","","","","","","13.06.2007","nein","0.00","0.00","0.00","","","","","","","","","","","","",""
"","","","","","","","","","","","","","0.00","","0.00","","","0.00","","","","","","","","","","","","","","","","","","","","","","","","","","","",""
"D12","D","2.3.2012 HP 1020 Laserdrucker auf Mac eingerichtet, Anleitung zur Scannernutzung, Tipps zu Calc-Tabellen, Konfiguration des Jet-Laptops und des Swisscom ADSL-Modems für SSH-Zugang","","Dienstleistung (Stunden)","","","","","0","0","Std","0.00","0.00","50.00","0.00","0.00","0.00","0.00","0 kg","","","","05.06.2012","","","","","","29.09.2007","nein","0.00","0.00","0.00","","","","","","","","","","","","",""
"","","","","","","","","","","","","","0.00","","0.00","","","0.00","","","","","","","","","","","","","","","","","","","","","","","","","","","",""
"D12","D","23.4.2012 Blockade in Joomla wegen zu grossem Bild lösen, Menü-Anpassungen auf der Website, Suchmaske angepasst, Permakultur-News angepasst, SMTP-Einstellungen bei Thunderbird angepasst,","","Dienstleistung (Stunden)","","","","","0","0","Std","0.00","0.00","50.00","0.00","0.00","0.00","0.00","0 kg","","","","05.06.2012","","","","","","29.09.2007","nein","0.00","0.00","0.00","","","","","","","","","","","","",""
"","","","","","","","","","","","","","0.00","","0.00","","","0.00","","","","","","","","","","","","","","","","","","","","","","","","","","","",""
"D12","D","23.6.2016 Einrichten der Mailkonten für Kurs in Wetzikon","","Dienstleistung (Stunden)","","","","","0","0","Std","0.00","0.00","70.00","0.00","0.00","0.00","0.00","0 kg","","","","07.03.2016","","","","","","29.09.2007","nein","0.00","0.00","0.00","","","","","","","","","","","","",""
"D12","D","23.6.2016 Einrichten der Mailkonten für Kurs in Wetzikon","","Dienstleistung (Stunden)","","","","","0","0","Std","0.00","0.00","70.00","0.00","0.00","0.00","0.00","0 kg","","","","09.09.2016","","","","","","29.09.2007","nein","0.00","0.00","0.00","","","","","","","","","","","","",""
"","","","","","","","","","","","","","0.00","","0.00","","","0.00","","","","","","","","","","","","","","","","","","","","","","","","","","","",""
"D12","D","23.6.2021 Telefon-Support wegen Internet-Unterbruch nach Umstecken des Glasfaser-Konverters, Neu Starten der Firewall-Workstation, Telefon mit Init7","","Dienstleistung (Stunden)","","","","","0","0","Std","0.00","0.00","70.00","0.00","0.00","0.00","0.00","0 kg","","","","02.06.2021","","","","","","29.09.2007","nein","0.00","0.00","0.00","","","","","","","","","","","","",""
"D12","D","23.6.2021 Telefon-Support wegen Internet-Unterbruch nach Umstecken des Glasfaser-Konverters, Neu Starten der Firewall-Workstation, Telefon mit Init7","","Dienstleistung (Stunden)","","","","","0","0","Std","0.00","0.00","70.00","0.00","0.00","0.00","0.00","0 kg","","","","05.08.2022","","","","","","29.09.2007","nein","0.00","0.00","0.00","","","","","","","","","","","","",""
"","","","","","","","","","","","","","0.00","","0.00","","","0.00","","","","","","","","","","","","","","","","","","","","","","","","","","","",""
"D14","D","23.7.2024 Benutzerdefinierter Bericht 'Alle Informationen aus Rechnungen auflisten' erstellt","","Dienstleistung","","","","","0","0","Std","0.00","0.00","100.00","0.00","0.00","0.00","0.00","0 kg","","","","24.07.2024","","","","","","29.09.2007","nein","0.00","0.00","0.00","","","","","","","","","","","","",""
"","","","","","","","","","","","","","0.00","","0.00","","","0.00","","","","","","","","","","","","","","","","","","","","","","","","","","","",""
"D12","D","23.9. Support in Winterthur","","Dienstleistung (Stunden)","","","","","0","0","Std","0.00","0.00","50.00","0.00","0.00","0.00","0.00","0 kg","","","","18.12.2011","","","","","","29.09.2007","nein","0.00","0.00","0.00","","","","","","","","","","","","",""
"","","","","","","","","","","","","","0.00","","0.00","","","0.00","","","","","","","","","","","","","","","","","","","","","","","","","","","",""
"D27","D","23. bis 31.8. Installation eines Tux-on-Ice Kernels mit Spezialfunktionen für die Ruhestellung auf dem JET-Laptop, Anpassen der Konfiguration, verschiedene Testläufe, Einrichten des Thinkpad-Laptops wie den JET-Laptop, ausser dass nur die wichtigsten Daten dort gespeichert werden","","Dienstleistung","","","","","0","0","Std","0.00","0.00","50.00","0.00","0.00","0.00","0.00","0 kg","","","","18.12.2011","","","","","","23.11.2010","nein","0.00","0.00","0.00","","","","","","","","","","","","",""
"D27","D","23. bis 31.8. Installation eines Tux-on-Ice Kernels mit Spezialfunktionen für die Ruhestellung auf dem JET-Laptop, Anpassen der Konfiguration, verschiedene Testläufe, Einrichten des Thinkpad-Laptops wie den JET-Laptop, ausser dass nur die wichtigsten Daten dort gespeichert werden","","Dienstleistung","","","","","0","0","Std","0.00","0.00","50.00","0.00","0.00","0.00","0.00","0 kg","","","","05.06.2012","","","","","","23.11.2010","nein","0.00","0.00","0.00","","","","","","","","","","","","",""
"","","","","","","","","","","","","","0.00","","0.00","","","0.00","","","","","","","","","","","","","","","","","","","","","","","","","","","",""
"D12","D","2.4.08 Support","","Dienstleistung (Stunden)","","","","","0","0","Std","0.00","0.00","50.00","0.00","0.00","0.00","0.00","0 kg","","","","02.04.2008","","","","","","29.09.2007","nein","0.00","0.00","0.00","","","","","","","","","","","","",""
"","","","","","","","","","","","","","0.00","","0.00","","","0.00","","","","","","","","","","","","","","","","","","","","","","","","","","","",""
"D14","D","24.5.23 Workflow von Kundenmaske zu Debitorenbuchung einrichten plus automatische Vergabe von Rechnungsnummern D...","","Dienstleistung","","","","","0","0","Std","0.00","0.00","100.00","0.00","0.00","0.00","0.00","0 kg","","","","23.09.2023","","","","","","29.09.2007","nein","0.00","0.00","0.00","","","","","","","","","","","","",""
"D14","D","24.5.23 Workflow von Kundenmaske zu Debitorenbuchung einrichten plus automatische Vergabe von Rechnungsnummern D...","","Dienstleistung","","","","","0","0","Std","0.00","0.00","100.00","0.00","0.00","0.00","0.00","0 kg","","","","25.09.2023","","","","","","29.09.2007","nein","0.00","0.00","0.00","","","","","","","","","","","","",""
"","","","","","","","","","","","","","0.00","","0.00","","","0.00","","","","","","","","","","","","","","","","","","","","","","","","","","","",""
"D12","D","24.5. und 1.6.2016 Einrichten der Mailkonten für Kurs in Zürich","","Dienstleistung (Stunden)","","","","","0","0","Std","0.00","0.00","70.00","0.00","0.00","0.00","0.00","0 kg","","","","07.03.2016","","","","","","29.09.2007","nein","0.00","0.00","0.00","","","","","","","","","","","","",""
"D12","D","24.5. und 1.6.2016 Einrichten der Mailkonten für Kurs in Zürich","","Dienstleistung (Stunden)","","","","","0","0","Std","0.00","0.00","70.00","0.00","0.00","0.00","0.00","0 kg","","","","09.09.2016","","","","","","29.09.2007","nein","0.00","0.00","0.00","","","","","","","","","","","","",""
"","","","","","","","","","","","","","0.00","","0.00","","","0.00","","","","","","","","","","","","","","","","","","","","","","","","","","","",""
"D14","D","24.8.2015 Kleinere Anpassungen Website pacific-holding.eu","","Dienstleistung","","","","","0","0","Std","0.00","0.00","70.00","0.00","0.00","0.00","0.00","0 kg","","","","07.07.2014","","","","","","29.09.2007","nein","0.00","0.00","0.00","","","","","","","","","","","","",""
"D14","D","24.8.2015 Kleinere Anpassungen Website pacific-holding.eu","","Dienstleistung","","","","","0","0","Std","0.00","0.00","70.00","0.00","0.00","0.00","0.00","0 kg","","","","30.06.2015","","","","","","29.09.2007","nein","0.00","0.00","0.00","","","","","","","","","","","","",""
"","","","","","","","","","","","","","0.00","","0.00","","","0.00","","","","","","","","","","","","","","","","","","","","","","","","","","","",""
"D12","D","24.9.2021 Unterstützung beim Einrichten eines Nextcloud-Kalenders mit Telefonsupport","","Dienstleistung (Stunden)","","","","","0","0","Std","0.00","0.00","100.00","0.00","0.00","0.00","0.00","0 kg","","","","15.09.2021","","","","","","29.09.2007","nein","0.00","0.00","0.00","","","","","","","","","","","","",""
"D12","D","24.9.2021 Unterstützung beim Einrichten eines Nextcloud-Kalenders mit Telefonsupport","","Dienstleistung (Stunden)","","","","","0","0","Std","0.00","0.00","100.00","0.00","0.00","0.00","0.00","0 kg","","","","30.10.2021","","","","","","29.09.2007","nein","0.00","0.00","0.00","","","","","","","","","","","","",""
"","","","","","","","","","","","","","0.00","","0.00","","","0.00","","","","","","","","","","","","","","","","","","","","","","","","","","","",""
"D14","D","24.9.23 Bericht Toiletten in Vermietung ergänzt durch 'Lager Vermietung' und 'Lager Service'","","Dienstleistung","","","","","0","0","Std","0.00","0.00","100.00","0.00","0.00","0.00","0.00","0 kg","","","","23.09.2023","","","","","","29.09.2007","nein","0.00","0.00","0.00","","","","","","","","","","","","",""
"D14","D","24.9.23 Bericht Toiletten in Vermietung ergänzt durch 'Lager Vermietung' und 'Lager Service'","","Dienstleistung","","","","","0","0","Std","0.00","0.00","100.00","0.00","0.00","0.00","0.00","0 kg","","","","25.09.2023","","","","","","29.09.2007","nein","0.00","0.00","0.00","","","","","","","","","","","","",""
"","","","","","","","","","","","","","0.00","","0.00","","","0.00","","","","","","","","","","","","","","","","","","","","","","","","","","","",""
"P9","W","24 Port Netzwerkswitch 10/100 Mbit plus 1x Gigabit","","Hardwareteile neu","","","","","0","0","Stck","0.00","0.00","30.00","0.00","0.00","0.00","0.00","0 kg","","","","18.05.2012","","","","","","09.08.2007","nein","0.00","0.00","0.00","","","","","","","","","","","","",""
"","","","","","","","","","","","","","0.00","","0.00","","","0.00","","","","","","","","","","","","","","","","","","","","","","","","","","","",""
"000288","W","250GB SATA Festplatten","","","","","","","11","0","Stck","38.00","418.00","0.00","0.00","0.00","0.00","0.00","0.75 kg","","","","05.09.2019","","","","","","05.05.2014","ja","0.00","0.00","0.00","","Seagate","147","102","25","","","","","","","",""
"","","","","","","","","","","","","","418.00","","0.00","","","0.00","","","","","","","","","","","","","","","","","","","","","","","","","","","",""
"000202","W","250 GB SSD Festplatte","","","","","","","0","0","Stck","0.00","0.00","50.00","0.00","0.00","0.00","0.00","0 kg","","","","24.11.2022","","","","","","24.07.2012","ja","0.00","0.00","0.00","","diverse","0","0","0","","","","","","","",""
"","","","","","","","","","","","","","0.00","","0.00","","","0.00","","","","","","","","","","","","","","","","","","","","","","","","","","","",""
"W00500","WH","250GB SSD To 500 GB SSD","","Peripheriegeräte neu","","","","","0","1","Stck","0.00","0.00","20.00","0.00","80.58","0.00","0.00","0 kg","","","","25.08.2023","","","","","","25.06.2019","nein","0.00","0.00","0.00","","","","","","","","","","","","",""
"","","","","","","","","","","","","","0.00","","0.00","","","0.00","","","","","","","","","","","","","","","","","","","","","","","","","","","",""
"D12","D","25.11.2021 Kivitendo Support siehe E-Mail","","Dienstleistung (Stunden)","","","","","0","0","Std","0.00","0.00","100.00","0.00","0.00","0.00","0.00","0 kg","","","","04.12.2021","","","","","","29.09.2007","nein","0.00","0.00","0.00","","","","","","","","","","","","",""
"","","","","","","","","","","","","","0.00","","0.00","","","0.00","","","","","","","","","","","","","","","","","","","","","","","","","","","",""
"P8","W","2.5"" 40GB IDE Festplatte (Occasion)","","Hardwareteile Occasion","","","","","0","0","Stck","0.00","0.00","30.00","0.00","0.00","0.00","0.00","0 kg","","","","24.11.2017","","","","","","09.08.2007","nein","0.00","0.00","0.00","","","","","","","","","","","","",""
"P8","W","2.5"" 40GB IDE Festplatte (Occasion)","","Hardwareteile Occasion","","","","","0","0","Stck","0.00","0.00","30.00","0.00","0.00","0.00","0.00","0 kg","","","","12.12.2017","","","","","","09.08.2007","nein","0.00","0.00","0.00","","","","","","","","","","","","",""
"","","","","","","","","","","","","","0.00","","0.00","","","0.00","","","","","","","","","","","","","","","","","","","","","","","","","","","",""
"D12","D","25.4.23 Antwort an Sabine zum Anlegen von neuen Buchungskonten","","Dienstleistung (Stunden)","","","","","0","0","Std","0.00","0.00","100.00","0.00","0.00","0.00","0.00","0 kg","","","","23.09.2023","","","","","","29.09.2007","nein","0.00","0.00","0.00","","","","","","","","","","","","",""
"D12","D","25.4.23 Antwort an Sabine zum Anlegen von neuen Buchungskonten","","Dienstleistung (Stunden)","","","","","0","0","Std","0.00","0.00","100.00","0.00","0.00","0.00","0.00","0 kg","","","","25.09.2023","","","","","","29.09.2007","nein","0.00","0.00","0.00","","","","","","","","","","","","",""
"","","","","","","","","","","","","","0.00","","0.00","","","0.00","","","","","","","","","","","","","","","","","","","","","","","","","","","",""
"000202","W","256 GB SSD","","","","","","","0","0","Stck","0.00","0.00","20.00","0.00","0.00","0.00","0.00","0 kg","","","","09.07.2024","","","","","","24.07.2012","ja","0.00","0.00","0.00","","diverse","0","0","0","","","","","","","",""
"000202","W","256 GB SSD","","","","","","","0","0","Stck","0.00","0.00","20.00","0.00","0.00","0.00","0.00","0 kg","","","","09.07.2024","","","","","","24.07.2012","ja","0.00","0.00","0.00","","diverse","0","0","0","","","","","","","",""
"","","","","","","","","","","","","","0.00","","0.00","","","0.00","","","","","","","","","","","","","","","","","","","","","","","","","","","",""
"000343","W","256MB DIMM DDR RAM 184pin","","","","","","","0","0","Stck","0.00","0.00","10.00","0.00","0.00","0.00","0.00","0.018 kg","","","","","","","","","","06.11.2019","ja","0.00","0.00","0.00","","diverse","133","32","2.5","","","","","","","",""
"","","","","","","","","","","","","","0.00","","0.00","","","0.00","","","","","","","","","","","","","","","","","","","","","","","","","","","",""
"001699","W","256MB Ram","","","","","","","0","0","Stck","0.00","0.00","20.00","0.00","0.00","0.00","0.00","0.023 kg","","","","24.11.2017","","","","","","29.07.2016","ja","0.00","0.00","0.00","","diverse","140","30","10","","","","","","","",""
"","","","","","","","","","","","","","0.00","","0.00","","","0.00","","","","","","","","","","","","","","","","","","","","","","","","","","","",""
"P7","W","256 MB SDRAM","","Hardwareteile Occasion","","","","","0","0","Stck","0.00","0.00","25.00","0.00","14.32","0.00","0.00","0 kg","","","","31.10.2007","","","","","","09.08.2007","nein","0.00","0.00","0.00","","","","","","","","","","","","",""
"","","","","","","","","","","","","","0.00","","0.00","","","0.00","","","","","","","","","","","","","","","","","","","","","","","","","","","",""
"002583","W","256 MB SDRAM DIMM 168pin 133 MHZ","","","","","","","40","0","Stck","0.00","0.00","15.00","600.00","0.00","0.00","0.00","0.03 kg","","","","30.01.2023","","","","","","06.11.2019","ja","0.00","0.00","0.00","","diverse","134","32","4","","","","","","","",""
"002583","W","256 MB SDRAM DIMM 168pin 133 MHZ","","","","","","","40","0","Stck","0.00","0.00","15.00","600.00","0.00","0.00","0.00","0.03 kg","","","","31.01.2023","","","","","","06.11.2019","ja","0.00","0.00","0.00","","diverse","134","32","4","","","","","","","",""
"002583","W","256 MB SDRAM DIMM 168pin 133 MHZ","","","","","","","40","0","Stck","0.00","0.00","15.00","600.00","0.00","0.00","0.00","0.03 kg","","","","11.12.2023","","","","","","06.11.2019","ja","0.00","0.00","0.00","","diverse","134","32","4","","","","","","","",""
"002583","W","256 MB SDRAM DIMM 168pin 133 MHZ","","","","","","","40","0","Stck","0.00","0.00","15.00","600.00","0.00","0.00","0.00","0.03 kg","","","","11.12.2023","","","","","","06.11.2019","ja","0.00","0.00","0.00","","diverse","134","32","4","","","","","","","",""
"002583","W","256 MB SDRAM DIMM 168pin 133 MHZ","","","","","","","40","0","Stck","0.00","0.00","15.00","600.00","0.00","0.00","0.00","0.03 kg","","","","28.10.2024","","","","","","06.11.2019","ja","0.00","0.00","0.00","","diverse","134","32","4","","","","","","","",""
"002583","W","256 MB SDRAM DIMM 168pin 133 MHZ","","","","","","","40","0","Stck","0.00","0.00","15.00","600.00","0.00","0.00","0.00","0.03 kg","","","","23.01.2025","","","","","","06.11.2019","ja","0.00","0.00","0.00","","diverse","134","32","4","","","","","","","",""
"","","","","","","","","","","","","","0.00","","3'600.00","","","0.00","","","","","","","","","","","","","","","","","","","","","","","","","","","",""
"001008","W","256MB SO-DIMM DDR1","","","","","","","0","0","Stck","20.00","0.00","20.00","0.00","0.00","0.00","0.00","9.25 kg","","","","14.07.2015","","","","","","14.07.2015","ja","0.00","0.00","0.00","","Brother","370","380","240","","","","","","","",""
"","","","","","","","","","","","","","0.00","","0.00","","","0.00","","","","","","","","","","","","","","","","","","","","","","","","","","","",""
"D27","D","25.9.23 Neu installierte 8 TB Festplatte in Raid-Verbund auf dem Nextcloud-Server aufnehmen und Daten synchronisieren","","Dienstleistung","","","","","0","0","Std","0.00","0.00","100.00","0.00","0.00","0.00","0.00","0 kg","","","","09.04.2023","","","","","","23.11.2010","nein","0.00","0.00","0.00","","","","","","","","","","","","",""
"D27","D","25.9.23 Neu installierte 8 TB Festplatte in Raid-Verbund auf dem Nextcloud-Server aufnehmen und Daten synchronisieren","","Dienstleistung","","","","","0","0","Std","0.00","0.00","100.00","0.00","0.00","0.00","0.00","0 kg","","","","25.09.2023","","","","","","23.11.2010","nein","0.00","0.00","0.00","","","","","","","","","","","","",""
"","","","","","","","","","","","","","0.00","","0.00","","","0.00","","","","","","","","","","","","","","","","","","","","","","","","","","","",""
"002943","W","2.5"" Externes Festplattengehäuse","","","","","","","0","0","Stck","0.00","0.00","20.00","0.00","0.00","0.00","0.00","0.11 kg","","","","02.07.2024","","","","","","06.11.2019","ja","0.00","0.00","0.00","","unbekannt","125","75","20","","","","","","","",""
"","","","","","","","","","","","","","0.00","","0.00","","","0.00","","","","","","","","","","","","","","","","","","","","","","","","","","","",""
"P8","W","2.5"" Festplatte 250 GB SSD","","Hardwareteile Occasion","","","","","0","0","Stck","0.00","0.00","50.00","0.00","0.00","0.00","0.00","0 kg","","","","29.05.2019","","","","","","09.08.2007","nein","0.00","0.00","0.00","","","","","","","","","","","","",""
"P8","W","2.5"" Festplatte 250 GB SSD","","Hardwareteile Occasion","","","","","0","0","Stck","0.00","0.00","50.00","0.00","0.00","0.00","0.00","0 kg","","","","17.07.2019","","","","","","09.08.2007","nein","0.00","0.00","0.00","","","","","","","","","","","","",""
"","","","","","","","","","","","","","0.00","","0.00","","","0.00","","","","","","","","","","","","","","","","","","","","","","","","","","","",""
"D14","D","26.1.2023 Korrekturen Website: Seite von Yves Marchal","","Dienstleistung","","","","","0","0","Std","0.00","0.00","100.00","0.00","0.00","0.00","0.00","0 kg","","","","06.04.2023","","","","","","29.09.2007","nein","0.00","0.00","0.00","","","","","","","","","","","","",""
"D14","D","26.1.2023 Korrekturen Website: Seite von Yves Marchal","","Dienstleistung","","","","","0","0","Std","0.00","0.00","100.00","0.00","0.00","0.00","0.00","0 kg","","","","24.10.2023","","","","","","29.09.2007","nein","0.00","0.00","0.00","","","","","","","","","","","","",""
"","","","","","","","","","","","","","0.00","","0.00","","","0.00","","","","","","","","","","","","","","","","","","","","","","","","","","","",""
"D12","D","26./27./30./31.5./1.6.2011 Support Karel Kulhavy: Arbeiten zum Verbessern der Performance des LTSP-Systems (Verrechnung 5.75 statt 1.5 Stunden)","","Dienstleistung (Stunden)","","","","","0","0","Std","0.00","0.00","40.00","0.00","0.00","0.00","0.00","0 kg","","","","15.07.2011","","","","","","29.09.2007","nein","0.00","0.00","0.00","","","","","","","","","","","","",""
"","","","","","","","","","","","","","0.00","","0.00","","","0.00","","","","","","","","","","","","","","","","","","","","","","","","","","","",""
"D14","D","26.6.2024 Anpassung Kivitendo bezüglich offener Aufträge für Vorschau-Tool und Bericht 'Toiletten in Vermietung'","","Dienstleistung","","","","","0","0","Std","0.00","0.00","100.00","0.00","0.00","0.00","0.00","0 kg","","","","24.07.2024","","","","","","29.09.2007","nein","0.00","0.00","0.00","","","","","","","","","","","","",""
"","","","","","","","","","","","","","0.00","","0.00","","","0.00","","","","","","","","","","","","","","","","","","","","","","","","","","","",""
"D12","D","26.6.2024 Support und Beratung für die Umstellung der Firma auf Linux und OpenSource Programme","","Dienstleistung (Stunden)","","","","","0","0","Std","0.00","0.00","100.00","0.00","0.00","0.00","0.00","0 kg","","","","29.06.2024","","","","","","29.09.2007","nein","0.00","0.00","0.00","","","","","","","","","","","","",""
"","","","","","","","","","","","","","0.00","","0.00","","","0.00","","","","","","","","","","","","","","","","","","","","","","","","","","","",""
"D27","D","26.7.2021 Neuer Mandant Haidari Lebensmittel einrichten","","Dienstleistung","","","","","0","0","Std","0.00","0.00","100.00","0.00","0.00","0.00","0.00","0 kg","","","","04.12.2021","","","","","","23.11.2010","nein","0.00","0.00","0.00","","","","","","","","","","","","",""
"","","","","","","","","","","","","","0.00","","0.00","","","0.00","","","","","","","","","","","","","","","","","","","","","","","","","","","",""
"D2","D","27.11.2012 Besprechung mit Thomas Bär zur Auswertung der bisherigen und Planung der kommenden Arbeiten","","Dienstleistung","","","","","0","0","Std","0.00","0.00","70.00","0.00","0.00","0.00","0.00","0 kg","","","","01.07.2012","","","","","","13.06.2007","nein","0.00","0.00","0.00","","","","","","","","","","","","",""
"D2","D","27.11.2012 Besprechung mit Thomas Bär zur Auswertung der bisherigen und Planung der kommenden Arbeiten","","Dienstleistung","","","","","0","0","Std","0.00","0.00","70.00","0.00","0.00","0.00","0.00","0 kg","","","","21.12.2012","","","","","","13.06.2007","nein","0.00","0.00","0.00","","","","","","","","","","","","",""
"","","","","","","","","","","","","","0.00","","0.00","","","0.00","","","","","","","","","","","","","","","","","","","","","","","","","","","",""
"D27","D","2.7.2019 IT-Sitzung im Vogelsang","","Dienstleistung","","","","","0","0","Std","0.00","0.00","70.00","0.00","0.00","0.00","0.00","0 kg","","","","02.01.2019","","","","","","23.11.2010","nein","0.00","0.00","0.00","","","","","","","","","","","","",""
"D27","D","2.7.2019 IT-Sitzung im Vogelsang","","Dienstleistung","","","","","0","0","Std","0.00","0.00","70.00","0.00","0.00","0.00","0.00","0 kg","","","","31.12.2019","","","","","","23.11.2010","nein","0.00","0.00","0.00","","","","","","","","","","","","",""
"","","","","","","","","","","","","","0.00","","0.00","","","0.00","","","","","","","","","","","","","","","","","","","","","","","","","","","",""
"D12","D","27.2.2013 Web-Support Belinda Harris","","Dienstleistung (Stunden)","","","","","0","0","Std","0.00","0.00","70.00","0.00","0.00","0.00","0.00","0 kg","","","","24.01.2013","","","","","","29.09.2007","nein","0.00","0.00","0.00","","","","","","","","","","","","",""
"D12","D","27.2.2013 Web-Support Belinda Harris","","Dienstleistung (Stunden)","","","","","0","0","Std","0.00","0.00","70.00","0.00","0.00","0.00","0.00","0 kg","","","","28.02.2013","","","","","","29.09.2007","nein","0.00","0.00","0.00","","","","","","","","","","","","",""
"","","","","","","","","","","","","","0.00","","0.00","","","0.00","","","","","","","","","","","","","","","","","","","","","","","","","","","",""
"D12","D","27.3.2018 Schulung in Winterthur für Team und Freiwillige","","Dienstleistung (Stunden)","","","","","0","0","Std","0.00","0.00","70.00","0.00","0.00","0.00","0.00","0 kg","","","","01.01.2018","","","","","","29.09.2007","nein","0.00","0.00","0.00","","","","","","","","","","","","",""
"D12","D","27.3.2018 Schulung in Winterthur für Team und Freiwillige","","Dienstleistung (Stunden)","","","","","0","0","Std","0.00","0.00","70.00","0.00","0.00","0.00","0.00","0 kg","","","","31.12.2018","","","","","","29.09.2007","nein","0.00","0.00","0.00","","","","","","","","","","","","",""
"","","","","","","","","","","","","","0.00","","0.00","","","0.00","","","","","","","","","","","","","","","","","","","","","","","","","","","",""
"D12","D","27.5. /28.5. 2012 Unterrubriken für Permakultur einrichten, Anpassungen beim Aufruf von Unterrubriken, Untermeüs seitlich statt unterhalb der Hauptmenüpunkte anzeigen, Testen in bverschiedenen Browsern","","Dienstleistung (Stunden)","","","","","0","0","Std","0.00","0.00","50.00","0.00","0.00","0.00","0.00","0 kg","","","","05.06.2012","","","","","","29.09.2007","nein","0.00","0.00","0.00","","","","","","","","","","","","",""
"","","","","","","","","","","","","","0.00","","0.00","","","0.00","","","","","","","","","","","","","","","","","","","","","","","","","","","",""
"D12","D","27.8.2024 Support beim Umstieg auf Linux","","Dienstleistung (Stunden)","","","","","0","0","Std","0.00","0.00","100.00","0.00","0.00","0.00","0.00","0 kg","","","","11.09.2024","","","","","","29.09.2007","nein","0.00","0.00","0.00","","","","","","","","","","","","",""
"","","","","","","","","","","","","","0.00","","0.00","","","0.00","","","","","","","","","","","","","","","","","","","","","","","","","","","",""
"D12","D","28.10.2022 Fehlersuche wegen Aufträgen 5533 und 5015","","Dienstleistung (Stunden)","","","","","0","0","Std","0.00","0.00","100.00","0.00","0.00","0.00","0.00","0 kg","","","","28.10.2022","","","","","","29.09.2007","nein","0.00","0.00","0.00","","","","","","","","","","","","",""
"","","","","","","","","","","","","","0.00","","0.00","","","0.00","","","","","","","","","","","","","","","","","","","","","","","","","","","",""
"D2","D","28.11.2014Treffen mit Renata Gattella und Simone Gchwend, Besprechen diverser Fragen und Planung der weiteren Zusammenarbeit","","Dienstleistung","","","","","0","0","Std","0.00","0.00","70.00","0.00","0.00","0.00","0.00","0 kg","","","","10.11.2014","","","","","","13.06.2007","nein","0.00","0.00","0.00","","","","","","","","","","","","",""
"","","","","","","","","","","","","","0.00","","0.00","","","0.00","","","","","","","","","","","","","","","","","","","","","","","","","","","",""
"D2","D","28.11.2014 Treffen mit Renata Gattella und Simone Gchwend, Besprechen diverser Fragen und Planung der weiteren Zusammenarbeit","","Dienstleistung","","","","","0","0","Std","0.00","0.00","70.00","0.00","0.00","0.00","0.00","0 kg","","","","30.11.2014","","","","","","13.06.2007","nein","0.00","0.00","0.00","","","","","","","","","","","","",""
"","","","","","","","","","","","","","0.00","","0.00","","","0.00","","","","","","","","","","","","","","","","","","","","","","","","","","","",""
"D14","D","28.1.2013 Eintrag auf Website ändern","","Dienstleistung","","","","","0","0","Std","0.00","0.00","70.00","0.00","0.00","0.00","0.00","0 kg","","","","24.01.2013","","","","","","29.09.2007","nein","0.00","0.00","0.00","","","","","","","","","","","","",""
"D14","D","28.1.2013 Eintrag auf Website ändern","","Dienstleistung","","","","","0","0","Std","0.00","0.00","70.00","0.00","0.00","0.00","0.00","0 kg","","","","28.02.2013","","","","","","29.09.2007","nein","0.00","0.00","0.00","","","","","","","","","","","","",""
"","","","","","","","","","","","","","0.00","","0.00","","","0.00","","","","","","","","","","","","","","","","","","","","","","","","","","","",""
"D14","D","28.2.2023 Autos, Kalender und Standorte für Routenplaner mutieren","","Dienstleistung","","","","","0","0","Std","0.00","0.00","100.00","0.00","0.00","0.00","0.00","0 kg","","","","28.02.2023","","","","","","29.09.2007","nein","0.00","0.00","0.00","","","","","","","","","","","","",""
"D14","D","28.2.2023 Autos, Kalender und Standorte für Routenplaner mutieren","","Dienstleistung","","","","","0","0","Std","0.00","0.00","100.00","0.00","0.00","0.00","0.00","0 kg","","","","21.03.2023","","","","","","29.09.2007","nein","0.00","0.00","0.00","","","","","","","","","","","","",""
"","","","","","","","","","","","","","0.00","","0.00","","","0.00","","","","","","","","","","","","","","","","","","","","","","","","","","","",""
"D12","D","28.2.2024 Fehler beim Verbuchen der MWST korrigiert","","Dienstleistung (Stunden)","","","","","0","0","Std","0.00","0.00","100.00","0.00","0.00","0.00","0.00","0 kg","","","","16.06.2024","","","","","","29.09.2007","nein","0.00","0.00","0.00","","","","","","","","","","","","",""
"","","","","","","","","","","","","","0.00","","0.00","","","0.00","","","","","","","","","","","","","","","","","","","","","","","","","","","",""
"D12","D","28.3.08 Installation und Einrichten von lx-office, Konfiguration externer Monitor, Anmelden bei diamondcard.us und Konfiguration von Ekiga für den Versand von SMS, Installation und Einrichten von ArgoUML","","Dienstleistung (Stunden)","","","","","0","0","Std","0.00","0.00","50.00","0.00","0.00","0.00","0.00","0 kg","","","","02.04.2008","","","","","","29.09.2007","nein","0.00","0.00","0.00","","","","","","","","","","","","",""
"","","","","","","","","","","","","","0.00","","0.00","","","0.00","","","","","","","","","","","","","","","","","","","","","","","","","","","",""
"D12","D","28.6.2023 2 E-Mail-Adressen deaktivieren und automatische Benachrichtigung einrichten (Ticket #152)","","Dienstleistung (Stunden)","","","","","0","0","Std","0.00","0.00","70.00","0.00","0.00","0.00","0.00","0 kg","","","","28.06.2023","","","","","","29.09.2007","nein","0.00","0.00","0.00","","","","","","","","","","","","",""
"D12","D","28.6.2023 2 E-Mail-Adressen deaktivieren und automatische Benachrichtigung einrichten (Ticket #152)","","Dienstleistung (Stunden)","","","","","0","0","Std","0.00","0.00","70.00","0.00","0.00","0.00","0.00","0 kg","","","","29.06.2023","","","","","","29.09.2007","nein","0.00","0.00","0.00","","","","","","","","","","","","",""
"","","","","","","","","","","","","","0.00","","0.00","","","0.00","","","","","","","","","","","","","","","","","","","","","","","","","","","",""
"D12","D","28.7. Austausch-Sitzung im Treffpunkt Vogelsang","","Dienstleistung (Stunden)","","","","","0","0","Std","0.00","0.00","70.00","0.00","0.00","0.00","0.00","0 kg","","","","31.12.2018","","","","","","29.09.2007","nein","0.00","0.00","0.00","","","","","","","","","","","","",""
"","","","","","","","","","","","","","0.00","","0.00","","","0.00","","","","","","","","","","","","","","","","","","","","","","","","","","","",""
"D12","D","28.8.14 Hardware einrichten (vor Ort)","","Dienstleistung (Stunden)","","","","","0","0","Std","0.00","0.00","70.00","0.00","0.00","0.00","0.00","0 kg","","","","06.10.2014","","","","","","29.09.2007","nein","0.00","0.00","0.00","","","","","","","","","","","","",""
"","","","","","","","","","","","","","0.00","","0.00","","","0.00","","","","","","","","","","","","","","","","","","","","","","","","","","","",""
"D12","D","29.8.2022 Fehlersuche AB5627 - Sprache fehlte","","Dienstleistung (Stunden)","","","","","0","0","Std","0.00","0.00","100.00","0.00","0.00","0.00","0.00","0 kg","","","","28.10.2022","","","","","","29.09.2007","nein","0.00","0.00","0.00","","","","","","","","","","","","",""
"","","","","","","","","","","","","","0.00","","0.00","","","0.00","","","","","","","","","","","","","","","","","","","","","","","","","","","",""
"D40","D","2. Akonto-Zahlung Phase 1","Artikelposition für Akonto-Rechnungen. Bitte diese Rechnungen nicht buchen, sondern nur als Entwurf ohne Rechnungsnummer speichern. Als Beschreibung &quot;Akonto&quot; zusammen mit der Auftragsnummer eintragen. Zahlungseingänge auf Akonto-Rechnungen werden erst beim Erstellen der definitiven Rechnung verbucht. Anschliessend kann der Entwurf der Akonto-Rechnung wieder gelöscht werden.","Geldbetraege","","","","","0","0","Stck","0.00","0.00","8'000.00","0.00","0.00","0.00","0.00","0 kg","","","","24.08.2017","","","","","","10.01.2015","nein","0.00","0.00","0.00","","","","","","","","","","","","",""
"","","","","","","","","","","","","","0.00","","0.00","","","0.00","","","","","","","","","","","","","","","","","","","","","","","","","","","",""
"002795","W","2-Bay USB 2.0- und Firewire 800 RAID-System für SATA I- und SATA II-Festplatten","","","","","","","0","0","Stck","0.00","0.00","50.00","0.00","0.00","0.00","0.00","0.95 kg","","","","","","","","","","06.11.2019","ja","0.00","0.00","0.00","","CoolGear","200","85","130","","","","","","","",""
"","","","","","","","","","","","","","0.00","","0.00","","","0.00","","","","","","","","","","","","","","","","","","","","","","","","","","","",""
"002232","W","2 Fach KVM Switch","","","","","","","0","0","Stck","0.00","0.00","0.00","0.00","0.00","0.00","0.00","0.514 kg","","","","","","","","","","06.11.2019","ja","0.00","0.00","0.00","","","120","150","60","","","","","","","",""
"","","","","","","","","","","","","","0.00","","0.00","","","0.00","","","","","","","","","","","","","","","","","","","","","","","","","","","",""
"P38","W","2 FFC-Kabel Verbindung Scanner - Mainboard für HP Photosmart C780","","Hardwareteile Occasion","","","","","0","0","Stck","0.00","0.00","20.00","0.00","0.00","0.00","0.00","0 kg","","","","29.07.2024","","","","","","01.02.2008","nein","0.00","0.00","0.00","","","","","","","","","","","","",""
"","","","","","","","","","","","","","0.00","","0.00","","","0.00","","","","","","","","","","","","","","","","","","","","","","","","","","","",""
"K0076","W","2 Floppy Disks","Datenrettung von Floppy Disketten 1x Imation, 1x 3M","Kundengerät","","","","","0","0","Stck","0.00","0.00","0.00","0.00","1.00","0.00","0.00","0 kg","","","","22.12.2014","","","","","","22.12.2014","nein","0.00","0.00","0.00","","","","","","","","","","","","",""
"K0076","W","2 Floppy Disks","Datenrettung von Floppy Disketten 1x Imation, 1x 3M","Kundengerät","","","","","0","0","Stck","0.00","0.00","1.00","0.00","1.00","0.00","0.00","0 kg","","","","21.08.2015","","","","","","22.12.2014","nein","0.00","0.00","0.00","","","","","","","","","","","","",""
"","","","","","","","","","","","","","0.00","","0.00","","","0.00","","","","","","","","","","","","","","","","","","","","","","","","","","","",""
"000201","W","2 GB DDR2 SO-Dimm","","","","","","","0","0","Stck","0.00","0.00","15.00","0.00","0.00","0.00","0.00","0 kg","","","","18.01.2022","","","","","","22.01.2015","ja","0.00","0.00","0.00","","diverse","0","0","0","","","","","","","",""
"","","","","","","","","","","","","","0.00","","0.00","","","0.00","","","","","","","","","","","","","","","","","","","","","","","","","","","",""
"000201","W","2 GB DDR3 ECC unbuffered Ram","","","","","","","0","0","Stck","0.00","0.00","20.00","0.00","0.00","0.00","0.00","0 kg","","","","06.04.2021","","","","","","22.01.2015","ja","0.00","0.00","0.00","","diverse","0","0","0","","","","","","","",""
"","","","","","","","","","","","","","0.00","","0.00","","","0.00","","","","","","","","","","","","","","","","","","","","","","","","","","","",""
"001699","W","2 GB DIMM DDR2 RAM","","","","","","","0","0","Stck","0.00","0.00","15.00","0.00","0.00","0.00","0.00","0.023 kg","","","","29.07.2016","","","","","","29.07.2016","ja","0.00","0.00","0.00","","diverse","140","30","10","","","","","","","",""
"001699","W","2 GB DIMM DDR2 RAM","","","","","","","0","0","Stck","0.00","0.00","10.00","0.00","0.00","0.00","0.00","0.023 kg","","","","07.12.2016","","","","","","29.07.2016","ja","0.00","0.00","0.00","","diverse","140","30","10","","","","","","","",""
"001699","W","2 GB DIMM DDR2 RAM","","","","","","","0","0","Stck","0.00","0.00","30.00","0.00","0.00","0.00","0.00","0.023 kg","","","","07.03.2017","","","","","","29.07.2016","ja","0.00","0.00","0.00","","diverse","140","30","10","","","","","","","",""
"001699","W","2 GB DIMM DDR2 RAM","","","","","","","0","0","Stck","0.00","0.00","30.00","0.00","0.00","0.00","0.00","0.023 kg","","","","08.03.2017","","","","","","29.07.2016","ja","0.00","0.00","0.00","","diverse","140","30","10","","","","","","","",""
"001699","W","2 GB DIMM DDR2 RAM","","","","","","","0","0","Stck","0.00","0.00","20.00","0.00","0.00","0.00","0.00","0.023 kg","","","","19.07.2017","","","","","","29.07.2016","ja","0.00","0.00","0.00","","diverse","140","30","10","","","","","","","",""
"001699","W","2 GB DIMM DDR2 RAM","","","","","","","0","0","Stck","0.00","0.00","20.00","0.00","0.00","0.00","0.00","0.023 kg","","","","16.08.2017","","","","","","29.07.2016","ja","0.00","0.00","0.00","","diverse","140","30","10","","","","","","","",""
"001699","W","2 GB DIMM DDR2 RAM","","","","","","","0","0","Stck","0.00","0.00","20.00","0.00","0.00","0.00","0.00","0.023 kg","","","","02.07.2019","","","","","","29.07.2016","ja","0.00","0.00","0.00","","diverse","140","30","10","","","","","","","",""
"001699","W","2 GB DIMM DDR2 RAM","","","","","","","0","0","Stck","0.00","0.00","10.00","0.00","0.00","0.00","0.00","0.023 kg","","","","05.07.2019","","","","","","29.07.2016","ja","0.00","0.00","0.00","","diverse","140","30","10","","","","","","","",""
"","","","","","","","","","","","","","0.00","","0.00","","","0.00","","","","","","","","","","","","","","","","","","","","","","","","","","","",""
"P7","W","2 GB PC3-10600 DDR3 SDRAM","","Hardwareteile Occasion","","","","","0","0","Stck","0.00","0.00","30.00","0.00","14.32","0.00","0.00","0 kg","","","","16.07.2017","","","","","","09.08.2007","nein","0.00","0.00","0.00","","","","","","","","","","","","",""
"P7","W","2 GB PC3-10600 DDR3 SDRAM","","Hardwareteile Occasion","","","","","0","0","Stck","0.00","0.00","15.00","0.00","14.32","0.00","0.00","0 kg","","","","28.08.2017","","","","","","09.08.2007","nein","0.00","0.00","0.00","","","","","","","","","","","","",""
"","","","","","","","","","","","","","0.00","","0.00","","","0.00","","","","","","","","","","","","","","","","","","","","","","","","","","","",""
"P7","W","2GB Ram DDR2 SO-DIMM","","Hardwareteile Occasion","","","","","0","0","Stck","0.00","0.00","20.00","0.00","14.32","0.00","0.00","0 kg","","","","06.07.2015","","","","","","09.08.2007","nein","0.00","0.00","0.00","","","","","","","","","","","","",""
"P7","W","2GB Ram DDR2 SO-DIMM","","Hardwareteile Occasion","","","","","0","0","Stck","0.00","0.00","10.00","0.00","14.32","0.00","0.00","0 kg","","","","20.08.2015","","","","","","09.08.2007","nein","0.00","0.00","0.00","","","","","","","","","","","","",""
"","","","","","","","","","","","","","0.00","","0.00","","","0.00","","","","","","","","","","","","","","","","","","","","","","","","","","","",""
"000201","W","2 GB Ram für Lenovo X61s","","","","","","","0","0","Stck","0.00","0.00","20.00","0.00","0.00","0.00","0.00","0 kg","","","","21.10.2024","","","","","","22.01.2015","ja","0.00","0.00","0.00","","diverse","0","0","0","","","","","","","",""
"","","","","","","","","","","","","","0.00","","0.00","","","0.00","","","","","","","","","","","","","","","","","","","","","","","","","","","",""
"P43a","W","2. Harddisk in Occasions-PC (plus GLAN und SATA) mit FreeNas für Backups innerhalb des Home-Netzes, vielfältig konfigurier- und erweiterbar","","Computer Occasion","","","","","0","0","Stck","0.00","0.00","200.00","0.00","0.00","0.00","0.00","0 kg","","","","27.04.2008","","","","","","27.04.2008","nein","0.00","0.00","0.00","","","","","","","","","","","","",""
"","","","","","","","","","","","","","0.00","","0.00","","","0.00","","","","","","","","","","","","","","","","","","","","","","","","","","","",""
"D12","D","2 mal Internetzugang in Praxis wieder einrichten","","Dienstleistung (Stunden)","","","","","0","0","Std","0.00","0.00","70.00","0.00","0.00","0.00","0.00","0 kg","","","","30.12.2008","","","","","","29.09.2007","nein","0.00","0.00","0.00","","","","","","","","","","","","",""
"","","","","","","","","","","","","","0.00","","0.00","","","0.00","","","","","","","","","","","","","","","","","","","","","","","","","","","",""
"P33","W","2.Netzwerkkarte für Pfsense","","Hardwareteile Occasion","","","","","0","0","Stck","0.00","0.00","10.00","0.00","0.00","0.00","0.00","0 kg","","","","05.05.2014","","","","","","03.12.2007","nein","0.00","0.00","0.00","","","","","","","","","","","","",""
"P33","W","2.Netzwerkkarte für Pfsense","","Hardwareteile Occasion","","","","","0","0","Stck","0.00","0.00","10.00","0.00","0.00","0.00","0.00","0 kg","","","","07.05.2014","","","","","","03.12.2007","nein","0.00","0.00","0.00","","","","","","","","","","","","",""
"P33","W","2.Netzwerkkarte für Pfsense","","Hardwareteile Occasion","","","","","0","0","Stck","0.00","0.00","10.00","0.00","0.00","0.00","0.00","0 kg","","","","01.12.2014","","","","","","03.12.2007","nein","0.00","0.00","0.00","","","","","","","","","","","","",""
"","","","","","","","","","","","","","0.00","","0.00","","","0.00","","","","","","","","","","","","","","","","","","","","","","","","","","","",""
"P33","W","2. Netzwerkkarte für Server","","Hardwareteile Occasion","","","","","0","0","Stck","0.00","0.00","5.00","0.00","0.00","0.00","0.00","0 kg","","","","30.12.2008","","","","","","03.12.2007","nein","0.00","0.00","0.00","","","","","","","","","","","","",""
"","","","","","","","","","","","","","0.00","","0.00","","","0.00","","","","","","","","","","","","","","","","","","","","","","","","","","","",""
"1003112","W","2NJNF","Akku 2NJNF Dell Original","Hardwareteile neu","","","","","0","0","Stck","0.00","0.00","52.82","0.00","52.82","0.00","0.00","0 kg","","","","27.11.2017","","","","","","27.11.2017","nein","0.00","0.00","0.00","","","","","","","","","","","","",""
"","","","","","","","","","","","","","0.00","","0.00","","","0.00","","","","","","","","","","","","","","","","","","","","","","","","","","","",""
"1003112","W","2NJNF Akku","Akku 2NJNF Dell Original","Hardwareteile neu","","","","","0","0","Stck","0.00","0.00","52.82","0.00","52.82","0.00","0.00","0 kg","","","","27.11.2017","","","","","","27.11.2017","nein","0.00","0.00","0.00","","","","","","","","","","","","",""
"","","","","","","","","","","","","","0.00","","0.00","","","0.00","","","","","","","","","","","","","","","","","","","","","","","","","","","",""
"1003112","W","2NJNF Akku + einbau","Akku 2NJNF Dell Original","Hardwareteile neu","","","","","0","0","Stck","0.00","0.00","82.00","0.00","52.82","0.00","0.00","0 kg","","","","20.11.2017","","","","","","27.11.2017","nein","0.00","0.00","0.00","","","","","","","","","","","","",""
"1003112","W","2NJNF Akku + einbau","Akku 2NJNF Dell Original","Hardwareteile neu","","","","","0","0","Stck","0.00","0.00","82.00","0.00","52.82","0.00","0.00","0 kg","","","","29.01.2018","","","","","","27.11.2017","nein","0.00","0.00","0.00","","","","","","","","","","","","",""
"","","","","","","","","","","","","","0.00","","0.00","","","0.00","","","","","","","","","","","","","","","","","","","","","","","","","","","",""
"000333","W","2 Port IDE RAID PCI-Karte","","","","","","","0","0","Stck","0.00","0.00","20.00","0.00","0.00","0.00","0.00","0.5 kg","","","","","","","","","","06.11.2019","ja","0.00","0.00","0.00","","Conrad","155","120","23","","","","","","","",""
"","","","","","","","","","","","","","0.00","","0.00","","","0.00","","","","","","","","","","","","","","","","","","","","","","","","","","","",""
"002161","W","2 Port KVM-Switch","","","","","","","0","0","Stck","0.00","0.00","0.00","0.00","0.00","0.00","0.00","0.3 kg","","","","","","","","","","06.11.2019","ja","0.00","0.00","0.00","","","0","0","0","","","","","","","",""
"","","","","","","","","","","","","","0.00","","0.00","","","0.00","","","","","","","","","","","","","","","","","","","","","","","","","","","",""
"002134","W","2-Port KVM Switch","","","","","","","0","0","Stck","0.00","0.00","0.00","0.00","0.00","0.00","0.00","0.12 kg","","","","","","","","","","06.11.2019","ja","0.00","0.00","0.00","","","70","115","30","","","","","","","",""
"002176","W","2-Port KVM Switch","","","","","","","0","0","Stck","0.00","0.00","0.00","0.00","0.00","0.00","0.00","0.5 kg","","","","","","","","","","06.11.2019","ja","0.00","0.00","0.00","","","0","0","0","","","","","","","",""
"002182","W","2-Port KVM Switch","","","","","","","0","0","Stck","0.00","0.00","0.00","0.00","0.00","0.00","0.00","0.3 kg","","","","","","","","","","06.11.2019","ja","0.00","0.00","0.00","","","0","0","0","","","","","","","",""
"","","","","","","","","","","","","","0.00","","0.00","","","0.00","","","","","","","","","","","","","","","","","","","","","","","","","","","",""
"002682","W","2-Port-PS / 2-VGA-KVM-Switch CS82A","","","","","","","0","0","Stck","0.00","0.00","20.00","0.00","0.00","0.00","0.00","0.53 kg","","","","","","","","","","06.11.2019","ja","0.00","0.00","0.00","","","85","135","50","","","","","","","",""
"","","","","","","","","","","","","","0.00","","0.00","","","0.00","","","","","","","","","","","","","","","","","","","","","","","","","","","",""
"004712","W","2TB LaCie Rugged","","","","","","","1","0","Stck","0.00","0.00","0.00","0.00","0.00","0.00","0.00","600 kg","","","","","","","","","","04.05.2022","ja","0.00","0.00","0.00","","","150","95","25","","","","","","","",""
"","","","","","","","","","","","","","0.00","","0.00","","","0.00","","","","","","","","","","","","","","","","","","","","","","","","","","","",""
"K0669","W","2 USB Sticks no name","","Kundengerät","","","","","0","0","Stck","0.00","0.00","0.00","0.00","0.00","0.00","0.00","0 kg","","","","13.08.2019","","","","","","13.08.2019","nein","0.00","0.00","0.00","","","","","","","","","","","","",""
"","","","","","","","","","","","","","0.00","","0.00","","","0.00","","","","","","","","","","","","","","","","","","","","","","","","","","","",""
"P25","W","2x 1GB DDR1 SODIMM","","Hardwareteile neu","","","","","0","0","Stck","0.00","0.00","42.00","0.00","134.00","0.00","0.00","0 kg","","","","09.02.2016","","","","","","29.09.2007","nein","0.00","0.00","0.00","","","","","","","","","","","","",""
"","","","","","","","","","","","","","0.00","","0.00","","","0.00","","","","","","","","","","","","","","","","","","","","","","","","","","","",""
"P7","W","2 x 512 MB Arbeitsspeicher Erweiterung für PC","","Hardwareteile Occasion","","","","","0","0","Stck","0.00","0.00","50.00","0.00","14.32","0.00","0.00","0 kg","","","","30.03.2009","","","","","","09.08.2007","nein","0.00","0.00","0.00","","","","","","","","","","","","",""
"","","","","","","","","","","","","","0.00","","0.00","","","0.00","","","","","","","","","","","","","","","","","","","","","","","","","","","",""
"P117","W","2x 512MB DDR1 PC2700, 1x 1GB DDR2 PC5300U","","","","","","","0","0","Stck","0.00","0.00","10.00","0.00","0.00","0.00","0.00","0 kg","","","","08.09.2015","","","","","","04.04.2014","nein","0.00","0.00","0.00","","","","","","","","","","","","",""
"","","","","","","","","","","","","","0.00","","0.00","","","0.00","","","","","","","","","","","","","","","","","","","","","","","","","","","",""
"P16","W","2 x 750GB Harddisk statt 500GB","","Hardwareteile neu","","","","","0","0","Stck","0.00","0.00","80.00","0.00","69.00","0.00","0.00","0 kg","","","","27.04.2008","","","","","","23.08.2007","nein","0.00","0.00","0.00","","","","","","","","","","","","",""
"","","","","","","","","","","","","","0.00","","0.00","","","0.00","","","","","","","","","","","","","","","","","","","","","","","","","","","",""
"D28","D","2 x fehlende Ordner aus Backup wieder herstellen","","Dienstleistung","","","","","0","0","Std","0.00","0.00","100.00","0.00","0.00","0.00","0.00","0 kg","","","","31.12.2021","","","","","","23.11.2010","nein","0.00","0.00","0.00","","","","","","","","","","","","",""
"","","","","","","","","","","","","","0.00","","0.00","","","0.00","","","","","","","","","","","","","","","","","","","","","","","","","","","",""
"K0076","W","2X Floppy Disks","Datenrettung von Floppy Disketten 1x Imation, 1x 3M","Kundengerät","","","","","0","0","Stck","0.00","0.00","45.00","0.00","1.00","0.00","0.00","0 kg","","","","30.09.2022","","","","","","22.12.2014","nein","0.00","0.00","0.00","","","","","","","","","","","","",""
"","","","","","","","","","","","","","0.00","","0.00","","","0.00","","","","","","","","","","","","","","","","","","","","","","","","","","","",""
"K0054","W","2x HP Photosmart Plus B209; 1x HP psc 2175","","Kundengerät","","","","","0","0","Stck","0.00","0.00","0.00","0.00","0.00","0.00","0.00","0 kg","","","","14.02.2014","","","","","","24.11.2014","nein","0.00","0.00","0.00","","","","","","","","","","","","",""
"","","","","","","","","","","","","","0.00","","0.00","","","0.00","","","","","","","","","","","","","","","","","","","","","","","","","","","",""
"K0058","W","2x Mainboard","","Kundengerät","","","","","0","0","Stck","0.00","0.00","0.00","0.00","0.00","0.00","0.00","0 kg","","","","","","","","","","24.11.2014","nein","0.00","0.00","0.00","","","","","","","","","","","","",""
"","","","","","","","","","","","","","0.00","","0.00","","","0.00","","","","","","","","","","","","","","","","","","","","","","","","","","","",""
"K0235","W","2x NEC Monitor Multi Sync LCD3090WQXi","","Kundengerät","","","","","0","0","Stck","0.00","0.00","0.00","0.00","0.00","0.00","0.00","0 kg","","","","15.06.2016","","","","","","23.06.2016","nein","0.00","0.00","0.00","","","","","","","","","","","","",""
"K0235","W","2x NEC Monitor Multi Sync LCD3090WQXi","","Kundengerät","","","","","0","0","Stck","0.00","0.00","0.00","0.00","0.00","0.00","0.00","0 kg","","","","13.07.2016","","","","","","23.06.2016","nein","0.00","0.00","0.00","","","","","","","","","","","","",""
"","","","","","","","","","","","","","0.00","","0.00","","","0.00","","","","","","","","","","","","","","","","","","","","","","","","","","","",""
"D10","D","2x Reparatur Lenovo T460p: Bios-Reset, Verbindungsstecker Akku reparieren","","Dienstleistung","","","","","0","0","psch","0.00","0.00","50.00","0.00","0.00","0.00","0.00","0 kg","","","","26.01.2023","","","","","","23.08.2007","nein","0.00","0.00","0.00","","","","","","","","","","","","",""
"D10","D","2x Reparatur Lenovo T460p: Bios-Reset, Verbindungsstecker Akku reparieren","","Dienstleistung","","","","","0","0","psch","0.00","0.00","100.00","0.00","0.00","0.00","0.00","0 kg","","","","26.01.2023","","","","","","23.08.2007","nein","0.00","0.00","0.00","","","","","","","","","","","","",""
"","","","","","","","","","","","","","0.00","","0.00","","","0.00","","","","","","","","","","","","","","","","","","","","","","","","","","","",""
"006308","W","300Wx","","","","","","","1","0","Stck","0.00","0.00","0.00","0.00","0.00","0.00","0.00","1.63 kg","","","","","","","","","","05.03.2024","ja","0.00","0.00","0.00","","KONFTEL","245","268","50","","","","","","","",""
"","","","","","","","","","","","","","0.00","","0.00","","","0.00","","","","","","","","","","","","","","","","","","","","","","","","","","","",""
"D12","D","30.10.2020 Support Konfiguration externer Bildschirm Thinkpad W520","","Dienstleistung (Stunden)","","","","","0","0","Std","0.00","0.00","70.00","0.00","0.00","0.00","0.00","0 kg","","","","03.11.2020","","","","","","29.09.2007","nein","0.00","0.00","0.00","","","","","","","","","","","","",""
"","","","","","","","","","","","","","0.00","","0.00","","","0.00","","","","","","","","","","","","","","","","","","","","","","","","","","","",""
"D14","D","30.1.2013 Problem auf Website beheben","","Dienstleistung","","","","","0","0","Std","0.00","0.00","70.00","0.00","0.00","0.00","0.00","0 kg","","","","24.01.2013","","","","","","29.09.2007","nein","0.00","0.00","0.00","","","","","","","","","","","","",""
"D14","D","30.1.2013 Problem auf Website beheben","","Dienstleistung","","","","","0","0","Std","0.00","0.00","70.00","0.00","0.00","0.00","0.00","0 kg","","","","28.02.2013","","","","","","29.09.2007","nein","0.00","0.00","0.00","","","","","","","","","","","","",""
"","","","","","","","","","","","","","0.00","","0.00","","","0.00","","","","","","","","","","","","","","","","","","","","","","","","","","","",""
"D12","D","30.8.2018 Schulung in Winterthur für Team und Freiwillige","","Dienstleistung (Stunden)","","","","","0","0","Std","0.00","0.00","70.00","0.00","0.00","0.00","0.00","0 kg","","","","01.01.2018","","","","","","29.09.2007","nein","0.00","0.00","0.00","","","","","","","","","","","","",""
"D12","D","30.8.2018 Schulung in Winterthur für Team und Freiwillige","","Dienstleistung (Stunden)","","","","","0","0","Std","0.00","0.00","70.00","0.00","0.00","0.00","0.00","0 kg","","","","31.12.2018","","","","","","29.09.2007","nein","0.00","0.00","0.00","","","","","","","","","","","","",""
"","","","","","","","","","","","","","0.00","","0.00","","","0.00","","","","","","","","","","","","","","","","","","","","","","","","","","","",""
"D12","D","30.9.14 Harware einrichten (vor Ort) / Beratung","","Dienstleistung (Stunden)","","","","","0","0","Std","0.00","0.00","70.00","0.00","0.00","0.00","0.00","0 kg","","","","06.10.2014","","","","","","29.09.2007","nein","0.00","0.00","0.00","","","","","","","","","","","","",""
"D53","D","30.9.14 Harware einrichten (vor Ort) / Beratung","Anpassungen -------------- - Kernel Backports noch aus sources list entfernt, um ständiges update zu verhindern - Drucker eingerichtet (Treiber mit hplip installiert) Weiteres Siehe auch Install log auf PC vor Ort.","","","","","","0","0","Std","0.00","0.00","70.00","0.00","0.00","0.00","0.00","0 kg","","","","23.12.2014","","","","","","06.10.2014","nein","0.00","0.00","0.00","","","","","","","","","","","","",""
"","","","","","","","","","","","","","0.00","","0.00","","","0.00","","","","","","","","","","","","","","","","","","","","","","","","","","","",""
"001021","W","30"" Cinema HD Display","","","","","","","0","0","Stck","0.00","0.00","175.00","0.00","0.00","0.00","0.00","14.5 kg","","","","26.08.2016","","","","","","26.08.2016","ja","0.00","0.00","0.00","","Apple","215","688","543","","","","","","","",""
"","","","","","","","","","","","","","0.00","","0.00","","","0.00","","","","","","","","","","","","","","","","","","","","","","","","","","","",""
"D15","D","30 neue Artikel inkl. Bilder in Webshop handpuppen.ch aufnehmen, diverse Artikel und Einträge löschen, einzelne Bilder auswechseln","","Dienstleistung","","","","","0","0","psch","0.00","0.00","650.00","0.00","0.00","0.00","0.00","0 kg","","","","27.11.2009","","","","","","29.09.2007","nein","0.00","0.00","0.00","","","","","","","","","","","","",""
"","","","","","","","","","","","","","0.00","","0.00","","","0.00","","","","","","","","","","","","","","","","","","","","","","","","","","","",""
"P7","W","30-Pin RAM","","Hardwareteile Occasion","","","","","0","0","Stck","0.00","0.00","8.00","0.00","14.32","0.00","0.00","0 kg","","","","06.06.2017","","","","","","09.08.2007","nein","0.00","0.00","0.00","","","","","","","","","","","","",""
"","","","","","","","","","","","","","0.00","","0.00","","","0.00","","","","","","","","","","","","","","","","","","","","","","","","","","","",""
"D12","D","3.10./5.10.2022 Fehlersuche wegen Aufträgen 4599, 5533, 5712 und 5809: Q3 waren schon am 1.9. erzeugt wurden. In der Konfiguration der periodischen Rechnungen was aber der 1.10. als Startdatum eingetragen und aktiviert","","Dienstleistung (Stunden)","","","","","0","0","Std","0.00","0.00","100.00","0.00","0.00","0.00","0.00","0 kg","","","","28.10.2022","","","","","","29.09.2007","nein","0.00","0.00","0.00","","","","","","","","","","","","",""
"","","","","","","","","","","","","","0.00","","0.00","","","0.00","","","","","","","","","","","","","","","","","","","","","","","","","","","",""
"D12","D","31.3.2022 Benutzerkonto und E-Mail für Daniel Schwörer einrichten (Ticket #133)","","Dienstleistung (Stunden)","","","","","0","0","Std","0.00","0.00","70.00","0.00","0.00","0.00","0.00","0 kg","","","","04.12.2022","","","","","","29.09.2007","nein","0.00","0.00","0.00","","","","","","","","","","","","",""
"D12","D","31.3.2022 Benutzerkonto und E-Mail für Daniel Schwörer einrichten (Ticket #133)","","Dienstleistung (Stunden)","","","","","0","0","Std","0.00","0.00","70.00","0.00","0.00","0.00","0.00","0 kg","","","","05.12.2022","","","","","","29.09.2007","nein","0.00","0.00","0.00","","","","","","","","","","","","",""
"","","","","","","","","","","","","","0.00","","0.00","","","0.00","","","","","","","","","","","","","","","","","","","","","","","","","","","",""
"D14","D","31.8.23 Bestände Flamatt und Thun im Vorschau-Tool gemeinsam anzeigen","","Dienstleistung","","","","","0","0","Std","0.00","0.00","100.00","0.00","0.00","0.00","0.00","0 kg","","","","23.09.2023","","","","","","29.09.2007","nein","0.00","0.00","0.00","","","","","","","","","","","","",""
"D14","D","31.8.23 Bestände Flamatt und Thun im Vorschau-Tool gemeinsam anzeigen","","Dienstleistung","","","","","0","0","Std","0.00","0.00","100.00","0.00","0.00","0.00","0.00","0 kg","","","","25.09.2023","","","","","","29.09.2007","nein","0.00","0.00","0.00","","","","","","","","","","","","",""
"","","","","","","","","","","","","","0.00","","0.00","","","0.00","","","","","","","","","","","","","","","","","","","","","","","","","","","",""
"000202","W","320 Gb 2.5"" Festplatte inkl Arbeit","","","","","","","0","0","Stck","0.00","0.00","50.00","0.00","0.00","0.00","0.00","0 kg","","","","15.06.2018","","","","","","24.07.2012","ja","0.00","0.00","0.00","","diverse","0","0","0","","","","","","","",""
"000202","W","320 Gb 2.5"" Festplatte inkl Arbeit","","","","","","","0","0","Stck","0.00","0.00","50.00","0.00","0.00","0.00","0.00","0 kg","","","","21.09.2018","","","","","","24.07.2012","ja","0.00","0.00","0.00","","diverse","0","0","0","","","","","","","",""
"","","","","","","","","","","","","","0.00","","0.00","","","0.00","","","","","","","","","","","","","","","","","","","","","","","","","","","",""
"P13","W","32 GB CompactFlash-Speicherkarte für Backup","","Hardwareteile neu","","","","","0","0","Stck","0.00","0.00","120.00","0.00","19.10","0.00","0.00","0 kg","","","","09.07.2009","","","","","","17.08.2007","nein","0.00","0.00","0.00","","","","","","","","","","","","",""
"P13","W","32 GB CompactFlash-Speicherkarte für Backup","","Hardwareteile neu","","","","","0","0","Stck","0.00","0.00","120.00","0.00","19.10","0.00","0.00","0 kg","","","","18.01.2010","","","","","","17.08.2007","nein","0.00","0.00","0.00","","","","","","","","","","","","",""
"","","","","","","","","","","","","","0.00","","0.00","","","0.00","","","","","","","","","","","","","","","","","","","","","","","","","","","",""
"P27","W","32GB Kingston Traveler USB-Stick neu","","Verbrauchsmaterial","","","","","0","0","Stck","0.00","0.00","20.00","0.00","95.00","0.00","0.00","0 kg","","","","29.06.2018","","","","","","05.10.2007","nein","0.00","0.00","0.00","","","","","","","","","","","","",""
"","","","","","","","","","","","","","0.00","","0.00","","","0.00","","","","","","","","","","","","","","","","","","","","","","","","","","","",""
"002972","W","32GB KingstonUSB-Stick","","","","","","","0","0","Stck","0.00","0.00","20.00","0.00","0.00","0.00","0.00","0.05 kg","","","","21.06.2018","","","","","","02.06.2018","ja","0.00","0.00","0.00","","revamp-it","75","20","10","","","","","","","",""
"","","","","","","","","","","","","","0.00","","0.00","","","0.00","","","","","","","","","","","","","","","","","","","","","","","","","","","",""
"D12","D","3.5.2011 Support Karel Kulhavy: Defekten PC reparieren, Druckerprobleme beheben","","Dienstleistung (Stunden)","","","","","0","0","Std","0.00","0.00","40.00","0.00","0.00","0.00","0.00","0 kg","","","","15.07.2011","","","","","","29.09.2007","nein","0.00","0.00","0.00","","","","","","","","","","","","",""
"","","","","","","","","","","","","","0.00","","0.00","","","0.00","","","","","","","","","","","","","","","","","","","","","","","","","","","",""
"000955","W","35-Franken Komplettsystem","","","","","","","49","0","Stck","50.00","2'450.00","35.00","1'715.00","0.00","0.00","0.00","17 kg","","","","09.09.2025","","","","","","20.02.2015","ja","0.00","0.00","0.00","","revamp-it","500","450","450","","","","","","","",""
"","","","","","","","","","","","","","2'450.00","","1'715.00","","","0.00","","","","","","","","","","","","","","","","","","","","","","","","","","","",""
"P16","W","360 GB Festplatte SATA 2.5"" neu","","Hardwareteile neu","","","","","0","0","Stck","0.00","0.00","70.00","0.00","69.00","0.00","0.00","0 kg","","","","01.11.2012","","","","","","23.08.2007","nein","0.00","0.00","0.00","","","","","","","","","","","","",""
"P16","W","360 GB Festplatte SATA 2.5"" neu","","Hardwareteile neu","","","","","0","0","Stck","0.00","0.00","70.00","0.00","69.00","0.00","0.00","0 kg","","","","21.11.2012","","","","","","23.08.2007","nein","0.00","0.00","0.00","","","","","","","","","","","","",""
"P16","W","360 GB Festplatte SATA 2.5"" neu","","Hardwareteile neu","","","","","0","0","Stck","0.00","0.00","70.00","0.00","69.00","0.00","0.00","0 kg","","","","14.12.2012","","","","","","23.08.2007","nein","0.00","0.00","0.00","","","","","","","","","","","","",""
"P16","W","360 GB Festplatte SATA 2.5"" neu","","Hardwareteile neu","","","","","0","0","Stck","0.00","0.00","70.00","0.00","69.00","0.00","0.00","0 kg","","","","20.12.2012","","","","","","23.08.2007","nein","0.00","0.00","0.00","","","","","","","","","","","","",""
"","","","","","","","","","","","","","0.00","","0.00","","","0.00","","","","","","","","","","","","","","","","","","","","","","","","","","","",""
"D12","D","3.6.2024 Abklärung wegen nicht versandter periodischer Rechnungen - Startdatum falsch gesetzt","","Dienstleistung (Stunden)","","","","","0","0","Std","0.00","0.00","100.00","0.00","0.00","0.00","0.00","0 kg","","","","24.07.2024","","","","","","29.09.2007","nein","0.00","0.00","0.00","","","","","","","","","","","","",""
"","","","","","","","","","","","","","0.00","","0.00","","","0.00","","","","","","","","","","","","","","","","","","","","","","","","","","","",""
"P12","W","3.6 V Ni-Mh Akku","","Zubehör","","","","","0","0","Stck","0.00","0.00","10.00","0.00","16.81","0.00","0.00","0 kg","","","","09.10.2016","","","","","","17.08.2007","nein","0.00","0.00","0.00","","","","","","","","","","","","",""
"","","","","","","","","","","","","","0.00","","0.00","","","0.00","","","","","","","","","","","","","","","","","","","","","","","","","","","",""
"005897","W","3Com 3c16751b","","","","","","","1","0","Stck","0.00","0.00","0.00","0.00","0.00","0.00","0.00","1.1 kg","","","","","","","","","","09.09.2023","ja","0.00","0.00","0.00","","3Com","225","180","55","","","","","","","",""
"","","","","","","","","","","","","","0.00","","0.00","","","0.00","","","","","","","","","","","","","","","","","","","","","","","","","","","",""
"001778","W","3com 3C3FE575CT","","","","","","","1","0","Stck","0.00","0.00","20.00","20.00","0.00","0.00","0.00","0.05 kg","","","","","","","","","","06.11.2019","ja","0.00","0.00","0.00","","3Com","8.5","5.4","1.0","","","","","","","",""
"","","","","","","","","","","","","","0.00","","20.00","","","0.00","","","","","","","","","","","","","","","","","","","","","","","","","","","",""
"004040","W","3Com 3C574-TX Fast EtherLink","","","","","","","0","0","Stck","0.00","0.00","25.12","0.00","0.00","0.00","0.00","0.15 kg","","","","18.03.2021","","","","","","18.03.2021","ja","0.00","0.00","0.00","","3Com","85","54","20","","","","","","","",""
"","","","","","","","","","","","","","0.00","","0.00","","","0.00","","","","","","","","","","","","","","","","","","","","","","","","","","","",""
"001618","W","3com 3CBLSG16","","","","","","","0","0","Stck","0.00","0.00","50.00","0.00","0.00","0.00","0.00","1.8 kg","","","","","","","","","","06.11.2019","ja","0.00","0.00","0.00","","3Com","169","484","43","","","","","","","",""
"","","","","","","","","","","","","","0.00","","0.00","","","0.00","","","","","","","","","","","","","","","","","","","","","","","","","","","",""
"002033","W","3Com 3CFSU08","","","","","","","0","0","Stck","0.00","0.00","0.00","0.00","0.00","0.00","0.00","0.31 kg","","","","","","","","","","06.11.2019","ja","0.00","0.00","0.00","","3Com","110","175","30","","","","","","","",""
"","","","","","","","","","","","","","0.00","","0.00","","","0.00","","","","","","","","","","","","","","","","","","","","","","","","","","","",""
"001681","W","3COM 3CRSHPW196","","","","","","","1","0","Stck","0.00","0.00","0.00","0.00","0.00","0.00","0.00","0 kg","","","","","","","","","","06.11.2019","ja","0.00","0.00","0.00","","3Com","0","0","0","","","","","","","",""
"","","","","","","","","","","","","","0.00","","0.00","","","0.00","","","","","","","","","","","","","","","","","","","","","","","","","","","",""
"001669","W","3Com 3CXE589ET","","","","","","","6","0","Stck","0.00","0.00","20.00","120.00","0.00","0.00","0.00","0.05 kg","","","","","","","","","","06.11.2019","ja","0.00","0.00","0.00","","3Com","86","55","5","","","","","","","",""
"","","","","","","","","","","","","","0.00","","120.00","","","0.00","","","","","","","","","","","","","","","","","","","","","","","","","","","",""
"001675","W","3COM 3CXFE575CT","","","","","","","1","0","Stck","0.00","0.00","20.00","20.00","0.00","0.00","0.00","0.05 kg","","","","","","","","","","06.11.2019","ja","0.00","0.00","0.00","","3Com","86","55","5","","","","","","","",""
"","","","","","","","","","","","","","0.00","","20.00","","","0.00","","","","","","","","","","","","","","","","","","","","","","","","","","","",""
"002197","W","3COM Cascade Extender","","","","","","","0","0","Stck","0.00","0.00","0.00","0.00","0.00","0.00","0.00","0.2 kg","","","","","","","","","","06.11.2019","ja","0.00","0.00","0.00","","3Com","55","100","25","","","","","","","",""
"","","","","","","","","","","","","","0.00","","0.00","","","0.00","","","","","","","","","","","","","","","","","","","","","","","","","","","",""
"004987","W","3com office Connect","","","","","","","1","0","Stck","0.00","0.00","0.00","0.00","0.00","0.00","0.00","600 kg","","","","","","","","","","26.08.2022","ja","0.00","0.00","0.00","","3Com","130","220","45","","","","","","","",""
"","","","","","","","","","","","","","0.00","","0.00","","","0.00","","","","","","","","","","","","","","","","","","","","","","","","","","","",""
"001613","W","3Com OfficeConnect 8","","","","","","","0","0","Stck","0.00","0.00","10.00","0.00","0.00","0.00","0.00","0.93 kg","","","","","","","","","","06.11.2019","ja","0.00","0.00","0.00","","3Com","180","230","60","","","","","","","",""
"","","","","","","","","","","","","","0.00","","0.00","","","0.00","","","","","","","","","","","","","","","","","","","","","","","","","","","",""
"006202","W","3com Officeconnect dual Speed","","","","","","","1","0","Stck","0.00","0.00","0.00","0.00","0.00","0.00","0.00","0.1 kg","","","","","","","","","","20.01.2024","ja","0.00","0.00","0.00","","3Com","133","220","30","","","","","","","",""
"","","","","","","","","","","","","","0.00","","0.00","","","0.00","","","","","","","","","","","","","","","","","","","","","","","","","","","",""
"002420","W","3Com OfficeConnect Dual Speed Switch 16","","","","","","","0","0","Stck","0.00","0.00","20.00","0.00","0.00","0.00","0.00","1.2 kg","","","","","","","","","","06.11.2019","ja","0.00","0.00","0.00","","3Com","180","230","45","","","","","","","",""
"","","","","","","","","","","","","","0.00","","0.00","","","0.00","","","","","","","","","","","","","","","","","","","","","","","","","","","",""
"001644","W","3Com OfficeConnect Dual Speed Switch 8 Plus","","","","","","","0","0","Stck","0.00","0.00","10.00","0.00","0.00","0.00","0.00","0.466 kg","","","","","","","","","","06.11.2019","ja","0.00","0.00","0.00","","3Com","137","225","40","","","","","","","",""
"","","","","","","","","","","","","","0.00","","0.00","","","0.00","","","","","","","","","","","","","","","","","","","","","","","","","","","",""
"002290","W","3Com OfficeConnect Hub 8C","","","","","","","0","0","Stck","0.00","0.00","0.00","0.00","0.00","0.00","0.00","0.6 kg","","","","","","","","","","06.11.2019","ja","0.00","0.00","0.00","","3Com","130","220","40","","","","","","","",""
"","","","","","","","","","","","","","0.00","","0.00","","","0.00","","","","","","","","","","","","","","","","","","","","","","","","","","","",""
"002291","W","3Com OfficeConnect Hub 8TPC","","","","","","","0","0","Stck","0.00","0.00","0.00","0.00","0.00","0.00","0.00","0.6 kg","","","","","","","","","","06.11.2019","ja","0.00","0.00","0.00","","3Com","130","220","40","","","","","","","",""
"","","","","","","","","","","","","","0.00","","0.00","","","0.00","","","","","","","","","","","","","","","","","","","","","","","","","","","",""
"002289","W","3Com OfficeConnect Hub 8/TPO","","","","","","","0","0","Stck","0.00","0.00","0.00","0.00","0.00","0.00","0.00","0.554 kg","","","","","","","","","","06.11.2019","ja","0.00","0.00","0.00","","","130","220","40","","","","","","","",""
"","","","","","","","","","","","","","0.00","","0.00","","","0.00","","","","","","","","","","","","","","","","","","","","","","","","","","","",""
"001645","W","3Com OfficeConnect Internet Firewall 25","","","","","","","0","0","Stck","0.00","0.00","10.00","0.00","0.00","0.00","0.00","0.88 kg","","","","","","","","","","06.11.2019","ja","0.00","0.00","0.00","","3Com","","228","58","","","","","","","",""
"","","","","","","","","","","","","","0.00","","0.00","","","0.00","","","","","","","","","","","","","","","","","","","","","","","","","","","",""
"P9","W","3Com Switch 4200/4400","","Hardwareteile neu","","","","","0","0","Stck","0.00","0.00","36.00","0.00","0.00","0.00","0.00","0 kg","","","","01.09.2014","","","","","","09.08.2007","nein","0.00","0.00","0.00","","","","","","","","","","","","",""
"","","","","","","","","","","","","","0.00","","0.00","","","0.00","","","","","","","","","","","","","","","","","","","","","","","","","","","",""
"001680","W","3CRPAG175","","","","","","","1","0","Stck","0.00","0.00","0.00","0.00","0.00","0.00","0.00","0.034 kg","","","","","","","","","","06.11.2019","ja","0.00","0.00","0.00","","3Com","89","55","5","","","","","","","",""
"","","","","","","","","","","","","","0.00","","0.00","","","0.00","","","","","","","","","","","","","","","","","","","","","","","","","","","",""
"004297","W","3DFX","","","","","","","0","0","Stck","0.00","0.00","0.00","0.00","0.00","0.00","0.00","0 kg","","","","","","","","","","15.03.2022","ja","0.00","0.00","0.00","","","165","130","20","disableit","","","","","","",""
"","","","","","","","","","","","","","0.00","","0.00","","","0.00","","","","","","","","","","","","","","","","","","","","","","","","","","","",""
"004711","W","3DFX 210-0414-001-A1","","","","","","","0","0","Stck","0.00","0.00","250.00","0.00","0.00","0.00","0.00","600 kg","","","","30.01.2023","","","","","","04.05.2022","ja","0.00","0.00","0.00","","","255","125","20","","","","","","","",""
"","","","","","","","","","","","","","0.00","","0.00","","","0.00","","","","","","","","","","","","","","","","","","","","","","","","","","","",""
"000131","W","3DFX Voodoo","","","","","","","50","0","Stck","0.00","0.00","30.00","1'500.00","0.00","0.00","0.00","0.3 kg","","","","21.07.2020","","","","","","06.11.2019","ja","0.00","0.00","0.00","","diverse","0","125","23","","","","","","","",""
"","","","","","","","","","","","","","0.00","","1'500.00","","","0.00","","","","","","","","","","","","","","","","","","","","","","","","","","","",""
"17000","W","3in1 Wireless 15W fast","","","","","","","1","0","Stck","0.00","0.00","0.00","0.00","0.00","0.00","0.00","0.3 kg","","","","","","","","","","02.10.2025","nein","0.00","0.00","0.00","","unbekannt","","14","10","","QI Wireless: 15W Input: 9V/2A, 9V/2.7A, 12V/2A Output (Smartphones): 15W / 10W / 7.5W / 5W Output (Apple Watch): 2.5W Output (Kopfhörer/AirPods): 2W / 1.5W Kabellänge: ca. 1.2 Meter","","Verbrauchsmaterial","yes","Sonstiges Verbrauchsmaterial","",""
"","","","","","","","","","","","","","0.00","","0.00","","","0.00","","","","","","","","","","","","","","","","","","","","","","","","","","","",""
"P12","W","3 Stromschienen, 2 Ersatzmäuse, 1 Netzwerkkabel 10m, 2 Ersatz-Netzwerkkabel","","Zubehör","","","","","0","0","Stck","0.00","0.00","81.00","0.00","16.81","0.00","0.00","0 kg","","","","21.12.2010","","","","","","17.08.2007","nein","0.00","0.00","0.00","","","","","","","","","","","","",""
"","","","","","","","","","","","","","0.00","","0.00","","","0.00","","","","","","","","","","","","","","","","","","","","","","","","","","","",""
"D12","D","3. und 7.8.23 Fragen von Jacqueline zu Filterfunktionen beim Export in kivitendo beantworten","","Dienstleistung (Stunden)","","","","","0","0","Std","0.00","0.00","100.00","0.00","0.00","0.00","0.00","0 kg","","","","23.09.2023","","","","","","29.09.2007","nein","0.00","0.00","0.00","","","","","","","","","","","","",""
"D12","D","3. und 7.8.23 Fragen von Jacqueline zu Filterfunktionen beim Export in kivitendo beantworten","","Dienstleistung (Stunden)","","","","","0","0","Std","0.00","0.00","100.00","0.00","0.00","0.00","0.00","0 kg","","","","25.09.2023","","","","","","29.09.2007","nein","0.00","0.00","0.00","","","","","","","","","","","","",""
"","","","","","","","","","","","","","0.00","","0.00","","","0.00","","","","","","","","","","","","","","","","","","","","","","","","","","","",""
"000616","W","3-Wege Boxen Sony","","","","","","","0","0","Stck","0.00","0.00","0.00","0.00","0.00","0.00","0.00","0.006 kg","","","","","","","","","","06.11.2019","ja","0.00","0.00","0.00","","Sony","220","190","290","","","","","","","",""
"","","","","","","","","","","","","","0.00","","0.00","","","0.00","","","","","","","","","","","","","","","","","","","","","","","","","","","",""
"D13","D","3 x Support in Dietikon: Einrichten des Wireless Netzwerks mit dem neuen VDSL-Modem, Konfiguration auf Fix-PC und 2 Laptops, Einrichten des Druckers, Ersetzen von BIOS-Batterie, Einführung und diverser Support","","Dienstleistung","","","","","0","0","psch","0.00","0.00","350.00","0.00","32.50","0.00","0.00","0 kg","","","","09.11.2011","","","","","","29.09.2007","nein","0.00","0.00","0.00","","","","","","","","","","","","",""
"D13","D","3 x Support in Dietikon: Einrichten des Wireless Netzwerks mit dem neuen VDSL-Modem, Konfiguration auf Fix-PC und 2 Laptops, Einrichten des Druckers, Ersetzen von BIOS-Batterie, Einführung und diverser Support","","Dienstleistung","","","","","0","0","psch","0.00","0.00","350.00","0.00","32.50","0.00","0.00","0 kg","","","","21.05.2012","","","","","","29.09.2007","nein","0.00","0.00","0.00","","","","","","","","","","","","",""
"","","","","","","","","","","","","","0.00","","0.00","","","0.00","","","","","","","","","","","","","","","","","","","","","","","","","","","",""
"006327","W","4029 DIGITAL PHONE","","","","","","","1","0","Stck","0.00","0.00","0.00","0.00","0.00","0.00","0.00","1.55 kg","","","","","","","","","","13.03.2024","ja","0.00","0.00","0.00","","Alcatel","242","200","25","","","","","","","",""
"","","","","","","","","","","","","","0.00","","0.00","","","0.00","","","","","","","","","","","","","","","","","","","","","","","","","","","",""
"D12","D","4.12.2021 Buchhaltungs-Support für Kivitendo siehe E-Mail","","Dienstleistung (Stunden)","","","","","0","0","Std","0.00","0.00","100.00","0.00","0.00","0.00","0.00","0 kg","","","","04.12.2021","","","","","","29.09.2007","nein","0.00","0.00","0.00","","","","","","","","","","","","",""
"","","","","","","","","","","","","","0.00","","0.00","","","0.00","","","","","","","","","","","","","","","","","","","","","","","","","","","",""
"001181","W","4+1 USB 2.0 PCI Kontroller-Karte","","","","","","","0","0","Stck","0.00","0.00","20.00","0.00","0.00","0.00","0.00","0.1 kg","","","","18.04.2018","","","","","","04.01.2018","ja","0.00","0.00","0.00","","diverse","135","120","23","","","","","","","",""
"","","","","","","","","","","","","","0.00","","0.00","","","0.00","","","","","","","","","","","","","","","","","","","","","","","","","","","",""
"P12","W","4300 4200 41T swing Gear RU5-0276 RU5-0277 RM1-0043","","Zubehör","","","","","0","0","Stck","0.00","0.00","5.57","0.00","16.81","0.00","0.00","0 kg","","","","16.06.2014","","","","","","17.08.2007","nein","0.00","0.00","0.00","","","","","","","","","","","","",""
"","","","","","","","","","","","","","0.00","","0.00","","","0.00","","","","","","","","","","","","","","","","","","","","","","","","","","","",""
"D12","D","4.3.2016 Support beim Kurs in Dietikon","","Dienstleistung (Stunden)","","","","","0","0","Std","0.00","0.00","70.00","0.00","0.00","0.00","0.00","0 kg","","","","07.03.2016","","","","","","29.09.2007","nein","0.00","0.00","0.00","","","","","","","","","","","","",""
"D12","D","4.3.2016 Support beim Kurs in Dietikon","","Dienstleistung (Stunden)","","","","","0","0","Std","0.00","0.00","70.00","0.00","0.00","0.00","0.00","0 kg","","","","09.09.2016","","","","","","29.09.2007","nein","0.00","0.00","0.00","","","","","","","","","","","","",""
"","","","","","","","","","","","","","0.00","","0.00","","","0.00","","","","","","","","","","","","","","","","","","","","","","","","","","","",""
"D12","D","4.3.2024 Problem mit Leerschlag bei Postleitzahl beim Erzeugen der QR-Rechnung ermitteln und beheben","","Dienstleistung (Stunden)","","","","","0","0","Std","0.00","0.00","100.00","0.00","0.00","0.00","0.00","0 kg","","","","16.06.2024","","","","","","29.09.2007","nein","0.00","0.00","0.00","","","","","","","","","","","","",""
"","","","","","","","","","","","","","0.00","","0.00","","","0.00","","","","","","","","","","","","","","","","","","","","","","","","","","","",""
"P12","W","44-PIN IDE-Adapter für 2.5"" Dell Laptop Festplatten","","Zubehör","","","","","0","0","Stck","0.00","0.00","5.00","0.00","16.81","0.00","0.00","0 kg","","","","12.10.2016","","","","","","17.08.2007","nein","0.00","0.00","0.00","","","","","","","","","","","","",""
"","","","","","","","","","","","","","0.00","","0.00","","","0.00","","","","","","","","","","","","","","","","","","","","","","","","","","","",""
"P3","W","46"" Monitor EloTouchscreen 4600L","","Peripheriegeräte neu","","","","","0","0","Stck","0.00","0.00","2'500.00","0.00","0.00","0.00","0.00","0 kg","","","","04.09.2012","","","","","","17.07.2007","nein","0.00","0.00","0.00","","","","","","","","","","","","",""
"","","","","","","","","","","","","","0.00","","0.00","","","0.00","","","","","","","","","","","","","","","","","","","","","","","","","","","",""
"P3","W","46"" Monitor SAMSUNG SyncMaster 460MX","","Peripheriegeräte neu","","","","","0","0","Stck","0.00","0.00","1'400.00","0.00","0.00","0.00","0.00","0 kg","","","","04.09.2012","","","","","","17.07.2007","nein","0.00","0.00","0.00","","","","","","","","","","","","",""
"","","","","","","","","","","","","","0.00","","0.00","","","0.00","","","","","","","","","","","","","","","","","","","","","","","","","","","",""
"D14","D","4.9.23 Bei Berichte → Angebote und Berichte → Aufträge Start- und Enddatum Vermietung, Lieferdatum und Abholdatum anzeigen und danach sortieren können","","Dienstleistung","","","","","0","0","Std","0.00","0.00","100.00","0.00","0.00","0.00","0.00","0 kg","","","","23.09.2023","","","","","","29.09.2007","nein","0.00","0.00","0.00","","","","","","","","","","","","",""
"D14","D","4.9.23 Bei Berichte → Angebote und Berichte → Aufträge Start- und Enddatum Vermietung, Lieferdatum und Abholdatum anzeigen und danach sortieren können","","Dienstleistung","","","","","0","0","Std","0.00","0.00","100.00","0.00","0.00","0.00","0.00","0 kg","","","","25.09.2023","","","","","","29.09.2007","nein","0.00","0.00","0.00","","","","","","","","","","","","",""
"","","","","","","","","","","","","","0.00","","0.00","","","0.00","","","","","","","","","","","","","","","","","","","","","","","","","","","",""
"000301","W","4D080H4","","","","","","","1","0","Stck","0.00","0.00","20.00","20.00","0.00","0.00","0.00","0.58 kg","","","","","","","","","","06.11.2019","ja","0.00","0.00","0.00","","Maxtor","147","102","20","","","","","","","",""
"","","","","","","","","","","","","","0.00","","20.00","","","0.00","","","","","","","","","","","","","","","","","","","","","","","","","","","",""
"P7","W","4 GB Dimm DDR3 Ram","","Hardwareteile Occasion","","","","","0","0","Stck","0.00","0.00","25.00","0.00","14.32","0.00","0.00","0 kg","","","","29.05.2019","","","","","","09.08.2007","nein","0.00","0.00","0.00","","","","","","","","","","","","",""
"P7","W","4 GB Dimm DDR3 Ram","","Hardwareteile Occasion","","","","","0","0","Stck","0.00","0.00","25.00","0.00","14.32","0.00","0.00","0 kg","","","","17.07.2019","","","","","","09.08.2007","nein","0.00","0.00","0.00","","","","","","","","","","","","",""
"","","","","","","","","","","","","","0.00","","0.00","","","0.00","","","","","","","","","","","","","","","","","","","","","","","","","","","",""
"P7","W","4GB PC3-10600 DDR3 SDRAM Kingston","","Hardwareteile Occasion","","","","","0","0","Stck","0.00","0.00","30.00","0.00","14.32","0.00","0.00","0 kg","","","","20.04.2017","","","","","","09.08.2007","nein","0.00","0.00","0.00","","","","","","","","","","","","",""
"P7","W","4GB PC3-10600 DDR3 SDRAM Kingston","","Hardwareteile Occasion","","","","","0","0","Stck","0.00","0.00","30.00","0.00","14.32","0.00","0.00","0 kg","","","","27.04.2017","","","","","","09.08.2007","nein","0.00","0.00","0.00","","","","","","","","","","","","",""
"P7","W","4GB PC3-10600 DDR3 SDRAM Kingston","","Hardwareteile Occasion","","","","","0","0","Stck","0.00","0.00","30.00","0.00","14.32","0.00","0.00","0 kg","","","","16.07.2017","","","","","","09.08.2007","nein","0.00","0.00","0.00","","","","","","","","","","","","",""
"P7","W","4GB PC3-10600 DDR3 SDRAM Kingston","","Hardwareteile Occasion","","","","","0","0","Stck","0.00","0.00","15.00","0.00","14.32","0.00","0.00","0 kg","","","","28.08.2017","","","","","","09.08.2007","nein","0.00","0.00","0.00","","","","","","","","","","","","",""
"","","","","","","","","","","","","","0.00","","0.00","","","0.00","","","","","","","","","","","","","","","","","","","","","","","","","","","",""
"P27","W","4 GB USB-Stick Maxflash Standard, 5 Jahre Garantie","","Verbrauchsmaterial","","","","","0","0","Stck","0.00","0.00","6.80","0.00","95.00","0.00","0.00","0 kg","","","","12.02.2014","","","","","","05.10.2007","nein","0.00","0.00","0.00","","","","","","","","","","","","",""
"","","","","","","","","","","","","","0.00","","0.00","","","0.00","","","","","","","","","","","","","","","","","","","","","","","","","","","",""
"000751","W","4-Port USB KVM Switch mit Audio","","","","","","","0","0","Stck","0.00","0.00","0.00","0.00","0.00","0.00","0.00","0.0007 kg","","","","","","","","","","06.11.2019","ja","0.00","0.00","0.00","","a4tech","17.0000","8.5000","3.0000","","","","","","","",""
"","","","","","","","","","","","","","0.00","","0.00","","","0.00","","","","","","","","","","","","","","","","","","","","","","","","","","","",""
"P80","W","4 Schrauben","","Hardwareteile Occasion","","","","","0","0","Stck","0.00","0.00","1.00","0.00","19.90","0.00","0.00","0 kg","","","","25.11.2015","","","","","","09.01.2012","nein","0.00","0.00","0.00","","","","","","","","","","","","",""
"P80","W","4 Schrauben","","Hardwareteile Occasion","","","","","0","0","Stck","0.00","0.00","1.00","0.00","19.90","0.00","0.00","0 kg","","","","26.11.2015","","","","","","09.01.2012","nein","0.00","0.00","0.00","","","","","","","","","","","","",""
"000016","W","4 Schrauben","","","","","","","0","0","Stck","0.00","0.00","10.00","0.00","0.00","0.00","0.00","0 kg","","","","30.03.2023","","","","","","05.11.2019","ja","0.00","0.00","0.00","","unbekannt","0","0","0","","","","","","","",""
"","","","","","","","","","","","","","0.00","","0.00","","","0.00","","","","","","","","","","","","","","","","","","","","","","","","","","","",""
"D28","D","500 GB 2.5"" Festplatte mit ddrescue auf 3.5"" Festplatte kopieren, Datenrettung von Western Digital 2 TB ohne Erfolg versucht","","Dienstleistung","","","","","0","0","Std","0.00","0.00","70.00","0.00","0.00","0.00","0.00","0 kg","","","","31.03.2022","","","","","","23.11.2010","nein","0.00","0.00","0.00","","","","","","","","","","","","",""
"D28","D","500 GB 2.5"" Festplatte mit ddrescue auf 3.5"" Festplatte kopieren, Datenrettung von Western Digital 2 TB ohne Erfolg versucht","","Dienstleistung","","","","","0","0","Std","0.00","0.00","70.00","0.00","0.00","0.00","0.00","0 kg","","","","01.04.2022","","","","","","23.11.2010","nein","0.00","0.00","0.00","","","","","","","","","","","","",""
"","","","","","","","","","","","","","0.00","","0.00","","","0.00","","","","","","","","","","","","","","","","","","","","","","","","","","","",""
"W00500","WH","500 Gb SSD 2.5""","","Peripheriegeräte neu","","","","","0","1","Stck","0.00","0.00","115.00","0.00","80.58","0.00","0.00","0 kg","","","","21.06.2019","CT500MX500SSD1","","","","","25.06.2019","nein","0.00","0.00","0.00","","","","","","","","","","","","",""
"W00500","WH","500 Gb SSD 2.5""","","Peripheriegeräte neu","","","","","0","1","Stck","0.00","0.00","115.00","0.00","80.58","0.00","0.00","0 kg","","","","25.06.2019","CT500MX500SSD1","","","","","25.06.2019","nein","0.00","0.00","0.00","","","","","","","","","","","","",""
"","","","","","","","","","","","","","0.00","","0.00","","","0.00","","","","","","","","","","","","","","","","","","","","","","","","","","","",""
"000955","W","50-Franken Komplettsystem","","","","","","","49","0","Stck","50.00","2'450.00","50.00","2'450.00","0.00","0.00","0.00","17 kg","","","","16.01.2015","","","","","","20.02.2015","ja","0.00","0.00","0.00","","revamp-it","500","450","450","","","","","","","",""
"000955","W","50-Franken Komplettsystem","","","","","","","49","0","Stck","50.00","2'450.00","50.00","2'450.00","0.00","0.00","0.00","17 kg","","","","08.03.2015","","","","","","20.02.2015","ja","0.00","0.00","0.00","","revamp-it","500","450","450","","","","","","","",""
"000955","W","50-Franken Komplettsystem","","","","","","","49","0","Stck","50.00","2'450.00","50.00","2'450.00","0.00","0.00","0.00","17 kg","","","","07.05.2015","","","","","","20.02.2015","ja","0.00","0.00","0.00","","revamp-it","500","450","450","","","","","","","",""
"000955","W","50-Franken Komplettsystem","","","","","","","49","0","Stck","50.00","2'450.00","40.00","1'960.00","0.00","0.00","0.00","17 kg","","","","08.05.2015","","","","","","20.02.2015","ja","0.00","0.00","0.00","","revamp-it","500","450","450","","","","","","","",""
"000955","W","50-Franken Komplettsystem","","","","","","","49","0","Stck","50.00","2'450.00","30.00","1'470.00","0.00","0.00","0.00","17 kg","","","","21.08.2015","","","","","","20.02.2015","ja","0.00","0.00","0.00","","revamp-it","500","450","450","","","","","","","",""
"000955","W","50-Franken Komplettsystem","","","","","","","49","0","Stck","50.00","2'450.00","45.00","2'205.00","0.00","0.00","0.00","17 kg","","","","06.11.2015","","","","","","20.02.2015","ja","0.00","0.00","0.00","","revamp-it","500","450","450","","","","","","","",""
"000955","W","50-Franken Komplettsystem","","","","","","","49","0","Stck","50.00","2'450.00","50.00","2'450.00","0.00","0.00","0.00","17 kg","","","","22.12.2015","","","","","","20.02.2015","ja","0.00","0.00","0.00","","revamp-it","500","450","450","","","","","","","",""
"000955","W","50-Franken Komplettsystem","","","","","","","49","0","Stck","50.00","2'450.00","50.00","2'450.00","0.00","0.00","0.00","17 kg","","","","13.07.2016","","","","","","20.02.2015","ja","0.00","0.00","0.00","","revamp-it","500","450","450","","","","","","","",""
"000955","W","50-Franken Komplettsystem","","","","","","","49","0","Stck","50.00","2'450.00","50.00","2'450.00","0.00","0.00","0.00","17 kg","","","","28.04.2017","","","","","","20.02.2015","ja","0.00","0.00","0.00","","revamp-it","500","450","450","","","","","","","",""
"000955","W","50-Franken Komplettsystem","","","","","","","49","0","Stck","50.00","2'450.00","50.00","2'450.00","0.00","0.00","0.00","17 kg","","","","05.09.2017","","","","","","20.02.2015","ja","0.00","0.00","0.00","","revamp-it","500","450","450","","","","","","","",""
"","","","","","","","","","","","","","24'500.00","","22'785.00","","","0.00","","","","","","","","","","","","","","","","","","","","","","","","","","","",""
"D2","D","50 PCs und 30 Laptops für Schulprojekt Brazzaville","","Dienstleistung","","","","","0","0","Std","0.00","0.00","2'000.00","0.00","0.00","0.00","0.00","0 kg","","","","03.05.2022","","","","","","13.06.2007","nein","0.00","0.00","0.00","","","","","","","","","","","","",""
"","","","","","","","","","","","","","0.00","","0.00","","","0.00","","","","","","","","","","","","","","","","","","","","","","","","","","","",""
"D14","D","5.12.2021 Erweitern der Kundensuche: Mutationsdatum als Filterkriterium und bei 'in Bericht aufnehmen' Sprache auch bei 'in Bericht aufnehmen'","","Dienstleistung","","","","","0","0","Std","0.00","0.00","100.00","0.00","0.00","0.00","0.00","0 kg","","","","08.08.2022","","","","","","29.09.2007","nein","0.00","0.00","0.00","","","","","","","","","","","","",""
"","","","","","","","","","","","","","0.00","","0.00","","","0.00","","","","","","","","","","","","","","","","","","","","","","","","","","","",""
"000201","W","512 MB DDR SO-DIMM","","","","","","","0","0","Stck","0.00","0.00","20.00","0.00","0.00","0.00","0.00","0 kg","","","","08.04.2016","","","","","","22.01.2015","ja","0.00","0.00","0.00","","diverse","0","0","0","","","","","","","",""
"000201","W","512 MB DDR SO-DIMM","","","","","","","0","0","Stck","0.00","0.00","20.00","0.00","0.00","0.00","0.00","0 kg","","","","30.06.2016","","","","","","22.01.2015","ja","0.00","0.00","0.00","","diverse","0","0","0","","","","","","","",""
"","","","","","","","","","","","","","0.00","","0.00","","","0.00","","","","","","","","","","","","","","","","","","","","","","","","","","","",""
"003407","W","512 MB DIMM DDR2 RAM","","","","","","","0","0","Stck","10.00","0.00","10.00","0.00","0.00","0.00","0.00","11 kg","","","","08.04.2016","","","","","","12.11.2012","ja","0.00","0.00","0.00","","Apple","493","472","472","","","","","","","",""
"000342","W","512 MB DIMM DDR2 RAM","","","","","","","0","0","Stck","0.00","0.00","10.00","0.00","0.00","0.00","0.00","0.023 kg","","","","30.06.2016","","","","","","29.01.2021","ja","0.00","0.00","0.00","","diverse","140","30","10","","","","","","","",""
"000342","W","512 MB DIMM DDR2 RAM","","","","","","","0","0","Stck","0.00","0.00","9.50","0.00","0.00","0.00","0.00","0.023 kg","","","","28.04.2017","","","","","","29.01.2021","ja","0.00","0.00","0.00","","diverse","140","30","10","","","","","","","",""
"","","","","","","","","","","","","","0.00","","0.00","","","0.00","","","","","","","","","","","","","","","","","","","","","","","","","","","",""
"000750","W","512MB DIMM DDR RAM","","","","","","","0","0","Stck","15.00","0.00","15.00","0.00","0.00","0.00","0.00","0.022 kg","","","","01.10.2015","","","","","","11.07.2016","ja","0.00","0.00","0.00","","diverse","133","32","4","","","","","","","",""
"000750","W","512MB DIMM DDR RAM","","","","","","","0","0","Stck","15.00","0.00","15.00","0.00","0.00","0.00","0.00","0.022 kg","","","","08.04.2016","","","","","","11.07.2016","ja","0.00","0.00","0.00","","diverse","133","32","4","","","","","","","",""
"000750","W","512MB DIMM DDR RAM","","","","","","","0","0","Stck","15.00","0.00","15.00","0.00","0.00","0.00","0.00","0.022 kg","","","","30.06.2016","","","","","","11.07.2016","ja","0.00","0.00","0.00","","diverse","133","32","4","","","","","","","",""
"000750","W","512MB DIMM DDR RAM","","","","","","","0","0","Stck","15.00","0.00","15.00","0.00","0.00","0.00","0.00","0.022 kg","","","","23.12.2016","","","","","","11.07.2016","ja","0.00","0.00","0.00","","diverse","133","32","4","","","","","","","",""
"","","","","","","","","","","","","","0.00","","0.00","","","0.00","","","","","","","","","","","","","","","","","","","","","","","","","","","",""
"000750","W","512MB DIMM DDR RAM PC3200","","","","","","","0","0","Stck","15.00","0.00","15.00","0.00","0.00","0.00","0.00","0.022 kg","","","","27.04.2021","","","","","","11.07.2016","ja","0.00","0.00","0.00","","diverse","133","32","4","","","","","","","",""
"","","","","","","","","","","","","","0.00","","0.00","","","0.00","","","","","","","","","","","","","","","","","","","","","","","","","","","",""
"002584","W","512 MB SDRAM DIMM 168pin 133 MHZ","","","","","","","30","0","Stck","0.00","0.00","30.00","900.00","0.00","0.00","0.00","0.03 kg","","","","05.12.2017","","","","","","05.12.2017","ja","0.00","0.00","0.00","","diverse","134","32","4","","","","","","","",""
"002584","W","512 MB SDRAM DIMM 168pin 133 MHZ","","","","","","","30","0","Stck","0.00","0.00","30.00","900.00","0.00","0.00","0.00","0.03 kg","","","","23.01.2025","","","","","","05.12.2017","ja","0.00","0.00","0.00","","diverse","134","32","4","","","","","","","",""
"","","","","","","","","","","","","","0.00","","1'800.00","","","0.00","","","","","","","","","","","","","","","","","","","","","","","","","","","",""
"002584","W","512 MB SDRAM DIMM 168pin 133 MHZ NON-ECC","","","","","","","30","0","Stck","0.00","0.00","30.00","900.00","0.00","0.00","0.00","0.03 kg","","","","08.01.2023","","","","","","05.12.2017","ja","0.00","0.00","0.00","","diverse","134","32","4","","","","","","","",""
"","","","","","","","","","","","","","0.00","","900.00","","","0.00","","","","","","","","","","","","","","","","","","","","","","","","","","","",""
"P79","W","5200mAh Ersatz-Akku für ACER BATBL50L6","","Hardwareteile neu","","","","","0","0","Stck","0.00","0.00","39.24","0.00","35.99","0.00","0.00","0 kg","","","","14.07.2015","","","","","","22.12.2011","nein","0.00","0.00","0.00","","","","","","","","","","","","",""
"","","","","","","","","","","","","","0.00","","0.00","","","0.00","","","","","","","","","","","","","","","","","","","","","","","","","","","",""
"001901","W","5200mAh Laptop Akku Dell Latitude D620","","","","","","","0","0","Stck","0.00","0.00","20.33","0.00","20.33","0.00","0.00","0 kg","","","","07.02.2018","","","","","","26.01.2017","ja","0.00","0.00","0.00","","Dell","0","0","0","","","","","","","",""
"001901","W","5200mAh Laptop Akku Dell Latitude D620","","","","","","","0","0","Stck","0.00","0.00","20.33","0.00","20.33","0.00","0.00","0 kg","","","","08.02.2018","","","","","","26.01.2017","ja","0.00","0.00","0.00","","Dell","0","0","0","","","","","","","",""
"","","","","","","","","","","","","","0.00","","0.00","","","0.00","","","","","","","","","","","","","","","","","","","","","","","","","","","",""
"D12","D","5.3. Einführung Redmine Ticket-System für Virginia","","Dienstleistung (Stunden)","","","","","0","0","Std","0.00","0.00","70.00","0.00","0.00","0.00","0.00","0 kg","","","","31.12.2018","","","","","","29.09.2007","nein","0.00","0.00","0.00","","","","","","","","","","","","",""
"","","","","","","","","","","","","","0.00","","0.00","","","0.00","","","","","","","","","","","","","","","","","","","","","","","","","","","",""
"D12","D","5.4.2013 Besprechung mit Graphiker zu neuem Template","","Dienstleistung (Stunden)","","","","","0","0","Std","0.00","0.00","70.00","0.00","0.00","0.00","0.00","0 kg","","","","10.02.2013","","","","","","29.09.2007","nein","0.00","0.00","0.00","","","","","","","","","","","","",""
"D12","D","5.4.2013 Besprechung mit Graphiker zu neuem Template","","Dienstleistung (Stunden)","","","","","0","0","Std","0.00","0.00","70.00","0.00","0.00","0.00","0.00","0 kg","","","","22.04.2013","","","","","","29.09.2007","nein","0.00","0.00","0.00","","","","","","","","","","","","",""
"","","","","","","","","","","","","","0.00","","0.00","","","0.00","","","","","","","","","","","","","","","","","","","","","","","","","","","",""
"D12","D","5.6.2012 Kleinere Anpassungen auf der Homepage","","Dienstleistung (Stunden)","","","","","0","0","Std","0.00","0.00","50.00","0.00","0.00","0.00","0.00","0 kg","","","","05.06.2012","","","","","","29.09.2007","nein","0.00","0.00","0.00","","","","","","","","","","","","",""
"","","","","","","","","","","","","","0.00","","0.00","","","0.00","","","","","","","","","","","","","","","","","","","","","","","","","","","",""
"001935","W","575324-002","","","","","","","0","0","Stck","0.00","0.00","20.00","0.00","0.00","0.00","0.00","1.4968549 kg","","","","","","","","","","06.11.2019","ja","0.00","0.00","0.00","","HP / Compaq","254","152.4","76.2","","","","","","","",""
"","","","","","","","","","","","","","0.00","","0.00","","","0.00","","","","","","","","","","","","","","","","","","","","","","","","","","","",""
"P12","W","5 neue patronen","","Zubehör","","","","","0","0","Stck","0.00","0.00","60.00","0.00","16.81","0.00","0.00","0 kg","","","","03.03.2015","","","","","","17.08.2007","nein","0.00","0.00","0.00","","","","","","","","","","","","",""
"","","","","","","","","","","","","","0.00","","0.00","","","0.00","","","","","","","","","","","","","","","","","","","","","","","","","","","",""
"002382","W","5-Port Fast Ethernet Switch D7275","","","","","","","0","0","Stck","0.00","0.00","0.00","0.00","0.00","0.00","0.00","0.138 kg","","","","","","","","","","06.11.2019","ja","0.00","0.00","0.00","","","80","125","30","","","","","","","",""
"","","","","","","","","","","","","","0.00","","0.00","","","0.00","","","","","","","","","","","","","","","","","","","","","","","","","","","",""
"002272","W","5-Port Mini Hub","","","","","","","0","0","Stck","0.00","0.00","0.00","0.00","0.00","0.00","0.00","0.12 kg","","","","","","","","","","06.11.2019","ja","0.00","0.00","0.00","","","70","125","30","","","","","","","",""
"","","","","","","","","","","","","","0.00","","0.00","","","0.00","","","","","","","","","","","","","","","","","","","","","","","","","","","",""
"006337","W","5T040H4","","","","","","","1","0","Stck","0.00","0.00","0.00","0.00","0.00","0.00","0.00","0.585 kg","","","","","","","","","","15.03.2024","ja","0.00","0.00","0.00","","Maxtor","150","100","0","","","","","","","",""
"","","","","","","","","","","","","","0.00","","0.00","","","0.00","","","","","","","","","","","","","","","","","","","","","","","","","","","",""
"D23","D","5 x Arbeitsweg","","Dienstleistung","","","","","0","0","Std","0.00","0.00","70.00","0.00","0.00","0.00","0.00","0 kg","","","","09.07.2009","","","","","","28.03.2009","nein","0.00","0.00","0.00","","","","","","","","","","","","",""
"","","","","","","","","","","","","","0.00","","0.00","","","0.00","","","","","","","","","","","","","","","","","","","","","","","","","","","",""
"D12","D","6.10.2021 Kivitendo-Support siehe E-Mail","","Dienstleistung (Stunden)","","","","","0","0","Std","0.00","0.00","100.00","0.00","0.00","0.00","0.00","0 kg","","","","04.12.2021","","","","","","29.09.2007","nein","0.00","0.00","0.00","","","","","","","","","","","","",""
"","","","","","","","","","","","","","0.00","","0.00","","","0.00","","","","","","","","","","","","","","","","","","","","","","","","","","","",""
"D12","D","6.12.2021 Buchhaltungs-Support kivitendo, siehe E-Mail","","Dienstleistung (Stunden)","","","","","0","0","Std","0.00","0.00","100.00","0.00","0.00","0.00","0.00","0 kg","","","","06.12.2021","","","","","","29.09.2007","nein","0.00","0.00","0.00","","","","","","","","","","","","",""
"","","","","","","","","","","","","","0.00","","0.00","","","0.00","","","","","","","","","","","","","","","","","","","","","","","","","","","",""
"006329","W","622d","","","","","","","2","0","Stck","0.00","0.00","0.00","0.00","0.00","0.00","0.00","0.32 kg","","","","","","","","","","13.03.2024","ja","0.00","0.00","0.00","","Mitel","143","175","17","","","","","","","",""
"","","","","","","","","","","","","","0.00","","0.00","","","0.00","","","","","","","","","","","","","","","","","","","","","","","","","","","",""
"D12","D","6.4.2023 Telefonsupport und neues Mail-Passwort setzen","","Dienstleistung (Stunden)","","","","","0","0","Std","0.00","0.00","100.00","0.00","0.00","0.00","0.00","0 kg","","","","06.04.2023","","","","","","29.09.2007","nein","0.00","0.00","0.00","","","","","","","","","","","","",""
"D12","D","6.4.2023 Telefonsupport und neues Mail-Passwort setzen","","Dienstleistung (Stunden)","","","","","0","0","Std","0.00","0.00","100.00","0.00","0.00","0.00","0.00","0 kg","","","","24.10.2023","","","","","","29.09.2007","nein","0.00","0.00","0.00","","","","","","","","","","","","",""
"","","","","","","","","","","","","","0.00","","0.00","","","0.00","","","","","","","","","","","","","","","","","","","","","","","","","","","",""
"D12","D","6.6.2011 Support Karel Kulhavy: Lösungen suchen für Grafikprobleme mit Alix-Clients (Verrechnung 1 statt 2 Stunden)","","Dienstleistung (Stunden)","","","","","0","0","Std","0.00","0.00","40.00","0.00","0.00","0.00","0.00","0 kg","","","","15.07.2011","","","","","","29.09.2007","nein","0.00","0.00","0.00","","","","","","","","","","","","",""
"","","","","","","","","","","","","","0.00","","0.00","","","0.00","","","","","","","","","","","","","","","","","","","","","","","","","","","",""
"D14","D","6.6.23 Benutzerdefinierten Bericht erstellen für Kund*innenliste mit letztem Angebot und Name des Auftrags","","Dienstleistung","","","","","0","0","Std","0.00","0.00","100.00","0.00","0.00","0.00","0.00","0 kg","","","","23.09.2023","","","","","","29.09.2007","nein","0.00","0.00","0.00","","","","","","","","","","","","",""
"D14","D","6.6.23 Benutzerdefinierten Bericht erstellen für Kund*innenliste mit letztem Angebot und Name des Auftrags","","Dienstleistung","","","","","0","0","Std","0.00","0.00","100.00","0.00","0.00","0.00","0.00","0 kg","","","","25.09.2023","","","","","","29.09.2007","nein","0.00","0.00","0.00","","","","","","","","","","","","",""
"","","","","","","","","","","","","","0.00","","0.00","","","0.00","","","","","","","","","","","","","","","","","","","","","","","","","","","",""
"006323","W","6867i","","","","","","","1","0","Stck","0.00","0.00","0.00","0.00","0.00","0.00","0.00","1.5 kg","","","","","","","","","","09.03.2024","ja","0.00","0.00","0.00","","Aastra","220","190","23","","","","","","","",""
"","","","","","","","","","","","","","0.00","","0.00","","","0.00","","","","","","","","","","","","","","","","","","","","","","","","","","","",""
"006361","W","6B200P0040211","","","","","","","1","0","Stck","0.00","0.00","0.00","0.00","0.00","0.00","0.00","0.59 kg","","","","","","","","","","22.03.2024","ja","0.00","0.00","0.00","","Maxtor","150","100","0","","","","","","","",""
"","","","","","","","","","","","","","0.00","","0.00","","","0.00","","","","","","","","","","","","","","","","","","","","","","","","","","","",""
"P59","W","6 PC Occasion (i486 bis Pentium II)","","Computer Occasion","","","","","0","0","Stck","0.00","0.00","400.00","0.00","129.00","0.00","0.00","0 kg","","","","21.12.2023","","","","","","29.01.2009","nein","0.00","0.00","0.00","","","","","","","","","","","","",""
"","","","","","","","","","","","","","0.00","","0.00","","","0.00","","","","","","","","","","","","","","","","","","","","","","","","","","","",""
"006325","W","6Y080L0422011","","","","","","","1","0","Stck","0.00","0.00","0.00","0.00","0.00","0.00","0.00","0.512 kg","","","","","","","","","","12.03.2024","ja","0.00","0.00","0.00","","Maxtor","150","110","0","","","","","","","",""
"","","","","","","","","","","","","","0.00","","0.00","","","0.00","","","","","","","","","","","","","","","","","","","","","","","","","","","",""
"D12","D","7.2.2023 Benutzerkonto und E-Mail für Daniela Chapuis einrichten (Ticket #150)","","Dienstleistung (Stunden)","","","","","0","0","Std","0.00","0.00","70.00","0.00","0.00","0.00","0.00","0 kg","","","","28.06.2023","","","","","","29.09.2007","nein","0.00","0.00","0.00","","","","","","","","","","","","",""
"D12","D","7.2.2023 Benutzerkonto und E-Mail für Daniela Chapuis einrichten (Ticket #150)","","Dienstleistung (Stunden)","","","","","0","0","Std","0.00","0.00","70.00","0.00","0.00","0.00","0.00","0 kg","","","","29.06.2023","","","","","","29.09.2007","nein","0.00","0.00","0.00","","","","","","","","","","","","",""
"","","","","","","","","","","","","","0.00","","0.00","","","0.00","","","","","","","","","","","","","","","","","","","","","","","","","","","",""
"D2","D","7.3.2013 Weiterbildungsabend inkl. Vorbereitung zu Linux und Kubuntu für die eheramtlichen Compirat- HelferInnen","","Dienstleistung","","","","","0","0","Std","0.00","0.00","70.00","0.00","0.00","0.00","0.00","0 kg","","","","15.05.2013","","","","","","13.06.2007","nein","0.00","0.00","0.00","","","","","","","","","","","","",""
"","","","","","","","","","","","","","0.00","","0.00","","","0.00","","","","","","","","","","","","","","","","","","","","","","","","","","","",""
"D12","D","7.3.2016 Support und Wartung in Bülach, Einstellungen Server und 2 Laptops","","Dienstleistung (Stunden)","","","","","0","0","Std","0.00","0.00","70.00","0.00","0.00","0.00","0.00","0 kg","","","","07.03.2016","","","","","","29.09.2007","nein","0.00","0.00","0.00","","","","","","","","","","","","",""
"D12","D","7.3.2016 Support und Wartung in Bülach, Einstellungen Server und 2 Laptops","","Dienstleistung (Stunden)","","","","","0","0","Std","0.00","0.00","70.00","0.00","0.00","0.00","0.00","0 kg","","","","09.09.2016","","","","","","29.09.2007","nein","0.00","0.00","0.00","","","","","","","","","","","","",""
"","","","","","","","","","","","","","0.00","","0.00","","","0.00","","","","","","","","","","","","","","","","","","","","","","","","","","","",""
"P8","W","750 GB Toshiba SATA 2.5""","","Hardwareteile Occasion","","","","","0","0","Stck","0.00","0.00","60.00","0.00","0.00","0.00","0.00","0 kg","","","","06.05.2019","","","","","","09.08.2007","nein","0.00","0.00","0.00","","","","","","","","","","","","",""
"","","","","","","","","","","","","","0.00","","0.00","","","0.00","","","","","","","","","","","","","","","","","","","","","","","","","","","",""
"D14","D","7 neue Newsmeldungen eintragen und nur bei Sprachwahl FR sichtbar machen.","","Dienstleistung","","","","","0","0","Std","0.00","0.00","70.00","0.00","0.00","0.00","0.00","0 kg","","","","07.09.2012","","","","","","29.09.2007","nein","0.00","0.00","0.00","","","","","","","","","","","","",""
"","","","","","","","","","","","","","0.00","","0.00","","","0.00","","","","","","","","","","","","","","","","","","","","","","","","","","","",""
"000999","W","8100HP Officejet Pro 8100","HP Officejet Pro 8100 Modell: Officejet Pro 8100 Typ: Farb Tintenstrahl Schnittsstellen: Hi-Speed USB 2.0 integrierte Wired Ethernet 10/100Base-TX (RJ45) Netzwerktechnologie Integrierte Wireless 802.11b/g/n Netzwerktechnologie Auflösung: Bis zu 4.800 x 1.200 dpi (optimiert) auf HP Advanced Fotopapier Speicher: 128 MByte CPU: 360 Mhz CPU Papiermanagment: A4 60 bis 105 g/m² (Normalpapier) 220 bis 280 g/m² (Foto) 75 bis 90 g/m² (Briefumschläge) 163 bis 200 g/m² (Karten). Geschwindigkeit: Farbe bis zu 16 Seiten pro Minute; Schwarzweiß bis zu 20 Seiten pro Minute Erste Seite: Unbekannt Kompatibilität: Linux, Windows, Mac Geräuschemission: Unbekannt Leistungsaufnahme: Betrieb max. 28W; Standby 3,94 W; Sleep-Modus max. 0,27W Gewicht: 11 kg Maße (B x H x T): 49,4 x 45,8 x 20,2 cm SpeziellesAutomatischer Duplex","","","","","","0","0","Stck","0.00","0.00","70.00","0.00","0.00","0.00","0.00","12.5 kg","","","","11.10.2018","","","","","","11.10.2018","ja","0.00","0.00","0.00","","HP / Compaq","495","455","210","","","","","","","",""
"","","","","","","","","","","","","","0.00","","0.00","","","0.00","","","","","","","","","","","","","","","","","","","","","","","","","","","",""
"D12","D","8.1.2012 An- und Abmeldevorgang auf Wunsch von Markus nochmals überprüft","","Dienstleistung (Stunden)","","","","","0","0","Std","0.00","0.00","50.00","0.00","0.00","0.00","0.00","0 kg","","","","05.06.2012","","","","","","29.09.2007","nein","0.00","0.00","0.00","","","","","","","","","","","","",""
"","","","","","","","","","","","","","0.00","","0.00","","","0.00","","","","","","","","","","","","","","","","","","","","","","","","","","","",""
"003890","W","82Q35 Graphics Controller","","","","","","","0","0","Stck","0.00","0.00","0.00","0.00","0.00","0.00","0.00","0 kg","","","","","","","","","","06.11.2019","ja","0.00","0.00","0.00","","Intel","160","70","90","","","","","","","",""
"","","","","","","","","","","","","","0.00","","0.00","","","0.00","","","","","","","","","","","","","","","","","","","","","","","","","","","",""
"D12","D","8.3.2016 Unterstützung und Präsenz beim Kurs in Bülach","","Dienstleistung (Stunden)","","","","","0","0","Std","0.00","0.00","70.00","0.00","0.00","0.00","0.00","0 kg","","","","07.03.2016","","","","","","29.09.2007","nein","0.00","0.00","0.00","","","","","","","","","","","","",""
"D12","D","8.3.2016 Unterstützung und Präsenz beim Kurs in Bülach","","Dienstleistung (Stunden)","","","","","0","0","Std","0.00","0.00","70.00","0.00","0.00","0.00","0.00","0 kg","","","","09.09.2016","","","","","","29.09.2007","nein","0.00","0.00","0.00","","","","","","","","","","","","",""
"","","","","","","","","","","","","","0.00","","0.00","","","0.00","","","","","","","","","","","","","","","","","","","","","","","","","","","",""
"000201","W","8 GB DDR4 So-Dimm","","","","","","","0","0","Stck","0.00","0.00","35.00","0.00","0.00","0.00","0.00","0 kg","","","","13.06.2022","","","","","","22.01.2015","ja","0.00","0.00","0.00","","diverse","0","0","0","","","","","","","",""
"","","","","","","","","","","","","","0.00","","0.00","","","0.00","","","","","","","","","","","","","","","","","","","","","","","","","","","",""
"001653","W","8 Port 10/100 Ethernet Mini Switch","","","","","","","0","0","Stck","0.00","0.00","10.00","0.00","0.00","0.00","0.00","0.366 kg","","","","","","","","","","06.11.2019","ja","0.00","0.00","0.00","","unbekannt","86","165","23","","","","","","","",""
"","","","","","","","","","","","","","0.00","","0.00","","","0.00","","","","","","","","","","","","","","","","","","","","","","","","","","","",""
"001713","W","8 Port 10/100 Ethernet Switch","","","","","","","0","0","Stck","0.00","0.00","10.00","0.00","0.00","0.00","0.00","0.192 kg","","","","","","","","","","06.11.2019","ja","0.00","0.00","0.00","","unbekannt","82","144","26","","","","","","","",""
"","","","","","","","","","","","","","0.00","","0.00","","","0.00","","","","","","","","","","","","","","","","","","","","","","","","","","","",""
"001662","W","8 Port 10/100 Nway Switch","","","","","","","0","0","Stck","0.00","0.00","10.00","0.00","0.00","0.00","0.00","0.394 kg","","","","","","","","","","06.11.2019","ja","0.00","0.00","0.00","","unbekannt","131","208","35","","","","","","","",""
"","","","","","","","","","","","","","0.00","","0.00","","","0.00","","","","","","","","","","","","","","","","","","","","","","","","","","","",""
"002288","W","8 Port Ethernet HUB","","","","","","","1","0","Stck","0.00","0.00","0.00","0.00","0.00","0.00","0.00","0.21 kg","","","","","","","","","","06.11.2019","ja","0.00","0.00","0.00","","","90","145","25","","","","","","","",""
"","","","","","","","","","","","","","0.00","","0.00","","","0.00","","","","","","","","","","","","","","","","","","","","","","","","","","","",""
"000635","W","8 Port Ethernet Switch FS708","","","","","","","0","0","Stck","0.00","0.00","15.00","0.00","0.00","0.00","0.00","0.9 kg","","","","","","","","","","06.11.2019","ja","0.00","0.00","0.00","","Allied Telesyn","249","116","36","","","","","","","",""
"","","","","","","","","","","","","","0.00","","0.00","","","0.00","","","","","","","","","","","","","","","","","","","","","","","","","","","",""
"002350","W","8-Port Mini Hub","","","","","","","0","0","Stck","0.00","0.00","0.00","0.00","0.00","0.00","0.00","0.261 kg","","","","","","","","","","06.11.2019","ja","0.00","0.00","0.00","","","100","180","35","","","","","","","",""
"","","","","","","","","","","","","","0.00","","0.00","","","0.00","","","","","","","","","","","","","","","","","","","","","","","","","","","",""
"P9","W","8-Port-Switch","","Hardwareteile neu","","","","","0","0","Stck","0.00","0.00","25.00","0.00","0.00","0.00","0.00","0 kg","","","","31.07.2011","","","","","","09.08.2007","nein","0.00","0.00","0.00","","","","","","","","","","","","",""
"","","","","","","","","","","","","","0.00","","0.00","","","0.00","","","","","","","","","","","","","","","","","","","","","","","","","","","",""
"P9","W","8-Port-Switch 10/100","","Hardwareteile neu","","","","","0","0","Stck","0.00","0.00","20.00","0.00","0.00","0.00","0.00","0 kg","","","","30.04.2008","","","","","","09.08.2007","nein","0.00","0.00","0.00","","","","","","","","","","","","",""
"","","","","","","","","","","","","","0.00","","0.00","","","0.00","","","","","","","","","","","","","","","","","","","","","","","","","","","",""
"P9","W","8-Port SWitch 10/100 Mbit Occasion","","Hardwareteile neu","","","","","0","0","Stck","0.00","0.00","25.00","0.00","0.00","0.00","0.00","0 kg","","","","11.07.2008","","","","","","09.08.2007","nein","0.00","0.00","0.00","","","","","","","","","","","","",""
"","","","","","","","","","","","","","0.00","","0.00","","","0.00","","","","","","","","","","","","","","","","","","","","","","","","","","","",""
"D12","D","9.1.2024 Fehler bei den Einstellungen von Konto 3200 suchen","","Dienstleistung (Stunden)","","","","","0","0","Std","0.00","0.00","100.00","0.00","0.00","0.00","0.00","0 kg","","","","16.06.2024","","","","","","29.09.2007","nein","0.00","0.00","0.00","","","","","","","","","","","","",""
"","","","","","","","","","","","","","0.00","","0.00","","","0.00","","","","","","","","","","","","","","","","","","","","","","","","","","","",""
"P19","W","91 Flachbildschirme Occasion 17"" und 19""","","Peripheriegeräte Occasion","","","","","0","0","Stck","0.00","0.00","251.00","0.00","29.00","0.00","0.00","0 kg","","","","27.10.2012","","","","","","23.08.2007","nein","0.00","0.00","0.00","","","","","","","","","","","","",""
"","","","","","","","","","","","","","0.00","","0.00","","","0.00","","","","","","","","","","","","","","","","","","","","","","","","","","","",""
"D12","D","9.4.23 Mail zum Upgrade von Thunderbird","","Dienstleistung (Stunden)","","","","","0","0","Std","0.00","0.00","100.00","0.00","0.00","0.00","0.00","0 kg","","","","09.04.2023","","","","","","29.09.2007","nein","0.00","0.00","0.00","","","","","","","","","","","","",""
"D12","D","9.4.23 Mail zum Upgrade von Thunderbird","","Dienstleistung (Stunden)","","","","","0","0","Std","0.00","0.00","100.00","0.00","0.00","0.00","0.00","0 kg","","","","25.09.2023","","","","","","29.09.2007","nein","0.00","0.00","0.00","","","","","","","","","","","","",""
"","","","","","","","","","","","","","0.00","","0.00","","","0.00","","","","","","","","","","","","","","","","","","","","","","","","","","","",""
"005094","W","950BK, XL, CN045A","","","","","","","3","0","Stck","0.00","0.00","0.00","0.00","0.00","0.00","0.00","50 kg","","","","","","","","","","15.11.2022","ja","0.00","0.00","0.00","","","30","97","55","","","","","","","",""
"","","","","","","","","","","","","","0.00","","0.00","","","0.00","","","","","","","","","","","","","","","","","","","","","","","","","","","",""
"D12","D","9.5.2017 Schulung in Winterthur für Team und Freiwillige","","Dienstleistung (Stunden)","","","","","0","0","Std","0.00","0.00","70.00","0.00","0.00","0.00","0.00","0 kg","","","","24.12.2016","","","","","","29.09.2007","nein","0.00","0.00","0.00","","","","","","","","","","","","",""
"D12","D","9.5.2017 Schulung in Winterthur für Team und Freiwillige","","Dienstleistung (Stunden)","","","","","0","0","Std","0.00","0.00","70.00","0.00","0.00","0.00","0.00","0 kg","","","","31.12.2017","","","","","","29.09.2007","nein","0.00","0.00","0.00","","","","","","","","","","","","",""
"","","","","","","","","","","","","","0.00","","0.00","","","0.00","","","","","","","","","","","","","","","","","","","","","","","","","","","",""
"D12","D","9 Kalender, Routenplaner München und Fahrzeuge für Kompotoi Deutschland einrichten, diverse Anpassungen und Support","","Dienstleistung (Stunden)","","","","","0","0","Std","0.00","0.00","100.00","0.00","0.00","0.00","0.00","0 kg","","","","23.07.2023","","","","","","29.09.2007","nein","0.00","0.00","0.00","","","","","","","","","","","","",""
"","","","","","","","","","","","","","0.00","","0.00","","","0.00","","","","","","","","","","","","","","","","","","","","","","","","","","","",""
"D2","D","A01 Datenbankerstellung für neuen Mandanten","","Dienstleistung","","","","","0","0","Std","0.00","0.00","100.00","0.00","0.00","0.00","0.00","0 kg","","","","16.04.2015","","","","P1","Kivitendo Modus Schweiz","13.06.2007","nein","0.00","0.00","0.00","","","","","","","","","","","","",""
"","","","","","","","","","","","","","0.00","","0.00","","","0.00","","","","","","","","","","","","","","","","","","","","","","","","","","","",""
"D14","D","A02 Schweizer Kontenpläne","","Dienstleistung","","","","","0","0","Std","0.00","0.00","100.00","0.00","0.00","0.00","0.00","0 kg","","","","16.04.2015","","","","P1","Kivitendo Modus Schweiz","29.09.2007","nein","0.00","0.00","0.00","","","","","","","","","","","","",""
"","","","","","","","","","","","","","0.00","","0.00","","","0.00","","","","","","","","","","","","","","","","","","","","","","","","","","","",""
"D2","D","A03 Rundungen auf 0.05 ermöglichen","","Dienstleistung","","","","","0","0","Std","0.00","0.00","100.00","0.00","0.00","0.00","0.00","0 kg","","","","16.04.2015","","","","P1","Kivitendo Modus Schweiz","13.06.2007","nein","0.00","0.00","0.00","","","","","","","","","","","","",""
"","","","","","","","","","","","","","0.00","","0.00","","","0.00","","","","","","","","","","","","","","","","","","","","","","","","","","","",""
"D2","D","A04 Tausendertrennung mit Hochkomma","","Dienstleistung","","","","","0","0","Std","0.00","0.00","100.00","0.00","0.00","0.00","0.00","0 kg","","","","16.04.2015","","","","P1","Kivitendo Modus Schweiz","13.06.2007","nein","0.00","0.00","0.00","","","","","","","","","","","","",""
"","","","","","","","","","","","","","0.00","","0.00","","","0.00","","","","","","","","","","","","","","","","","","","","","","","","","","","",""
"D2","D","A05 Erfolgsrechnung (ersetzt GUV)","","Dienstleistung","","","","","0","0","Std","0.00","0.00","100.00","0.00","0.00","0.00","0.00","0 kg","","","","16.04.2015","","","","P1","Kivitendo Modus Schweiz","13.06.2007","nein","0.00","0.00","0.00","","","","","","","","","","","","",""
"","","","","","","","","","","","","","0.00","","0.00","","","0.00","","","","","","","","","","","","","","","","","","","","","","","","","","","",""
"D2","D","A06 Neue Benutzersprache: Deutsch-Schweiz","","Dienstleistung","","","","","0","0","Std","0.00","0.00","100.00","0.00","0.00","0.00","0.00","0 kg","","","","16.04.2015","","","","P1","Kivitendo Modus Schweiz","13.06.2007","nein","0.00","0.00","0.00","","","","","","","","","","","","",""
"","","","","","","","","","","","","","0.00","","0.00","","","0.00","","","","","","","","","","","","","","","","","","","","","","","","","","","",""
"D2","D","A07 Mehrwertsteuerabrechnung","","Dienstleistung","","","","","0","0","Std","0.00","0.00","100.00","0.00","0.00","0.00","0.00","0 kg","","","","16.04.2015","","","","P1","Kivitendo Modus Schweiz","13.06.2007","nein","0.00","0.00","0.00","","","","","","","","","","","","",""
"","","","","","","","","","","","","","0.00","","0.00","","","0.00","","","","","","","","","","","","","","","","","","","","","","","","","","","",""
"D2","D","A08 Elektronische Übermittlung von Zahlungslisten an Post oder Bank","","Dienstleistung","","","","","0","0","Std","0.00","0.00","100.00","0.00","0.00","0.00","0.00","0 kg","","","","16.04.2015","","","","P1","Kivitendo Modus Schweiz","13.06.2007","nein","0.00","0.00","0.00","","","","","","","","","","","","",""
"","","","","","","","","","","","","","0.00","","0.00","","","0.00","","","","","","","","","","","","","","","","","","","","","","","","","","","",""
"D2","D","A09 Elektronisches Verarbeiten von Zahlungseingängen","","Dienstleistung","","","","","0","0","Std","0.00","0.00","100.00","0.00","0.00","0.00","0.00","0 kg","","","","16.04.2015","","","","P1","Kivitendo Modus Schweiz","13.06.2007","nein","0.00","0.00","0.00","","","","","","","","","","","","",""
"","","","","","","","","","","","","","0.00","","0.00","","","0.00","","","","","","","","","","","","","","","","","","","","","","","","","","","",""
"D2","D","A10 Druck von ESR-Einzahlungsscheinen","","Dienstleistung","","","","","0","0","Std","0.00","0.00","100.00","0.00","0.00","0.00","0.00","0 kg","","","","16.04.2015","","","","P1","Kivitendo Modus Schweiz","13.06.2007","nein","0.00","0.00","0.00","","","","","","","","","","","","",""
"","","","","","","","","","","","","","0.00","","0.00","","","0.00","","","","","","","","","","","","","","","","","","","","","","","","","","","",""
"K0703","W","A1286 Apple 2008 macbook","mit Netzgerät","Kundengerät","","","","","0","-1","Stck","0.00","0.00","0.00","0.00","0.00","0.00","0.00","0 kg","","","","28.10.2019","","","","","","28.10.2019","nein","0.00","0.00","0.00","","","","","","","","","","","","",""
"K0703","W","A1286 Apple 2008 macbook","mit Netzgerät","Kundengerät","","","","","0","-1","Stck","0.00","0.00","0.00","0.00","0.00","0.00","0.00","0 kg","","","","20.12.2019","","","","","","28.10.2019","nein","0.00","0.00","0.00","","","","","","","","","","","","",""
"","","","","","","","","","","","","","0.00","","0.00","","","0.00","","","","","","","","","","","","","","","","","","","","","","","","","","","",""
"001903","W","A1405 Batterie Für Apple MacBook Air 13 ""Modell A1466 Mitte 2012","","","","","","","0","0","Stck","0.00","0.00","37.45","0.00","37.45","0.00","0.00","0 kg","","","","11.11.2017","","","","","","26.01.2017","ja","0.00","0.00","0.00","","Apple","0","0","0","","","","","","","",""
"001903","W","A1405 Batterie Für Apple MacBook Air 13 ""Modell A1466 Mitte 2012","","","","","","","0","0","Stck","0.00","0.00","37.45","0.00","37.45","0.00","0.00","0 kg","","","","13.11.2017","","","","","","26.01.2017","ja","0.00","0.00","0.00","","Apple","0","0","0","","","","","","","",""
"001903","W","A1405 Batterie Für Apple MacBook Air 13 ""Modell A1466 Mitte 2012","","","","","","","0","0","Stck","0.00","0.00","37.45","0.00","37.45","0.00","0.00","0 kg","","","","30.11.2017","","","","","","26.01.2017","ja","0.00","0.00","0.00","","Apple","0","0","0","","","","","","","",""
"","","","","","","","","","","","","","0.00","","0.00","","","0.00","","","","","","","","","","","","","","","","","","","","","","","","","","","",""
"ALI00002","W","A1502 Schweizer Tastatur Für Macbook Retina Pro 13 ""Laptop Schweiz Layout Version 2013 2014 2015 Tastaturen Ersatz","","","","","","","0","0","Stck","0.00","0.00","0.00","0.00","17.55","0.00","0.00","0 kg","","","","16.09.2019","","","","","","22.11.2019","nein","0.00","0.00","0.00","","","","","","","","","","","","",""
"ALI00002","W","A1502 Schweizer Tastatur Für Macbook Retina Pro 13 ""Laptop Schweiz Layout Version 2013 2014 2015 Tastaturen Ersatz","","","","","","","0","0","Stck","0.00","0.00","0.00","0.00","17.55","0.00","0.00","0 kg","","","","22.11.2019","","","","","","22.11.2019","nein","0.00","0.00","0.00","","","","","","","","","","","","",""
"","","","","","","","","","","","","","0.00","","0.00","","","0.00","","","","","","","","","","","","","","","","","","","","","","","","","","","",""
"ALI00002","W","A1502 Schweizer Tastatur Für Macbook Retina Pro 13 ""Laptop Schweiz Layout Version 2013 2014 2015 Tastaturen Ersatz Getestet","","","","","","","0","0","Stck","0.00","0.00","17.55","0.00","17.55","0.00","0.00","0 kg","","","","20.11.2019","","","","","","22.11.2019","nein","0.00","0.00","0.00","","","","","","","","","","","","",""
"ALI00002","W","A1502 Schweizer Tastatur Für Macbook Retina Pro 13 ""Laptop Schweiz Layout Version 2013 2014 2015 Tastaturen Ersatz Getestet","","","","","","","0","0","Stck","0.00","0.00","17.55","0.00","17.55","0.00","0.00","0 kg","","","","22.11.2019","","","","","","22.11.2019","nein","0.00","0.00","0.00","","","","","","","","","","","","",""
"","","","","","","","","","","","","","0.00","","0.00","","","0.00","","","","","","","","","","","","","","","","","","","","","","","","","","","",""
"000430","W","A4Tech IRW-5","","","","","","","0","0","Stck","0.00","0.00","10.00","0.00","0.00","0.00","0.00","0.4 kg","","","","","","","","","","06.11.2019","ja","0.00","0.00","0.00","","a4tech","119","64","40","","","","","","","",""
"","","","","","","","","","","","","","0.00","","0.00","","","0.00","","","","","","","","","","","","","","","","","","","","","","","","","","","",""
"17089","W","A740 All-in-One (Lenovo) - Type F0AM","","","","","","","1","0","Stck","0.00","0.00","0.00","0.00","0.00","0.00","0.00","11.6 kg","","","","","","","","","","11.11.2025","nein","0.00","0.00","0.00","","Lenovo / IBM","650","220","480","","68,6cm 27"" TFT Display mit Multitouchfunktion 1920 x 1080 Pixel (FHD) Intel Core i5-4258U (2x 2,4 GHz) 8 GB DDR3 (2x 4 GB) Original Windows 8.1 - 64bit OEM (Lizenz im BIOS inkl. Vorinstallation) Nvidia GeForce GT 840A (2 GB ) Interner Digital und Analog TV-Tuner","","Computer_und_Komplettsysteme","","Komplettsysteme","",""
"","","","","","","","","","","","","","0.00","","0.00","","","0.00","","","","","","","","","","","","","","","","","","","","","","","","","","","",""
"001751","W","a7e32aa","","","","","","","0","0","Stck","0.00","0.00","20.00","0.00","0.00","0.00","0.00","1.1 kg","","","","","","","","","","06.11.2019","ja","0.00","0.00","0.00","","HP / Compaq","160","260","60","","","","","","","",""
"","","","","","","","","","","","","","0.00","","0.00","","","0.00","","","","","","","","","","","","","","","","","","","","","","","","","","","",""
"004130","W","AAEON FWS-7300","","","","","","","2","0","Stck","0.00","0.00","0.00","0.00","0.00","0.00","0.00","4.8 kg","","","","","","","","","","29.05.2021","ja","0.00","0.00","0.00","","Asus","345","430","45","","","","","","","",""
"","","","","","","","","","","","","","0.00","","0.00","","","0.00","","","","","","","","","","","","","","","","","","","","","","","","","","","",""
"005068","W","Aastra 430","","","","","","","2","0","Stck","0.00","0.00","0.00","0.00","0.00","0.00","0.00","3.5 kg","","","","","","","","","","29.09.2022","ja","0.00","0.00","0.00","","Aastra","480","300","60","","","","","","","",""
"","","","","","","","","","","","","","0.00","","0.00","","","0.00","","","","","","","","","","","","","","","","","","","","","","","","","","","",""
"004383","W","Aastra 6725ip Büro Telephon","","","","","","","5","0","Stck","0.00","0.00","0.00","0.00","0.00","0.00","0.00","0 kg","","","","","","","","","","15.03.2022","ja","0.00","0.00","0.00","","Aastra","210","235","120","","","","","","","",""
"","","","","","","","","","","","","","0.00","","0.00","","","0.00","","","","","","","","","","","","","","","","","","","","","","","","","","","",""
"006791","W","AAstra K680i","","","","","","","1","0","Stck","0.00","0.00","0.00","0.00","0.00","0.00","0.00","0.5 kg","","","","","","","","","","02.10.2024","ja","0.00","0.00","0.00","","Aastra","120","50","10","","","","","","","",""
"","","","","","","","","","","","","","0.00","","0.00","","","0.00","","","","","","","","","","","","","","","","","","","","","","","","","","","",""
"D12","D","Abbau der Compirat-Serverinstallation im Complino, Unterbringen von Server und Ersatzlaptop etc. im revamp-it","","Dienstleistung (Stunden)","","","","","0","0","Std","0.00","0.00","70.00","0.00","0.00","0.00","0.00","0 kg","","","","31.12.2013","","","","","","29.09.2007","nein","0.00","0.00","0.00","","","","","","","","","","","","",""
"","","","","","","","","","","","","","0.00","","0.00","","","0.00","","","","","","","","","","","","","","","","","","","","","","","","","","","",""
"D1","D","Abholen eines defekten Laptops in Wetzikon, Fehleranalyse, Einrichten eines Ersatz-Laptops","","Dienstleistung","","","","","0","0","Std","0.00","0.00","70.00","0.00","50.37","0.00","0.00","0 kg","","","","31.12.2013","","","","","","09.04.2007","nein","0.00","0.00","0.00","","","","","","","","","","","","",""
"","","","","","","","","","","","","","0.00","","0.00","","","0.00","","","","","","","","","","","","","","","","","","","","","","","","","","","",""
"D27","D","Abholen und Zurückbringen des Servers und der Laptops vom Kirchgemeindehaus Bülach, Serverupgrade von Kubuntu 12.04 auf Version 14.04, Upgrade aller Laptops von Kubuntu 12.04 auf 14.04, Rücksetzen aller Benutzerkonten auf dem Server, Anpassungen für neue Version vornehmen. Rücksetzen der Benutzerkonten auf den Laptops, Anpassungen an neue Version vornehmen. Neue Backups der Benutzerkonten erstellen auf Server und Laptops, Testen des Laptops im Einzelbetrieb und des Gesamtsystems mit Server und Laptops als Clients","","Dienstleistung","","","","","0","0","Std","0.00","0.00","70.00","0.00","0.00","0.00","0.00","0 kg","","","","10.11.2014","","","","","","23.11.2010","nein","0.00","0.00","0.00","","","","","","","","","","","","",""
"D27","D","Abholen und Zurückbringen des Servers und der Laptops vom Kirchgemeindehaus Bülach, Serverupgrade von Kubuntu 12.04 auf Version 14.04, Upgrade aller Laptops von Kubuntu 12.04 auf 14.04, Rücksetzen aller Benutzerkonten auf dem Server, Anpassungen für neue Version vornehmen. Rücksetzen der Benutzerkonten auf den Laptops, Anpassungen an neue Version vornehmen. Neue Backups der Benutzerkonten erstellen auf Server und Laptops, Testen des Laptops im Einzelbetrieb und des Gesamtsystems mit Server und Laptops als Clients","","Dienstleistung","","","","","0","0","Std","0.00","0.00","70.00","0.00","0.00","0.00","0.00","0 kg","","","","30.11.2014","","","","","","23.11.2010","nein","0.00","0.00","0.00","","","","","","","","","","","","",""
"","","","","","","","","","","","","","0.00","","0.00","","","0.00","","","","","","","","","","","","","","","","","","","","","","","","","","","",""
"D27","D","Abholen und Zurückbringen des Servers und der Laptops vom Zentrum Krokodil, Schwamendingen, Serverupgrade von Kubuntu 12.04 auf Version 14.04, Upgrade aller Laptops von Kubuntu 12.04 auf 14.04, Rücksetzen aller Benutzerkonten auf dem Server, Anpassungen für neue Version vornehmen. Rücksetzen der Benutzerkonten auf den Laptops, Anpassungen an neue Version vornehmen. Neue Backups der Benutzerkonten erstellen auf Server und Laptops, Testen des Laptops im Einzelbetrieb und des Gesamtsystems mit Server und Laptops als Clients","","Dienstleistung","","","","","0","0","Std","0.00","0.00","70.00","0.00","0.00","0.00","0.00","0 kg","","","","10.11.2014","","","","","","23.11.2010","nein","0.00","0.00","0.00","","","","","","","","","","","","",""
"D27","D","Abholen und Zurückbringen des Servers und der Laptops vom Zentrum Krokodil, Schwamendingen, Serverupgrade von Kubuntu 12.04 auf Version 14.04, Upgrade aller Laptops von Kubuntu 12.04 auf 14.04, Rücksetzen aller Benutzerkonten auf dem Server, Anpassungen für neue Version vornehmen. Rücksetzen der Benutzerkonten auf den Laptops, Anpassungen an neue Version vornehmen. Neue Backups der Benutzerkonten erstellen auf Server und Laptops, Testen des Laptops im Einzelbetrieb und des Gesamtsystems mit Server und Laptops als Clients","","Dienstleistung","","","","","0","0","Std","0.00","0.00","70.00","0.00","0.00","0.00","0.00","0 kg","","","","30.11.2014","","","","","","23.11.2010","nein","0.00","0.00","0.00","","","","","","","","","","","","",""
"","","","","","","","","","","","","","0.00","","0.00","","","0.00","","","","","","","","","","","","","","","","","","","","","","","","","","","",""
"D27","D","Abholen und Zurückbringen des Servers und der Laptops von der Kanonengasse 16, Serverupgrade von Kubuntu 12.04 auf Version 14.04, Upgrade aller Laptops von Kubuntu 12.04 auf 14.04, Rücksetzen aller Benutzerkonten auf dem Server, Anpassungen für neue Version vornehmen. Rücksetzen der Benutzerkonten auf den Laptops, Anpassungen an neue Version vornehmen. Neue Backups der Benutzerkonten erstellen auf Server und Laptops, Testen des Laptops im Einzelbetrieb und des Gesamtsystems mit Server und Laptops als Clients","","Dienstleistung","","","","","0","0","Std","0.00","0.00","70.00","0.00","0.00","0.00","0.00","0 kg","","","","31.10.2014","","","","","","23.11.2010","nein","0.00","0.00","0.00","","","","","","","","","","","","",""
"","","","","","","","","","","","","","0.00","","0.00","","","0.00","","","","","","","","","","","","","","","","","","","","","","","","","","","",""
"D27","D","Abholen und Zurückbringen des Servers und der Laptops von der Kanonengasse 16, Serverupgrade von Kubuntu 12.04 auf Version 14.04, Upgrade aller Laptops von Kubuntu 12.04 auf 14.04, Rücksetzen aller Benutzerkonten auf dem Server, Anpassungen für neue Version vornehmen. Rücksetzen der Benutzerkonten auf den Laptops, Anpassungen an neue Version vornehmen. Neue Backups der Benutzerkonten erstllen auf Server und Laptops, Testen des Laptops im Einzelbetrieb und des Gesamtsystems mit Server und Laptops als Clients","","Dienstleistung","","","","","0","0","Std","0.00","0.00","70.00","0.00","0.00","0.00","0.00","0 kg","","","","01.10.2014","","","","","","23.11.2010","nein","0.00","0.00","0.00","","","","","","","","","","","","",""
"","","","","","","","","","","","","","0.00","","0.00","","","0.00","","","","","","","","","","","","","","","","","","","","","","","","","","","",""
"D27","D","Abklären der Internetnutzung an der Kanonengasse 16, Zurücksetzen der Benutzerkonten auf dem Server, Einrichten und Testen des LTSP-Netzwerks für die Compirat-Kurse an der Kanonengasse16","","Dienstleistung","","","","","0","0","Std","0.00","0.00","70.00","0.00","0.00","0.00","0.00","0 kg","","","","01.01.2014","","","","","","23.11.2010","nein","0.00","0.00","0.00","","","","","","","","","","","","",""
"D27","D","Abklären der Internetnutzung an der Kanonengasse 16, Zurücksetzen der Benutzerkonten auf dem Server, Einrichten und Testen des LTSP-Netzwerks für die Compirat-Kurse an der Kanonengasse16","","Dienstleistung","","","","","0","0","Std","0.00","0.00","70.00","0.00","0.00","0.00","0.00","0 kg","","","","12.05.2014","","","","","","23.11.2010","nein","0.00","0.00","0.00","","","","","","","","","","","","",""
"","","","","","","","","","","","","","0.00","","0.00","","","0.00","","","","","","","","","","","","","","","","","","","","","","","","","","","",""
"D12","D","Abklären der Ursache für Ausfall der Website / Mail- und Telefonkontakt mit Swissweb","","Dienstleistung (Stunden)","","","","","0","0","Std","0.00","0.00","70.00","0.00","0.00","0.00","0.00","0 kg","","","","30.12.2008","","","","","","29.09.2007","nein","0.00","0.00","0.00","","","","","","","","","","","","",""
"","","","","","","","","","","","","","0.00","","0.00","","","0.00","","","","","","","","","","","","","","","","","","","","","","","","","","","",""
"D2","D","Abklären und Beratung zur Nutzung von Google Adwords","","Dienstleistung","","","","","0","0","Std","0.00","0.00","70.00","0.00","0.00","0.00","0.00","0 kg","","","","01.03.2016","","","","","","13.06.2007","nein","0.00","0.00","0.00","","","","","","","","","","","","",""
"D2","D","Abklären und Beratung zur Nutzung von Google Adwords","","Dienstleistung","","","","","0","0","Std","0.00","0.00","70.00","0.00","0.00","0.00","0.00","0 kg","","","","02.11.2017","","","","","","13.06.2007","nein","0.00","0.00","0.00","","","","","","","","","","","","",""
"","","","","","","","","","","","","","0.00","","0.00","","","0.00","","","","","","","","","","","","","","","","","","","","","","","","","","","",""
"nichts","W","Abklärung","","","","","","","0","0","Stck","0.00","0.00","0.00","0.00","0.00","0.00","0.00","0 kg","","","","07.05.2018","","","","","","07.05.2018","nein","0.00","0.00","0.00","","","","","","","","","","","","",""
"nichts","W","Abklärung","","","","","","","0","0","Stck","0.00","0.00","0.00","0.00","0.00","0.00","0.00","0 kg","","","","13.08.2025","","","","","","07.05.2018","nein","0.00","0.00","0.00","","","","","","","","","","","","",""
"","","","","","","","","","","","","","0.00","","0.00","","","0.00","","","","","","","","","","","","","","","","","","","","","","","","","","","",""
"D15","D","Abklärungen für mymarket, Daten von handpuppen.ch für mymarket zusammenstellen und übermitteln","","Dienstleistung","","","","","0","0","psch","0.00","0.00","200.00","0.00","0.00","0.00","0.00","0 kg","","","","27.11.2009","","","","","","29.09.2007","nein","0.00","0.00","0.00","","","","","","","","","","","","",""
"","","","","","","","","","","","","","0.00","","0.00","","","0.00","","","","","","","","","","","","","","","","","","","","","","","","","","","",""
"D20","D","Abklärungen, Umgestaltung, Neuverkabelung","","Dienstleistung","","","","","0","0","psch","0.00","0.00","240.00","0.00","500.00","0.00","0.00","0 kg","","","","20.03.2007","","","","","","02.01.2009","nein","0.00","0.00","0.00","","","","","","","","","","","","",""
"","","","","","","","","","","","","","0.00","","0.00","","","0.00","","","","","","","","","","","","","","","","","","","","","","","","","","","",""
"D12","D","Abklärungen und Beratung QR-Code für Kompotois","","Dienstleistung (Stunden)","","","","","0","0","Std","0.00","0.00","100.00","0.00","0.00","0.00","0.00","0 kg","","","","24.02.2023","","","","","","29.09.2007","nein","0.00","0.00","0.00","","","","","","","","","","","","",""
"","","","","","","","","","","","","","0.00","","0.00","","","0.00","","","","","","","","","","","","","","","","","","","","","","","","","","","",""
"D12","D","Abklärungen und Beratung zum Einrichten des Glasfaserzugangs für den Treffpunkt Vogelsang zur Umstellung auf Internet-Telefonie, Bestellen bei Init7 und Installation des Medienkonverters, Einrichten des Firewalls für den Glasfaserzugang","","Dienstleistung (Stunden)","","","","","0","0","Std","0.00","0.00","70.00","0.00","0.00","0.00","0.00","0 kg","","","","24.12.2016","","","","","","29.09.2007","nein","0.00","0.00","0.00","","","","","","","","","","","","",""
"D12","D","Abklärungen und Beratung zum Einrichten des Glasfaserzugangs für den Treffpunkt Vogelsang zur Umstellung auf Internet-Telefonie, Bestellen bei Init7 und Installation des Medienkonverters, Einrichten des Firewalls für den Glasfaserzugang","","Dienstleistung (Stunden)","","","","","0","0","Std","0.00","0.00","70.00","0.00","0.00","0.00","0.00","0 kg","","","","31.12.2017","","","","","","29.09.2007","nein","0.00","0.00","0.00","","","","","","","","","","","","",""
"","","","","","","","","","","","","","0.00","","0.00","","","0.00","","","","","","","","","","","","","","","","","","","","","","","","","","","",""
"D12","D","Abklärungen und Kontakte mit Oliver Endrikat bei Problemen mit unserer Cyclos-Installation","","Dienstleistung (Stunden)","","","","","0","0","Std","0.00","0.00","30.00","0.00","0.00","0.00","0.00","0 kg","","","","05.10.2022","","","","","","29.09.2007","nein","0.00","0.00","0.00","","","","","","","","","","","","",""
"","","","","","","","","","","","","","0.00","","0.00","","","0.00","","","","","","","","","","","","","","","","","","","","","","","","","","","",""
"D12","D","Abklärungen und Support Server nicht erreichbar 28.2.2022","","Dienstleistung (Stunden)","","","","","0","0","Std","0.00","0.00","100.00","0.00","0.00","0.00","0.00","0 kg","","","","29.04.2022","","","","","","29.09.2007","nein","0.00","0.00","0.00","","","","","","","","","","","","",""
"D12","D","Abklärungen und Support Server nicht erreichbar 28.2.2022","","Dienstleistung (Stunden)","","","","","0","0","Std","0.00","0.00","100.00","0.00","0.00","0.00","0.00","0 kg","","","","07.08.2022","","","","","","29.09.2007","nein","0.00","0.00","0.00","","","","","","","","","","","","",""
"","","","","","","","","","","","","","0.00","","0.00","","","0.00","","","","","","","","","","","","","","","","","","","","","","","","","","","",""
"D12","D","Abklärungen und Support wegen teilweise langer Wartezeiten bei gewissen Website und Diensten ( Meldung: warte auf Proxy) Vorübergehende Lösung eingerichtet (Ticket #85,#91)","","Dienstleistung (Stunden)","","","","","0","0","Std","0.00","0.00","70.00","0.00","0.00","0.00","0.00","0 kg","","","","02.01.2019","","","","","","29.09.2007","nein","0.00","0.00","0.00","","","","","","","","","","","","",""
"D12","D","Abklärungen und Support wegen teilweise langer Wartezeiten bei gewissen Website und Diensten ( Meldung: warte auf Proxy) Vorübergehende Lösung eingerichtet (Ticket #85,#91)","","Dienstleistung (Stunden)","","","","","0","0","Std","0.00","0.00","70.00","0.00","0.00","0.00","0.00","0 kg","","","","31.12.2019","","","","","","29.09.2007","nein","0.00","0.00","0.00","","","","","","","","","","","","",""
"","","","","","","","","","","","","","0.00","","0.00","","","0.00","","","","","","","","","","","","","","","","","","","","","","","","","","","",""
"D12","D","Abklärungen und Unterstützung Google My Business","","Dienstleistung (Stunden)","","","","","0","0","Std","0.00","0.00","70.00","0.00","0.00","0.00","0.00","0 kg","","","","17.09.2021","","","","","","29.09.2007","nein","0.00","0.00","0.00","","","","","","","","","","","","",""
"","","","","","","","","","","","","","0.00","","0.00","","","0.00","","","","","","","","","","","","","","","","","","","","","","","","","","","",""
"D12","D","Abklärungen wegen Google-Konto","","Dienstleistung (Stunden)","","","","","0","0","Std","0.00","0.00","100.00","0.00","0.00","0.00","0.00","0 kg","","","","09.12.2024","","","","","","29.09.2007","nein","0.00","0.00","0.00","","","","","","","","","","","","",""
"","","","","","","","","","","","","","0.00","","0.00","","","0.00","","","","","","","","","","","","","","","","","","","","","","","","","","","",""
"D12","D","Abklärungen zu den QR-Vorlagen: Auftragsmails aus 2021 und 2022 durchsehen, verwendete IBAN-Nummern kontrollieren und testen, zusammenfassendes Antwort-Mail erstellen","","Dienstleistung (Stunden)","","","","","0","0","Std","0.00","0.00","100.00","0.00","0.00","0.00","0.00","0 kg","","","","14.03.2023","","","","","","29.09.2007","nein","0.00","0.00","0.00","","","","","","","","","","","","",""
"D12","D","Abklärungen zu den QR-Vorlagen: Auftragsmails aus 2021 und 2022 durchsehen, verwendete IBAN-Nummern kontrollieren und testen, zusammenfassendes Antwort-Mail erstellen","","Dienstleistung (Stunden)","","","","","0","0","Std","0.00","0.00","100.00","0.00","0.00","0.00","0.00","0 kg","","","","18.09.2023","","","","","","29.09.2007","nein","0.00","0.00","0.00","","","","","","","","","","","","",""
"","","","","","","","","","","","","","0.00","","0.00","","","0.00","","","","","","","","","","","","","","","","","","","","","","","","","","","",""
"D12","D","Abklärungen zum Einrichten von Volla Phone oder Fairphone für die Nutzung von Nextcloud Kalender und Adressbuch, Sip Telefonie etc.","","Dienstleistung (Stunden)","","","","","0","0","Std","0.00","0.00","100.00","0.00","0.00","0.00","0.00","0 kg","","","","15.09.2021","","","","","","29.09.2007","nein","0.00","0.00","0.00","","","","","","","","","","","","",""
"D12","D","Abklärungen zum Einrichten von Volla Phone oder Fairphone für die Nutzung von Nextcloud Kalender und Adressbuch, Sip Telefonie etc.","","Dienstleistung (Stunden)","","","","","0","0","Std","0.00","0.00","100.00","0.00","0.00","0.00","0.00","0 kg","","","","30.10.2021","","","","","","29.09.2007","nein","0.00","0.00","0.00","","","","","","","","","","","","",""
"","","","","","","","","","","","","","0.00","","0.00","","","0.00","","","","","","","","","","","","","","","","","","","","","","","","","","","",""
"D12","D","Abklärungen zur Anfrage vom 6.10.2023","","Dienstleistung (Stunden)","","","","","0","0","Std","0.00","0.00","100.00","0.00","0.00","0.00","0.00","0 kg","","","","19.10.2023","","","","","","29.09.2007","nein","0.00","0.00","0.00","","","","","","","","","","","","",""
"D12","D","Abklärungen zur Anfrage vom 6.10.2023","","Dienstleistung (Stunden)","","","","","0","0","Std","0.00","0.00","100.00","0.00","0.00","0.00","0.00","0 kg","","","","25.11.2023","","","","","","29.09.2007","nein","0.00","0.00","0.00","","","","","","","","","","","","",""
"","","","","","","","","","","","","","0.00","","0.00","","","0.00","","","","","","","","","","","","","","","","","","","","","","","","","","","",""
"D20","D","Abklärungen zur Garantie mit Lieferant","","Dienstleistung","","","","","0","0","psch","0.00","0.00","0.00","0.00","500.00","0.00","0.00","0 kg","","","","08.12.2015","","","","","","02.01.2009","nein","0.00","0.00","0.00","","","","","","","","","","","","",""
"","","","","","","","","","","","","","0.00","","0.00","","","0.00","","","","","","","","","","","","","","","","","","","","","","","","","","","",""
"D12","D","Abklärungen zur Installation und Nutzung der Windows-Programme des Lernmittelverlags sowie Einrichten der Programme in allen Home-Verzeichnissen der Clients","","Dienstleistung (Stunden)","","","","","0","0","Std","0.00","0.00","70.00","0.00","0.00","0.00","0.00","0 kg","","","","08.04.2016","","","","","","29.09.2007","nein","0.00","0.00","0.00","","","","","","","","","","","","",""
"D12","D","Abklärungen zur Installation und Nutzung der Windows-Programme des Lernmittelverlags sowie Einrichten der Programme in allen Home-Verzeichnissen der Clients","","Dienstleistung (Stunden)","","","","","0","0","Std","0.00","0.00","70.00","0.00","0.00","0.00","0.00","0 kg","","","","30.06.2016","","","","","","29.09.2007","nein","0.00","0.00","0.00","","","","","","","","","","","","",""
"","","","","","","","","","","","","","0.00","","0.00","","","0.00","","","","","","","","","","","","","","","","","","","","","","","","","","","",""
"P12","W","Abschirmgewebe zum Strahlenschutz im Büro","","Zubehör","","","","","0","0","Stck","0.00","0.00","290.00","0.00","16.81","0.00","0.00","0 kg","","","","30.12.2008","","","","","","17.08.2007","nein","0.00","0.00","0.00","","","","","","","","","","","","",""
"","","","","","","","","","","","","","0.00","","0.00","","","0.00","","","","","","","","","","","","","","","","","","","","","","","","","","","",""
"D27","D","Abwesenheitsmeldung für emodena@stipp.ch einrichten, Individuelle Behandlung der Mails, die ursprünglich an emodena@sunrise.ch gesendet wurden.","","Dienstleistung","","","","","0","0","Std","0.00","0.00","70.00","0.00","0.00","0.00","0.00","0 kg","","","","01.01.2012","","","","","","23.11.2010","nein","0.00","0.00","0.00","","","","","","","","","","","","",""
"D27","D","Abwesenheitsmeldung für emodena@stipp.ch einrichten, Individuelle Behandlung der Mails, die ursprünglich an emodena@sunrise.ch gesendet wurden.","","Dienstleistung","","","","","0","0","Std","0.00","0.00","70.00","0.00","0.00","0.00","0.00","0 kg","","","","14.12.2012","","","","","","23.11.2010","nein","0.00","0.00","0.00","","","","","","","","","","","","",""
"","","","","","","","","","","","","","0.00","","0.00","","","0.00","","","","","","","","","","","","","","","","","","","","","","","","","","","",""
"D40","D","Abzüglich 50% Akonto-Zahlung","Artikelposition für Akonto-Rechnungen. Bitte diese Rechnungen nicht buchen, sondern nur als Entwurf ohne Rechnungsnummer speichern. Als Beschreibung &quot;Akonto&quot; zusammen mit der Auftragsnummer eintragen. Zahlungseingänge auf Akonto-Rechnungen werden erst beim Erstellen der definitiven Rechnung verbucht. Anschliessend kann der Entwurf der Akonto-Rechnung wieder gelöscht werden.","Geldbetraege","","","","","0","0","Stck","0.00","0.00","750.00","0.00","0.00","0.00","0.00","0 kg","","","","07.06.2023","","","","","","10.01.2015","nein","0.00","0.00","0.00","","","","","","","","","","","","",""
"","","","","","","","","","","","","","0.00","","0.00","","","0.00","","","","","","","","","","","","","","","","","","","","","","","","","","","",""
"D40","D","abzüglich Akonto-Zahlung","Artikelposition für Akonto-Rechnungen. Bitte diese Rechnungen nicht buchen, sondern nur als Entwurf ohne Rechnungsnummer speichern. Als Beschreibung &quot;Akonto&quot; zusammen mit der Auftragsnummer eintragen. Zahlungseingänge auf Akonto-Rechnungen werden erst beim Erstellen der definitiven Rechnung verbucht. Anschliessend kann der Entwurf der Akonto-Rechnung wieder gelöscht werden.","Geldbetraege","","","","","0","0","Stck","0.00","0.00","-150.00","0.00","0.00","0.00","0.00","0 kg","","","","05.10.2023","","","","","","10.01.2015","nein","0.00","0.00","0.00","","","","","","","","","","","","",""
"D40","D","abzüglich Akonto-Zahlung","Artikelposition für Akonto-Rechnungen. Bitte diese Rechnungen nicht buchen, sondern nur als Entwurf ohne Rechnungsnummer speichern. Als Beschreibung &quot;Akonto&quot; zusammen mit der Auftragsnummer eintragen. Zahlungseingänge auf Akonto-Rechnungen werden erst beim Erstellen der definitiven Rechnung verbucht. Anschliessend kann der Entwurf der Akonto-Rechnung wieder gelöscht werden.","Geldbetraege","","","","","0","0","Stck","0.00","0.00","-150.00","0.00","0.00","0.00","0.00","0 kg","","","","15.11.2023","","","","","","10.01.2015","nein","0.00","0.00","0.00","","","","","","","","","","","","",""
"D40","D","abzüglich Akonto-Zahlung","Artikelposition für Akonto-Rechnungen. Bitte diese Rechnungen nicht buchen, sondern nur als Entwurf ohne Rechnungsnummer speichern. Als Beschreibung &quot;Akonto&quot; zusammen mit der Auftragsnummer eintragen. Zahlungseingänge auf Akonto-Rechnungen werden erst beim Erstellen der definitiven Rechnung verbucht. Anschliessend kann der Entwurf der Akonto-Rechnung wieder gelöscht werden.","Geldbetraege","","","","","0","0","Stck","0.00","0.00","-100.00","0.00","0.00","0.00","0.00","0 kg","","","","15.11.2023","","","","","","10.01.2015","nein","0.00","0.00","0.00","","","","","","","","","","","","",""
"D40","D","abzüglich Akonto-Zahlung","Artikelposition für Akonto-Rechnungen. Bitte diese Rechnungen nicht buchen, sondern nur als Entwurf ohne Rechnungsnummer speichern. Als Beschreibung &quot;Akonto&quot; zusammen mit der Auftragsnummer eintragen. Zahlungseingänge auf Akonto-Rechnungen werden erst beim Erstellen der definitiven Rechnung verbucht. Anschliessend kann der Entwurf der Akonto-Rechnung wieder gelöscht werden.","Geldbetraege","","","","","0","0","Stck","0.00","0.00","-500.00","0.00","0.00","0.00","0.00","0 kg","","","","25.11.2023","","","","","","10.01.2015","nein","0.00","0.00","0.00","","","","","","","","","","","","",""
"D40","D","abzüglich Akonto-Zahlung","Artikelposition für Akonto-Rechnungen. Bitte diese Rechnungen nicht buchen, sondern nur als Entwurf ohne Rechnungsnummer speichern. Als Beschreibung &quot;Akonto&quot; zusammen mit der Auftragsnummer eintragen. Zahlungseingänge auf Akonto-Rechnungen werden erst beim Erstellen der definitiven Rechnung verbucht. Anschliessend kann der Entwurf der Akonto-Rechnung wieder gelöscht werden.","Geldbetraege","","","","","0","0","Stck","0.00","0.00","-1'000.00","0.00","0.00","0.00","0.00","0 kg","","","","17.05.2024","","","","","","10.01.2015","nein","0.00","0.00","0.00","","","","","","","","","","","","",""
"D40","D","abzüglich Akonto-Zahlung","Artikelposition für Akonto-Rechnungen. Bitte diese Rechnungen nicht buchen, sondern nur als Entwurf ohne Rechnungsnummer speichern. Als Beschreibung &quot;Akonto&quot; zusammen mit der Auftragsnummer eintragen. Zahlungseingänge auf Akonto-Rechnungen werden erst beim Erstellen der definitiven Rechnung verbucht. Anschliessend kann der Entwurf der Akonto-Rechnung wieder gelöscht werden.","Geldbetraege","","","","","0","0","Stck","0.00","0.00","-100.00","0.00","0.00","0.00","0.00","0 kg","","","","24.05.2024","","","","","","10.01.2015","nein","0.00","0.00","0.00","","","","","","","","","","","","",""
"D40","D","abzüglich Akonto-Zahlung","Artikelposition für Akonto-Rechnungen. Bitte diese Rechnungen nicht buchen, sondern nur als Entwurf ohne Rechnungsnummer speichern. Als Beschreibung &quot;Akonto&quot; zusammen mit der Auftragsnummer eintragen. Zahlungseingänge auf Akonto-Rechnungen werden erst beim Erstellen der definitiven Rechnung verbucht. Anschliessend kann der Entwurf der Akonto-Rechnung wieder gelöscht werden.","Geldbetraege","","","","","0","0","Stck","0.00","0.00","-750.00","0.00","0.00","0.00","0.00","0 kg","","","","19.01.2026","","","","","","10.01.2015","nein","0.00","0.00","0.00","","","","","","","","","","","","",""
"","","","","","","","","","","","","","0.00","","0.00","","","0.00","","","","","","","","","","","","","","","","","","","","","","","","","","","",""
"D40","D","Abzüglich Akonto-Zahlung","Artikelposition für Akonto-Rechnungen. Bitte diese Rechnungen nicht buchen, sondern nur als Entwurf ohne Rechnungsnummer speichern. Als Beschreibung &quot;Akonto&quot; zusammen mit der Auftragsnummer eintragen. Zahlungseingänge auf Akonto-Rechnungen werden erst beim Erstellen der definitiven Rechnung verbucht. Anschliessend kann der Entwurf der Akonto-Rechnung wieder gelöscht werden.","Geldbetraege","","","","","0","0","Stck","0.00","0.00","-1'250.00","0.00","0.00","0.00","0.00","0 kg","","","","10.12.2023","","","","","","10.01.2015","nein","0.00","0.00","0.00","","","","","","","","","","","","",""
"D40","D","Abzüglich Akonto-Zahlung","Artikelposition für Akonto-Rechnungen. Bitte diese Rechnungen nicht buchen, sondern nur als Entwurf ohne Rechnungsnummer speichern. Als Beschreibung &quot;Akonto&quot; zusammen mit der Auftragsnummer eintragen. Zahlungseingänge auf Akonto-Rechnungen werden erst beim Erstellen der definitiven Rechnung verbucht. Anschliessend kann der Entwurf der Akonto-Rechnung wieder gelöscht werden.","Geldbetraege","","","","","0","0","Stck","0.00","0.00","-250.00","0.00","0.00","0.00","0.00","0 kg","","","","31.12.2023","","","","","","10.01.2015","nein","0.00","0.00","0.00","","","","","","","","","","","","",""
"D40","D","Abzüglich Akonto-Zahlung","Artikelposition für Akonto-Rechnungen. Bitte diese Rechnungen nicht buchen, sondern nur als Entwurf ohne Rechnungsnummer speichern. Als Beschreibung &quot;Akonto&quot; zusammen mit der Auftragsnummer eintragen. Zahlungseingänge auf Akonto-Rechnungen werden erst beim Erstellen der definitiven Rechnung verbucht. Anschliessend kann der Entwurf der Akonto-Rechnung wieder gelöscht werden.","Geldbetraege","","","","","0","0","Stck","0.00","0.00","-250.00","0.00","0.00","0.00","0.00","0 kg","","","","09.03.2024","","","","","","10.01.2015","nein","0.00","0.00","0.00","","","","","","","","","","","","",""
"D40","D","Abzüglich Akonto-Zahlung","Artikelposition für Akonto-Rechnungen. Bitte diese Rechnungen nicht buchen, sondern nur als Entwurf ohne Rechnungsnummer speichern. Als Beschreibung &quot;Akonto&quot; zusammen mit der Auftragsnummer eintragen. Zahlungseingänge auf Akonto-Rechnungen werden erst beim Erstellen der definitiven Rechnung verbucht. Anschliessend kann der Entwurf der Akonto-Rechnung wieder gelöscht werden.","Geldbetraege","","","","","0","0","Stck","0.00","0.00","-500.00","0.00","0.00","0.00","0.00","0 kg","","","","26.04.2024","","","","","","10.01.2015","nein","0.00","0.00","0.00","","","","","","","","","","","","",""
"","","","","","","","","","","","","","0.00","","0.00","","","0.00","","","","","","","","","","","","","","","","","","","","","","","","","","","",""
"D40","D","Abzüglich Akonto-Zahlung 10.9.2023","Artikelposition für Akonto-Rechnungen. Bitte diese Rechnungen nicht buchen, sondern nur als Entwurf ohne Rechnungsnummer speichern. Als Beschreibung &quot;Akonto&quot; zusammen mit der Auftragsnummer eintragen. Zahlungseingänge auf Akonto-Rechnungen werden erst beim Erstellen der definitiven Rechnung verbucht. Anschliessend kann der Entwurf der Akonto-Rechnung wieder gelöscht werden.","Geldbetraege","","","","","0","0","Stck","0.00","0.00","-80.00","0.00","0.00","0.00","0.00","0 kg","","","","28.10.2023","","","","","","10.01.2015","nein","0.00","0.00","0.00","","","","","","","","","","","","",""
"","","","","","","","","","","","","","0.00","","0.00","","","0.00","","","","","","","","","","","","","","","","","","","","","","","","","","","",""
"D40","D","abzüglich Akonto-Zahlung 16.10.2023","Artikelposition für Akonto-Rechnungen. Bitte diese Rechnungen nicht buchen, sondern nur als Entwurf ohne Rechnungsnummer speichern. Als Beschreibung &quot;Akonto&quot; zusammen mit der Auftragsnummer eintragen. Zahlungseingänge auf Akonto-Rechnungen werden erst beim Erstellen der definitiven Rechnung verbucht. Anschliessend kann der Entwurf der Akonto-Rechnung wieder gelöscht werden.","Geldbetraege","","","","","0","0","Stck","0.00","0.00","-370.00","0.00","0.00","0.00","0.00","0 kg","","","","21.05.2024","","","","","","10.01.2015","nein","0.00","0.00","0.00","","","","","","","","","","","","",""
"","","","","","","","","","","","","","0.00","","0.00","","","0.00","","","","","","","","","","","","","","","","","","","","","","","","","","","",""
"D40","D","abzüglich Akonto-Zahlung 27.10.2023","Artikelposition für Akonto-Rechnungen. Bitte diese Rechnungen nicht buchen, sondern nur als Entwurf ohne Rechnungsnummer speichern. Als Beschreibung &quot;Akonto&quot; zusammen mit der Auftragsnummer eintragen. Zahlungseingänge auf Akonto-Rechnungen werden erst beim Erstellen der definitiven Rechnung verbucht. Anschliessend kann der Entwurf der Akonto-Rechnung wieder gelöscht werden.","Geldbetraege","","","","","0","0","Stck","0.00","0.00","-300.00","0.00","0.00","0.00","0.00","0 kg","","","","18.05.2024","","","","","","10.01.2015","nein","0.00","0.00","0.00","","","","","","","","","","","","",""
"","","","","","","","","","","","","","0.00","","0.00","","","0.00","","","","","","","","","","","","","","","","","","","","","","","","","","","",""
"D40","D","Abzüglich Akonto-Zahlung 4.9.2023","Artikelposition für Akonto-Rechnungen. Bitte diese Rechnungen nicht buchen, sondern nur als Entwurf ohne Rechnungsnummer speichern. Als Beschreibung &quot;Akonto&quot; zusammen mit der Auftragsnummer eintragen. Zahlungseingänge auf Akonto-Rechnungen werden erst beim Erstellen der definitiven Rechnung verbucht. Anschliessend kann der Entwurf der Akonto-Rechnung wieder gelöscht werden.","Geldbetraege","","","","","0","0","Stck","0.00","0.00","-20.00","0.00","0.00","0.00","0.00","0 kg","","","","28.10.2023","","","","","","10.01.2015","nein","0.00","0.00","0.00","","","","","","","","","","","","",""
"","","","","","","","","","","","","","0.00","","0.00","","","0.00","","","","","","","","","","","","","","","","","","","","","","","","","","","",""
"D40","D","abzüglich Akonto-Zahlung 50%","Artikelposition für Akonto-Rechnungen. Bitte diese Rechnungen nicht buchen, sondern nur als Entwurf ohne Rechnungsnummer speichern. Als Beschreibung &quot;Akonto&quot; zusammen mit der Auftragsnummer eintragen. Zahlungseingänge auf Akonto-Rechnungen werden erst beim Erstellen der definitiven Rechnung verbucht. Anschliessend kann der Entwurf der Akonto-Rechnung wieder gelöscht werden.","Geldbetraege","","","","","0","0","Stck","0.00","0.00","-1'025.00","0.00","0.00","0.00","0.00","0 kg","","","","18.01.2024","","","","","","10.01.2015","nein","0.00","0.00","0.00","","","","","","","","","","","","",""
"D40","D","abzüglich Akonto-Zahlung 50%","Artikelposition für Akonto-Rechnungen. Bitte diese Rechnungen nicht buchen, sondern nur als Entwurf ohne Rechnungsnummer speichern. Als Beschreibung &quot;Akonto&quot; zusammen mit der Auftragsnummer eintragen. Zahlungseingänge auf Akonto-Rechnungen werden erst beim Erstellen der definitiven Rechnung verbucht. Anschliessend kann der Entwurf der Akonto-Rechnung wieder gelöscht werden.","Geldbetraege","","","","","0","0","Stck","0.00","0.00","-1'000.00","0.00","0.00","0.00","0.00","0 kg","","","","03.03.2024","","","","","","10.01.2015","nein","0.00","0.00","0.00","","","","","","","","","","","","",""
"","","","","","","","","","","","","","0.00","","0.00","","","0.00","","","","","","","","","","","","","","","","","","","","","","","","","","","",""
"D40","D","Abzüglich Akonto-Zahlung 50%","Artikelposition für Akonto-Rechnungen. Bitte diese Rechnungen nicht buchen, sondern nur als Entwurf ohne Rechnungsnummer speichern. Als Beschreibung &quot;Akonto&quot; zusammen mit der Auftragsnummer eintragen. Zahlungseingänge auf Akonto-Rechnungen werden erst beim Erstellen der definitiven Rechnung verbucht. Anschliessend kann der Entwurf der Akonto-Rechnung wieder gelöscht werden.","Geldbetraege","","","","","0","0","Stck","0.00","0.00","-625.00","0.00","0.00","0.00","0.00","0 kg","","","","02.10.2023","","","","","","10.01.2015","nein","0.00","0.00","0.00","","","","","","","","","","","","",""
"","","","","","","","","","","","","","0.00","","0.00","","","0.00","","","","","","","","","","","","","","","","","","","","","","","","","","","",""
"D40","D","abzüglich Akonto-Zahlungen","Artikelposition für Akonto-Rechnungen. Bitte diese Rechnungen nicht buchen, sondern nur als Entwurf ohne Rechnungsnummer speichern. Als Beschreibung &quot;Akonto&quot; zusammen mit der Auftragsnummer eintragen. Zahlungseingänge auf Akonto-Rechnungen werden erst beim Erstellen der definitiven Rechnung verbucht. Anschliessend kann der Entwurf der Akonto-Rechnung wieder gelöscht werden.","Geldbetraege","","","","","0","0","Stck","0.00","0.00","-2'700.00","0.00","0.00","0.00","0.00","0 kg","","","","29.06.2023","","","","","","10.01.2015","nein","0.00","0.00","0.00","","","","","","","","","","","","",""
"","","","","","","","","","","","","","0.00","","0.00","","","0.00","","","","","","","","","","","","","","","","","","","","","","","","","","","",""
"D40","D","abzüglich Akonto-Zahlung vom 19.3.2024","Artikelposition für Akonto-Rechnungen. Bitte diese Rechnungen nicht buchen, sondern nur als Entwurf ohne Rechnungsnummer speichern. Als Beschreibung &quot;Akonto&quot; zusammen mit der Auftragsnummer eintragen. Zahlungseingänge auf Akonto-Rechnungen werden erst beim Erstellen der definitiven Rechnung verbucht. Anschliessend kann der Entwurf der Akonto-Rechnung wieder gelöscht werden.","Geldbetraege","","","","","0","0","Stck","0.00","0.00","-725.00","0.00","0.00","0.00","0.00","0 kg","","","","18.05.2024","","","","","","10.01.2015","nein","0.00","0.00","0.00","","","","","","","","","","","","",""
"","","","","","","","","","","","","","0.00","","0.00","","","0.00","","","","","","","","","","","","","","","","","","","","","","","","","","","",""
"P28","W","AC Adapter 12V euro for IT equipment","","Hardwareteile neu","","","","","0","0","Stck","0.00","0.00","4.10","0.00","122.05","0.00","0.00","0 kg","","","","07.01.2013","","","","","","30.10.2007","nein","0.00","0.00","0.00","","","","","","","","","","","","",""
"","","","","","","","","","","","","","0.00","","0.00","","","0.00","","","","","","","","","","","","","","","","","","","","","","","","","","","",""
"17043","W","Ac Adapter STD-24037","","","","","","","5","0","Stck","0.00","0.00","0.00","0.00","0.00","0.00","0.00","0.6 kg","","","","","","","","","","11.11.2025","nein","0.00","0.00","0.00","","Adapter Technology","","50","40","","Input 100-240V, 47 -63 Hz 1.2A MAX Output 24V 3.75A","","Gehäuse_Netzteile_Umschalter_USB_Hubs_USV_Serverracks","","Netzteil extern","",""
"","","","","","","","","","","","","","0.00","","0.00","","","0.00","","","","","","","","","","","","","","","","","","","","","","","","","","","",""
"005218","W","ACARD AEC-6280M","","","","","","","0","0","Stck","0.00","0.00","0.00","0.00","0.00","0.00","0.00","0.3 kg","","","","","","","","","","20.01.2023","ja","0.00","0.00","0.00","","","145","20","130","","","","","","","",""
"","","","","","","","","","","","","","0.00","","0.00","","","0.00","","","","","","","","","","","","","","","","","","","","","","","","","","","",""
"P9","W","Accesspoint Linksys WAP54G","","Hardwareteile neu","","","","","0","0","Stck","0.00","0.00","90.00","0.00","0.00","0.00","0.00","0 kg","","","","01.02.2008","","","","","","09.08.2007","nein","0.00","0.00","0.00","","","","","","","","","","","","",""
"","","","","","","","","","","","","","0.00","","0.00","","","0.00","","","","","","","","","","","","","","","","","","","","","","","","","","","",""
"002295","W","Accton Etherhub-8s","","","","","","","0","0","Stck","0.00","0.00","0.00","0.00","0.00","0.00","0.00","0.576 kg","","","","","","","","","","06.11.2019","ja","0.00","0.00","0.00","","","110","200","30","","","","","","","",""
"","","","","","","","","","","","","","0.00","","0.00","","","0.00","","","","","","","","","","","","","","","","","","","","","","","","","","","",""
"005129","W","Accton Lan Transceiver","","","","","","","1","0","Stck","0.00","0.00","0.00","0.00","0.00","0.00","0.00","0.5 kg","","","","","","","","","","13.12.2022","ja","0.00","0.00","0.00","","Accton","110","50","20","","","","","","","",""
"","","","","","","","","","","","","","0.00","","0.00","","","0.00","","","","","","","","","","","","","","","","","","","","","","","","","","","",""
"K1221","W","ACDC Power Jack Stecker Ladebuchse für HP","","","","","","","0","0","Stck","0.00","0.00","0.00","0.00","0.00","0.00","0.00","0 kg","","","","","","","","","","22.01.2026","nein","0.00","0.00","0.00","","","","","","","","","","","","",""
"","","","","","","","","","","","","","0.00","","0.00","","","0.00","","","","","","","","","","","","","","","","","","","","","","","","","","","",""
"003620","W","Acecad ACECAT III","","","","","","","0","0","Stck","0.00","0.00","0.00","0.00","0.00","0.00","0.00","0.9 kg","","","","","","","","","","06.11.2019","ja","0.00","0.00","0.00","","","230","210","30","","","","","","","",""
"","","","","","","","","","","","","","0.00","","0.00","","","0.00","","","","","","","","","","","","","","","","","","","","","","","","","","","",""
"004504","W","Acer 1515","","","","","","","0","0","Stck","0.00","0.00","30.00","0.00","0.00","0.00","0.00","3.9 kg","","","","14.01.2024","","","","","","15.03.2022","ja","0.00","0.00","0.00","","Acer","100","345","360","","","","","","","",""
"","","","","","","","","","","","","","0.00","","0.00","","","0.00","","","","","","","","","","","","","","","","","","","","","","","","","","","",""
"003205","W","Acer 5733 PEW71","interner verwendung.dan kauf","","","","","","0","1","Stck","0.00","0.00","370.00","0.00","0.00","0.00","0.00","2.8 kg","","","","19.01.2019","lxrjw02033118314ad1601","","","","","21.01.2019","ja","0.00","0.00","0.00","","Acer","260","385","35","","","","","","","",""
"003205","W","Acer 5733 PEW71","interner verwendung.dan kauf","","","","","","0","1","Stck","0.00","0.00","185.00","0.00","0.00","0.00","0.00","2.8 kg","","","","21.01.2019","lxrjw02033118314ad1601","","","","","21.01.2019","ja","0.00","0.00","0.00","","Acer","260","385","35","","","","","","","",""
"003205","W","Acer 5733 PEW71","interner verwendung.dan kauf","","","","","","0","1","Stck","0.00","0.00","370.00","0.00","0.00","0.00","0.00","2.8 kg","","","","10.07.2019","","","","","","21.01.2019","ja","0.00","0.00","0.00","","Acer","260","385","35","","","","","","","",""
"","","","","","","","","","","","","","0.00","","0.00","","","0.00","","","","","","","","","","","","","","","","","","","","","","","","","","","",""
"K0512","W","Acer 7250g lxrxx0200220603cbd7200","mit netzteil","","","","","","0","-1","Stck","0.00","0.00","0.00","0.00","0.00","0.00","0.00","0 kg","","","","09.07.2018","","","","","","09.07.2018","nein","0.00","0.00","0.00","","","","","","","","","","","","",""
"K0512","W","Acer 7250g lxrxx0200220603cbd7200","mit netzteil","","","","","","0","-1","Stck","0.00","0.00","0.00","0.00","0.00","0.00","0.00","0 kg","","","","11.07.2018","","","","","","09.07.2018","nein","0.00","0.00","0.00","","","","","","","","","","","","",""
"","","","","","","","","","","","","","0.00","","0.00","","","0.00","","","","","","","","","","","","","","","","","","","","","","","","","","","",""
"P100","W","Acer A231H","","Peripheriegeräte Occasion","","","","","0","0","Stck","0.00","0.00","50.00","0.00","0.00","0.00","0.00","0 kg","","","","09.05.2018","","","","","","23.06.2015","nein","50.00","0.00","0.00","","3Com","","","","","","","","","","",""
"001877","W","Acer A231H","","","","","","","7","0","Stck","0.00","0.00","100.00","700.00","0.00","0.00","0.00","5.1 kg","","","","25.03.2021","","","","","","27.11.2017","ja","0.00","0.00","0.00","","Acer","249","551.2","350.5","","","","","","","",""
"001877","W","Acer A231H","","","","","","","7","0","Stck","0.00","0.00","90.00","630.00","0.00","0.00","0.00","5.1 kg","","","","16.04.2021","","","","","","27.11.2017","ja","0.00","0.00","0.00","","Acer","249","551.2","350.5","","","","","","","",""
"001877","W","Acer A231H","","","","","","","7","0","Stck","0.00","0.00","90.00","630.00","0.00","0.00","0.00","5.1 kg","","","","23.04.2021","","","","","","27.11.2017","ja","0.00","0.00","0.00","","Acer","249","551.2","350.5","","","","","","","",""
"","","","","","","","","","","","","","0.00","","1'960.00","","","0.00","","","","","","","","","","","","","","","","","","","","","","","","","","","",""
"003129","W","Acer AL1715 - LCD monitor - 17""","","","","","","","0","0","Stck","0.00","0.00","0.00","0.00","0.00","0.00","0.00","0 kg","","","","","","","","","","06.11.2019","ja","0.00","0.00","0.00","","Acer","380","180","420","","","","","","","",""
"","","","","","","","","","","","","","0.00","","0.00","","","0.00","","","","","","","","","","","","","","","","","","","","","","","","","","","",""
"002734","W","Acer AL1751W","","","","","","","0","0","Stck","0.00","0.00","35.00","0.00","0.00","0.00","0.00","6 kg","","","","","","","","","","06.11.2019","ja","0.00","0.00","0.00","","Acer","198","518","333","","","","","","","",""
"","","","","","","","","","","","","","0.00","","0.00","","","0.00","","","","","","","","","","","","","","","","","","","","","","","","","","","",""
"005247","W","Acer AL1912 sm","","","","","","","1","0","Stck","0.00","0.00","40.00","40.00","0.00","0.00","0.00","7.5 kg","","","","","","","","","","16.02.2023","ja","0.00","0.00","0.00","","Acer","170","420","435","","","","","","","",""
"","","","","","","","","","","","","","0.00","","40.00","","","0.00","","","","","","","","","","","","","","","","","","","","","","","","","","","",""
"000997","W","Acer AL1914 Monitor 19""","","","","","","","1","0","Stck","50.00","50.00","45.00","45.00","0.00","0.00","0.00","5.5 kg","","","","22.01.2016","","","","","","22.01.2016","ja","0.00","0.00","0.00","","Acer","200","420","450","","","","","","","",""
"","","","","","","","","","","","","","50.00","","45.00","","","0.00","","","","","","","","","","","","","","","","","","","","","","","","","","","",""
"P100","W","Acer AL1916 A","","Peripheriegeräte Occasion","","","","","0","0","Stck","0.00","0.00","40.00","0.00","0.00","0.00","0.00","0 kg","","","","13.01.2025","","","","","","23.06.2015","nein","50.00","0.00","0.00","","3Com","","","","","","","","","","",""
"","","","","","","","","","","","","","0.00","","0.00","","","0.00","","","","","","","","","","","","","","","","","","","","","","","","","","","",""
"000996","W","Acer AL1916W","","","","","","","0","0","Stck","0.00","0.00","35.00","0.00","0.00","0.00","0.00","0 kg","","","","20.05.2020","ETL5209015548001F0PQ00","","","","","06.11.2019","ja","0.00","0.00","0.00","","Acer","200","450","370","","","","","","","",""
"","","","","","","","","","","","","","0.00","","0.00","","","0.00","","","","","","","","","","","","","","","","","","","","","","","","","","","",""
"000998","W","Acer AL1922","","","","","","","1","0","Stck","0.00","0.00","40.00","40.00","0.00","0.00","0.00","5.5 kg","","","","","","","","","","06.11.2019","ja","0.00","0.00","0.00","","Acer","220","420","450","","","","","","","",""
"","","","","","","","","","","","","","0.00","","40.00","","","0.00","","","","","","","","","","","","","","","","","","","","","","","","","","","",""
"004605","W","Acer AL1931, 19""","","","","","","","1","0","Stck","0.00","0.00","0.00","0.00","0.00","0.00","0.00","10'500 kg","","","","","","","","","","15.03.2022","ja","0.00","0.00","0.00","","Acer","165","420","420","","","","","","","",""
"","","","","","","","","","","","","","0.00","","0.00","","","0.00","","","","","","","","","","","","","","","","","","","","","","","","","","","",""
"001757","W","Acer AL2216W","","","","","","","0","0","Stck","90.00","0.00","45.00","0.00","0.00","0.00","0.00","5.5 kg","","","","03.02.2017","","","","","","03.02.2017","ja","0.00","0.00","0.00","","Acer","198","514","406","","","","","","","",""
"001757","W","Acer AL2216W","","","","","","","0","0","Stck","90.00","0.00","90.00","0.00","0.00","0.00","0.00","5.5 kg","","","","03.02.2017","","","","","","03.02.2017","ja","0.00","0.00","0.00","","Acer","198","514","406","","","","","","","",""
"001757","W","Acer AL2216W","","","","","","","0","0","Stck","90.00","0.00","50.00","0.00","0.00","0.00","0.00","5.5 kg","","","","15.08.2018","","","","","","03.02.2017","ja","0.00","0.00","0.00","","Acer","198","514","406","","","","","","","",""
"","","","","","","","","","","","","","0.00","","0.00","","","0.00","","","","","","","","","","","","","","","","","","","","","","","","","","","",""
"003033","W","Acer AMD Athlon II x2 2.69 GHz 4 GB Ram Ati Radeon HD3200","","","","","","","0","0","Stck","0.00","0.00","60.00","0.00","0.00","0.00","0.00","15 kg","","","","03.09.2018","","","","","","03.09.2018","ja","0.00","0.00","0.00","","Acer","400","187","385","","","","","","","",""
"","","","","","","","","","","","","","0.00","","0.00","","","0.00","","","","","","","","","","","","","","","","","","","","","","","","","","","",""
"K0567","W","Acer Apire 8920","ohne Netzteil! Mit schwarzem Rucksack","Kundengerät","","","","","0","0","Stck","0.00","0.00","0.00","0.00","0.00","0.00","0.00","0 kg","","","","02.11.2018","","","","","","02.11.2018","nein","0.00","0.00","0.00","Zarakani Farkad","","","","","","","","","","","",""
"K0567","W","Acer Apire 8920","ohne Netzteil! Mit schwarzem Rucksack","Kundengerät","","","","","0","0","Stck","0.00","0.00","0.00","0.00","0.00","0.00","0.00","0 kg","","","","20.12.2018","","","","","","02.11.2018","nein","0.00","0.00","0.00","Zarakani Farkad","","","","","","","","","","","",""
"","","","","","","","","","","","","","0.00","","0.00","","","0.00","","","","","","","","","","","","","","","","","","","","","","","","","","","",""
"004233","W","Acer, aspire1200","","","","","","","1","0","Stck","0.00","0.00","0.00","0.00","0.00","0.00","0.00","3.5 kg","","","","","","","","","","23.06.2021","ja","0.00","0.00","0.00","","Acer","275","320","50","","","","","","","",""
"","","","","","","","","","","","","","0.00","","0.00","","","0.00","","","","","","","","","","","","","","","","","","","","","","","","","","","",""
"K0347","W","Acer Aspire 1350","","Kundengerät","","","","","0","0","Stck","0.00","0.00","0.00","0.00","0.00","0.00","0.00","0 kg","","","","26.04.2017","","","","","","26.04.2017","nein","0.00","0.00","0.00","Christen Antony","","","","","","","","","","","",""
"K0347","W","Acer Aspire 1350","","Kundengerät","","","","","0","0","Stck","0.00","0.00","0.00","0.00","0.00","0.00","0.00","0 kg","","","","27.04.2017","","","","","","26.04.2017","nein","0.00","0.00","0.00","Christen Antony","","","","","","","","","","","",""
"","","","","","","","","","","","","","0.00","","0.00","","","0.00","","","","","","","","","","","","","","","","","","","","","","","","","","","",""
"001975","W","Acer Aspire 1355LC","","","","","","","0","0","Stck","0.00","0.00","160.00","0.00","0.00","0.00","0.00","0 kg","","","","30.10.2018","LXA1005109412011EDEF15","","","","","15.11.2018","ja","0.00","0.00","0.00","","Acer","0","0","0","","","","","","","",""
"001975","W","Acer Aspire 1355LC","","","","","","","0","0","Stck","0.00","0.00","80.00","0.00","0.00","0.00","0.00","0 kg","","","","15.11.2018","LXA1005109412011EDEF15","","","","","15.11.2018","ja","0.00","0.00","0.00","","Acer","0","0","0","","","","","","","",""
"","","","","","","","","","","","","","0.00","","0.00","","","0.00","","","","","","","","","","","","","","","","","","","","","","","","","","","",""
"000607","W","Acer Aspire 1355LM","","","","","","","3","0","Stck","0.00","0.00","160.00","480.00","0.00","0.00","0.00","3.7 kg","","","","","","","","","","06.11.2019","ja","0.00","0.00","0.00","","Acer","334","287","42","","","","","","","",""
"","","","","","","","","","","","","","0.00","","480.00","","","0.00","","","","","","","","","","","","","","","","","","","","","","","","","","","",""
"001984","W","Acer Aspire 1400","","","","","","","0","0","Stck","0.00","0.00","120.00","0.00","0.00","0.00","0.00","0 kg","","","","","","","","","","06.11.2019","ja","0.00","0.00","0.00","","Acer","0","0","0","","","","","","","",""
"","","","","","","","","","","","","","0.00","","0.00","","","0.00","","","","","","","","","","","","","","","","","","","","","","","","","","","",""
"004822","W","Acer Aspire 1650","","","","","","","1","0","Stck","0.00","0.00","100.00","100.00","0.00","0.00","0.00","5 kg","","","","","","","","","","09.06.2022","ja","0.00","0.00","0.00","","Acer","364","279","33.9","","","","","","","",""
"","","","","","","","","","","","","","0.00","","100.00","","","0.00","","","","","","","","","","","","","","","","","","","","","","","","","","","",""
"002055","W","acer Aspire 1680","","","","","","","0","0","Stck","0.00","0.00","120.00","0.00","0.00","0.00","0.00","3.5 kg","","","","","","","","","","06.11.2019","ja","0.00","0.00","0.00","","Acer","270","365","40","","","","","","","",""
"","","","","","","","","","","","","","0.00","","0.00","","","0.00","","","","","","","","","","","","","","","","","","","","","","","","","","","",""
"001983","W","Acer Aspire 3000","","","","","","","0","0","Stck","0.00","0.00","100.00","0.00","0.00","0.00","0.00","0 kg","","","","","","","","","","06.11.2019","ja","0.00","0.00","0.00","","Acer","0","0","0","","","","","","","",""
"","","","","","","","","","","","","","0.00","","0.00","","","0.00","","","","","","","","","","","","","","","","","","","","","","","","","","","",""
"001982","W","Acer Aspire 3002 LMI","","","","","","","0","0","Stck","0.00","0.00","100.00","0.00","0.00","0.00","0.00","0 kg","","","","","","","","","","06.11.2019","ja","0.00","0.00","0.00","","Acer","0","0","0","","","","","","","",""
"","","","","","","","","","","","","","0.00","","0.00","","","0.00","","","","","","","","","","","","","","","","","","","","","","","","","","","",""
"002448","W","acer Aspire 3610","","","","","","","0","0","Stck","0.00","0.00","120.00","0.00","0.00","0.00","0.00","2.7 kg","","","","","","","","","","06.11.2019","ja","0.00","0.00","0.00","","Acer","280","365","40","","","","","","","",""
"","","","","","","","","","","","","","0.00","","0.00","","","0.00","","","","","","","","","","","","","","","","","","","","","","","","","","","",""
"001986","W","Acer Aspire 3613 WLMI","","","","","","","0","0","Stck","0.00","0.00","150.00","0.00","0.00","0.00","0.00","4.5 kg","","","","","","","","","","06.11.2019","ja","0.00","0.00","0.00","","Acer","400","300","60","","","","","","","",""
"","","","","","","","","","","","","","0.00","","0.00","","","0.00","","","","","","","","","","","","","","","","","","","","","","","","","","","",""
"001987","W","Acer Aspire 3614 WLMI","","","","","","","0","0","Stck","0.00","0.00","140.00","0.00","0.00","0.00","0.00","0 kg","","","","","","","","","","06.11.2019","ja","0.00","0.00","0.00","","Acer","0","0","0","","","","","","","",""
"","","","","","","","","","","","","","0.00","","0.00","","","0.00","","","","","","","","","","","","","","","","","","","","","","","","","","","",""
"004764","W","Acer Aspire 3750G","","","","","","","1","0","Stck","0.00","0.00","0.00","0.00","0.00","0.00","0.00","4.1 kg","","","","","","","","","","04.05.2022","ja","0.00","0.00","0.00","","Acer","330","240","35","","","","","","","",""
"","","","","","","","","","","","","","0.00","","0.00","","","0.00","","","","","","","","","","","","","","","","","","","","","","","","","","","",""
"004464","W","Acer, aspire 4830 P4LJ0, 14""","","","","","","","1","0","Stck","0.00","0.00","0.00","0.00","0.00","0.00","0.00","0 kg","","","","","","","","","","15.03.2022","ja","0.00","0.00","0.00","","Acer","240","335","30","","","","","","","",""
"","","","","","","","","","","","","","0.00","","0.00","","","0.00","","","","","","","","","","","","","","","","","","","","","","","","","","","",""
"K0998","W","Acer Aspire 5","Model: N20C5 s/n: NXA1EEZ00A0441884C3400 Mit ladekabel.","","","","","","0","0","Stck","0.00","0.00","0.00","0.00","0.00","0.00","0.00","0 kg","","","","31.08.2023","NXA1EEZ00A0441884C3400","","","","","01.09.2023","nein","0.00","0.00","0.00","","","","","","","","","","","","",""
"K0998","W","Acer Aspire 5","Model: N20C5 s/n: NXA1EEZ00A0441884C3400 Mit ladekabel.","","","","","","0","0","Stck","0.00","0.00","0.00","0.00","0.00","0.00","0.00","0 kg","","","","01.09.2023","","","","","","01.09.2023","nein","0.00","0.00","0.00","","","","","","","","","","","","",""
"K1166","W","Acer Aspire 5","Lade Kabel und Tasche S/N NXGSZEZ006802C783400","","","","","","0","0","Stck","0.00","0.00","0.00","0.00","0.00","0.00","0.00","0 kg","","","","19.06.2025","","","","","","19.06.2025","nein","0.00","0.00","0.00","","","","","","","","","","","","",""
"K1166","W","Acer Aspire 5","Lade Kabel und Tasche S/N NXGSZEZ006802C783400","","","","","","0","0","Stck","0.00","0.00","0.00","0.00","0.00","0.00","0.00","0 kg","","","","10.07.2025","","","","","","19.06.2025","nein","0.00","0.00","0.00","","","","","","","","","","","","",""
"","","","","","","","","","","","","","0.00","","0.00","","","0.00","","","","","","","","","","","","","","","","","","","","","","","","","","","",""
"001980","W","Acer Aspire 5100","","","","","","","0","0","Stck","0.00","0.00","100.00","0.00","0.00","0.00","0.00","4 kg","","","","02.07.2024","70952620116","","","","","06.11.2019","ja","0.00","0.00","0.00","","Acer","360","270","30","","","","","","","",""
"","","","","","","","","","","","","","0.00","","0.00","","","0.00","","","","","","","","","","","","","","","","","","","","","","","","","","","",""
"005179","W","Acer Aspire 5100, 15""","","","","","","","0","0","Stck","0.00","0.00","155.00","0.00","0.00","0.00","0.00","4 kg","","","","29.04.2024","","","","","","29.12.2022","ja","0.00","0.00","0.00","","Acer","360","270","30","","","","","","","",""
"","","","","","","","","","","","","","0.00","","0.00","","","0.00","","","","","","","","","","","","","","","","","","","","","","","","","","","",""
"K0210","W","Acer Aspire 5101AWLMi","Defekte linke Touchpad-Taste","Kundengerät","","","","","0","0","Stck","0.00","0.00","0.00","0.00","0.00","0.00","0.00","0 kg","","","","16.03.2016","","","","","","16.03.2016","nein","0.00","0.00","0.00","","","","","","","","","","","","",""
"K0210","W","Acer Aspire 5101AWLMi","Defekte linke Touchpad-Taste","Kundengerät","","","","","0","0","Stck","0.00","0.00","0.00","0.00","0.00","0.00","0.00","0 kg","","","","18.03.2016","","","","","","16.03.2016","nein","0.00","0.00","0.00","","","","","","","","","","","","",""
"","","","","","","","","","","","","","0.00","","0.00","","","0.00","","","","","","","","","","","","","","","","","","","","","","","","","","","",""
"000728","W","Acer Aspire 5101AWLMi, 4GB Ram, 160 GB Festplatte, Kubuntu Linux 14.04 installiert","","","","","","","0","0","Stck","250.00","0.00","290.00","0.00","0.00","0.00","0.00","4 kg","","","","29.11.2014","","","","","","05.12.2014","ja","0.00","0.00","0.00","","Acer","360","270","30","","","","","","","",""
"000728","W","Acer Aspire 5101AWLMi, 4GB Ram, 160 GB Festplatte, Kubuntu Linux 14.04 installiert","","","","","","","0","0","Stck","250.00","0.00","290.00","0.00","0.00","0.00","0.00","4 kg","","","","04.12.2014","","","","","","05.12.2014","ja","0.00","0.00","0.00","","Acer","360","270","30","","","","","","","",""
"","","","","","","","","","","","","","0.00","","0.00","","","0.00","","","","","","","","","","","","","","","","","","","","","","","","","","","",""
"K0908","W","Acer Aspire 517-51","Acer Aspire A517-51 S/N NXGSWEZO139030507F3400 Zubehör: Netzteil","Kundengerät","","","","","0","0","Stck","0.00","0.00","0.00","0.00","0.00","0.00","0.00","0 kg","","","","16.09.2022","NXGSWEZO139030507F3400","","","","","16.09.2022","nein","0.00","0.00","0.00","","","","","","","","","","","","",""
"K0908","W","Acer Aspire 517-51","Acer Aspire A517-51 S/N NXGSWEZO139030507F3400 Zubehör: Netzteil","Kundengerät","","","","","0","0","Stck","0.00","0.00","0.00","0.00","0.00","0.00","0.00","0 kg","","","","07.12.2022","NXGSWEZO139030507F3400","","","","","16.09.2022","nein","0.00","0.00","0.00","","","","","","","","","","","","",""
"","","","","","","","","","","","","","0.00","","0.00","","","0.00","","","","","","","","","","","","","","","","","","","","","","","","","","","",""
"P14","W","ACER ASPIRE 5232 5241 5541 5541G LAPTOP MOTHERBOARD MB.N3602.001 MBN3602001 Artikelnummer 131115155656","","Hardwareteile neu","","","","","0","0","Stck","0.00","0.00","94.85","0.00","197.00","0.00","0.00","0 kg","","","","20.10.2015","","","","","","23.08.2007","nein","0.00","0.00","0.00","","","","","","","","","","","","",""
"P14","W","ACER ASPIRE 5232 5241 5541 5541G LAPTOP MOTHERBOARD MB.N3602.001 MBN3602001 Artikelnummer 131115155656","","Hardwareteile neu","","","","","0","0","Stck","0.00","0.00","94.85","0.00","197.00","0.00","0.00","0 kg","","","","19.11.2015","","","","","","23.08.2007","nein","0.00","0.00","0.00","","","","","","","","","","","","",""
"","","","","","","","","","","","","","0.00","","0.00","","","0.00","","","","","","","","","","","","","","","","","","","","","","","","","","","",""
"K0149","W","Acer Aspire 5541","Acer aspire 5541 Laptop mit Ladegerät und NetzwerkKarte","Kundengerät","","","","","0","0","Stck","0.00","0.00","0.00","0.00","0.00","0.00","0.00","0 kg","","","","20.10.2015","","","","","","20.10.2015","nein","0.00","0.00","0.00","","","","","","","","","","","","",""
"K0149","W","Acer Aspire 5541","Acer aspire 5541 Laptop mit Ladegerät und NetzwerkKarte","Kundengerät","","","","","0","0","Stck","0.00","0.00","0.00","0.00","0.00","0.00","0.00","0 kg","","","","19.11.2015","","","","","","20.10.2015","nein","0.00","0.00","0.00","","","","","","","","","","","","",""
"K0211","W","Acer Aspire 5541","","Kundengerät","","","","","0","0","Stck","0.00","0.00","0.00","0.00","0.00","0.00","0.00","0 kg","","","","18.03.2016","","","","","","18.03.2016","nein","0.00","0.00","0.00","","","","","","","","","","","","",""
"","","","","","","","","","","","","","0.00","","0.00","","","0.00","","","","","","","","","","","","","","","","","","","","","","","","","","","",""
"D10","D","Acer Aspire 5541 Reparatur USB-Port","","Dienstleistung","","","","","0","0","psch","0.00","0.00","120.00","0.00","0.00","0.00","0.00","0 kg","","","","23.03.2016","","","","","","23.08.2007","nein","0.00","0.00","0.00","","","","","","","","","","","","",""
"","","","","","","","","","","","","","0.00","","0.00","","","0.00","","","","","","","","","","","","","","","","","","","","","","","","","","","",""
"002573","W","Acer Aspire 5733","","","","","","","0","0","Stck","0.00","0.00","250.00","0.00","0.00","0.00","0.00","2.6 kg","","","","","","","","","","06.11.2019","ja","0.00","0.00","0.00","","Acer","260","390","40","","","","","","","",""
"K0837","W","Acer Aspire 5733","S/N XLRJW02033118314AD1601","Kundengerät","","","","","0","0","Stck","0.00","0.00","0.00","0.00","0.00","0.00","0.00","0 kg","","","","19.11.2021","XLRJW02033118314AD1601","","","","","05.01.2022","nein","0.00","0.00","0.00","Keinath Daniel","","","","","","","","","","","",""
"K0837","W","Acer Aspire 5733","S/N XLRJW02033118314AD1601","Kundengerät","","","","","0","0","Stck","0.00","0.00","0.00","0.00","0.00","0.00","0.00","0 kg","","","","19.10.2023","XLRJW02033118314AD1601","","","","","05.01.2022","nein","0.00","0.00","0.00","Keinath Daniel","","","","","","","","","","","",""
"K0837","W","Acer Aspire 5733","S/N XLRJW02033118314AD1601","Kundengerät","","","","","0","0","Stck","0.00","0.00","0.00","0.00","0.00","0.00","0.00","0 kg","","","","15.11.2023","XLRJW02033118314AD1601","","","","","05.01.2022","nein","0.00","0.00","0.00","Keinath Daniel","","","","","","","","","","","",""
"","","","","","","","","","","","","","0.00","","0.00","","","0.00","","","","","","","","","","","","","","","","","","","","","","","","","","","",""
"K0143","W","Acer Aspire 5741G","Acer Aspire 5741G mit Laptop Tasche und Netzgerät SN: LXPSZ02026022355A11601","Kundengerät","","","","","0","0","Stck","0.00","0.00","0.00","0.00","0.00","0.00","0.00","0 kg","","","","11.08.2015","","","","","","11.08.2015","nein","0.00","0.00","0.00","","","","","","","","","","","","",""
"K0143","W","Acer Aspire 5741G","Acer Aspire 5741G mit Laptop Tasche und Netzgerät SN: LXPSZ02026022355A11601","Kundengerät","","","","","0","0","Stck","0.00","0.00","0.00","0.00","0.00","0.00","0.00","0 kg","","","","20.08.2015","","","","","","11.08.2015","nein","0.00","0.00","0.00","","","","","","","","","","","","",""
"","","","","","","","","","","","","","0.00","","0.00","","","0.00","","","","","","","","","","","","","","","","","","","","","","","","","","","",""
"K0894","W","Acer Aspire 5750G","S/N: LXRMU022021410B9813400","Kundengerät","","","","","0","0","Stck","0.00","0.00","0.00","0.00","0.00","0.00","0.00","0 kg","","","","18.07.2022","LXRMU022021410B9813400","","","","","18.07.2022","nein","0.00","0.00","0.00","","","","","","","","","","","","",""
"","","","","","","","","","","","","","0.00","","0.00","","","0.00","","","","","","","","","","","","","","","","","","","","","","","","","","","",""
"K0985","W","Acer Aspire 5750 (P5WE0)","S/N LXRMU0209713232B2D1601 Kein Zubehör","Kundengerät","","","","","0","0","Stck","0.00","0.00","0.00","0.00","0.00","0.00","0.00","0 kg","","","","20.07.2023","LXRMU0209713232B2D1601","","","","","20.07.2023","nein","0.00","0.00","0.00","","","","","","","","","","","","",""
"K0985","W","Acer Aspire 5750 (P5WE0)","S/N LXRMU0209713232B2D1601 Kein Zubehör","Kundengerät","","","","","0","0","Stck","0.00","0.00","0.00","0.00","0.00","0.00","0.00","0 kg","","","","04.08.2023","LXRMU0209713232B2D1601","","","","","20.07.2023","nein","0.00","0.00","0.00","","","","","","","","","","","","",""
"","","","","","","","","","","","","","0.00","","0.00","","","0.00","","","","","","","","","","","","","","","","","","","","","","","","","","","",""
"K0523","W","Acer Aspire 5810T","S/N: LXPDU0X1079210E5482000","Kundengerät","","","","","0","0","Stck","0.00","0.00","0.00","0.00","0.00","0.00","0.00","0 kg","","","","07.08.2018","","","","","","07.08.2018","nein","0.00","0.00","0.00","","","","","","","","","","","","",""
"K0523","W","Acer Aspire 5810T","S/N: LXPDU0X1079210E5482000","Kundengerät","","","","","0","0","Stck","0.00","0.00","0.00","0.00","0.00","0.00","0.00","0 kg","","","","17.08.2018","","","","","","07.08.2018","nein","0.00","0.00","0.00","","","","","","","","","","","","",""
"","","","","","","","","","","","","","0.00","","0.00","","","0.00","","","","","","","","","","","","","","","","","","","","","","","","","","","",""
"003938","W","Acer Aspire 5820T, 512 GB Festplatte, 8 GB Ram, MX Linux 19 installiert","","","","","","","0","0","Stck","0.00","0.00","320.00","0.00","0.00","0.00","0.00","3.1 kg","","","","15.01.2020","10102182625","","","","","20.11.2019","ja","0.00","0.00","0.00","","Acer","250","379","31","","","","","","","",""
"","","","","","","","","","","","","","0.00","","0.00","","","0.00","","","","","","","","","","","","","","","","","","","","","","","","","","","",""
"005263","W","Acer Aspire 5920G, LCD 15.4""","","","","","","","1","0","Stck","0.00","0.00","240.00","240.00","0.00","0.00","0.00","4.5 kg","","","","","","","","","","21.02.2023","ja","0.00","0.00","0.00","","Acer","275","365","40","","","","","","","",""
"","","","","","","","","","","","","","0.00","","240.00","","","0.00","","","","","","","","","","","","","","","","","","","","","","","","","","","",""
"005787","W","Acer Aspire 5942 KAQB0, 15""","","","","","","","1","0","Stck","0.00","0.00","150.00","150.00","0.00","0.00","0.00","3.5 kg","","","","","","","","","","20.07.2023","ja","0.00","0.00","0.00","","Acer","280","382","43","","","","","","","",""
"","","","","","","","","","","","","","0.00","","150.00","","","0.00","","","","","","","","","","","","","","","","","","","","","","","","","","","",""
"005931","W","Acer Aspire 6530","","","","","","","1","0","Stck","0.00","0.00","0.00","0.00","0.00","0.00","0.00","3.2 kg","","","","","","","","","","16.09.2023","ja","0.00","0.00","0.00","","Acer","380","280","30","","","","","","","",""
"","","","","","","","","","","","","","0.00","","0.00","","","0.00","","","","","","","","","","","","","","","","","","","","","","","","","","","",""
"003007","W","Acer Aspire 7520","","","","","","","0","1","Stck","0.00","0.00","250.00","0.00","0.00","0.00","0.00","5 kg","","","","","","","","","","19.01.2019","ja","0.00","0.00","0.00","","Acer","490","100","340","","","","","","","",""
"","","","","","","","","","","","","","0.00","","0.00","","","0.00","","","","","","","","","","","","","","","","","","","","","","","","","","","",""
"K0261","W","Acer Aspire 7736zg","Laptop Acer Aspire 7736zg mit Netzteil","Kundengerät","","","","","0","0","Stck","0.00","0.00","0.00","0.00","0.00","0.00","0.00","0 kg","","","","30.08.2016","","","","","","30.08.2016","nein","0.00","0.00","0.00","Frölich Alf","","","","","","","","","","","",""
"","","","","","","","","","","","","","0.00","","0.00","","","0.00","","","","","","","","","","","","","","","","","","","","","","","","","","","",""
"K0454","W","Acer Aspire 7741G","Laptop Acer Aspire 7741G SN: LXPXC02073039000AF52000 mit Ladegerät","Kundengerät","","","","","0","0","Stck","0.00","0.00","0.00","0.00","0.00","0.00","0.00","0 kg","","","","14.02.2018","","","","","","14.02.2018","nein","0.00","0.00","0.00","","","","","","","","","","","","",""
"K0454","W","Acer Aspire 7741G","Laptop Acer Aspire 7741G SN: LXPXC02073039000AF52000 mit Ladegerät","Kundengerät","","","","","0","0","Stck","0.00","0.00","0.00","0.00","0.00","0.00","0.00","0 kg","","","","19.12.2018","","","","","","14.02.2018","nein","0.00","0.00","0.00","","","","","","","","","","","","",""
"","","","","","","","","","","","","","0.00","","0.00","","","0.00","","","","","","","","","","","","","","","","","","","","","","","","","","","",""
"K0031","W","Acer Aspire 8920G","Liteon Netzteil 19V 4.74A mit Stromkabel mitgeliefert","Kundengerät","","","","","0","0","Stck","0.00","0.00","0.00","0.00","0.00","0.00","0.00","0 kg","","","","","","","","","","20.11.2014","nein","0.00","0.00","0.00","","","","","","","","","","","","",""
"","","","","","","","","","","","","","0.00","","0.00","","","0.00","","","","","","","","","","","","","","","","","","","","","","","","","","","",""
"K0884","W","Acer Aspire A515-54","S/N NXHN2EZ0020110219E7600","Kundengerät","","","","","0","0","Stck","0.00","0.00","0.00","0.00","0.00","0.00","0.00","0 kg","","","","27.06.2022","NXHN2EZ0020110219E7600","","","","","27.06.2022","nein","0.00","0.00","0.00","Hefti Ramona","","","","","","","","","","","",""
"","","","","","","","","","","","","","0.00","","0.00","","","0.00","","","","","","","","","","","","","","","","","","","","","","","","","","","",""
"K0717","W","Acer Aspire A515-54 series","Model No. N18Q13 S/N: NXHN2EZ00193206FAB7600 Zubehör: Netzteil und Rucksack","Kundengerät","","","","","0","0","Stck","0.00","0.00","0.00","0.00","0.00","0.00","0.00","0 kg","","","","02.12.2019","","","","","","03.12.2019","nein","0.00","0.00","0.00","Neininger Peter","","","","","","","","","","","",""
"","","","","","","","","","","","","","0.00","","0.00","","","0.00","","","","","","","","","","","","","","","","","","","","","","","","","","","",""
"K0472","W","Acer Aspire D250-Bb","","Kundengerät","","","","","0","0","Stck","0.00","0.00","0.00","0.00","0.00","0.00","0.00","0 kg","","","","20.03.2018","","","","","","20.03.2018","nein","0.00","0.00","0.00","","","","","","","","","","","","",""
"","","","","","","","","","","","","","0.00","","0.00","","","0.00","","","","","","","","","","","","","","","","","","","","","","","","","","","",""
"K0544","W","AcerAspire E1","S/N: NXMGREZ01840400B523400","Kundengerät","","","","","0","0","Stck","0.00","0.00","0.00","0.00","0.00","0.00","0.00","0 kg","","","","02.10.2018","","","","","","02.10.2018","nein","0.00","0.00","0.00","","","","","","","","","","","","",""
"","","","","","","","","","","","","","0.00","","0.00","","","0.00","","","","","","","","","","","","","","","","","","","","","","","","","","","",""
"K0287","W","Acer Aspire E15","S/N: NXML9EZ0034480181A3400 ohne Netzteil","Kundengerät","","","","","0","0","Stck","0.00","0.00","0.00","0.00","0.00","0.00","0.00","0 kg","","","","22.08.2017","","","","","","22.08.2017","nein","0.00","0.00","0.00","Wildberger France","","","","","","","","","","","",""
"K0287","W","Acer Aspire E15","S/N: NXML9EZ0034480181A3400 ohne Netzteil","Kundengerät","","","","","0","0","Stck","0.00","0.00","0.00","0.00","0.00","0.00","0.00","0 kg","","","","23.08.2017","","","","","","22.08.2017","nein","0.00","0.00","0.00","Wildberger France","","","","","","","","","","","",""
"K0287","W","Acer Aspire E15","S/N: NXML9EZ0034480181A3400 ohne Netzteil","Kundengerät","","","","","0","0","Stck","0.00","0.00","0.00","0.00","0.00","0.00","0.00","0 kg","","","","07.03.2023","NXML9EZ0034480181A3400","","","","","22.08.2017","nein","0.00","0.00","0.00","Wildberger France","","","","","","","","","","","",""
"K0287","W","Acer Aspire E15","S/N: NXML9EZ0034480181A3400 ohne Netzteil","Kundengerät","","","","","0","0","Stck","0.00","0.00","0.00","0.00","0.00","0.00","0.00","0 kg","","","","16.03.2023","NXML9EZ0034480181A3400","","","","","22.08.2017","nein","0.00","0.00","0.00","Wildberger France","","","","","","","","","","","",""
"K0638","W","Acer Aspire E15","An arbeitsplatz von Bruno Meier arudin 24.5.2019 Ursprünglich mit falscher Artikelnummer K609 (dreistellige statt vierstellige Zahl) gespeichert und da K0609 schon für anderes Gerät vergeben war, mit neuer Artikelnummer K0638 gespeichert.","Kundengerät","","","","","0","0","Stck","0.00","0.00","0.00","0.00","0.00","0.00","0.00","0 kg","","","","12.02.2019","NXMVHEZ0366241F2EB7600","","","","","12.02.2019","nein","0.00","0.00","0.00","","","","","","","","","","","","",""
"","","","","","","","","","","","","","0.00","","0.00","","","0.00","","","","","","","","","","","","","","","","","","","","","","","","","","","",""
"K0206","W","Acer Aspire E1-531","","Kundengerät","","","","","0","0","Stck","0.00","0.00","0.00","0.00","0.00","0.00","0.00","0 kg","","","","01.03.2016","","","","","","01.03.2016","nein","0.00","0.00","0.00","","","","","","","","","","","","",""
"","","","","","","","","","","","","","0.00","","0.00","","","0.00","","","","","","","","","","","","","","","","","","","","","","","","","","","",""
"k0726","W","ACER Aspire E1-571","inkl. Netzteil S/N NXM09EZ0153020962F1601","Kundengerät","","","","","0","0","Stck","0.00","0.00","0.00","0.00","0.00","0.00","0.00","0 kg","","","","15.09.2020","","","","","","15.09.2020","nein","0.00","0.00","0.00","","","","","","","","","","","","",""
"k0726","W","ACER Aspire E1-571","inkl. Netzteil S/N NXM09EZ0153020962F1601","Kundengerät","","","","","0","0","Stck","0.00","0.00","0.00","0.00","0.00","0.00","0.00","0 kg","","","","21.10.2020","","","","","","15.09.2020","nein","0.00","0.00","0.00","","","","","","","","","","","","",""
"","","","","","","","","","","","","","0.00","","0.00","","","0.00","","","","","","","","","","","","","","","","","","","","","","","","","","","",""
"K0492","W","Acer Aspire E17 E5-721-265R","","Kundengerät","","","","","0","0","Stck","0.00","0.00","0.00","0.00","0.00","0.00","0.00","0 kg","","","","23.05.2018","","","","","","23.05.2018","nein","0.00","0.00","0.00","Meier René","","","","","","","","","","","",""
"","","","","","","","","","","","","","0.00","","0.00","","","0.00","","","","","","","","","","","","","","","","","","","","","","","","","","","",""
"004501","W","Acer Aspire E1, Q5WPH","","","","","","","1","0","Stck","0.00","0.00","170.00","170.00","0.00","0.00","0.00","3.5 kg","","","","","","","","","","15.03.2022","ja","0.00","0.00","0.00","","Acer","255","380","33","","","","","","","",""
"","","","","","","","","","","","","","0.00","","170.00","","","0.00","","","","","","","","","","","","","","","","","","","","","","","","","","","",""
"K0189","W","Acer Aspire E1-Z5WE3","","Kundengerät","","","","","0","0","Stck","0.00","0.00","0.00","0.00","0.00","0.00","0.00","0 kg","","","","24.02.2016","","","","","","04.02.2016","nein","0.00","0.00","0.00","","","","","","","","","","","","",""
"K0189","W","Acer Aspire E1-Z5WE3","","Kundengerät","","","","","0","0","Stck","0.00","0.00","0.00","0.00","0.00","0.00","0.00","0 kg","","","","26.02.2016","","","","","","04.02.2016","nein","0.00","0.00","0.00","","","","","","","","","","","","",""
"","","","","","","","","","","","","","0.00","","0.00","","","0.00","","","","","","","","","","","","","","","","","","","","","","","","","","","",""
"K0189","W","Acer Aspire E5-521-27WC","","Kundengerät","","","","","0","0","Stck","0.00","0.00","0.00","0.00","0.00","0.00","0.00","0 kg","","","","04.02.2016","","","","","","04.02.2016","nein","0.00","0.00","0.00","","","","","","","","","","","","",""
"","","","","","","","","","","","","","0.00","","0.00","","","0.00","","","","","","","","","","","","","","","","","","","","","","","","","","","",""
"006644","W","Acer Aspire E5-575, FHD","","","","","","","1","0","Stck","0.00","0.00","0.00","0.00","0.00","0.00","0.00","2 kg","","","","","","","","","","08.08.2024","ja","0.00","0.00","0.00","","Acer","260","380","30","","","","","","","",""
"","","","","","","","","","","","","","0.00","","0.00","","","0.00","","","","","","","","","","","","","","","","","","","","","","","","","","","",""
"K0897","W","Acer aspire e5-773g","SN:NXG9WEZ0025511072A6600 mit netzteil","Kundengerät","","","","","0","0","Stck","0.00","0.00","0.00","0.00","0.00","0.00","0.00","0 kg","","","","11.08.2022","","","","","","11.08.2022","nein","0.00","0.00","0.00","","","","","","","","","","","","",""
"K0897","W","Acer aspire e5-773g","SN:NXG9WEZ0025511072A6600 mit netzteil","Kundengerät","","","","","0","0","Stck","0.00","0.00","0.00","0.00","0.00","0.00","0.00","0 kg","","","","01.12.2022","","","","","","11.08.2022","nein","0.00","0.00","0.00","","","","","","","","","","","","",""
"","","","","","","","","","","","","","0.00","","0.00","","","0.00","","","","","","","","","","","","","","","","","","","","","","","","","","","",""
"K0123","W","Acer Aspire ES1-111","","Kundengerät","","","","","0","0","Stck","0.00","0.00","0.00","0.00","0.00","0.00","0.00","0 kg","","","","08.05.2015","","","","","","08.05.2015","nein","0.00","0.00","0.00","","","","","","","","","","","","",""
"K0123","W","Acer Aspire ES1-111","","Kundengerät","","","","","0","0","Stck","0.00","0.00","0.00","0.00","0.00","0.00","0.00","0 kg","","","","12.05.2015","","","","","","08.05.2015","nein","0.00","0.00","0.00","","","","","","","","","","","","",""
"","","","","","","","","","","","","","0.00","","0.00","","","0.00","","","","","","","","","","","","","","","","","","","","","","","","","","","",""
"K0708","W","Acer Aspire ES1 331-CON3","S/N: NXG18EZ002535026646600 Zubehör: Netzteil mit Kabel","Kundengerät","","","","","0","0","Stck","0.00","0.00","0.00","0.00","0.00","0.00","0.00","0 kg","","","","11.11.2019","","","","","","11.11.2019","nein","0.00","0.00","0.00","Gallotti Maria","","","","","","","","","","","",""
"K0708","W","Acer Aspire ES1 331-CON3","S/N: NXG18EZ002535026646600 Zubehör: Netzteil mit Kabel","Kundengerät","","","","","0","0","Stck","0.00","0.00","0.00","0.00","0.00","0.00","0.00","0 kg","","","","27.12.2019","","","","","","11.11.2019","nein","0.00","0.00","0.00","Gallotti Maria","","","","","","","","","","","",""
"","","","","","","","","","","","","","0.00","","0.00","","","0.00","","","","","","","","","","","","","","","","","","","","","","","","","","","",""
"K0397","W","Acer Aspire ES 15","Seriennummer: NXGFTEZ00370402ADE3400 Zubehör: Netzteil und Kabel, Setup-Guide","Kundengerät","","","","","0","0","Stck","0.00","0.00","0.00","0.00","0.00","0.00","0.00","0 kg","","","","10.10.2017","NXGFTEZ00370402ADE3400","","","","","12.10.2017","nein","0.00","0.00","0.00","Hofstetter Ari","","","","","","","","","","","",""
"","","","","","","","","","","","","","0.00","","0.00","","","0.00","","","","","","","","","","","","","","","","","","","","","","","","","","","",""
"K0683","W","Acer Aspire F 15","mit Netzteil, kein Original","Kundengerät","","","","","0","0","Stck","0.00","0.00","0.00","0.00","0.00","0.00","0.00","0 kg","","","","10.09.2019","","","","","","10.09.2019","nein","0.00","0.00","0.00","","","","","","","","","","","","",""
"","","","","","","","","","","","","","0.00","","0.00","","","0.00","","","","","","","","","","","","","","","","","","","","","","","","","","","",""
"006229","W","Acer Aspire GX-781","","","","","","","1","0","Stck","0.00","0.00","0.00","0.00","0.00","0.00","0.00","10 kg","","","","","","","","","","09.02.2024","ja","0.00","0.00","0.00","","Acer","430","175","370","","","","","","","",""
"","","","","","","","","","","","","","0.00","","0.00","","","0.00","","","","","","","","","","","","","","","","","","","","","","","","","","","",""
"D19","D","Acer Aspire L5100 Minicomputer: Fehleranalyse, diverse Versuche die Daten auf der Festplatte zu retten, leider ohne Erfolg","","Dienstleistung","","","","","0","0","psch","30.00","0.00","300.00","0.00","0.00","0.00","0.00","0 kg","","","","25.07.2011","","","","","","07.07.2008","nein","0.00","0.00","0.00","","","","","","","","","","","","",""
"","","","","","","","","","","","","","0.00","","0.00","","","0.00","","","","","","","","","","","","","","","","","","","","","","","","","","","",""
"003833","W","ACER ASPIRE M1641","","","","","","","0","0","Stck","0.00","0.00","60.00","0.00","0.00","0.00","0.00","15 kg","","","","","","","","","","06.11.2019","ja","0.00","0.00","0.00","","Acer","455","185","380","","","","","","","",""
"","","","","","","","","","","","","","0.00","","0.00","","","0.00","","","","","","","","","","","","","","","","","","","","","","","","","","","",""
"003070","W","Acer Aspire M3800","","","","","","","1","0","Stck","0.00","0.00","70.00","70.00","0.00","0.00","0.00","10.5 kg","","","","","","","","","","06.11.2019","ja","0.00","0.00","0.00","","Acer","390","180","400","","","","","","","",""
"","","","","","","","","","","","","","0.00","","70.00","","","0.00","","","","","","","","","","","","","","","","","","","","","","","","","","","",""
"7009","W","Acer Aspire M5811","","","","","","","1","0","Stck","0.00","0.00","0.00","0.00","0.00","0.00","0.00","2 kg","","","","","","","","","","02.10.2025","ja","0.00","0.00","0.00","","Acer","420","180","380","","Leeres Gehäuse","Einer Kartenleser.","Computer_und_Komplettsysteme","yes","Standard-PC","",""
"","","","","","","","","","","","","","0.00","","0.00","","","0.00","","","","","","","","","","","","","","","","","","","","","","","","","","","",""
"K1178","W","Acer Aspire M5811 4 GB Ram, 500 GB Festplatte, mit Geforce gtx 550 Ti Grafikkarte, MX Linux installiert","","Kundengerät","","","","","0","0","Stck","0.00","0.00","0.00","0.00","0.00","0.00","0.00","0 kg","","","","20.08.2025","","","","","","20.08.2025","nein","0.00","0.00","0.00","","","","","","","","","","","","",""
"","","","","","","","","","","","","","0.00","","0.00","","","0.00","","","","","","","","","","","","","","","","","","","","","","","","","","","",""
"002623","W","Acer Aspire M5811 4 GB Ram, 500 GB Festplatte, mit Geforce gtx 550 Ti Grafikkarte, MX Linux installiert","","","","","","","1","0","Stck","0.00","0.00","150.00","150.00","0.00","0.00","0.00","12 kg","","","","15.05.2023","","","","","","06.11.2019","ja","0.00","0.00","0.00","","Acer","435","185","375","","","","","","","",""
"002623","W","Acer Aspire M5811 4 GB Ram, 500 GB Festplatte, mit Geforce gtx 550 Ti Grafikkarte, MX Linux installiert","","","","","","","1","0","Stck","0.00","0.00","150.00","150.00","0.00","0.00","0.00","12 kg","","","","15.05.2023","PTSDGE204300505CCE2700","","","","","06.11.2019","ja","0.00","0.00","0.00","","Acer","435","185","375","","","","","","","",""
"","","","","","","","","","","","","","0.00","","300.00","","","0.00","","","","","","","","","","","","","","","","","","","","","","","","","","","",""
"K1019","W","Acer Aspire MC605","S/N: DTSM1EY004308036FF3000","Kundengerät","","","","","0","0","Stck","0.00","0.00","0.00","0.00","0.00","0.00","0.00","0 kg","","","","07.12.2023","DTSM1EY004308036FF3000","","","","","07.12.2023","nein","0.00","0.00","0.00","Tobler Thomas","","","","","","","","","","","",""
"","","","","","","","","","","","","","0.00","","0.00","","","0.00","","","","","","","","","","","","","","","","","","","","","","","","","","","",""
"P60","W","Acer Aspire One","","Computer Occasion","","","","","0","0","Stck","0.00","0.00","300.00","0.00","405.00","0.00","0.00","0 kg","","","","17.05.2024","","","","","","30.04.2009","nein","0.00","0.00","0.00","","","","","","","","","","","","",""
"","","","","","","","","","","","","","0.00","","0.00","","","0.00","","","","","","","","","","","","","","","","","","","","","","","","","","","",""
"019163","W","Acer Aspire One Happy 2 (AOHAPPY2)","","","","","","","1","0","Stck","229.00","229.00","86.00","86.00","0.00","0.00","0.00","1.13 kg","","","","","","","","","","03.02.2026","ja","0.00","0.00","0.00","","Acer","260","184","28","","Der Acer Aspire One Happy 2 (Modell AOHAPPY2) ist ein kompakt-leichtes Netbook mit einem 10,1-Zoll-WSVGA-Display, einem dual-Core-Intel-Atom-N570-Prozessor, 1 GB DDR3-RAM und einer 250 GB-HDD. Es bietet WLAN, Bluetooth 3.0+ und einen 0,3-MP-Webcam sowie ein schlankes, leichtes Design – ideal für unterwegs.","<p>Das Acer Aspire One Happy 2 (AOHAPPY2) wurde 2010 eingeführt und richtet sich an preisbewusste Anwender, die ein schlankes, leichtes Gerät für grundlegende Büro- und Medienanwendungen benötigen. Das 10,1-Zoll-WSVGA-Display (1024 × 600 Pixel) verfügt über LED-Backlight und eine 5:3-Seitenverhältnis-Vergrößerung, die für ein angenehmes Seherlebnis sorgt. Der dual-Core-Intel-Atom-N570-Prozessor läuft mit 1,66 GHz (Turbo-Boost bis 1,7 GHz) und ist mit Intel-GMA-3150-Grafik ausgestattet. Das Gerät wird von 1 GB DDR3-RAM (PC3-8500, 1066 MHz) unterstützt und kann durch Einbau eines zweiten Slots auf 2 GB ausgeweitet werden. Speicherplatz bietet die 250 GB-HDD, die im 5400 rpm-Modell erhältlich ist. Per Wi-Fi 802.11 b/g/n, Bluetooth 3.0+ und optionalem 3G-Modem ist die Konnektivität gewährleistet. Das Gerät ist mit Windows 7 Starter ausgeliefert, kann aber auch auf Windows 10 aktualisiert werden (obwohl die Leistung bei neueren Betriebssystemen stark beeinträchtigt sein kann). Das Netbook weicht mit einer Gesamthöhe von ca. 28 mm (2,8 cm) und einem Gewicht von 1,13 kg (2,5 lb) im Bereich der leichtesten Netbooks seiner Zeit.</p>","Laptop_und_Zubehör","true","Netbook","",""
"","","","","","","","","","","","","","229.00","","86.00","","","0.00","","","","","","","","","","","","","","","","","","","","","","","","","","","",""
"004935","W","Acer Aspire One KAV60, 8.9""","","","","","","","1","0","Stck","0.00","0.00","110.00","110.00","0.00","0.00","0.00","0 kg","","","","11.11.2022","","","","","","28.07.2022","ja","0.00","0.00","0.00","","Acer","0","0","0","","","","","","","",""
"","","","","","","","","","","","","","0.00","","110.00","","","0.00","","","","","","","","","","","","","","","","","","","","","","","","","","","",""
"004476","W","Acer Aspire ONE ZE6, 10,1""","","","","","","","1","0","Stck","0.00","0.00","0.00","0.00","0.00","0.00","0.00","0 kg","","","","","","","","","","15.03.2022","ja","0.00","0.00","0.00","","Acer","190","256","25","","","","","","","",""
"","","","","","","","","","","","","","0.00","","0.00","","","0.00","","","","","","","","","","","","","","","","","","","","","","","","","","","",""
"K0843","W","Acer Aspire one ZG5","S/N: LUS360B03484506DC12535 Zubehör: Netzteil","Kundengerät","","","","","0","0","Stck","0.00","0.00","0.00","0.00","0.00","0.00","0.00","0 kg","","","","20.01.2022","LUS360B03484506DC12535","","","","","20.01.2022","nein","0.00","0.00","0.00","Biedermann Martin","","","","","","","","","","","",""
"K0843","W","Acer Aspire one ZG5","S/N: LUS360B03484506DC12535 Zubehör: Netzteil","Kundengerät","","","","","0","0","Stck","0.00","0.00","0.00","0.00","0.00","0.00","0.00","0 kg","","","","11.02.2022","LUS360B03484506DC12535","","","","","20.01.2022","nein","0.00","0.00","0.00","Biedermann Martin","","","","","","","","","","","",""
"","","","","","","","","","","","","","0.00","","0.00","","","0.00","","","","","","","","","","","","","","","","","","","","","","","","","","","",""
"001998","W","Acer Aspire T120E-S97Z","","","","","","","0","0","Stck","0.00","0.00","50.00","0.00","0.00","0.00","0.00","10 kg","","","","","","","","","","06.11.2019","ja","0.00","0.00","0.00","","Acer","0","180","360","","","","","","","",""
"","","","","","","","","","","","","","0.00","","0.00","","","0.00","","","","","","","","","","","","","","","","","","","","","","","","","","","",""
"002540","W","Acer Aspire T130","","","","","","","0","0","Stck","0.00","0.00","50.00","0.00","0.00","0.00","0.00","0 kg","","","","","","","","","","06.11.2019","ja","0.00","0.00","0.00","","Acer","0","0","0","","","","","","","",""
"","","","","","","","","","","","","","0.00","","0.00","","","0.00","","","","","","","","","","","","","","","","","","","","","","","","","","","",""
"006607","W","Acer Aspire V5-122P","","","","","","","2","0","Stck","0.00","0.00","300.00","600.00","0.00","0.00","0.00","1.8 kg","","","","","","","","","","20.06.2024","ja","0.00","0.00","0.00","","Acer","210","290","20","","","","","","","",""
"","","","","","","","","","","","","","0.00","","600.00","","","0.00","","","","","","","","","","","","","","","","","","","","","","","","","","","",""
"001997","W","Acer Aspire V5-131 mit MX Linux","","","","","","","0","0","Stck","0.00","0.00","200.00","0.00","0.00","0.00","0.00","1.38 kg","","","","14.01.2022","","","","","","06.11.2019","ja","0.00","0.00","0.00","","Acer","202","285","27.4","","","","","","","",""
"001997","W","Acer Aspire V5-131 mit MX Linux","","","","","","","0","0","Stck","0.00","0.00","200.00","0.00","0.00","0.00","0.00","1.38 kg","","","","21.01.2022","","","","","","06.11.2019","ja","0.00","0.00","0.00","","Acer","202","285","27.4","","","","","","","",""
"","","","","","","","","","","","","","0.00","","0.00","","","0.00","","","","","","","","","","","","","","","","","","","","","","","","","","","",""
"K0530","W","Acer Aspire V5-531","","Kundengerät","","","","","0","0","Stck","0.00","0.00","0.00","0.00","0.00","0.00","0.00","0 kg","","","","27.08.2018","","","","","","27.08.2018","nein","0.00","0.00","0.00","","","","","","","","","","","","",""
"","","","","","","","","","","","","","0.00","","0.00","","","0.00","","","","","","","","","","","","","","","","","","","","","","","","","","","",""
"WS42603871910934","W","Acer Aspire V5-531 LED LCD Notebook Display matt, Artikelnr.: WS42603871910934","","Hardwareteile neu","","","43 SDV Systeme","WS42603871910934","0","0","Stck","0.00","0.00","120.00","0.00","60.00","0.00","0.00","0 kg","","","","07.11.2016","","","","","","21.11.2016","nein","0.00","0.00","0.00","","","","","","","","","","","","",""
"WS42603871910934","W","Acer Aspire V5-531 LED LCD Notebook Display matt, Artikelnr.: WS42603871910934","","Hardwareteile neu","","","43 SDV Systeme","WS42603871910934","0","0","Stck","0.00","0.00","120.00","0.00","60.00","0.00","0.00","0 kg","","","","10.02.2017","","","","","","21.11.2016","nein","0.00","0.00","0.00","","","","","","","","","","","","",""
"","","","","","","","","","","","","","0.00","","0.00","","","0.00","","","","","","","","","","","","","","","","","","","","","","","","","","","",""
"K1002","W","Acer Aspire Vero Reparatur","Acer Aspire Vero S/N NXAYCEZ00514700EB03400","Kundengerät","","","","","0","0","Stck","0.00","0.00","0.00","0.00","0.00","0.00","0.00","0 kg","","","","02.10.2023","NXAYCEZ00514700EB03400","","","","","02.10.2023","nein","0.00","0.00","0.00","","","","","","","","","","","","",""
"","","","","","","","","","","","","","0.00","","0.00","","","0.00","","","","","","","","","","","","","","","","","","","","","","","","","","","",""
"K0940","W","Acer Aspire Z3-115","S/N: DQSVGEY001437014653000 Zubehör: Netzteil mit Kabel, keine Maus oder Tastatur","Kundengerät","","","","","0","0","Stck","0.00","0.00","0.00","0.00","0.00","0.00","0.00","0 kg","","","","13.01.2023","DQSVGEY001437014653000","","","","","23.01.2023","nein","0.00","0.00","0.00","","","","","","","","","","","","",""
"K0940","W","Acer Aspire Z3-115","S/N: DQSVGEY001437014653000 Zubehör: Netzteil mit Kabel, keine Maus oder Tastatur","Kundengerät","","","","","0","0","Stck","0.00","0.00","0.00","0.00","0.00","0.00","0.00","0 kg","","","","06.03.2023","DQSVGEY001437014653000","","","","","23.01.2023","nein","0.00","0.00","0.00","","","","","","","","","","","","",""
"","","","","","","","","","","","","","0.00","","0.00","","","0.00","","","","","","","","","","","","","","","","","","","","","","","","","","","",""
"003468","W","Acer Ati Radeon HD4350 512MB DDR2 V/D/HDMI","","","","","","","0","0","Stck","0.00","0.00","25.00","0.00","0.00","0.00","0.00","0.18 kg","","","","","","","","","","04.02.2021","ja","0.00","0.00","0.00","","Acer","183","120","21","","","","","","","",""
"","","","","","","","","","","","","","0.00","","0.00","","","0.00","","","","","","","","","","","","","","","","","","","","","","","","","","","",""
"006208","W","Acer B193","","","","","","","1","0","Stck","0.00","0.00","40.00","40.00","0.00","0.00","0.00","6.9 kg","","","","","","","","","","23.01.2024","ja","0.00","0.00","0.00","","Acer","200","408","437","","","","","","","",""
"","","","","","","","","","","","","","0.00","","40.00","","","0.00","","","","","","","","","","","","","","","","","","","","","","","","","","","",""
"K0636","W","Acer Beamer DLP DSV 8017","Acer Beamer DLP DSV0817 Serianlnummer EYK0101059604900D71591B arudin 24.5.2019 Ursprünglich mit falscher Artikelnummer k0611 (kleines k) gespeichert und da K0611 schon für anderes Gerät vergeben war, mit neuer Artikelnummer K0636 gespeichert.","","","","","","0","0","Stck","0.00","0.00","0.00","0.00","0.00","0.00","0.00","0 kg","","","","08.03.2019","","","","","","08.03.2019","nein","0.00","0.00","0.00","","","","","","","","","","","","",""
"K0636","W","Acer Beamer DLP DSV 8017","Acer Beamer DLP DSV0817 Serianlnummer EYK0101059604900D71591B arudin 24.5.2019 Ursprünglich mit falscher Artikelnummer k0611 (kleines k) gespeichert und da K0611 schon für anderes Gerät vergeben war, mit neuer Artikelnummer K0636 gespeichert.","","","","","","0","0","Stck","0.00","0.00","0.00","0.00","0.00","0.00","0.00","0 kg","","","","12.04.2019","","","","","","08.03.2019","nein","0.00","0.00","0.00","","","","","","","","","","","","",""
"","","","","","","","","","","","","","0.00","","0.00","","","0.00","","","","","","","","","","","","","","","","","","","","","","","","","","","",""
"K0560","W","Acer Beamer Full HD","","","","","","","0","-1","Stck","0.00","0.00","0.00","0.00","0.00","0.00","0.00","0 kg","","","","","","","","","","18.10.2018","nein","0.00","0.00","0.00","","","","","","","","","","","","",""
"","","","","","","","","","","","","","0.00","","0.00","","","0.00","","","","","","","","","","","","","","","","","","","","","","","","","","","",""
"K0479","W","Acer C710 Chromebook","","Kundengerät","","","","","0","0","Stck","0.00","0.00","0.00","0.00","0.00","0.00","0.00","0 kg","","","","10.04.2018","","","","","","10.04.2018","nein","0.00","0.00","0.00","De Micheli Claudio","","","","","","","","","","","",""
"","","","","","","","","","","","","","0.00","","0.00","","","0.00","","","","","","","","","","","","","","","","","","","","","","","","","","","",""
"K1074","W","Acer Chromebook C722","","Kundengerät","","","","","0","0","Stck","0.00","0.00","0.00","0.00","0.00","0.00","0.00","0 kg","","","","18.07.2024","","","","","","18.07.2024","nein","0.00","0.00","0.00","","3Com","","","","","","","","","","",""
"","","","","","","","","","","","","","0.00","","0.00","","","0.00","","","","","","","","","","","","","","","","","","","","","","","","","","","",""
"005925","W","Acer ChromeBox CXI","","","","","","","1","0","Stck","0.00","0.00","0.00","0.00","0.00","0.00","0.00","1 kg","","","","","","","","","","15.09.2023","ja","0.00","0.00","0.00","","Acer","140","60","167","","","","","","","",""
"","","","","","","","","","","","","","0.00","","0.00","","","0.00","","","","","","","","","","","","","","","","","","","","","","","","","","","",""
"K0581","W","acer core i5","","Kundengerät","","","","","0","0","Stck","0.00","0.00","0.00","0.00","0.00","0.00","0.00","0 kg","","","","","","","","","","23.11.2018","nein","0.00","0.00","0.00","","","","","","","","","","","","",""
"","","","","","","","","","","","","","0.00","","0.00","","","0.00","","","","","","","","","","","","","","","","","","","","","","","","","","","",""
"006636","W","acer CX12","","","","","","","4","0","Stck","0.00","0.00","0.00","0.00","0.00","0.00","0.00","0.9 kg","","","","","","","","","","03.08.2024","ja","0.00","0.00","0.00","","Acer","140","30","170","","","","","","","",""
"","","","","","","","","","","","","","0.00","","0.00","","","0.00","","","","","","","","","","","","","","","","","","","","","","","","","","","",""
"005336","W","Acer DL00","","","","","","","0","0","Stck","0.00","0.00","0.00","0.00","0.00","0.00","0.00","2.5 kg","","","","","","","","","","07.04.2023","ja","0.00","0.00","0.00","","Acer","280","340","35","","","","","","","",""
"","","","","","","","","","","","","","0.00","","0.00","","","0.00","","","","","","","","","","","","","","","","","","","","","","","","","","","",""
"K0992","W","Acer DLP Projector","Model: DMX0912","","","","","","0","0","Stck","0.00","0.00","0.00","0.00","0.00","0.00","0.00","0 kg","","","","11.08.2023","","","","","","11.08.2023","nein","0.00","0.00","0.00","","","","","","","","","","","","",""
"K0992","W","Acer DLP Projector","Model: DMX0912","","","","","","0","0","Stck","0.00","0.00","0.00","0.00","0.00","0.00","0.00","0 kg","","","","24.10.2023","","","","","","11.08.2023","nein","0.00","0.00","0.00","","","","","","","","","","","","",""
"","","","","","","","","","","","","","0.00","","0.00","","","0.00","","","","","","","","","","","","","","","","","","","","","","","","","","","",""
"004048","W","Acer DW271HL","","","","","","","0","0","Stck","0.00","0.00","220.00","0.00","0.00","0.00","0.00","7 kg","","","","23.03.2021","MMLW2EE00422804B8C4300","","","","","23.03.2021","ja","0.00","0.00","0.00","","Acer","192","648","468","","","","","","","",""
"","","","","","","","","","","","","","0.00","","0.00","","","0.00","","","","","","","","","","","","","","","","","","","","","","","","","","","",""
"K0286","W","Acer e5-571","","Kundengerät","","","","","0","0","Stck","0.00","0.00","0.00","0.00","0.00","0.00","0.00","0 kg","","","","07.11.2016","","","","","","07.11.2016","nein","0.00","0.00","0.00","Picchi Nora","","","","","","","","","","","",""
"K0286","W","Acer e5-571","","Kundengerät","","","","","0","0","Stck","0.00","0.00","0.00","0.00","0.00","0.00","0.00","0 kg","","","","10.02.2017","","","","","","07.11.2016","nein","0.00","0.00","0.00","Picchi Nora","","","","","","","","","","","",""
"","","","","","","","","","","","","","0.00","","0.00","","","0.00","","","","","","","","","","","","","","","","","","","","","","","","","","","",""
"004229","W","Acer Emachines D725","","","","","","","1","0","Stck","0.00","0.00","110.00","110.00","0.00","0.00","0.00","4.4 kg","","","","","","","","","","22.06.2021","ja","0.00","0.00","0.00","","Acer","230","340","45","","","","","","","",""
"","","","","","","","","","","","","","0.00","","110.00","","","0.00","","","","","","","","","","","","","","","","","","","","","","","","","","","",""
"004982","W","Acer eMachines E520","","","","","","","1","0","Stck","0.00","0.00","0.00","0.00","0.00","0.00","0.00","5 kg","","","","","","","","","","18.08.2022","ja","0.00","0.00","0.00","","emachine","370","280","45","","","","","","","",""
"","","","","","","","","","","","","","0.00","","0.00","","","0.00","","","","","","","","","","","","","","","","","","","","","","","","","","","",""
"17094","W","Acer ES1-531","","","","","","","1","0","Stck","0.00","0.00","0.00","0.00","0.00","0.00","0.00","2.4 kg","","","","","","","","","","11.11.2025","nein","0.00","0.00","0.00","","Acer","250","380","30","","Mit dem Acer Aspire ES1-531 sind alltägliche Aktivitäten wie das Surfen im Internet, die Wiedergabe von Videos und die Kommunikation ganz unkompliziert. Intelligente Funktionen für die Benutzerfreundlichkeit gestalten die Nutzung des Notebooks der Aspire E Serie einfach und problemlos.","","Laptop_und_Zubehör","","Laptop","",""
"","","","","","","","","","","","","","0.00","","0.00","","","0.00","","","","","","","","","","","","","","","","","","","","","","","","","","","",""
"006343","W","Acer Extensa 5620, 15.4""","","","","","","","1","0","Stck","0.00","0.00","100.00","100.00","0.00","0.00","0.00","2.8 kg","","","","","","","","","","19.03.2024","ja","0.00","0.00","0.00","","Acer","265","360","40","","","","","","","",""
"","","","","","","","","","","","","","0.00","","100.00","","","0.00","","","","","","","","","","","","","","","","","","","","","","","","","","","",""
"005786","W","Acer Extensa 7630, 17.3""","","","","","","","1","0","Stck","0.00","0.00","85.00","85.00","0.00","0.00","0.00","4.5 kg","","","","20.10.2023","LXEAXOZOO584368FDB2500","","","","","18.07.2023","ja","0.00","0.00","0.00","","Acer","290","400","45","","","","","","","",""
"","","","","","","","","","","","","","0.00","","85.00","","","0.00","","","","","","","","","","","","","","","","","","","","","","","","","","","",""
"000715","W","Acer ezDock Lite (EZ5)","","","","","","","0","0","Stck","0.00","0.00","20.00","0.00","0.00","0.00","0.00","0.8 kg","","","","","","","","","","06.11.2019","ja","0.00","0.00","0.00","","Acer","26","11","5.5","","","","","","","",""
"","","","","","","","","","","","","","0.00","","0.00","","","0.00","","","","","","","","","","","","","","","","","","","","","","","","","","","",""
"K1093","W","Acer G550","","Kundengerät","","","","","0","0","Stck","0.00","0.00","0.00","0.00","0.00","0.00","0.00","0 kg","","","","04.10.2024","","","","","","08.10.2024","nein","0.00","0.00","0.00","","","","","","","","","","","","",""
"K1093","W","Acer G550","","Kundengerät","","","","","0","0","Stck","0.00","0.00","0.00","0.00","0.00","0.00","0.00","0 kg","","","","08.10.2024","","","","","","08.10.2024","nein","0.00","0.00","0.00","","","","","","","","","","","","",""
"","","","","","","","","","","","","","0.00","","0.00","","","0.00","","","","","","","","","","","","","","","","","","","","","","","","","","","",""
"K0862","W","Acer H7P0901","","Kundengerät","","","","","0","0","Stck","0.00","0.00","0.00","0.00","0.00","0.00","0.00","0 kg","","","","08.04.2022","EYK0701013009005B85901","","","","","08.04.2022","nein","0.00","0.00","0.00","","","","","","","","","","","","",""
"K0862","W","Acer H7P0901","","Kundengerät","","","","","0","0","Stck","0.00","0.00","0.00","0.00","0.00","0.00","0.00","0 kg","","","","08.07.2022","EYK0701013009005B85901","","","","","08.04.2022","nein","0.00","0.00","0.00","","","","","","","","","","","","",""
"","","","","","","","","","","","","","0.00","","0.00","","","0.00","","","","","","","","","","","","","","","","","","","","","","","","","","","",""
"006362","W","Acer KB75211","","","","","","","1","0","Stck","0.00","0.00","0.00","0.00","0.00","0.00","0.00","0.85 kg","","","","","","","","","","22.03.2024","ja","0.00","0.00","0.00","","Acer","453","175","28","","","","","","","",""
"","","","","","","","","","","","","","0.00","","0.00","","","0.00","","","","","","","","","","","","","","","","","","","","","","","","","","","",""
"002622","W","acer KM400-M","","","","","","","0","0","Stck","0.00","0.00","50.00","0.00","0.00","0.00","0.00","10.5 kg","","","","","","","","","","06.11.2019","ja","0.00","0.00","0.00","","ECS","430","190","365","","","","","","","",""
"","","","","","","","","","","","","","0.00","","0.00","","","0.00","","","","","","","","","","","","","","","","","","","","","","","","","","","",""
"p130","W","Acer Ladegerät 19V","","","","","","","0","0","Stck","0.00","0.00","20.00","0.00","0.00","0.00","0.00","0 kg","","","","02.10.2023","","","","","","17.09.2015","nein","0.00","0.00","0.00","","","","","","","","","","","","",""
"","","","","","","","","","","","","","0.00","","0.00","","","0.00","","","","","","","","","","","","","","","","","","","","","","","","","","","",""
"K0025","W","Acer Laptop Scheidegger Brigitte","Seriennummer: LXI170502444917112ED00","Kundengerät","","","","","0","0","Stck","0.00","0.00","0.00","0.00","0.00","0.00","0.00","0 kg","","","","03.06.2014","","","","","","13.11.2014","nein","0.00","0.00","0.00","Scheidegger Brigitte","","","","","","","","","","","",""
"","","","","","","","","","","","","","0.00","","0.00","","","0.00","","","","","","","","","","","","","","","","","","","","","","","","","","","",""
"K0573","W","Acer Laptop YN7-592G-71S5","S/N: NHG6KEZ00465004F316600 Zubehör: Netzteil mit Stromkabel","Kundengerät","","","","","0","0","Stck","0.00","0.00","0.00","0.00","0.00","0.00","0.00","0 kg","","","","07.11.2018","NHG6KEZ00465004F316600","","","","","07.11.2018","nein","0.00","0.00","0.00","Bessermann Philip","","","","","","","","","","","",""
"","","","","","","","","","","","","","0.00","","0.00","","","0.00","","","","","","","","","","","","","","","","","","","","","","","","","","","",""
"17113","W","Acer M3910","","","","","","","1","0","Stck","0.00","0.00","0.00","0.00","0.00","0.00","0.00","3.9 kg","","","","","","","","","","11.11.2025","nein","0.00","0.00","0.00","","Acer","180","401","379","","PC Schwarz 300 W Intel® Core™ i3 i3-550 3,2 GHz Anzahl Prozessorkerne: 2 4 GB DDR3-SDRAM 1333 MHz 500 GB DVD-RW Integrierter Kartenleser Intel® HD Graphics Ethernet/LAN 10,100,1000 Mbit/s","","Computer_und_Komplettsysteme","","Standard-PC","",""
"","","","","","","","","","","","","","0.00","","0.00","","","0.00","","","","","","","","","","","","","","","","","","","","","","","","","","","",""
"K0534","W","Acer Monitor Silber","Bei start Bildschirm zeigt soplitter an","Kundengerät","","","","","0","0","Stck","0.00","0.00","0.00","0.00","0.00","0.00","0.00","0 kg","","","","12.09.2018","","","","","","12.09.2018","nein","0.00","0.00","0.00","","","","","","","","","","","","",""
"","","","","","","","","","","","","","0.00","","0.00","","","0.00","","","","","","","","","","","","","","","","","","","","","","","","","","","",""
"k0528","W","Acer N16C1 Laptop","","","","","","","0","-1","Stck","0.00","0.00","0.00","0.00","0.00","0.00","0.00","0 kg","","","","20.08.2018","74800035234","","","","","20.08.2018","nein","0.00","0.00","0.00","","","","","","","","","","","","",""
"","","","","","","","","","","","","","0.00","","0.00","","","0.00","","","","","","","","","","","","","","","","","","","","","","","","","","","",""
"K0615","W","Acer N16c4","Seriennummer S/N NXGCJEZ0016250","Kundengerät","","","","","0","0","Stck","0.00","0.00","0.00","0.00","0.00","0.00","0.00","0 kg","","","","20.03.2019","","","","","","20.03.2019","nein","0.00","0.00","0.00","","","","","","","","","","","","",""
"K0615","W","Acer N16c4","Seriennummer S/N NXGCJEZ0016250","Kundengerät","","","","","0","0","Stck","0.00","0.00","0.00","0.00","0.00","0.00","0.00","0 kg","","","","08.10.2019","","","","","","20.03.2019","nein","0.00","0.00","0.00","","","","","","","","","","","","",""
"","","","","","","","","","","","","","0.00","","0.00","","","0.00","","","","","","","","","","","","","","","","","","","","","","","","","","","",""
"K0509","W","Acer n16q6","","Kundengerät","","","","","0","1","Stck","0.00","0.00","0.00","0.00","0.00","0.00","0.00","0 kg","","","","02.07.2018","","","","","","02.07.2018","nein","0.00","0.00","0.00","Hugener Roger","","","","","","","","","","","",""
"","","","","","","","","","","","","","0.00","","0.00","","","0.00","","","","","","","","","","","","","","","","","","","","","","","","","","","",""
"K1156","W","Acer N16w4 - Aspire VN7-793G-73ET","Netzteil S/N: NHQ26EZ002711053166600","Kundengerät","","","","","0","0","Stck","0.00","0.00","0.00","0.00","0.00","0.00","0.00","0 kg","","","","16.05.2025","NHQ26EZ002711053166600","","","","","16.05.2025","nein","0.00","0.00","0.00","Jonas Leimgruber","3Com","","","","","","","","","","",""
"K1156","W","Acer N16w4 - Aspire VN7-793G-73ET","Netzteil S/N: NHQ26EZ002711053166600","Kundengerät","","","","","0","0","Stck","0.00","0.00","0.00","0.00","0.00","0.00","0.00","0 kg","","","","18.08.2025","NHQ26EZ002711053166600","","","","","16.05.2025","nein","0.00","0.00","0.00","Jonas Leimgruber","3Com","","","","","","","","","","",""
"","","","","","","","","","","","","","0.00","","0.00","","","0.00","","","","","","","","","","","","","","","","","","","","","","","","","","","",""
"K0963","W","Acer N17H2","S/N NXGRMEZ0038090220D4S00","Kundengerät","","","","","0","0","Stck","0.00","0.00","0.00","0.00","0.00","0.00","0.00","0 kg","","","","23.03.2023","NXGRMEZ0038090220D4S00","","","","","23.03.2023","nein","0.00","0.00","0.00","","","","","","","","","","","","",""
"K0963","W","Acer N17H2","S/N NXGRMEZ0038090220D4S00","Kundengerät","","","","","0","0","Stck","0.00","0.00","0.00","0.00","0.00","0.00","0.00","0 kg","","","","08.05.2024","NXGRMEZ0038090220D4S00","","","","","23.03.2023","nein","0.00","0.00","0.00","","","","","","","","","","","","",""
"","","","","","","","","","","","","","0.00","","0.00","","","0.00","","","","","","","","","","","","","","","","","","","","","","","","","","","",""
"K0867","W","Acer N17W6","S/N NXGXUEZ002845077A66600","Kundengerät","","","","","0","0","Stck","0.00","0.00","0.00","0.00","0.00","0.00","0.00","0 kg","","","","30.05.2022","NXGXUEZ002845077A66600","","","","","30.05.2022","nein","0.00","0.00","0.00","","","","","","","","","","","","",""
"","","","","","","","","","","","","","0.00","","0.00","","","0.00","","","","","","","","","","","","","","","","","","","","","","","","","","","",""
"000945","W","Acer P203W Monitor 20 Zoll","","","","","","","0","0","Stck","65.00","0.00","65.00","0.00","0.00","0.00","0.00","0.0068 kg","","","","19.12.2014","","","","","","27.01.2015","ja","0.00","0.00","0.00","","Acer","207","510","444","","","","","","","",""
"000945","W","Acer P203W Monitor 20 Zoll","","","","","","","0","0","Stck","65.00","0.00","65.00","0.00","0.00","0.00","0.00","0.0068 kg","","","","27.01.2015","","","","","","27.01.2015","ja","0.00","0.00","0.00","","Acer","207","510","444","","","","","","","",""
"","","","","","","","","","","","","","0.00","","0.00","","","0.00","","","","","","","","","","","","","","","","","","","","","","","","","","","",""
"005858","W","Acer P221W r, 22""","","","","","","","1","0","Stck","0.00","0.00","70.00","70.00","0.00","0.00","0.00","7.5 kg","","","","","","","","","","26.08.2023","ja","0.00","0.00","0.00","","Acer","300","520","360","","","","","","","",""
"","","","","","","","","","","","","","0.00","","70.00","","","0.00","","","","","","","","","","","","","","","","","","","","","","","","","","","",""
"004731","W","Acer P226HQV, 21.5""","","","","","","","1","0","Stck","0.00","0.00","0.00","0.00","0.00","0.00","0.00","0 kg","","","","","","","","","","04.05.2022","ja","0.00","0.00","0.00","","Acer","0","0","0","","","","","","","",""
"","","","","","","","","","","","","","0.00","","0.00","","","0.00","","","","","","","","","","","","","","","","","","","","","","","","","","","",""
"005020","W","Acer P235H, 23"", FHD","","","","","","","1","0","Stck","0.00","0.00","0.00","0.00","0.00","0.00","0.00","6'600 kg","","","","","","","","","","13.09.2022","ja","0.00","0.00","0.00","","Acer","200","550","410","","","","","","","",""
"","","","","","","","","","","","","","0.00","","0.00","","","0.00","","","","","","","","","","","","","","","","","","","","","","","","","","","",""
"K1186","W","Acer PC","Acer PC","","","","","","0","0","Stck","0.00","0.00","0.00","0.00","0.00","0.00","0.00","0 kg","","","","26.09.2025","","","","","","26.09.2025","nein","0.00","0.00","0.00","","","","","","","","","","","","",""
"","","","","","","","","","","","","","0.00","","0.00","","","0.00","","","","","","","","","","","","","","","","","","","","","","","","","","","",""
"003560","W","ACER PD527W Projector","","","","","","","0","0","Stck","0.00","0.00","200.00","0.00","0.00","0.00","0.00","3.1 kg","","","","15.08.2019","","","","","","15.08.2019","ja","0.00","0.00","0.00","","Acer","285","258","100","","","","","","","",""
"","","","","","","","","","","","","","0.00","","0.00","","","0.00","","","","","","","","","","","","","","","","","","","","","","","","","","","",""
"Achtung: Bestehenden Artikel auswählen oder zuerst im Webshop erfassen!20","W","Acer POWER SUPPLY.500W.PFC.LF für Acer Predator (G3-605) Serie","IPC COmputer Acer POWER SUPPLY.500W.PFC.LF für Acer Predator (G3-605) Serie 74.--, 14.-- Versand","Hardwareteile neu","","","","","0","0","Stck","0.00","0.00","98.00","0.00","0.00","0.00","0.00","0 kg","","","","","","","","","","21.10.2020","nein","0.00","0.00","0.00","","","","","","","","","","","","",""
"","","","","","","","","","","","","","0.00","","0.00","","","0.00","","","","","","","","","","","","","","","","","","","","","","","","","","","",""
"006007","W","Acer Predator G3","","","","","","","1","0","Stck","0.00","0.00","0.00","0.00","0.00","0.00","0.00","13 kg","","","","","","","","","","12.10.2023","ja","0.00","0.00","0.00","","Acer","400","180","410","","","","","","","",""
"","","","","","","","","","","","","","0.00","","0.00","","","0.00","","","","","","","","","","","","","","","","","","","","","","","","","","","",""
"K0734","W","Acer Predator G3-605","","Kundengerät","","","","","0","0","Stck","0.00","0.00","0.00","0.00","0.00","0.00","0.00","0 kg","","","","21.10.2020","","","","","","21.10.2020","nein","0.00","0.00","0.00","","","","","","","","","","","","",""
"","","","","","","","","","","","","","0.00","","0.00","","","0.00","","","","","","","","","","","","","","","","","","","","","","","","","","","",""
"002760","W","Acer Predator G3610","","","","","","","0","0","Stck","0.00","0.00","200.00","0.00","0.00","0.00","0.00","0 kg","","","","20.05.2018","","","","","","20.05.2018","ja","0.00","0.00","0.00","","Acer","437","180","418","","","","","","","",""
"","","","","","","","","","","","","","0.00","","0.00","","","0.00","","","","","","","","","","","","","","","","","","","","","","","","","","","",""
"K0334","W","Acer Predator Tower","","","","","","","0","0","Stck","0.00","0.00","0.00","0.00","0.00","0.00","0.00","0 kg","","","","04.01.2017","","","","","","10.03.2017","nein","0.00","0.00","0.00","","","","","","","","","","","","",""
"","","","","","","","","","","","","","0.00","","0.00","","","0.00","","","","","","","","","","","","","","","","","","","","","","","","","","","",""
"001752","W","Acer S220HQL","","","","","","","0","0","Stck","0.00","0.00","90.00","0.00","0.00","0.00","0.00","2.04 kg","","","","07.04.2021","ETLTK0R02714304AA22400","","","","","03.11.2016","ja","0.00","0.00","0.00","","Acer","168","511","365","","","","","","","",""
"001752","W","Acer S220HQL","","","","","","","0","0","Stck","0.00","0.00","90.00","0.00","0.00","0.00","0.00","2.04 kg","","","","15.04.2021","ETLTK0R02714304AA22400","","","","","03.11.2016","ja","0.00","0.00","0.00","","Acer","168","511","365","","","","","","","",""
"","","","","","","","","","","","","","0.00","","0.00","","","0.00","","","","","","","","","","","","","","","","","","","","","","","","","","","",""
"003076","W","Acer S243HL","","","","","","","0","0","Stck","0.00","0.00","140.00","0.00","0.00","0.00","0.00","7.5 kg","","","","","","","","","","05.09.2018","ja","0.00","0.00","0.00","","Acer","192","569","425","disableit","","","","","","",""
"","","","","","","","","","","","","","0.00","","0.00","","","0.00","","","","","","","","","","","","","","","","","","","","","","","","","","","",""
"001858","W","Acer S243HL 2x HDMI, 1x VGA, 1920x1080","","","","","","","0","0","Stck","0.00","0.00","140.00","0.00","0.00","0.00","0.00","6.5 kg","","","","05.09.2018","","","","","","07.09.2018","ja","0.00","0.00","0.00","","Acer","192","569","425","disableit","","","","","","",""
"","","","","","","","","","","","","","0.00","","0.00","","","0.00","","","","","","","","","","","","","","","","","","","","","","","","","","","",""
"K0990","W","Acer Spin 3","S/N: SP314-54N-50M5 Zubehör: Laptoptasche und Netzteil","Kundengerät","","","","","0","0","Stck","0.00","0.00","0.00","0.00","0.00","0.00","0.00","0 kg","","","","07.08.2023","","","","","","07.08.2023","nein","0.00","0.00","0.00","","","","","","","","","","","","",""
"K0990","W","Acer Spin 3","S/N: SP314-54N-50M5 Zubehör: Laptoptasche und Netzteil","Kundengerät","","","","","0","0","Stck","0.00","0.00","0.00","0.00","0.00","0.00","0.00","0 kg","","","","11.08.2023","","","","","","07.08.2023","nein","0.00","0.00","0.00","","","","","","","","","","","","",""
"","","","","","","","","","","","","","0.00","","0.00","","","0.00","","","","","","","","","","","","","","","","","","","","","","","","","","","",""
"K0950","W","Acer Spin 5","","Kundengerät","","","","","0","0","Stck","0.00","0.00","0.00","0.00","0.00","0.00","0.00","0 kg","","","","","","","","","","14.02.2023","nein","0.00","0.00","0.00","","","","","","","","","","","","",""
"","","","","","","","","","","","","","0.00","","0.00","","","0.00","","","","","","","","","","","","","","","","","","","","","","","","","","","",""
"K1165","W","Acer Spin 5 SP 513 - 51WG","S/N: NXGK4EZ001721050466600 ohne Netzteil und Kabel","Kundengerät","","","","","0","0","Stck","0.00","0.00","0.00","0.00","0.00","0.00","0.00","0 kg","","","","06.06.2025","","","","","","11.06.2025","nein","0.00","0.00","0.00","","","","","","","","","","","","",""
"K1165","W","Acer Spin 5 SP 513 - 51WG","S/N: NXGK4EZ001721050466600 ohne Netzteil und Kabel","Kundengerät","","","","","0","0","Stck","0.00","0.00","0.00","0.00","0.00","0.00","0.00","0 kg","","","","17.07.2025","","","","","","11.06.2025","nein","0.00","0.00","0.00","","","","","","","","","","","","",""
"","","","","","","","","","","","","","0.00","","0.00","","","0.00","","","","","","","","","","","","","","","","","","","","","","","","","","","",""
"K0915","W","Acer Swift 3","S/N: NXH3WEZ00385002C477200 Mit Netzteil","Kundengerät","","","","","0","0","Stck","0.00","0.00","0.00","0.00","0.00","0.00","0.00","0 kg","","","","16.11.2022","NXH3WEZ00385002C477200","","","","","16.11.2022","nein","0.00","0.00","0.00","Rimensberger Walter","","","","","","","","","","","",""
"K0915","W","Acer Swift 3","S/N: NXH3WEZ00385002C477200 Mit Netzteil","Kundengerät","","","","","0","0","Stck","0.00","0.00","0.00","0.00","0.00","0.00","0.00","0 kg","","","","05.01.2023","NXH3WEZ00385002C477200","","","","","16.11.2022","nein","0.00","0.00","0.00","Rimensberger Walter","","","","","","","","","","","",""
"K0915","W","Acer Swift 3","S/N: NXH3WEZ00385002C477200 Mit Netzteil","Kundengerät","","","","","0","0","Stck","0.00","0.00","0.00","0.00","0.00","0.00","0.00","0 kg","","","","17.07.2024","NXH3WEZ00385002C477200","","","","","16.11.2022","nein","0.00","0.00","0.00","Rimensberger Walter","","","","","","","","","","","",""
"K0915","W","Acer Swift 3","S/N: NXH3WEZ00385002C477200 Mit Netzteil","Kundengerät","","","","","0","0","Stck","0.00","0.00","0.00","0.00","0.00","0.00","0.00","0 kg","","","","13.08.2024","NXH3WEZ00385002C477200","","","","","16.11.2022","nein","0.00","0.00","0.00","Rimensberger Walter","","","","","","","","","","","",""
"","","","","","","","","","","","","","0.00","","0.00","","","0.00","","","","","","","","","","","","","","","","","","","","","","","","","","","",""
"K0761","W","Acer Swift 3 SF314-55","mit Netzteil","Kundengerät","","","","","0","0","Stck","0.00","0.00","0.00","0.00","0.00","0.00","0.00","0 kg","","","","15.01.2021","","","","","","15.01.2021","nein","0.00","0.00","0.00","","","","","","","","","","","","",""
"","","","","","","","","","","","","","0.00","","0.00","","","0.00","","","","","","","","","","","","","","","","","","","","","","","","","","","",""
"P57","W","Acer Swift LCD Screen Display Cable","","Hardwareteile neu","","","","","0","0","Stck","0.00","0.00","30.00","0.00","69.68","0.00","0.00","0 kg","","","","17.07.2024","","","","","","05.01.2009","nein","0.00","0.00","0.00","","3Com","","","","","","","","","","",""
"P57","W","Acer Swift LCD Screen Display Cable","","Hardwareteile neu","","","","","0","0","Stck","0.00","0.00","30.00","0.00","69.68","0.00","0.00","0 kg","","","","13.08.2024","","","","","","05.01.2009","nein","0.00","0.00","0.00","","3Com","","","","","","","","","","",""
"","","","","","","","","","","","","","0.00","","0.00","","","0.00","","","","","","","","","","","","","","","","","","","","","","","","","","","",""
"K0233","W","Acer T120E-897Z","","Kundengerät","","","","","0","0","Stck","0.00","0.00","0.00","0.00","0.00","0.00","0.00","0 kg","","","","13.06.2016","","","","","","13.06.2016","nein","0.00","0.00","0.00","","","","","","","","","","","","",""
"K0233","W","Acer T120E-897Z","","Kundengerät","","","","","0","0","Stck","0.00","0.00","0.00","0.00","0.00","0.00","0.00","0 kg","","","","05.08.2016","","","","","","13.06.2016","nein","0.00","0.00","0.00","","","","","","","","","","","","",""
"","","","","","","","","","","","","","0.00","","0.00","","","0.00","","","","","","","","","","","","","","","","","","","","","","","","","","","",""
"001988","W","Acer TravelMate 2350","","","","","","","0","0","Stck","0.00","0.00","120.00","0.00","0.00","0.00","0.00","2.3 kg","","","","","","","","","","06.11.2019","ja","0.00","0.00","0.00","","Acer","280","335","30","","","","","","","",""
"","","","","","","","","","","","","","0.00","","0.00","","","0.00","","","","","","","","","","","","","","","","","","","","","","","","","","","",""
"K0674","W","Acer Travelmate 240 Mit Tasche und Netzteil","","","","","","","0","0","Stck","0.00","0.00","0.00","0.00","0.00","0.00","0.00","0 kg","","","","23.08.2019","","","","","","23.08.2019","nein","0.00","0.00","0.00","","","","","","","","","","","","",""
"","","","","","","","","","","","","","0.00","","0.00","","","0.00","","","","","","","","","","","","","","","","","","","","","","","","","","","",""
"K0339","W","acer TravelMate 2423WXMi mit 12V OEM Netzteil","","Kundengerät","","","","","0","0","Stck","0.00","0.00","0.00","0.00","0.00","0.00","0.00","0 kg","","","","27.03.2017","","","","","","28.03.2017","nein","0.00","0.00","0.00","","","","","","","","","","","","",""
"","","","","","","","","","","","","","0.00","","0.00","","","0.00","","","","","","","","","","","","","","","","","","","","","","","","","","","",""
"001985","W","Acer Travelmate 290","","","","","","","0","0","Stck","0.00","0.00","120.00","0.00","0.00","0.00","0.00","7 kg","","","","","","","","","","06.11.2019","ja","0.00","0.00","0.00","","Acer","280","335","35","","","","","","","",""
"","","","","","","","","","","","","","0.00","","0.00","","","0.00","","","","","","","","","","","","","","","","","","","","","","","","","","","",""
"001989","W","Acer TravelMate 290","","","","","","","0","0","Stck","0.00","0.00","120.00","0.00","0.00","0.00","0.00","2 kg","","","","","","","","","","06.11.2019","ja","0.00","0.00","0.00","","Acer","276","333","32","","","","","","","",""
"","","","","","","","","","","","","","0.00","","0.00","","","0.00","","","","","","","","","","","","","","","","","","","","","","","","","","","",""
"003373","W","Acer TravelMate 382TMi","","","","","","","0","0","Stck","0.00","0.00","140.00","0.00","0.00","0.00","0.00","5.5 kg","","","","","","","","","","06.11.2019","ja","0.00","0.00","0.00","","Acer","382","338","182","","","","","","","",""
"","","","","","","","","","","","","","0.00","","0.00","","","0.00","","","","","","","","","","","","","","","","","","","","","","","","","","","",""
"006065","W","Acer Travelmate 4150","","","","","","","1","0","Stck","0.00","0.00","0.00","0.00","0.00","0.00","0.00","3.5 kg","","","","","","","","","","03.11.2023","ja","0.00","0.00","0.00","","Acer","280","340","42","","","","","","","",""
"","","","","","","","","","","","","","0.00","","0.00","","","0.00","","","","","","","","","","","","","","","","","","","","","","","","","","","",""
"K0773","W","Acer TravelMate 525TE","Zubehör: Netzteil und Maus Seriennummer: 9141H01SCG11903BABT","Kundengerät","","","","","0","0","Stck","0.00","0.00","0.00","0.00","0.00","0.00","0.00","0 kg","","","","12.04.2021","9141H01SCG11903BABT","","","","","12.04.2021","nein","0.00","0.00","0.00","Mahler Johannes","","","","","","","","","","","",""
"","","","","","","","","","","","","","0.00","","0.00","","","0.00","","","","","","","","","","","","","","","","","","","","","","","","","","","",""
"004772","W","Acer TravelMate 5335, 15.6""","","","","","","","1","0","Stck","0.00","0.00","0.00","0.00","0.00","0.00","0.00","5.6 kg","","","","","","","","","","04.05.2022","ja","0.00","0.00","0.00","","Acer","381","253","34","","","","","","","",""
"","","","","","","","","","","","","","0.00","","0.00","","","0.00","","","","","","","","","","","","","","","","","","","","","","","","","","","",""
"K0727","W","Acer TravelMate 5335-902G25Mnss","S/N: LXV0E02008042285361601","Kundengerät","","","","","0","0","Stck","0.00","0.00","0.00","0.00","0.00","0.00","0.00","0 kg","","","","21.09.2020","LXV0E02008042285361601","","","","","21.09.2020","nein","0.00","0.00","0.00","Mahler Johannes","","","","","","","","","","","",""
"","","","","","","","","","","","","","0.00","","0.00","","","0.00","","","","","","","","","","","","","","","","","","","","","","","","","","","",""
"K0368","W","Acer TravelMate 5730","","Kundengerät","","","","","0","0","Stck","0.00","0.00","0.00","0.00","0.00","0.00","0.00","0 kg","","","","21.06.2017","","","","","","21.06.2017","nein","0.00","0.00","0.00","Reichart Werner","","","","","","","","","","","",""
"K0368","W","Acer TravelMate 5730","","Kundengerät","","","","","0","0","Stck","0.00","0.00","0.00","0.00","0.00","0.00","0.00","0 kg","","","","07.08.2017","","","","","","21.06.2017","nein","0.00","0.00","0.00","Reichart Werner","","","","","","","","","","","",""
"004230","W","Acer TravelMate 5730","","","","","","","1","0","Stck","0.00","0.00","180.00","180.00","0.00","0.00","0.00","3.9 kg","","","","","","","","","","22.06.2021","ja","0.00","0.00","0.00","","Acer","265","360","40","","","","","","","",""
"","","","","","","","","","","","","","0.00","","180.00","","","0.00","","","","","","","","","","","","","","","","","","","","","","","","","","","",""
"K0269","W","Acer TravelMate 5740","Acer TravelMate 5740 mit Netzteil","Kundengerät","","","","","0","0","Stck","0.00","0.00","0.00","0.00","0.00","0.00","0.00","0 kg","","","","07.10.2016","","","","","","07.10.2016","nein","0.00","0.00","0.00","Drammeh Florine","","","","","","","","","","","",""
"K0269","W","Acer TravelMate 5740","Acer TravelMate 5740 mit Netzteil","Kundengerät","","","","","0","0","Stck","0.00","0.00","0.00","0.00","0.00","0.00","0.00","0 kg","","","","26.10.2016","","","","","","07.10.2016","nein","0.00","0.00","0.00","Drammeh Florine","","","","","","","","","","","",""
"","","","","","","","","","","","","","0.00","","0.00","","","0.00","","","","","","","","","","","","","","","","","","","","","","","","","","","",""
"001978","W","Acer TravelMate 620","","","","","","","0","0","Stck","0.00","0.00","0.00","0.00","0.00","0.00","0.00","2.5355816 kg","","","","","","","","","","06.11.2019","ja","0.00","0.00","0.00","","Acer","264.2","322.6","35.1","","","","","","","",""
"","","","","","","","","","","","","","0.00","","0.00","","","0.00","","","","","","","","","","","","","","","","","","","","","","","","","","","",""
"001981","W","Acer TravelMate 630","","","","","","","0","0","Stck","0.00","0.00","120.00","0.00","0.00","0.00","0.00","3.8 kg","","","","","","","","","","06.11.2019","ja","0.00","0.00","0.00","","Acer","265","325","40","","","","","","","",""
"","","","","","","","","","","","","","0.00","","0.00","","","0.00","","","","","","","","","","","","","","","","","","","","","","","","","","","",""
"002045","W","Acer Travelmate 734TL","","","","","","","0","0","Stck","0.00","0.00","80.00","0.00","0.00","0.00","0.00","3.05 kg","","","","08.05.2019","","","","","","08.05.2019","ja","0.00","0.00","0.00","","Acer","270","320","50","","","","","","","",""
"002045","W","Acer Travelmate 734TL","","","","","","","0","0","Stck","0.00","0.00","80.00","0.00","0.00","0.00","0.00","3.05 kg","","","","15.05.2019","9149C0160X0200096BT","","","","","08.05.2019","ja","0.00","0.00","0.00","","Acer","270","320","50","","","","","","","",""
"002045","W","Acer Travelmate 734TL","","","","","","","0","0","Stck","0.00","0.00","80.00","0.00","0.00","0.00","0.00","3.05 kg","","","","14.06.2019","","","","","","08.05.2019","ja","0.00","0.00","0.00","","Acer","270","320","50","","","","","","","",""
"K0672","W","Acer Travelmate 734TL","","Kundengerät","","","","","0","0","Stck","0.00","0.00","0.00","0.00","0.00","0.00","0.00","0 kg","","","","","","","","","","20.08.2019","nein","0.00","0.00","0.00","","","","","","","","","","","","",""
"","","","","","","","","","","","","","0.00","","0.00","","","0.00","","","","","","","","","","","","","","","","","","","","","","","","","","","",""
"K0343","W","acer TravelMate 7720-301G16Mn","ohne Netzteil","Kundengerät","","","","","0","0","Stck","0.00","0.00","0.00","0.00","0.00","0.00","0.00","0 kg","","","","11.04.2017","","","","","","11.04.2017","nein","0.00","0.00","0.00","Horog Laszlo","","","","","","","","","","","",""
"","","","","","","","","","","","","","0.00","","0.00","","","0.00","","","","","","","","","","","","","","","","","","","","","","","","","","","",""
"004231","W","Acer TravelMate 7730","","","","","","","1","0","Stck","0.00","0.00","120.00","120.00","0.00","0.00","0.00","5.4 kg","","","","","","","","","","22.06.2021","ja","0.00","0.00","0.00","","Acer","285","400","40","","","","","","","",""
"","","","","","","","","","","","","","0.00","","120.00","","","0.00","","","","","","","","","","","","","","","","","","","","","","","","","","","",""
"000838","W","Acer TravelMate 8003LMi","","","","","","","0","0","Stck","150.00","0.00","159.00","0.00","0.00","0.00","0.00","2.9 kg","","","","20.11.2015","","","","","","18.12.2014","ja","0.00","0.00","0.00","","","280","332","36","","","","","","","",""
"","","","","","","","","","","","","","0.00","","0.00","","","0.00","","","","","","","","","","","","","","","","","","","","","","","","","","","",""
"000838","W","Acer TravelMate 8003LMi avec rabais spécial","","","","","","","0","0","Stck","150.00","0.00","95.00","0.00","0.00","0.00","0.00","2.9 kg","","","","09.12.2014","","","","","","18.12.2014","ja","0.00","0.00","0.00","","","280","332","36","","","","","","","",""
"000838","W","Acer TravelMate 8003LMi avec rabais spécial","","","","","","","0","0","Stck","150.00","0.00","95.00","0.00","0.00","0.00","0.00","2.9 kg","","","","18.12.2014","","","","","","18.12.2014","ja","0.00","0.00","0.00","","","280","332","36","","","","","","","",""
"","","","","","","","","","","","","","0.00","","0.00","","","0.00","","","","","","","","","","","","","","","","","","","","","","","","","","","",""
"K0197","W","Acer Travelmate C100","Rev-Lap 507 (bei uns gekauft) Lederhülle und Netzteil Delta Elektronics 20V 3.25A","Kundengerät","","","","","0","0","Stck","0.00","0.00","0.00","0.00","0.00","0.00","0.00","0 kg","","","","08.02.2016","","","","","","09.02.2016","nein","0.00","0.00","0.00","Merlini Gabriela","","","","","","","","","","","",""
"","","","","","","","","","","","","","0.00","","0.00","","","0.00","","","","","","","","","","","","","","","","","","","","","","","","","","","",""
"P5","W","Acer Travelmate C100 mit Linux antiX 15","","Computer Occasion","","","","","0","0","Stck","0.00","0.00","100.00","0.00","0.00","0.00","0.00","0 kg","","","","09.02.2016","","","","","","09.08.2007","nein","0.00","0.00","0.00","","","","","","","","","","","","",""
"","","","","","","","","","","","","","0.00","","0.00","","","0.00","","","","","","","","","","","","","","","","","","","","","","","","","","","",""
"P5","W","Acer Travelmate C100 mit Linux AntiX 15","","Computer Occasion","","","","","0","0","Stck","0.00","0.00","100.00","0.00","0.00","0.00","0.00","0 kg","","","","26.01.2016","","","","","","09.08.2007","nein","0.00","0.00","0.00","","","","","","","","","","","","",""
"","","","","","","","","","","","","","0.00","","0.00","","","0.00","","","","","","","","","","","","","","","","","","","","","","","","","","","",""
"000845","W","Acer Travelmate C102 Tablet PC","","","","","","","0","0","Stck","0.00","0.00","0.00","0.00","0.00","0.00","0.00","3.1 kg","","","","","","","","","","06.11.2019","ja","0.00","0.00","0.00","","a4tech","251.46","208.28","27.94","","","","","","","",""
"","","","","","","","","","","","","","0.00","","0.00","","","0.00","","","","","","","","","","","","","","","","","","","","","","","","","","","",""
"K0911","W","ACER Travelmate P653","sn: NXV7EEZ005312008EA20000","","","","","","0","0","Stck","0.00","0.00","0.00","0.00","0.00","0.00","0.00","0 kg","","","","02.11.2022","NXV7EEZ005312008BA2000","","","","","02.11.2022","nein","0.00","0.00","0.00","","","","","","","","","","","","",""
"","","","","","","","","","","","","","0.00","","0.00","","","0.00","","","","","","","","","","","","","","","","","","","","","","","","","","","",""
"006173","W","Acer V193 B","","","","","","","1","0","Stck","0.00","0.00","50.00","50.00","0.00","0.00","0.00","5.2 kg","","","","","","","","","","23.12.2023","ja","0.00","0.00","0.00","","Acer","160","440","360","","","","","","","",""
"","","","","","","","","","","","","","0.00","","50.00","","","0.00","","","","","","","","","","","","","","","","","","","","","","","","","","","",""
"001754","W","Acer V193W Ab","","","","","","","0","0","Stck","0.00","0.00","65.00","0.00","0.00","0.00","0.00","5.2 kg","","","","","","","","","","03.11.2016","ja","0.00","0.00","0.00","","Acer","162","442","360","","","","","","","",""
"","","","","","","","","","","","","","0.00","","0.00","","","0.00","","","","","","","","","","","","","","","","","","","","","","","","","","","",""
"002560","W","Acer V223HQ","","","","","","","53","0","Stck","75.00","3'975.00","37.50","1'987.50","0.00","0.00","0.00","5.5 kg","","","","24.11.2017","","","","","","24.11.2017","ja","0.00","0.00","0.00","","Acer","372","508","195","","","","","","","",""
"002560","W","Acer V223HQ","","","","","","","53","0","Stck","75.00","3'975.00","75.00","3'975.00","0.00","0.00","0.00","5.5 kg","","","","06.12.2017","","","","","","24.11.2017","ja","0.00","0.00","0.00","","Acer","372","508","195","","","","","","","",""
"002560","W","Acer V223HQ","","","","","","","53","0","Stck","75.00","3'975.00","60.00","3'180.00","0.00","0.00","0.00","5.5 kg","","","","19.01.2018","","","","","","24.11.2017","ja","0.00","0.00","0.00","","Acer","372","508","195","","","","","","","",""
"002560","W","Acer V223HQ","","","","","","","53","0","Stck","75.00","3'975.00","60.00","3'180.00","0.00","0.00","0.00","5.5 kg","","","","19.03.2018","","","","","","24.11.2017","ja","0.00","0.00","0.00","","Acer","372","508","195","","","","","","","",""
"002560","W","Acer V223HQ","","","","","","","53","0","Stck","75.00","3'975.00","75.00","3'975.00","0.00","0.00","0.00","5.5 kg","","","","23.05.2018","","","","","","24.11.2017","ja","0.00","0.00","0.00","","Acer","372","508","195","","","","","","","",""
"002560","W","Acer V223HQ","","","","","","","53","0","Stck","75.00","3'975.00","0.00","0.00","0.00","0.00","0.00","5.5 kg","","","","22.06.2018","","","","","","24.11.2017","ja","0.00","0.00","0.00","","Acer","372","508","195","","","","","","","",""
"002560","W","Acer V223HQ","","","","","","","53","0","Stck","75.00","3'975.00","0.00","0.00","0.00","0.00","0.00","5.5 kg","","","","22.06.2018","ETLJ40D031109050548548,ETLJ40D031042091918547,ETLJ40D031109050898548,ETLJ40D0311081166A8548","","","","","24.11.2017","ja","0.00","0.00","0.00","","Acer","372","508","195","","","","","","","",""
"002560","W","Acer V223HQ","","","","","","","53","0","Stck","75.00","3'975.00","75.00","3'975.00","0.00","0.00","0.00","5.5 kg","","","","30.08.2018","","","","","","24.11.2017","ja","0.00","0.00","0.00","","Acer","372","508","195","","","","","","","",""
"002560","W","Acer V223HQ","","","","","","","53","0","Stck","75.00","3'975.00","75.00","3'975.00","0.00","0.00","0.00","5.5 kg","","","","26.10.2018","ETLJ40D031042091B48547","","","","","24.11.2017","ja","0.00","0.00","0.00","","Acer","372","508","195","","","","","","","",""
"002560","W","Acer V223HQ","","","","","","","53","0","Stck","75.00","3'975.00","75.00","3'975.00","0.00","0.00","0.00","5.5 kg","","","","30.12.2019","ETLJ40D031109050658548","","","","","24.11.2017","ja","0.00","0.00","0.00","","Acer","372","508","195","","","","","","","",""
"002560","W","Acer V223HQ","","","","","","","53","0","Stck","75.00","3'975.00","60.00","3'180.00","0.00","0.00","0.00","5.5 kg","","","","22.06.2021","ETLES0C035111018DF4062","","","","","24.11.2017","ja","0.00","0.00","0.00","","Acer","372","508","195","","","","","","","",""
"002560","W","Acer V223HQ","","","","","","","53","0","Stck","75.00","3'975.00","30.00","1'590.00","0.00","0.00","0.00","5.5 kg","","","","01.02.2022","ETLJ40D0311090504F8548","","","","","24.11.2017","ja","0.00","0.00","0.00","","Acer","372","508","195","","","","","","","",""
"","","","","","","","","","","","","","47'700.00","","32'992.50","","","0.00","","","","","","","","","","","","","","","","","","","","","","","","","","","",""
"004100","W","Acer V233H","","","","","","","2","0","Stck","0.00","0.00","95.00","190.00","0.00","0.00","0.00","7.1 kg","","","","","","","","","","18.05.2021","ja","0.00","0.00","0.00","","Acer","222","545","391","","","","","","","",""
"","","","","","","","","","","","","","0.00","","190.00","","","0.00","","","","","","","","","","","","","","","","","","","","","","","","","","","",""
"002587","W","Acer V243W","","","","","","","0","0","Stck","0.00","0.00","140.00","0.00","0.00","0.00","0.00","0 kg","","","","06.12.2017","","","","","","06.12.2017","ja","0.00","0.00","0.00","","Acer","0","0","0","","","","","","","",""
"","","","","","","","","","","","","","0.00","","0.00","","","0.00","","","","","","","","","","","","","","","","","","","","","","","","","","","",""
"K0349","W","Acer V3-771G-73611675Makk","Acer Laptop V3-771G komplett mit Schrauben und Netzteil","Kundengerät","","","","","0","0","Stck","0.00","0.00","0.00","0.00","0.00","0.00","0.00","0 kg","","","","05.05.2017","","","","","","05.05.2017","nein","0.00","0.00","0.00","","","","","","","","","","","","",""
"","","","","","","","","","","","","","0.00","","0.00","","","0.00","","","","","","","","","","","","","","","","","","","","","","","","","","","",""
"001476","W","Acer Veriton 3700G","","","","","","","2","0","Stck","0.00","0.00","50.00","100.00","0.00","0.00","0.00","9.5 kg","","","","","","","","","","06.11.2019","ja","0.00","0.00","0.00","","Acer","200","200","200","","","","","","","",""
"","","","","","","","","","","","","","0.00","","100.00","","","0.00","","","","","","","","","","","","","","","","","","","","","","","","","","","",""
"002561","W","Acer Veriton L670G","","","","","","","170","0","Stck","0.00","0.00","75.00","12'750.00","0.00","0.00","0.00","5.2 kg","","","","27.06.2024","","","","","","21.07.2018","ja","0.00","0.00","0.00","","Acer","200","250","60","","","","","","","",""
"","","","","","","","","","","","","","0.00","","12'750.00","","","0.00","","","","","","","","","","","","","","","","","","","","","","","","","","","",""
"002561","W","Acer Veriton L670G 4 GB Ram","","","","","","","170","0","Stck","0.00","0.00","53.50","9'095.00","0.00","0.00","0.00","5.2 kg","","","","22.12.2017","","","","","","21.07.2018","ja","0.00","0.00","0.00","","Acer","200","250","60","","","","","","","",""
"","","","","","","","","","","","","","0.00","","9'095.00","","","0.00","","","","","","","","","","","","","","","","","","","","","","","","","","","",""
"002542","W","Acer Veriton M261","","","","","","","1","0","Stck","0.00","0.00","50.00","50.00","0.00","0.00","0.00","8.5 kg","","","","","","","","","","06.11.2019","ja","0.00","0.00","0.00","","Acer","455","185","365","","","","","","","",""
"","","","","","","","","","","","","","0.00","","50.00","","","0.00","","","","","","","","","","","","","","","","","","","","","","","","","","","",""
"003929","W","Acer Veriton M490G","","","","","","","1","0","Stck","0.00","0.00","110.00","110.00","0.00","0.00","0.00","11.5 kg","","","","19.07.2024","","","","","","15.11.2019","ja","0.00","0.00","0.00","","Acer","451","181","377","","","","","","","",""
"","","","","","","","","","","","","","0.00","","110.00","","","0.00","","","","","","","","","","","","","","","","","","","","","","","","","","","",""
"003840","W","Acer Veriton S680G","","","","","","","0","0","Stck","0.00","0.00","50.00","0.00","0.00","0.00","0.00","12 kg","","","","26.08.2020","","","","","","06.11.2019","ja","0.00","0.00","0.00","","Acer","395","135","335","","","","","","","",""
"003840","W","Acer Veriton S680G","","","","","","","0","0","Stck","0.00","0.00","100.00","0.00","0.00","0.00","0.00","12 kg","","","","10.02.2022","","","","","","06.11.2019","ja","0.00","0.00","0.00","","Acer","395","135","335","","","","","","","",""
"","","","","","","","","","","","","","0.00","","0.00","","","0.00","","","","","","","","","","","","","","","","","","","","","","","","","","","",""
"003844","W","Acer Veriton X4610G SFF","","","","","","","1","0","Stck","0.00","0.00","120.00","120.00","0.00","0.00","0.00","8 kg","","","","","","","","","","06.11.2019","ja","0.00","0.00","0.00","","Acer","395","102","267","","","","","","","",""
"","","","","","","","","","","","","","0.00","","120.00","","","0.00","","","","","","","","","","","","","","","","","","","","","","","","","","","",""
"005438","W","Acer X223w, 22""","","","","","","","1","0","Stck","0.00","0.00","60.00","60.00","0.00","0.00","0.00","9 kg","","","","","","","","","","16.06.2023","ja","0.00","0.00","0.00","","Acer","190","520","395","","","","","","","",""
"","","","","","","","","","","","","","0.00","","60.00","","","0.00","","","","","","","","","","","","","","","","","","","","","","","","","","","",""
"004006","W","Acer X243W 24"" Monitor","","","","","","","2","0","Stck","0.00","0.00","120.00","240.00","0.00","0.00","0.00","12 kg","","","","22.12.2020","ETLAG04003830014F64310","","","","","22.12.2020","ja","0.00","0.00","0.00","","Acer","210","560","430","","","","","","","",""
"","","","","","","","","","","","","","0.00","","240.00","","","0.00","","","","","","","","","","","","","","","","","","","","","","","","","","","",""
"004346","W","Acer XD1270D","","","","","","","0","0","Stck","0.00","0.00","230.00","0.00","0.00","0.00","0.00","2.17 kg","","","","17.11.2023","","","","","","15.03.2022","ja","0.00","0.00","0.00","","Acer","238","230","122.8","","","","","","","",""
"","","","","","","","","","","","","","0.00","","0.00","","","0.00","","","","","","","","","","","","","","","","","","","","","","","","","","","",""
"P80","W","Aceton","","Hardwareteile Occasion","","","","","0","0","Stck","0.00","0.00","9.95","0.00","19.90","0.00","0.00","0 kg","","","","27.07.2012","","","","","","09.01.2012","nein","0.00","0.00","0.00","","","","","","","","","","","","",""
"P80","W","Aceton","","Hardwareteile Occasion","","","","","0","0","Stck","0.00","0.00","9.95","0.00","19.90","0.00","0.00","0 kg","","","","31.08.2012","","","","","","09.01.2012","nein","0.00","0.00","0.00","","","","","","","","","","","","",""
"","","","","","","","","","","","","","0.00","","0.00","","","0.00","","","","","","","","","","","","","","","","","","","","","","","","","","","",""
"D1","D","Aceton kaufen","","Dienstleistung","","","","","0","0","Std","0.00","0.00","70.00","0.00","50.37","0.00","0.00","0 kg","","","","27.07.2012","","","","","","09.04.2007","nein","0.00","0.00","0.00","","","","","","","","","","","","",""
"D1","D","Aceton kaufen","","Dienstleistung","","","","","0","0","Std","0.00","0.00","70.00","0.00","50.37","0.00","0.00","0 kg","","","","31.08.2012","","","","","","09.04.2007","nein","0.00","0.00","0.00","","","","","","","","","","","","",""
"","","","","","","","","","","","","","0.00","","0.00","","","0.00","","","","","","","","","","","","","","","","","","","","","","","","","","","",""
"D12","D","Acronis True Image installieren und Backup einrichten, Systembackup auf externe Festplatte durchführen","","Dienstleistung (Stunden)","","","","","0","0","Std","0.00","0.00","80.00","0.00","0.00","0.00","0.00","0 kg","","","","31.07.2011","","","","","","29.09.2007","nein","0.00","0.00","0.00","","","","","","","","","","","","",""
"","","","","","","","","","","","","","0.00","","0.00","","","0.00","","","","","","","","","","","","","","","","","","","","","","","","","","","",""
"002293","W","ac-sense Leehub-9C","","","","","","","0","0","Stck","0.00","0.00","0.00","0.00","0.00","0.00","0.00","0.408 kg","","","","","","","","","","06.11.2019","ja","0.00","0.00","0.00","","","125","210","35","","","","","","","",""
"","","","","","","","","","","","","","0.00","","0.00","","","0.00","","","","","","","","","","","","","","","","","","","","","","","","","","","",""
"002296","W","ac-sense Palmhub-9E","","","","","","","0","0","Stck","0.00","0.00","0.00","0.00","0.00","0.00","0.00","0.315 kg","","","","","","","","","","06.11.2019","ja","0.00","0.00","0.00","","","105","200","30","","","","","","","",""
"","","","","","","","","","","","","","0.00","","0.00","","","0.00","","","","","","","","","","","","","","","","","","","","","","","","","","","",""
"005014","W","ACSys 98690-2 10Base-2 Ethernet Transceiver","","","","","","","1","0","Stck","0.00","0.00","0.00","0.00","0.00","0.00","0.00","0.8 kg","","","","","","","","","","09.09.2022","ja","0.00","0.00","0.00","","ACSys","90","45","20","","","","","","","",""
"","","","","","","","","","","","","","0.00","","0.00","","","0.00","","","","","","","","","","","","","","","","","","","","","","","","","","","",""
"003204","W","ACTEBIS K104","","","","","","","0","0","Stck","0.00","0.00","80.00","0.00","0.00","0.00","0.00","2.7 kg","","","","","","","","","","06.11.2019","ja","0.00","0.00","0.00","","diverse","500","200","20","","","","","","","",""
"","","","","","","","","","","","","","0.00","","0.00","","","0.00","","","","","","","","","","","","","","","","","","","","","","","","","","","",""
"003235","W","ACTi ENR1100 Netzwerkvideorekorder","","","","","","","0","0","Stck","0.00","0.00","0.00","0.00","0.00","0.00","0.00","1.52 kg","","","","","","","","","","06.11.2019","ja","0.00","0.00","0.00","","ACTi","135","241","121","","","","","","","",""
"","","","","","","","","","","","","","0.00","","0.00","","","0.00","","","","","","","","","","","","","","","","","","","","","","","","","","","",""
"P39","W","Active Boxen 85","","Peripheriegeräte Occasion","","","","","0","0","Stck","0.00","0.00","20.00","0.00","0.00","0.00","0.00","0 kg","","","","25.01.2019","","","","","","01.02.2008","nein","0.00","0.00","0.00","","","","","","","","","","","","",""
"","","","","","","","","","","","","","0.00","","0.00","","","0.00","","","","","","","","","","","","","","","","","","","","","","","","","","","",""
"005880","W","Adaptec 1200A PCI 2xIDE RAID Controller","","","","","","","1","0","Stck","0.00","0.00","0.00","0.00","0.00","0.00","0.00","0 kg","","","","","","","","","","06.09.2023","ja","0.00","0.00","0.00","","Adaptec","0","0","0","","","","","","","",""
"","","","","","","","","","","","","","0.00","","0.00","","","0.00","","","","","","","","","","","","","","","","","","","","","","","","","","","",""
"005219","W","Adaptec Aar-2610sa 6x SATA Pci-x 64 MB RAID Controller","","","","","","","0","0","Stck","0.00","0.00","0.00","0.00","0.00","0.00","0.00","0 kg","","","","","","","","","","20.01.2023","ja","0.00","0.00","0.00","","Adaptec","0","0","0","","","","","","","",""
"","","","","","","","","","","","","","0.00","","0.00","","","0.00","","","","","","","","","","","","","","","","","","","","","","","","","","","",""
"005757","W","Adaptec AIC-7901x SCSI","","","","","","","1","0","Stck","0.00","0.00","0.00","0.00","0.00","0.00","0.00","0.075 kg","","","","","","","","","","01.07.2023","ja","0.00","0.00","0.00","","Adaptec","180","20","120","","","","","","","",""
"","","","","","","","","","","","","","0.00","","0.00","","","0.00","","","","","","","","","","","","","","","","","","","","","","","","","","","",""
"005758","W","Adaptec AIC-7902W SCSI (2120S)","","","","","","","1","0","Stck","0.00","0.00","0.00","0.00","0.00","0.00","0.00","0.075 kg","","","","","","","","","","01.07.2023","ja","0.00","0.00","0.00","","Adaptec","180","20","120","","","","","","","",""
"","","","","","","","","","","","","","0.00","","0.00","","","0.00","","","","","","","","","","","","","","","","","","","","","","","","","","","",""
"006246","W","Adaptec AVA-1515","","","","","","","1","0","Stck","0.00","0.00","0.00","0.00","0.00","0.00","0.00","0.125 kg","","","","","","","","","","17.02.2024","ja","0.00","0.00","0.00","","Adaptec","165","90","0","","","","","","","",""
"","","","","","","","","","","","","","0.00","","0.00","","","0.00","","","","","","","","","","","","","","","","","","","","","","","","","","","",""
"10005","W","Adaptec AVA-2906","","","","","","","1","0","Stck","0.00","0.00","0.00","0.00","0.00","0.00","0.00","0.075 kg","","","","","","","","","","22.04.2025","ja","0.00","0.00","0.00","","Adaptec","130","125","20","","Adaptec AVA-2906 SCSI-Kontroller","Adaptec AVA-2906, ext. 25Pol. SCSI-SE + int. 50Pol Flachkabel-Anschluss","Steckkarten","yes","Festplattenkontroller","",""
"","","","","","","","","","","","","","0.00","","0.00","","","0.00","","","","","","","","","","","","","","","","","","","","","","","","","","","",""
"17082","W","Adaptec FGT2940UW","","","","","","","1","0","Stck","0.00","0.00","0.00","0.00","0.00","0.00","0.00","0.7 kg","","","","","","","","","","11.11.2025","nein","0.00","0.00","0.00","","Adaptec","190","110","20","","Interne Anschlüsse 1 x 68-pin Ultra Wide SCSI + 1 x 50-pin SCSI Externe Anschlüsse 1 x 68-pin SCSI SE (High-Density) Unterstützte Protokolle SCSI-1, SCSI-2, SCSI-3, WIDE UltraSCSI Erweitere SCSI Funktionen multi-threaded I/O, scatter/gather, tagged queuing, disconnect/reconnect, synchronous and asynchronous data transfer Elektrische Treiber Single-ended, active, programmable via SCSISelect configuration utility Anzahl der Geräte Bis zu max. 15 Geräte","","Steckkarten","","Multifunktionskarte","",""
"","","","","","","","","","","","","","0.00","","0.00","","","0.00","","","","","","","","","","","","","","","","","","","","","","","","","","","",""
"001170","W","Adaptec SCSI 39160","","","","","","","0","0","Stck","0.00","0.00","30.00","0.00","0.00","0.00","0.00","0.2 kg","","","","15.03.2018","","","","","","19.03.2018","ja","0.00","0.00","0.00","","Adaptec","189","125","22","","","","","","","",""
"","","","","","","","","","","","","","0.00","","0.00","","","0.00","","","","","","","","","","","","","","","","","","","","","","","","","","","",""
"004816","W","Adaptec TCA-00294-01-B","","","","","","","1","0","Stck","0.00","0.00","0.00","0.00","0.00","0.00","0.00","0.3 kg","","","","","","","","","","02.06.2022","ja","0.00","0.00","0.00","","Adaptec","110","60","30","","","","","","","",""
"","","","","","","","","","","","","","0.00","","0.00","","","0.00","","","","","","","","","","","","","","","","","","","","","","","","","","","",""
"001574","W","Adapter DisplayPort DVI","","","","","","","0","0","Stck","0.00","0.00","8.00","0.00","0.00","0.00","0.00","0.1 kg","","","","12.11.2018","","","","","","12.11.2018","ja","0.00","0.00","0.00","","","100","0","0","","","","","","","",""
"001574","W","Adapter DisplayPort DVI","","","","","","","0","0","Stck","0.00","0.00","8.00","0.00","0.00","0.00","0.00","0.1 kg","","","","22.11.2019","","","","","","12.11.2018","ja","0.00","0.00","0.00","","","100","0","0","","","","","","","",""
"","","","","","","","","","","","","","0.00","","0.00","","","0.00","","","","","","","","","","","","","","","","","","","","","","","","","","","",""
"002535","W","Adapter DMS-59 auf 2x VGA","","","","","","","0","0","Stck","0.00","0.00","8.00","0.00","0.00","0.00","0.00","0 kg","","","","06.10.2017","","","","","","06.10.2017","ja","0.00","0.00","0.00","","diverse","0","0","0","","","","","","","",""
"002535","W","Adapter DMS-59 auf 2x VGA","","","","","","","0","0","Stck","0.00","0.00","8.00","0.00","0.00","0.00","0.00","0 kg","","","","13.12.2017","","","","","","06.10.2017","ja","0.00","0.00","0.00","","diverse","0","0","0","","","","","","","",""
"","","","","","","","","","","","","","0.00","","0.00","","","0.00","","","","","","","","","","","","","","","","","","","","","","","","","","","",""
"003257","W","Adapter D-Sub 44-Pin auf 4x D-Sub 9-Pin","","","","","","","0","0","Stck","0.00","0.00","0.00","0.00","0.00","0.00","0.00","0 kg","","","","","","","","","","06.11.2019","ja","0.00","0.00","0.00","","diverse","300","55","15","","","","","","","",""
"","","","","","","","","","","","","","0.00","","0.00","","","0.00","","","","","","","","","","","","","","","","","","","","","","","","","","","",""
"000592","W","Adapter DVI männlich auf DVI weiblich","","","","","","","0","0","Stck","0.00","0.00","0.00","0.00","0.00","0.00","0.00","0 kg","","","","","","","","","","06.11.2019","ja","0.00","0.00","0.00","","diverse","0","0","0","","","","","","","",""
"","","","","","","","","","","","","","0.00","","0.00","","","0.00","","","","","","","","","","","","","","","","","","","","","","","","","","","",""
"000588","W","Adapter DVI - VGA","","","","","","","150","0","Stck","0.00","0.00","1.50","225.00","0.00","0.00","0.00","0.05 kg","","","","26.10.2023","","","","","","06.11.2019","ja","0.00","0.00","0.00","","diverse","","40","15","","","","","","","",""
"000588","W","Adapter DVI - VGA","","","","","","","150","0","Stck","0.00","0.00","2.50","375.00","0.00","0.00","0.00","0.05 kg","","","","05.05.2025","","","","","","06.11.2019","ja","0.00","0.00","0.00","","diverse","","40","15","","","","","","","",""
"000588","W","Adapter DVI - VGA","","","","","","","150","0","Stck","0.00","0.00","1.50","225.00","0.00","0.00","0.00","0.05 kg","","","","19.08.2025","","","","","","06.11.2019","ja","0.00","0.00","0.00","","diverse","","40","15","","","","","","","",""
"","","","","","","","","","","","","","0.00","","825.00","","","0.00","","","","","","","","","","","","","","","","","","","","","","","","","","","",""
"P12","W","Adapter für Universalnetzteil passend auf die Buchse des Acer Aspire 5610Z","","Zubehör","","","","","0","0","Stck","0.00","0.00","5.00","0.00","16.81","0.00","0.00","0 kg","","","","20.04.2012","","","","","","17.08.2007","nein","0.00","0.00","0.00","","","","","","","","","","","","",""
"P12","W","Adapter für Universalnetzteil passend auf die Buchse des Acer Aspire 5610Z","","Zubehör","","","","","0","0","Stck","0.00","0.00","5.00","0.00","16.81","0.00","0.00","0 kg","","","","09.08.2012","","","","","","17.08.2007","nein","0.00","0.00","0.00","","","","","","","","","","","","",""
"","","","","","","","","","","","","","0.00","","0.00","","","0.00","","","","","","","","","","","","","","","","","","","","","","","","","","","",""
"004544","W","Adapter HDMI - DVI","","","","","","","10","0","Stck","0.00","0.00","5.00","50.00","0.00","0.00","0.00","0 kg","","","","02.11.2021","","","","","","17.12.2021","ja","0.00","0.00","0.00","","diverse","0","0","0","","","","","","","",""
"004544","W","Adapter HDMI - DVI","","","","","","","10","0","Stck","0.00","0.00","5.00","50.00","0.00","0.00","0.00","0 kg","","","","17.12.2021","","","","","","17.12.2021","ja","0.00","0.00","0.00","","diverse","0","0","0","","","","","","","",""
"004544","W","Adapter HDMI - DVI","","","","","","","10","0","Stck","0.00","0.00","5.00","50.00","0.00","0.00","0.00","0 kg","","","","01.09.2022","","","","","","17.12.2021","ja","0.00","0.00","0.00","","diverse","0","0","0","","","","","","","",""
"004544","W","Adapter HDMI - DVI","","","","","","","10","0","Stck","0.00","0.00","15.00","150.00","0.00","0.00","0.00","0 kg","","","","28.07.2023","","","","","","17.12.2021","ja","0.00","0.00","0.00","","diverse","0","0","0","","","","","","","",""
"","","","","","","","","","","","","","0.00","","300.00","","","0.00","","","","","","","","","","","","","","","","","","","","","","","","","","","",""
"P65","W","Adapterkabel HDMI - DisplayPort","","Zubehör","","","","","0","0","Stck","0.00","0.00","10.00","0.00","0.00","0.00","0.00","0 kg","","","","30.04.2021","","","","","","23.08.2007","nein","0.00","0.00","0.00","","","","","","","","","","","","",""
"","","","","","","","","","","","","","0.00","","0.00","","","0.00","","","","","","","","","","","","","","","","","","","","","","","","","","","",""
"004544","W","Adapter Kabel HDMI - DVI","","","","","","","10","0","Stck","0.00","0.00","15.00","150.00","0.00","0.00","0.00","0 kg","","","","28.07.2023","","","","","","17.12.2021","ja","0.00","0.00","0.00","","diverse","0","0","0","","","","","","","",""
"","","","","","","","","","","","","","0.00","","150.00","","","0.00","","","","","","","","","","","","","","","","","","","","","","","","","","","",""
"P12","W","Adapterkabel MiniDP auf DP","","Zubehör","","","","","0","0","Stck","0.00","0.00","10.00","0.00","16.81","0.00","0.00","0 kg","","","","30.12.2020","","","","","","17.08.2007","nein","0.00","0.00","0.00","","","","","","","","","","","","",""
"","","","","","","","","","","","","","0.00","","0.00","","","0.00","","","","","","","","","","","","","","","","","","","","","","","","","","","",""
"P12","W","Adapterkabel MiniDP auf HDMI","","Zubehör","","","","","0","0","Stck","0.00","0.00","10.00","0.00","16.81","0.00","0.00","0 kg","","","","30.12.2020","","","","","","17.08.2007","nein","0.00","0.00","0.00","","","","","","","","","","","","",""
"","","","","","","","","","","","","","0.00","","0.00","","","0.00","","","","","","","","","","","","","","","","","","","","","","","","","","","",""
"001326","W","Adapterkabel PS/2 zu RJ11","","","","","","","0","0","Stck","0.00","0.00","3.00","0.00","0.00","0.00","0.00","0.1 kg","","","","","","","","","","06.11.2019","ja","0.00","0.00","0.00","","diverse","0","0","0","","","","","","","",""
"","","","","","","","","","","","","","0.00","","0.00","","","0.00","","","","","","","","","","","","","","","","","","","","","","","","","","","",""
"000609","W","Adapterkabel VGA auf Apple mit Umschalter","","","","","","","0","0","Stck","0.00","0.00","0.00","0.00","0.00","0.00","0.00","0 kg","","","","","","","","","","06.11.2019","ja","0.00","0.00","0.00","","diverse","0","0","0","","","","","","","",""
"","","","","","","","","","","","","","0.00","","0.00","","","0.00","","","","","","","","","","","","","","","","","","","","","","","","","","","",""
"P12","W","Adapter MagSafe auf MagSafe2","","Zubehör","","","","","0","0","Stck","0.00","0.00","12.00","0.00","16.81","0.00","0.00","0 kg","","","","27.12.2019","","","","","","17.08.2007","nein","0.00","0.00","0.00","","","","","","","","","","","","",""
"","","","","","","","","","","","","","0.00","","0.00","","","0.00","","","","","","","","","","","","","","","","","","","","","","","","","","","",""
"000589","W","Adapter Mini DVI auf VGA für Apple","","","","","","","0","0","Stck","0.00","0.00","0.00","0.00","0.00","0.00","0.00","0 kg","","","","","","","","","","06.11.2019","ja","0.00","0.00","0.00","","diverse","0","0","0","","","","","","","",""
"","","","","","","","","","","","","","0.00","","0.00","","","0.00","","","","","","","","","","","","","","","","","","","","","","","","","","","",""
"001368","W","Adapter MMJ zu DB9","","","","","","","0","0","Stck","0.00","0.00","6.00","0.00","0.00","0.00","0.00","0 kg","","","","01.11.2018","","","","","","01.11.2018","ja","0.00","0.00","0.00","","diverse","0","0","0","","","","","","","",""
"","","","","","","","","","","","","","0.00","","0.00","","","0.00","","","","","","","","","","","","","","","","","","","","","","","","","","","",""
"001318","W","Adapter Serial zu Infrarot","","","","","","","0","0","Stck","0.00","0.00","8.00","0.00","0.00","0.00","0.00","0.2 kg","","","","","","","","","","06.11.2019","ja","0.00","0.00","0.00","","diverse","0","0","0","","","","","","","",""
"","","","","","","","","","","","","","0.00","","0.00","","","0.00","","","","","","","","","","","","","","","","","","","","","","","","","","","",""
"Apple Adapter","W","Adapter (Strom)","","Hardwareteile Occasion","","","","","0","0","Stck","0.00","0.00","5.00","0.00","0.00","0.00","0.00","0 kg","","","","25.06.2019","","","","","","08.02.2019","nein","0.00","0.00","0.00","","","","","","","","","","","","",""
"","","","","","","","","","","","","","0.00","","0.00","","","0.00","","","","","","","","","","","","","","","","","","","","","","","","","","","",""
"000591","W","Adapter TV-Out auf 1 x Chinch weiblich","","","","","","","0","0","Stck","0.00","0.00","0.00","0.00","0.00","0.00","0.00","0 kg","","","","","","","","","","06.11.2019","ja","0.00","0.00","0.00","","diverse","0","0","0","","","","","","","",""
"","","","","","","","","","","","","","0.00","","0.00","","","0.00","","","","","","","","","","","","","","","","","","","","","","","","","","","",""
"000590","W","Adapter TV-Out auf 3 x Chinch weiblich","","","","","","","0","0","Stck","0.00","0.00","0.00","0.00","0.00","0.00","0.00","0 kg","","","","","","","","","","06.11.2019","ja","0.00","0.00","0.00","","diverse","0","0","0","","","","","","","",""
"","","","","","","","","","","","","","0.00","","0.00","","","0.00","","","","","","","","","","","","","","","","","","","","","","","","","","","",""
"P12","W","Adapter VGA - 2x VGA","","Zubehör","","","","","0","0","Stck","0.00","0.00","5.00","0.00","16.81","0.00","0.00","0 kg","","","","28.01.2016","","","","","","17.08.2007","nein","0.00","0.00","0.00","","","","","","","","","","","","",""
"","","","","","","","","","","","","","0.00","","0.00","","","0.00","","","","","","","","","","","","","","","","","","","","","","","","","","","",""
"000593","W","Adapter VGA auf Apple Classic","","","","","","","0","0","Stck","0.00","0.00","0.00","0.00","0.00","0.00","0.00","0 kg","","","","","","","","","","06.11.2019","ja","0.00","0.00","0.00","","Kawasaki","0","0","0","","","","","","","",""
"","","","","","","","","","","","","","0.00","","0.00","","","0.00","","","","","","","","","","","","","","","","","","","","","","","","","","","",""
"P12","W","Adapteur d'électricité pour Laptop HP Compaq 6715s","","Zubehör","","","","","0","0","Stck","0.00","0.00","90.00","0.00","16.81","0.00","0.00","0 kg","","","","20.07.2009","","","","","","17.08.2007","nein","0.00","0.00","0.00","","","","","","","","","","","","",""
"","","","","","","","","","","","","","0.00","","0.00","","","0.00","","","","","","","","","","","","","","","","","","","","","","","","","","","",""
"D15","D","Adaptieren DOS-Programm für 8.1% MWST","","Dienstleistung","","","","","0","0","psch","0.00","0.00","300.00","0.00","0.00","0.00","0.00","0 kg","","","","18.01.2024","","","","","","29.09.2007","nein","0.00","0.00","0.00","","","","","","","","","","","","",""
"","","","","","","","","","","","","","0.00","","0.00","","","0.00","","","","","","","","","","","","","","","","","","","","","","","","","","","",""
"004001","W","ADB-Kabel","","","","","","","10","0","Stck","0.00","0.00","5.00","50.00","0.00","0.00","0.00","0.15 kg","","","","20.11.2020","","","","","","20.11.2020","ja","0.00","0.00","0.00","","Apple","0","15","15","","","","","","","",""
"004001","W","ADB-Kabel","","","","","","","10","0","Stck","0.00","0.00","5.00","50.00","0.00","0.00","0.00","0.15 kg","","","","29.07.2021","","","","","","20.11.2020","ja","0.00","0.00","0.00","","Apple","0","15","15","","","","","","","",""
"004001","W","ADB-Kabel","","","","","","","10","0","Stck","0.00","0.00","5.02","50.20","0.00","0.00","0.00","0.15 kg","","","","23.01.2022","","","","","","20.11.2020","ja","0.00","0.00","0.00","","Apple","0","15","15","","","","","","","",""
"004001","W","ADB-Kabel","","","","","","","10","0","Stck","0.00","0.00","5.00","50.00","0.00","0.00","0.00","0.15 kg","","","","12.09.2022","","","","","","20.11.2020","ja","0.00","0.00","0.00","","Apple","0","15","15","","","","","","","",""
"004001","W","ADB-Kabel","","","","","","","10","0","Stck","0.00","0.00","5.00","50.00","0.00","0.00","0.00","0.15 kg","","","","22.10.2022","","","","","","20.11.2020","ja","0.00","0.00","0.00","","Apple","0","15","15","","","","","","","",""
"004001","W","ADB-Kabel","","","","","","","10","0","Stck","0.00","0.00","5.00","50.00","0.00","0.00","0.00","0.15 kg","","","","18.11.2022","","","","","","20.11.2020","ja","0.00","0.00","0.00","","Apple","0","15","15","","","","","","","",""
"004001","W","ADB-Kabel","","","","","","","10","0","Stck","0.00","0.00","5.00","50.00","0.00","0.00","0.00","0.15 kg","","","","05.03.2023","","","","","","20.11.2020","ja","0.00","0.00","0.00","","Apple","0","15","15","","","","","","","",""
"004001","W","ADB-Kabel","","","","","","","10","0","Stck","0.00","0.00","5.00","50.00","0.00","0.00","0.00","0.15 kg","","","","27.02.2024","","","","","","20.11.2020","ja","0.00","0.00","0.00","","Apple","0","15","15","","","","","","","",""
"004001","W","ADB-Kabel","","","","","","","10","0","Stck","0.00","0.00","5.00","50.00","0.00","0.00","0.00","0.15 kg","","","","22.04.2024","","","","","","20.11.2020","ja","0.00","0.00","0.00","","Apple","0","15","15","","","","","","","",""
"004001","W","ADB-Kabel","","","","","","","10","0","Stck","0.00","0.00","5.03","50.30","0.00","0.00","0.00","0.15 kg","","","","08.06.2024","","","","","","20.11.2020","ja","0.00","0.00","0.00","","Apple","0","15","15","","","","","","","",""
"004001","W","ADB-Kabel","","","","","","","10","0","Stck","0.00","0.00","5.00","50.00","0.00","0.00","0.00","0.15 kg","","","","01.10.2024","","","","","","20.11.2020","ja","0.00","0.00","0.00","","Apple","0","15","15","","","","","","","",""
"004001","W","ADB-Kabel","","","","","","","10","0","Stck","0.00","0.00","5.00","50.00","0.00","0.00","0.00","0.15 kg","","","","02.02.2025","","","","","","20.11.2020","ja","0.00","0.00","0.00","","Apple","0","15","15","","","","","","","",""
"004001","W","ADB-Kabel","","","","","","","10","0","Stck","0.00","0.00","5.00","50.00","0.00","0.00","0.00","0.15 kg","","","","30.08.2025","","","","","","20.11.2020","ja","0.00","0.00","0.00","","Apple","0","15","15","","","","","","","",""
"004001","W","ADB-Kabel","","","","","","","10","0","Stck","0.00","0.00","5.00","50.00","0.00","0.00","0.00","0.15 kg","","","","02.11.2025","","","","","","20.11.2020","ja","0.00","0.00","0.00","","Apple","0","15","15","","","","","","","",""
"004001","W","ADB-Kabel","","","","","","","10","0","Stck","0.00","0.00","5.00","50.00","0.00","0.00","0.00","0.15 kg","","","","22.01.2026","","","","","","20.11.2020","ja","0.00","0.00","0.00","","Apple","0","15","15","","","","","","","",""
"","","","","","","","","","","","","","0.00","","750.50","","","0.00","","","","","","","","","","","","","","","","","","","","","","","","","","","",""
"005007","W","ADB zu DC 5V Adapter","","","","","","","4","0","Stck","0.00","0.00","8.00","32.00","0.00","0.00","0.00","0.1 kg","","","","09.09.2022","","","","","","07.09.2022","ja","0.00","0.00","0.00","","unbekannt","500","15","22","","","","","","","",""
"005007","W","ADB zu DC 5V Adapter","","","","","","","4","0","Stck","0.00","0.00","8.02","32.08","0.00","0.00","0.00","0.1 kg","","","","09.09.2022","","","","","","07.09.2022","ja","0.00","0.00","0.00","","unbekannt","500","15","22","","","","","","","",""
"","","","","","","","","","","","","","0.00","","64.08","","","0.00","","","","","","","","","","","","","","","","","","","","","","","","","","","",""
"000831","W","ADDA AD0912UB-A70GL","","","","","","","0","0","Stck","0.00","0.00","3.00","0.00","0.00","0.00","0.00","0.2 kg","","","","06.05.2019","","","","","","06.05.2019","ja","0.00","0.00","0.00","","Adda","80","80","25","","","","","","","",""
"","","","","","","","","","","","","","0.00","","0.00","","","0.00","","","","","","","","","","","","","","","","","","","","","","","","","","","",""
"006489","W","ADDTRON ETHERNET 10 BASE T TRANSCEIVER","","","","","","","1","0","Stck","0.00","0.00","0.00","0.00","0.00","0.00","0.00","0.5 kg","","","","","","","","","","23.05.2024","ja","0.00","0.00","0.00","","ADDTRON","70","40","25","","","","","","","",""
"","","","","","","","","","","","","","0.00","","0.00","","","0.00","","","","","","","","","","","","","","","","","","","","","","","","","","","",""
"D14","D","Adressänderung in allen Druckvorlagen","","Dienstleistung","","","","","0","0","Std","0.00","0.00","100.00","0.00","0.00","0.00","0.00","0 kg","","","","08.07.2022","","","","","","29.09.2007","nein","0.00","0.00","0.00","","","","","","","","","","","","",""
"","","","","","","","","","","","","","0.00","","0.00","","","0.00","","","","","","","","","","","","","","","","","","","","","","","","","","","",""
"D14","D","Adresse beim Erfassen von KundInnen automatisch aus local.ch etc. suchen und anzeigen","","Dienstleistung","","","","","0","0","Std","0.00","0.00","70.00","0.00","0.00","0.00","0.00","0 kg","","","","07.11.2019","","","","","","29.09.2007","nein","0.00","0.00","0.00","","","","","","","","","","","","",""
"","","","","","","","","","","","","","0.00","","0.00","","","0.00","","","","","","","","","","","","","","","","","","","","","","","","","","","",""
"D12","D","Adress-Import Nextcloud inkl. Vorabklärungen","","Dienstleistung (Stunden)","","","","","0","0","Std","0.00","0.00","100.00","0.00","0.00","0.00","0.00","0 kg","","","","29.04.2022","","","","","","29.09.2007","nein","0.00","0.00","0.00","","","","","","","","","","","","",""
"D12","D","Adress-Import Nextcloud inkl. Vorabklärungen","","Dienstleistung (Stunden)","","","","","0","0","Std","0.00","0.00","100.00","0.00","0.00","0.00","0.00","0 kg","","","","07.08.2022","","","","","","29.09.2007","nein","0.00","0.00","0.00","","","","","","","","","","","","",""
"","","","","","","","","","","","","","0.00","","0.00","","","0.00","","","","","","","","","","","","","","","","","","","","","","","","","","","",""
"P26","W","ADSL-Modem Occasion","","Peripheriegeräte Occasion","","","","","0","0","Stck","0.00","0.00","60.00","0.00","0.00","0.00","0.00","0 kg","","","","29.09.2007","","","","","","29.09.2007","nein","0.00","0.00","0.00","","","","","","","","","","","","",""
"","","","","","","","","","","","","","0.00","","0.00","","","0.00","","","","","","","","","","","","","","","","","","","","","","","","","","","",""
"P26","W","ADSL-Modem US-Robotics 9105","","Peripheriegeräte Occasion","","","","","0","0","Stck","0.00","0.00","50.00","0.00","0.00","0.00","0.00","0 kg","","","","15.08.2007","","","","","","29.09.2007","nein","0.00","0.00","0.00","","","","","","","","","","","","",""
"","","","","","","","","","","","","","0.00","","0.00","","","0.00","","","","","","","","","","","","","","","","","","","","","","","","","","","",""
"000410","W","ADSL Starter-KIT","","","","","","","0","0","Stck","0.00","0.00","0.00","0.00","0.00","0.00","0.00","1.62 kg","","","","","","","","","","06.11.2019","ja","0.00","0.00","0.00","","NETOPIA","0","0","0","","","","","","","",""
"","","","","","","","","","","","","","0.00","","0.00","","","0.00","","","","","","","","","","","","","","","","","","","","","","","","","","","",""
"004760","W","ADS Tech DVD Xpress","","","","","","","1","0","Stck","0.00","0.00","25.00","25.00","0.00","0.00","0.00","0.45 kg","","","","","","","","","","04.05.2022","ja","0.00","0.00","0.00","","","80","140","40","","","","","","","",""
"","","","","","","","","","","","","","0.00","","25.00","","","0.00","","","","","","","","","","","","","","","","","","","","","","","","","","","",""
"004597","W","AEG M550","","","","","","","1","0","Stck","0.00","0.00","50.00","50.00","0.00","0.00","0.00","0.25 kg","","","","","","","","","","15.03.2022","ja","0.00","0.00","0.00","","AEG","20","60","130","","","","","","","",""
"","","","","","","","","","","","","","0.00","","50.00","","","0.00","","","","","","","","","","","","","","","","","","","","","","","","","","","",""
"002167","W","AeroCool XPredator X1","","","","","","","0","0","Stck","0.00","0.00","15.00","0.00","0.00","0.00","0.00","3.7 kg","","","","11.12.2017","","","","","","25.01.2018","ja","0.00","0.00","0.00","","","460","180","490","","","","","","","",""
"","","","","","","","","","","","","","0.00","","0.00","","","0.00","","","","","","","","","","","","","","","","","","","","","","","","","","","",""
"006538","W","Aficio SP 4310N","","","","","","","1","0","Stck","0.00","0.00","0.00","0.00","0.00","0.00","0.00","35 kg","","","","","","","","","","28.05.2024","ja","0.00","0.00","0.00","","Aficio","460","540","370","","","","","","","",""
"","","","","","","","","","","","","","0.00","","0.00","","","0.00","","","","","","","","","","","","","","","","","","","","","","","","","","","",""
"006787","W","AGP Grafik FSC GM1000-32","","","","","","","1","0","Stck","0.00","0.00","0.00","0.00","0.00","0.00","0.00","0.13 kg","","","","","","","","","","01.10.2024","ja","0.00","0.00","0.00","","Nvidia","160","120","20","","","","","","","",""
"","","","","","","","","","","","","","0.00","","0.00","","","0.00","","","","","","","","","","","","","","","","","","","","","","","","","","","",""
"001169","W","AHA-2940AU UltraSCSI-Kontroller","","","","","","","2","0","Stck","0.00","0.00","15.00","30.00","0.00","0.00","0.00","0 kg","","","","15.06.2018","","","","","","25.06.2018","ja","0.00","0.00","0.00","","","0","0","0","","","","","","","",""
"001169","W","AHA-2940AU UltraSCSI-Kontroller","","","","","","","2","0","Stck","0.00","0.00","15.00","30.00","0.00","0.00","0.00","0 kg","","","","09.03.2021","","","","","","25.06.2018","ja","0.00","0.00","0.00","","","0","0","0","","","","","","","",""
"001169","W","AHA-2940AU UltraSCSI-Kontroller","","","","","","","2","0","Stck","0.00","0.00","15.00","30.00","0.00","0.00","0.00","0 kg","","","","29.12.2024","","","","","","25.06.2018","ja","0.00","0.00","0.00","","","0","0","0","","","","","","","",""
"","","","","","","","","","","","","","0.00","","90.00","","","0.00","","","","","","","","","","","","","","","","","","","","","","","","","","","",""
"005759","W","AHA-2940U UltraSCSI-Kontroller","","","","","","","3","0","Stck","0.00","0.00","15.00","45.00","0.00","0.00","0.00","0 kg","","","","","","","","","","01.07.2023","ja","0.00","0.00","0.00","","","0","0","0","","","","","","","",""
"","","","","","","","","","","","","","0.00","","45.00","","","0.00","","","","","","","","","","","","","","","","","","","","","","","","","","","",""
"005213","W","AHA-2940W PCI-to-Fast SCSI","","","","","","","2","0","Stck","0.00","0.00","0.00","0.00","0.00","0.00","0.00","0.3 kg","","","","","","","","","","20.01.2023","ja","0.00","0.00","0.00","","Adaptec","175","20","125","","","","","","","",""
"","","","","","","","","","","","","","0.00","","0.00","","","0.00","","","","","","","","","","","","","","","","","","","","","","","","","","","",""
"006291","W","AIO-453G","","","","","","","1","0","Stck","0.00","0.00","20.00","20.00","0.00","0.00","0.00","0.15 kg","","","","","","","","","","29.02.2024","ja","0.00","0.00","0.00","","","115","120","20","","","","","","","",""
"","","","","","","","","","","","","","0.00","","20.00","","","0.00","","","","","","","","","","","","","","","","","","","","","","","","","","","",""
"000983","W","AI-PC386","","","","","","","0","0","Stck","0.00","0.00","50.00","0.00","0.00","0.00","0.00","0.0075 kg","","","","","","","","","","06.11.2019","ja","0.00","0.00","0.00","","auf Anfrage","41","38","11","","","","","","","",""
"","","","","","","","","","","","","","0.00","","0.00","","","0.00","","","","","","","","","","","","","","","","","","","","","","","","","","","",""
"000876","W","AIPTEK HyperPen Grafiktablett","","","","","","","0","0","Stck","0.00","0.00","0.00","0.00","0.00","0.00","0.00","0 kg","","","","","","","","","","06.11.2019","ja","0.00","0.00","0.00","","diverse","230","230","10","","","","","","","",""
"","","","","","","","","","","","","","0.00","","0.00","","","0.00","","","","","","","","","","","","","","","","","","","","","","","","","","","",""
"006524","W","Airberlin, Headset","","","","","","","1","0","Stck","0.00","0.00","0.00","0.00","0.00","0.00","0.00","0.25 kg","","","","","","","","","","24.05.2024","ja","0.00","0.00","0.00","","","140","100","30","","","","","","","",""
"","","","","","","","","","","","","","0.00","","0.00","","","0.00","","","","","","","","","","","","","","","","","","","","","","","","","","","",""
"006271","W","AIR-CAp3702I-E-K9","","","","","","","1","0","Stck","0.00","0.00","0.00","0.00","0.00","0.00","0.00","1.33 kg","","","","","","","","","","27.02.2024","ja","0.00","0.00","0.00","","Cisco","220","220","50","","","","","","","",""
"","","","","","","","","","","","","","0.00","","0.00","","","0.00","","","","","","","","","","","","","","","","","","","","","","","","","","","",""
"004625","W","AirLink AWLL3025","","","","","","","1","0","Stck","0.00","0.00","10.00","10.00","0.00","0.00","0.00","0.2 kg","","","","","","","","","","15.03.2022","ja","0.00","0.00","0.00","","Airlink+","210","160","40","","","","","","","",""
"","","","","","","","","","","","","","0.00","","10.00","","","0.00","","","","","","","","","","","","","","","","","","","","","","","","","","","",""
"001465","W","AirPort Base Station (M8440)","","","","","","","0","0","Stck","0.00","0.00","40.00","0.00","0.00","0.00","0.00","0.565 kg","","","","","","","","","","06.11.2019","ja","0.00","0.00","0.00","","Apple","175","175","80","","","","","","","",""
"","","","","","","","","","","","","","0.00","","0.00","","","0.00","","","","","","","","","","","","","","","","","","","","","","","","","","","",""
"004057","W","airport extreme base station","","","","","","","2","0","Stck","0.00","0.00","0.00","0.00","0.00","0.00","0.00","0.945 kg","","","","","","","","","","02.04.2021","ja","0.00","0.00","0.00","","Apple","165","165","35","","","","","","","",""
"","","","","","","","","","","","","","0.00","","0.00","","","0.00","","","","","","","","","","","","","","","","","","","","","","","","","","","",""
"000411","W","Air Tunnel Kit","","","","","","","0","0","Stck","0.00","0.00","0.00","0.00","0.00","0.00","0.00","0.24 kg","","","","","","","","","","06.11.2019","ja","0.00","0.00","0.00","","revamp-it","800","0","0","","","","","","","",""
"","","","","","","","","","","","","","0.00","","0.00","","","0.00","","","","","","","","","","","","","","","","","","","","","","","","","","","",""
"003246","W","Aiwa XR-M151 CD-Kompaktanlage","","","","","","","0","0","Stck","0.00","0.00","0.00","0.00","0.00","0.00","0.00","3'200 kg","","","","","","","","","","06.11.2019","ja","0.00","0.00","0.00","","Aiwa","167","250","256","","","","","","","",""
"","","","","","","","","","","","","","0.00","","0.00","","","0.00","","","","","","","","","","","","","","","","","","","","","","","","","","","",""
"006179","W","AKAI-DVD201 DVD Player","","","","","","","1","0","Stck","0.00","0.00","0.00","0.00","0.00","0.00","0.00","0 kg","","","","","","","","","","10.01.2024","ja","0.00","0.00","0.00","","AKAI","0","0","0","","","","","","","",""
"","","","","","","","","","","","","","0.00","","0.00","","","0.00","","","","","","","","","","","","","","","","","","","","","","","","","","","",""
"005086","W","Akay adm-80 Dynamic microphone","","","","","","","1","0","Stck","0.00","0.00","0.00","0.00","0.00","0.00","0.00","0.5 kg","","","","","","","","","","06.10.2022","ja","0.00","0.00","0.00","","","200","40","40","","","","","","","",""
"","","","","","","","","","","","","","0.00","","0.00","","","0.00","","","","","","","","","","","","","","","","","","","","","","","","","","","",""
"005935","W","AKCP VST-S588H","","","","","","","1","0","Stck","0.00","0.00","0.00","0.00","0.00","0.00","0.00","0 kg","","","","","","","","","","19.09.2023","ja","0.00","0.00","0.00","","AKCP","110","110","35","","","","","","","",""
"","","","","","","","","","","","","","0.00","","0.00","","","0.00","","","","","","","","","","","","","","","","","","","","","","","","","","","",""
"P79","W","Akku","","Hardwareteile neu","","","","","0","0","Stck","0.00","0.00","45.00","0.00","35.99","0.00","0.00","0 kg","","","","11.03.2025","","","","","","22.12.2011","nein","0.00","0.00","0.00","","","","","","","","","","","","",""
"P79","W","Akku","","Hardwareteile neu","","","","","0","0","Stck","0.00","0.00","45.00","0.00","35.99","0.00","0.00","0 kg","","","","12.08.2025","","","","","","22.12.2011","nein","0.00","0.00","0.00","","","","","","","","","","","","",""
"","","","","","","","","","","","","","0.00","","0.00","","","0.00","","","","","","","","","","","","","","","","","","","","","","","","","","","",""
"P79","W","AKKU 53697 Notebook-Akku für Clevo, Li-Ion, 4400 mAh","","Hardwareteile neu","","","","","0","0","Stck","0.00","0.00","28.82","0.00","35.99","0.00","0.00","0 kg","","","","14.06.2018","","","","","","22.12.2011","nein","0.00","0.00","0.00","","","","","","","","","","","","",""
"","","","","","","","","","","","","","0.00","","0.00","","","0.00","","","","","","","","","","","","","","","","","","","","","","","","","","","",""
"P79","W","AKKU 53697 Notebook-Akku für Clevo, Li-Ion, 4400 mAh, Ersatzakku neu","","Hardwareteile neu","","","","","0","0","Stck","0.00","0.00","40.00","0.00","35.99","0.00","0.00","0 kg","","","","04.06.2018","","","","","","22.12.2011","nein","0.00","0.00","0.00","","","","","","","","","","","","",""
"P79","W","AKKU 53697 Notebook-Akku für Clevo, Li-Ion, 4400 mAh, Ersatzakku neu","","Hardwareteile neu","","","","","0","0","Stck","0.00","0.00","40.00","0.00","35.99","0.00","0.00","0 kg","","","","28.06.2018","","","","","","22.12.2011","nein","0.00","0.00","0.00","","","","","","","","","","","","",""
"","","","","","","","","","","","","","0.00","","0.00","","","0.00","","","","","","","","","","","","","","","","","","","","","","","","","","","",""
"001902","W","Akku 6600mAh für Lenovo T410","","","","","","","0","0","Stck","0.00","0.00","43.00","0.00","0.00","0.00","0.00","0 kg","","","","19.03.2024","","","","","","26.01.2017","ja","0.00","0.00","0.00","","Lenovo / IBM","0","0","0","","","","","","","",""
"","","","","","","","","","","","","","0.00","","0.00","","","0.00","","","","","","","","","","","","","","","","","","","","","","","","","","","",""
"001910","W","Akku Acer","","","","","","","0","0","Stck","0.00","0.00","70.00","0.00","0.00","0.00","0.00","1.1 kg","","","","07.08.2018","","","","","","07.02.2017","ja","0.00","0.00","0.00","","HP / Compaq","120","350","50","","","","","","","",""
"001910","W","Akku Acer","","","","","","","0","0","Stck","0.00","0.00","70.00","0.00","0.00","0.00","0.00","1.1 kg","","","","17.08.2018","","","","","","07.02.2017","ja","0.00","0.00","0.00","","HP / Compaq","120","350","50","","","","","","","",""
"","","","","","","","","","","","","","0.00","","0.00","","","0.00","","","","","","","","","","","","","","","","","","","","","","","","","","","",""
"001906","W","Akku Acer AS10D73","","","","","","","0","0","Stck","0.00","0.00","30.00","0.00","0.00","0.00","0.00","0 kg","","","","19.10.2023","","","","","","30.01.2017","ja","0.00","0.00","0.00","","diverse","0","0","0","","","","","","","",""
"001906","W","Akku Acer AS10D73","","","","","","","0","0","Stck","0.00","0.00","30.00","0.00","0.00","0.00","0.00","0 kg","","","","15.11.2023","","","","","","30.01.2017","ja","0.00","0.00","0.00","","diverse","0","0","0","","","","","","","",""
"","","","","","","","","","","","","","0.00","","0.00","","","0.00","","","","","","","","","","","","","","","","","","","","","","","","","","","",""
"D1","D","Akku Aus-und Einbauen","","Dienstleistung","","","","","0","0","Std","0.00","0.00","70.00","0.00","50.37","0.00","0.00","0 kg","","","","03.02.2025","","","","","","09.04.2007","nein","0.00","0.00","0.00","","","","","","","","","","","","",""
"","","","","","","","","","","","","","0.00","","0.00","","","0.00","","","","","","","","","","","","","","","","","","","","","","","","","","","",""
"D1","D","Akku-Bestellung und Einbau","","Dienstleistung","","","","","0","0","Std","0.00","0.00","70.00","0.00","50.37","0.00","0.00","0 kg","","","","30.10.2024","","","","","","09.04.2007","nein","0.00","0.00","0.00","","","","","","","","","","","","",""
"D1","D","Akku-Bestellung und Einbau","","Dienstleistung","","","","","0","0","Std","0.00","0.00","70.00","0.00","50.37","0.00","0.00","0 kg","","","","30.10.2024","","","","","","09.04.2007","nein","0.00","0.00","0.00","","","","","","","","","","","","",""
"","","","","","","","","","","","","","0.00","","0.00","","","0.00","","","","","","","","","","","","","","","","","","","","","","","","","","","",""
"001906","W","Akku diverse Hersteller","","","","","","","0","0","Stck","0.00","0.00","50.00","0.00","0.00","0.00","0.00","0 kg","","","","24.03.2023","","","","","","30.01.2017","ja","0.00","0.00","0.00","","diverse","0","0","0","","","","","","","",""
"001906","W","Akku diverse Hersteller","","","","","","","0","0","Stck","0.00","0.00","50.00","0.00","0.00","0.00","0.00","0 kg","","","","01.09.2023","","","","","","30.01.2017","ja","0.00","0.00","0.00","","diverse","0","0","0","","","","","","","",""
"001906","W","Akku diverse Hersteller","","","","","","","0","0","Stck","0.00","0.00","13.00","0.00","0.00","0.00","0.00","0 kg","","","","07.05.2025","","","","","","30.01.2017","ja","0.00","0.00","0.00","","diverse","0","0","0","","","","","","","",""
"001906","W","Akku diverse Hersteller","","","","","","","0","0","Stck","0.00","0.00","13.00","0.00","0.00","0.00","0.00","0 kg","","","","04.06.2025","","","","","","30.01.2017","ja","0.00","0.00","0.00","","diverse","0","0","0","","","","","","","",""
"","","","","","","","","","","","","","0.00","","0.00","","","0.00","","","","","","","","","","","","","","","","","","","","","","","","","","","",""
"D","D","Akku einabauen","","Kundengerät","","","","","0","0","Stck","0.00","0.00","50.00","0.00","0.00","0.00","0.00","0 kg","","","","08.01.2019","","","","","","08.01.2019","nein","0.00","0.00","0.00","","","","","","","","","","","","",""
"","","","","","","","","","","","","","0.00","","0.00","","","0.00","","","","","","","","","","","","","","","","","","","","","","","","","","","",""
"D1","D","Akku-Einbau","","Dienstleistung","","","","","0","0","Std","0.00","0.00","70.00","0.00","50.37","0.00","0.00","0 kg","","","","02.12.2024","","","","","","09.04.2007","nein","0.00","0.00","0.00","","","","","","","","","","","","",""
"D1","D","Akku-Einbau","","Dienstleistung","","","","","0","0","Std","0.00","0.00","70.00","0.00","50.37","0.00","0.00","0 kg","","","","02.12.2024","","","","","","09.04.2007","nein","0.00","0.00","0.00","","","","","","","","","","","","",""
"D1","D","Akku-Einbau","","Dienstleistung","","","","","0","0","Std","0.00","0.00","70.00","0.00","50.37","0.00","0.00","0 kg","","","","04.12.2024","","","","","","09.04.2007","nein","0.00","0.00","0.00","","","","","","","","","","","","",""
"","","","","","","","","","","","","","0.00","","0.00","","","0.00","","","","","","","","","","","","","","","","","","","","","","","","","","","",""
"D1","D","Akku einbauen","","Dienstleistung","","","","","0","0","Std","0.00","0.00","70.00","0.00","50.37","0.00","0.00","0 kg","","","","13.11.2024","","","","","","09.04.2007","nein","0.00","0.00","0.00","","","","","","","","","","","","",""
"D1","D","Akku einbauen","","Dienstleistung","","","","","0","0","Std","0.00","0.00","35.00","0.00","50.37","0.00","0.00","0 kg","","","","23.12.2024","","","","","","09.04.2007","nein","0.00","0.00","0.00","","","","","","","","","","","","",""
"","","","","","","","","","","","","","0.00","","0.00","","","0.00","","","","","","","","","","","","","","","","","","","","","","","","","","","",""
"P12","W","Akku FRU P/N 42T4540 für Lenovo Thinkpad X200","","Zubehör","","","","","0","0","Stck","0.00","0.00","20.00","0.00","16.81","0.00","0.00","0 kg","","","","12.05.2017","11S42T4541Z1ZEAB88W05J","","","","","17.08.2007","nein","0.00","0.00","0.00","","","","","","","","","","","","",""
"","","","","","","","","","","","","","0.00","","0.00","","","0.00","","","","","","","","","","","","","","","","","","","","","","","","","","","",""
"001906","W","Akku für Acer Aspire V5-131","","","","","","","0","0","Stck","0.00","0.00","40.00","0.00","0.00","0.00","0.00","0 kg","","","","14.01.2022","","","","","","30.01.2017","ja","0.00","0.00","0.00","","diverse","0","0","0","","","","","","","",""
"001906","W","Akku für Acer Aspire V5-131","","","","","","","0","0","Stck","0.00","0.00","40.00","0.00","0.00","0.00","0.00","0 kg","","","","21.01.2022","","","","","","30.01.2017","ja","0.00","0.00","0.00","","diverse","0","0","0","","","","","","","",""
"","","","","","","","","","","","","","0.00","","0.00","","","0.00","","","","","","","","","","","","","","","","","","","","","","","","","","","",""
"001901","W","Akku für Dell Precision M6700","","","","","","","0","0","Stck","0.00","0.00","40.00","0.00","20.33","0.00","0.00","0 kg","","","","01.04.2021","","","","","","26.01.2017","ja","0.00","0.00","0.00","","Dell","0","0","0","","","","","","","",""
"","","","","","","","","","","","","","0.00","","0.00","","","0.00","","","","","","","","","","","","","","","","","","","","","","","","","","","",""
"001900","W","Akku für HP 15s-fq1705nz","","","","","","","0","0","Stck","0.00","0.00","40.00","0.00","0.00","0.00","0.00","0 kg","","","","25.06.2024","","","","","","26.01.2017","ja","0.00","0.00","0.00","","HP / Compaq","0","0","0","","","","","","","",""
"001900","W","Akku für HP 15s-fq1705nz","","","","","","","0","0","Stck","0.00","0.00","40.00","0.00","0.00","0.00","0.00","0 kg","","","","26.06.2024","","","","","","26.01.2017","ja","0.00","0.00","0.00","","HP / Compaq","0","0","0","","","","","","","",""
"","","","","","","","","","","","","","0.00","","0.00","","","0.00","","","","","","","","","","","","","","","","","","","","","","","","","","","",""
"001900","W","Akku für HP Pavilion dm3-1040ez","","","","","","","0","0","Stck","0.00","0.00","40.00","0.00","0.00","0.00","0.00","0 kg","","","","26.10.2025","","","","","","26.01.2017","ja","0.00","0.00","0.00","","HP / Compaq","0","0","0","","","","","","","",""
"","","","","","","","","","","","","","0.00","","0.00","","","0.00","","","","","","","","","","","","","","","","","","","","","","","","","","","",""
"001900","W","Akku für HP Probook 4540s","","","","","","","0","0","Stck","0.00","0.00","50.00","0.00","0.00","0.00","0.00","0 kg","","","","04.07.2024","","","","","","26.01.2017","ja","0.00","0.00","0.00","","HP / Compaq","0","0","0","","","","","","","",""
"","","","","","","","","","","","","","0.00","","0.00","","","0.00","","","","","","","","","","","","","","","","","","","","","","","","","","","",""
"P79","W","Akku für HP ProBook 4730s / 4740s - PR08 (14.4V) (4400mAh) Ersatzakku, SKU: 912950","","Hardwareteile neu","","","","","0","0","Stck","0.00","0.00","33.95","0.00","35.99","0.00","0.00","0 kg","","","","18.06.2018","","","","","","22.12.2011","nein","0.00","0.00","0.00","","","","","","","","","","","","",""
"","","","","","","","","","","","","","0.00","","0.00","","","0.00","","","","","","","","","","","","","","","","","","","","","","","","","","","",""
"001900","W","Akku für HP x360 Convertible 15-dr1996nz","","","","","","","0","0","Stck","0.00","0.00","80.00","0.00","0.00","0.00","0.00","0 kg","","","","13.11.2024","","","","","","26.01.2017","ja","0.00","0.00","0.00","","HP / Compaq","0","0","0","","","","","","","",""
"001900","W","Akku für HP x360 Convertible 15-dr1996nz","","","","","","","0","0","Stck","0.00","0.00","80.00","0.00","0.00","0.00","0.00","0 kg","","","","23.12.2024","","","","","","26.01.2017","ja","0.00","0.00","0.00","","HP / Compaq","0","0","0","","","","","","","",""
"","","","","","","","","","","","","","0.00","","0.00","","","0.00","","","","","","","","","","","","","","","","","","","","","","","","","","","",""
"P79","W","Akku für Latitude E6540","","Hardwareteile neu","","","","","0","0","Stck","0.00","0.00","50.00","0.00","35.99","0.00","0.00","0 kg","","","","02.09.2025","","","","","","22.12.2011","nein","0.00","0.00","0.00","","","","","","","","","","","","",""
"P79","W","Akku für Latitude E6540","","Hardwareteile neu","","","","","0","0","Stck","0.00","0.00","50.00","0.00","35.99","0.00","0.00","0 kg","","","","30.10.2025","","","","","","22.12.2011","nein","0.00","0.00","0.00","","","","","","","","","","","","",""
"","","","","","","","","","","","","","0.00","","0.00","","","0.00","","","","","","","","","","","","","","","","","","","","","","","","","","","",""
"001902","W","Akku für Lenovo IdeaPad C340-14API","","","","","","","0","0","Stck","0.00","0.00","40.00","0.00","0.00","0.00","0.00","0 kg","","","","06.05.2024","","","","","","26.01.2017","ja","0.00","0.00","0.00","","Lenovo / IBM","0","0","0","","","","","","","",""
"001902","W","Akku für Lenovo IdeaPad C340-14API","","","","","","","0","0","Stck","0.00","0.00","40.00","0.00","0.00","0.00","0.00","0 kg","","","","07.05.2024","","","","","","26.01.2017","ja","0.00","0.00","0.00","","Lenovo / IBM","0","0","0","","","","","","","",""
"","","","","","","","","","","","","","0.00","","0.00","","","0.00","","","","","","","","","","","","","","","","","","","","","","","","","","","",""
"001902","W","Akku für Lenovo Yoga C940-14IIL","","","","","","","0","0","Stck","0.00","0.00","50.00","0.00","0.00","0.00","0.00","0 kg","","","","09.01.2025","","","","","","26.01.2017","ja","0.00","0.00","0.00","","Lenovo / IBM","0","0","0","","","","","","","",""
"001902","W","Akku für Lenovo Yoga C940-14IIL","","","","","","","0","0","Stck","0.00","0.00","50.00","0.00","0.00","0.00","0.00","0 kg","","","","27.01.2025","","","","","","26.01.2017","ja","0.00","0.00","0.00","","Lenovo / IBM","0","0","0","","","","","","","",""
"","","","","","","","","","","","","","0.00","","0.00","","","0.00","","","","","","","","","","","","","","","","","","","","","","","","","","","",""
"001903","W","Akku für MacBook Pro","","","","","","","0","0","Stck","0.00","0.00","0.00","0.00","37.45","0.00","0.00","0 kg","","","","22.03.2021","","","","","","26.01.2017","ja","0.00","0.00","0.00","","Apple","0","0","0","","","","","","","",""
"","","","","","","","","","","","","","0.00","","0.00","","","0.00","","","","","","","","","","","","","","","","","","","","","","","","","","","",""
"P79","W","Akku für Typ HSTNN−C54C 7800mAh 10,8V, 7800mAh/84WhAkku für Typ HSTNN−C54C 7800mAh 10,8V, 7800mAh/84Wh, Li−Ion, Schwarz, 204mm x 57mm x 40mm, Powery N2CQ35−E","","Hardwareteile neu","","","","","0","0","Stck","0.00","0.00","93.90","0.00","35.99","0.00","0.00","0 kg","","","","29.09.2015","","","","","","22.12.2011","nein","0.00","0.00","0.00","","","","","","","","","","","","",""
"","","","","","","","","","","","","","0.00","","0.00","","","0.00","","","","","","","","","","","","","","","","","","","","","","","","","","","",""
"P12","W","Akku HP 10.8V 47Wh","","Zubehör","","","","","0","0","Stck","0.00","0.00","20.00","0.00","16.81","0.00","0.00","0 kg","","","","23.12.2014","","","","","","17.08.2007","nein","0.00","0.00","0.00","","","","","","","","","","","","",""
"K0069","W","Akku HP 10.8V 47Wh","Kunde sucht zweiten identischen Akku","Kundengerät","","","","","0","0","Stck","0.00","0.00","0.00","0.00","0.00","0.00","0.00","0 kg","","","","03.12.2014","","","","","","03.12.2014","nein","0.00","0.00","0.00","","","","","","","","","","","","",""
"K0069","W","Akku HP 10.8V 47Wh","Kunde sucht zweiten identischen Akku","Kundengerät","","","","","0","0","Stck","0.00","0.00","0.00","0.00","0.00","0.00","0.00","0 kg","","","","23.12.2014","","","","","","03.12.2014","nein","0.00","0.00","0.00","","","","","","","","","","","","",""
"K0069","W","Akku HP 10.8V 47Wh","Kunde sucht zweiten identischen Akku","Kundengerät","","","","","0","0","Stck","0.00","0.00","20.00","0.00","0.00","0.00","0.00","0 kg","","","","23.12.2014","","","","","","03.12.2014","nein","0.00","0.00","0.00","","","","","","","","","","","","",""
"K0069","W","Akku HP 10.8V 47Wh","Kunde sucht zweiten identischen Akku","Kundengerät","","","","","0","0","Stck","0.00","0.00","20.00","0.00","0.00","0.00","0.00","0 kg","","","","06.01.2015","","","","","","03.12.2014","nein","0.00","0.00","0.00","","","","","","","","","","","","",""
"","","","","","","","","","","","","","0.00","","0.00","","","0.00","","","","","","","","","","","","","","","","","","","","","","","","","","","",""
"K0124","W","Akku HSTNN-IB12/LB12/PB991A 10.8V, 5200mAhzu HP Compaq nc4400","","Kundengerät","","","","","0","0","Stck","0.00","0.00","0.00","0.00","0.00","0.00","0.00","0 kg","","","","08.12.2015","","","","","","08.05.2015","nein","0.00","0.00","0.00","","","","","","","","","","","","",""
"","","","","","","","","","","","","","0.00","","0.00","","","0.00","","","","","","","","","","","","","","","","","","","","","","","","","","","",""
"001902","W","Akku IBM/Lenovo 9Zellen für Lenovo Thinkpad T61 etc.","","","","","","","0","0","Stck","0.00","0.00","30.00","0.00","0.00","0.00","0.00","0 kg","","","","16.11.2019","","","","","","26.01.2017","ja","0.00","0.00","0.00","","Lenovo / IBM","0","0","0","","","","","","","",""
"","","","","","","","","","","","","","0.00","","0.00","","","0.00","","","","","","","","","","","","","","","","","","","","","","","","","","","",""
"001903","W","Akku kompatibel mit A1618 für MacBook 15"" Pro Mid-2015","","","","","","","0","0","Stck","0.00","0.00","50.00","0.00","37.45","0.00","0.00","0 kg","","","","22.07.2024","","","","","","26.01.2017","ja","0.00","0.00","0.00","","Apple","0","0","0","","","","","","","",""
"001903","W","Akku kompatibel mit A1618 für MacBook 15"" Pro Mid-2015","","","","","","","0","0","Stck","0.00","0.00","50.00","0.00","37.45","0.00","0.00","0 kg","","","","22.07.2024","","","","","","26.01.2017","ja","0.00","0.00","0.00","","Apple","0","0","0","","","","","","","",""
"","","","","","","","","","","","","","0.00","","0.00","","","0.00","","","","","","","","","","","","","","","","","","","","","","","","","","","",""
"001902","W","Akku kompatibel zu Lenovo Thinkpad X61s 5200mAh","","","","","","","0","0","Stck","0.00","0.00","40.00","0.00","0.00","0.00","0.00","0 kg","","","","28.03.2021","","","","","","26.01.2017","ja","0.00","0.00","0.00","","Lenovo / IBM","0","0","0","","","","","","","",""
"","","","","","","","","","","","","","0.00","","0.00","","","0.00","","","","","","","","","","","","","","","","","","","","","","","","","","","",""
"p130","W","Akku Ladegerät","","","","","","","0","0","Stck","0.00","0.00","10.00","0.00","0.00","0.00","0.00","0 kg","","","","17.09.2015","","","","","","17.09.2015","nein","0.00","0.00","0.00","","","","","","","","","","","","",""
"p130","W","Akku Ladegerät","","","","","","","0","0","Stck","0.00","0.00","20.00","0.00","0.00","0.00","0.00","0 kg","","","","20.02.2018","","","","","","17.09.2015","nein","0.00","0.00","0.00","","","","","","","","","","","","",""
"p130","W","Akku Ladegerät","","","","","","","0","0","Stck","0.00","0.00","20.00","0.00","0.00","0.00","0.00","0 kg","","","","09.01.2019","","","","","","17.09.2015","nein","0.00","0.00","0.00","","","","","","","","","","","","",""
"p130","W","Akku Ladegerät","","","","","","","0","0","Stck","0.00","0.00","30.00","0.00","0.00","0.00","0.00","0 kg","","","","29.09.2023","","","","","","17.09.2015","nein","0.00","0.00","0.00","","","","","","","","","","","","",""
"p130","W","Akku Ladegerät","","","","","","","0","0","Stck","0.00","0.00","20.00","0.00","0.00","0.00","0.00","0 kg","","","","22.05.2025","","","","","","17.09.2015","nein","0.00","0.00","0.00","","","","","","","","","","","","",""
"p130","W","Akku Ladegerät","","","","","","","0","0","Stck","0.00","0.00","20.00","0.00","0.00","0.00","0.00","0 kg","","","","23.05.2025","","","","","","17.09.2015","nein","0.00","0.00","0.00","","","","","","","","","","","","",""
"","","","","","","","","","","","","","0.00","","0.00","","","0.00","","","","","","","","","","","","","","","","","","","","","","","","","","","",""
"p130","W","Akku Ladegerät 12V","","","","","","","0","0","Stck","0.00","0.00","10.00","0.00","0.00","0.00","0.00","0 kg","","","","21.09.2023","","","","","","17.09.2015","nein","0.00","0.00","0.00","","","","","","","","","","","","",""
"","","","","","","","","","","","","","0.00","","0.00","","","0.00","","","","","","","","","","","","","","","","","","","","","","","","","","","",""
"P79","W","Akku Lenovo FRU 42T5212, 42T4514, 42T4516","","Hardwareteile neu","","","","","0","0","Stck","0.00","0.00","65.18","0.00","35.99","0.00","0.00","0 kg","","","","15.11.2017","","","","","","22.12.2011","nein","0.00","0.00","0.00","","","","","","","","","","","","",""
"","","","","","","","","","","","","","0.00","","0.00","","","0.00","","","","","","","","","","","","","","","","","","","","","","","","","","","",""
"001902","W","Akkus IBM","","","","","","","0","0","Stck","0.00","0.00","20.00","0.00","0.00","0.00","0.00","0 kg","","","","22.02.2019","","","","","","26.01.2017","ja","0.00","0.00","0.00","","Lenovo / IBM","0","0","0","","","","","","","",""
"","","","","","","","","","","","","","0.00","","0.00","","","0.00","","","","","","","","","","","","","","","","","","","","","","","","","","","",""
"001902","W","Akkus IBM für 201x","","","","","","","0","0","Stck","0.00","0.00","30.00","0.00","0.00","0.00","0.00","0 kg","","","","27.10.2017","","","","","","26.01.2017","ja","0.00","0.00","0.00","","Lenovo / IBM","0","0","0","","","","","","","",""
"","","","","","","","","","","","","","0.00","","0.00","","","0.00","","","","","","","","","","","","","","","","","","","","","","","","","","","",""
"001906","W","Akkus versch.","","","","","","","0","0","Stck","0.00","0.00","30.00","0.00","0.00","0.00","0.00","0 kg","","","","26.07.2017","","","","","","30.01.2017","ja","0.00","0.00","0.00","","diverse","0","0","0","","","","","","","",""
"","","","","","","","","","","","","","0.00","","0.00","","","0.00","","","","","","","","","","","","","","","","","","","","","","","","","","","",""
"P123","W","Akku Toshiba PA3399U-2BRS","","","","","","","0","0","Stck","0.00","0.00","15.00","0.00","0.00","0.00","0.00","0.2 kg","","","","","","","","","","15.10.2014","nein","0.00","0.00","0.00","","","","","","","","","","","","",""
"P124","W","Akku Toshiba PA3399U-2BRS","","","","","","","0","0","Stck","0.00","0.00","15.00","0.00","0.00","0.00","0.00","0.2 kg","","","","15.10.2014","","","","","","15.10.2014","nein","0.00","0.00","0.00","","","","","","","","","","","","",""
"","","","","","","","","","","","","","0.00","","0.00","","","0.00","","","","","","","","","","","","","","","","","","","","","","","","","","","",""
"001906","W","Akku wiederaufladbar 1.2V","","","","","","","0","0","Stck","0.00","0.00","1.25","0.00","0.00","0.00","0.00","0 kg","","","","21.03.2022","","","","","","30.01.2017","ja","0.00","0.00","0.00","","diverse","0","0","0","","","","","","","",""
"","","","","","","","","","","","","","0.00","","0.00","","","0.00","","","","","","","","","","","","","","","","","","","","","","","","","","","",""
"001906","W","Akku zu Why-W253EU Laptop","","","","","","","0","0","Stck","0.00","0.00","25.00","0.00","0.00","0.00","0.00","0 kg","","","","22.11.2024","","","","","","30.01.2017","ja","0.00","0.00","0.00","","diverse","0","0","0","","","","","","","",""
"","","","","","","","","","","","","","0.00","","0.00","","","0.00","","","","","","","","","","","","","","","","","","","","","","","","","","","",""
"D20","D","Akontorechnung für Arbeiten am Projekt Euromayday","","Dienstleistung","","","","","0","0","psch","0.00","0.00","2'500.00","0.00","500.00","0.00","0.00","0 kg","","","","19.12.2014","","","","","","02.01.2009","nein","0.00","0.00","0.00","","","","","","","","","","","","",""
"","","","","","","","","","","","","","0.00","","0.00","","","0.00","","","","","","","","","","","","","","","","","","","","","","","","","","","",""
"D12","D","Akontoverrechnung von zusätzlichem Support- und Anpassungsaufwand fürs Einrichten von kivitendo","","Dienstleistung (Stunden)","","","","","0","0","Std","0.00","0.00","100.00","0.00","0.00","0.00","0.00","0 kg","","","","10.04.2018","","","","","","29.09.2007","nein","0.00","0.00","0.00","","","","","","","","","","","","",""
"","","","","","","","","","","","","","0.00","","0.00","","","0.00","","","","","","","","","","","","","","","","","","","","","","","","","","","",""
"D40","D","Akonto-Zahlung","Artikelposition für Akonto-Rechnungen. Bitte diese Rechnungen nicht buchen, sondern nur als Entwurf ohne Rechnungsnummer speichern. Als Beschreibung &quot;Akonto&quot; zusammen mit der Auftragsnummer eintragen. Zahlungseingänge auf Akonto-Rechnungen werden erst beim Erstellen der definitiven Rechnung verbucht. Anschliessend kann der Entwurf der Akonto-Rechnung wieder gelöscht werden.","Geldbetraege","","","","","0","0","Stck","0.00","0.00","500.00","0.00","0.00","0.00","0.00","0 kg","","","","23.10.2018","","","","","","10.01.2015","nein","0.00","0.00","0.00","","","","","","","","","","","","",""
"D40","D","Akonto-Zahlung","Artikelposition für Akonto-Rechnungen. Bitte diese Rechnungen nicht buchen, sondern nur als Entwurf ohne Rechnungsnummer speichern. Als Beschreibung &quot;Akonto&quot; zusammen mit der Auftragsnummer eintragen. Zahlungseingänge auf Akonto-Rechnungen werden erst beim Erstellen der definitiven Rechnung verbucht. Anschliessend kann der Entwurf der Akonto-Rechnung wieder gelöscht werden.","Geldbetraege","","","","","0","0","Stck","0.00","0.00","20.00","0.00","0.00","0.00","0.00","0 kg","","","","24.10.2018","","","","","","10.01.2015","nein","0.00","0.00","0.00","","","","","","","","","","","","",""
"D40","D","Akonto-Zahlung","Artikelposition für Akonto-Rechnungen. Bitte diese Rechnungen nicht buchen, sondern nur als Entwurf ohne Rechnungsnummer speichern. Als Beschreibung &quot;Akonto&quot; zusammen mit der Auftragsnummer eintragen. Zahlungseingänge auf Akonto-Rechnungen werden erst beim Erstellen der definitiven Rechnung verbucht. Anschliessend kann der Entwurf der Akonto-Rechnung wieder gelöscht werden.","Geldbetraege","","","","","0","0","Stck","0.00","0.00","-20.00","0.00","0.00","0.00","0.00","0 kg","","","","22.01.2019","","","","","","10.01.2015","nein","0.00","0.00","0.00","","","","","","","","","","","","",""
"D40","D","Akonto-Zahlung","Artikelposition für Akonto-Rechnungen. Bitte diese Rechnungen nicht buchen, sondern nur als Entwurf ohne Rechnungsnummer speichern. Als Beschreibung &quot;Akonto&quot; zusammen mit der Auftragsnummer eintragen. Zahlungseingänge auf Akonto-Rechnungen werden erst beim Erstellen der definitiven Rechnung verbucht. Anschliessend kann der Entwurf der Akonto-Rechnung wieder gelöscht werden.","Geldbetraege","","","","","0","0","Stck","0.00","0.00","1'000.00","0.00","0.00","0.00","0.00","0 kg","","","","17.05.2019","","","","","","10.01.2015","nein","0.00","0.00","0.00","","","","","","","","","","","","",""
"D40","D","Akonto-Zahlung","Artikelposition für Akonto-Rechnungen. Bitte diese Rechnungen nicht buchen, sondern nur als Entwurf ohne Rechnungsnummer speichern. Als Beschreibung &quot;Akonto&quot; zusammen mit der Auftragsnummer eintragen. Zahlungseingänge auf Akonto-Rechnungen werden erst beim Erstellen der definitiven Rechnung verbucht. Anschliessend kann der Entwurf der Akonto-Rechnung wieder gelöscht werden.","Geldbetraege","","","","","0","0","Stck","0.00","0.00","100.00","0.00","0.00","0.00","0.00","0 kg","","","","02.11.2021","","","","","","10.01.2015","nein","0.00","0.00","0.00","","","","","","","","","","","","",""
"D40","D","Akonto-Zahlung","Artikelposition für Akonto-Rechnungen. Bitte diese Rechnungen nicht buchen, sondern nur als Entwurf ohne Rechnungsnummer speichern. Als Beschreibung &quot;Akonto&quot; zusammen mit der Auftragsnummer eintragen. Zahlungseingänge auf Akonto-Rechnungen werden erst beim Erstellen der definitiven Rechnung verbucht. Anschliessend kann der Entwurf der Akonto-Rechnung wieder gelöscht werden.","Geldbetraege","","","","","0","0","Stck","0.00","0.00","100.00","0.00","0.00","0.00","0.00","0 kg","","","","07.01.2022","","","","","","10.01.2015","nein","0.00","0.00","0.00","","","","","","","","","","","","",""
"D40","D","Akonto-Zahlung","Artikelposition für Akonto-Rechnungen. Bitte diese Rechnungen nicht buchen, sondern nur als Entwurf ohne Rechnungsnummer speichern. Als Beschreibung &quot;Akonto&quot; zusammen mit der Auftragsnummer eintragen. Zahlungseingänge auf Akonto-Rechnungen werden erst beim Erstellen der definitiven Rechnung verbucht. Anschliessend kann der Entwurf der Akonto-Rechnung wieder gelöscht werden.","Geldbetraege","","","","","0","0","Stck","0.00","0.00","40.00","0.00","0.00","0.00","0.00","0 kg","","","","18.01.2022","","","","","","10.01.2015","nein","0.00","0.00","0.00","","","","","","","","","","","","",""
"D40","D","Akonto-Zahlung","Artikelposition für Akonto-Rechnungen. Bitte diese Rechnungen nicht buchen, sondern nur als Entwurf ohne Rechnungsnummer speichern. Als Beschreibung &quot;Akonto&quot; zusammen mit der Auftragsnummer eintragen. Zahlungseingänge auf Akonto-Rechnungen werden erst beim Erstellen der definitiven Rechnung verbucht. Anschliessend kann der Entwurf der Akonto-Rechnung wieder gelöscht werden.","Geldbetraege","","","","","0","0","Stck","0.00","0.00","40.00","0.00","0.00","0.00","0.00","0 kg","","","","26.01.2022","","","","","","10.01.2015","nein","0.00","0.00","0.00","","","","","","","","","","","","",""
"D40","D","Akonto-Zahlung","Artikelposition für Akonto-Rechnungen. Bitte diese Rechnungen nicht buchen, sondern nur als Entwurf ohne Rechnungsnummer speichern. Als Beschreibung &quot;Akonto&quot; zusammen mit der Auftragsnummer eintragen. Zahlungseingänge auf Akonto-Rechnungen werden erst beim Erstellen der definitiven Rechnung verbucht. Anschliessend kann der Entwurf der Akonto-Rechnung wieder gelöscht werden.","Geldbetraege","","","","","0","0","Stck","0.00","0.00","20.00","0.00","0.00","0.00","0.00","0 kg","","","","10.02.2022","","","","","","10.01.2015","nein","0.00","0.00","0.00","","","","","","","","","","","","",""
"D40","D","Akonto-Zahlung","Artikelposition für Akonto-Rechnungen. Bitte diese Rechnungen nicht buchen, sondern nur als Entwurf ohne Rechnungsnummer speichern. Als Beschreibung &quot;Akonto&quot; zusammen mit der Auftragsnummer eintragen. Zahlungseingänge auf Akonto-Rechnungen werden erst beim Erstellen der definitiven Rechnung verbucht. Anschliessend kann der Entwurf der Akonto-Rechnung wieder gelöscht werden.","Geldbetraege","","","","","0","0","Stck","0.00","0.00","20.00","0.00","0.00","0.00","0.00","0 kg","","","","10.02.2022","","","","","","10.01.2015","nein","0.00","0.00","0.00","","","","","","","","","","","","",""
"D40","D","Akonto-Zahlung","Artikelposition für Akonto-Rechnungen. Bitte diese Rechnungen nicht buchen, sondern nur als Entwurf ohne Rechnungsnummer speichern. Als Beschreibung &quot;Akonto&quot; zusammen mit der Auftragsnummer eintragen. Zahlungseingänge auf Akonto-Rechnungen werden erst beim Erstellen der definitiven Rechnung verbucht. Anschliessend kann der Entwurf der Akonto-Rechnung wieder gelöscht werden.","Geldbetraege","","","","","0","0","Stck","0.00","0.00","700.00","0.00","0.00","0.00","0.00","0 kg","","","","22.02.2023","","","","","","10.01.2015","nein","0.00","0.00","0.00","","","","","","","","","","","","",""
"D40","D","Akonto-Zahlung","Artikelposition für Akonto-Rechnungen. Bitte diese Rechnungen nicht buchen, sondern nur als Entwurf ohne Rechnungsnummer speichern. Als Beschreibung &quot;Akonto&quot; zusammen mit der Auftragsnummer eintragen. Zahlungseingänge auf Akonto-Rechnungen werden erst beim Erstellen der definitiven Rechnung verbucht. Anschliessend kann der Entwurf der Akonto-Rechnung wieder gelöscht werden.","Geldbetraege","","","","","0","0","Stck","0.00","0.00","50.00","0.00","0.00","0.00","0.00","0 kg","","","","15.05.2023","","","","","","10.01.2015","nein","0.00","0.00","0.00","","","","","","","","","","","","",""
"D40","D","Akonto-Zahlung","Artikelposition für Akonto-Rechnungen. Bitte diese Rechnungen nicht buchen, sondern nur als Entwurf ohne Rechnungsnummer speichern. Als Beschreibung &quot;Akonto&quot; zusammen mit der Auftragsnummer eintragen. Zahlungseingänge auf Akonto-Rechnungen werden erst beim Erstellen der definitiven Rechnung verbucht. Anschliessend kann der Entwurf der Akonto-Rechnung wieder gelöscht werden.","Geldbetraege","","","","","0","0","Stck","0.00","0.00","-50.00","0.00","0.00","0.00","0.00","0 kg","","","","15.05.2023","","","","","","10.01.2015","nein","0.00","0.00","0.00","","","","","","","","","","","","",""
"D40","D","Akonto-Zahlung","Artikelposition für Akonto-Rechnungen. Bitte diese Rechnungen nicht buchen, sondern nur als Entwurf ohne Rechnungsnummer speichern. Als Beschreibung &quot;Akonto&quot; zusammen mit der Auftragsnummer eintragen. Zahlungseingänge auf Akonto-Rechnungen werden erst beim Erstellen der definitiven Rechnung verbucht. Anschliessend kann der Entwurf der Akonto-Rechnung wieder gelöscht werden.","Geldbetraege","","","","","0","0","Stck","0.00","0.00","150.00","0.00","0.00","0.00","0.00","0 kg","","","","25.05.2023","","","","","","10.01.2015","nein","0.00","0.00","0.00","","","","","","","","","","","","",""
"D40","D","Akonto-Zahlung","Artikelposition für Akonto-Rechnungen. Bitte diese Rechnungen nicht buchen, sondern nur als Entwurf ohne Rechnungsnummer speichern. Als Beschreibung &quot;Akonto&quot; zusammen mit der Auftragsnummer eintragen. Zahlungseingänge auf Akonto-Rechnungen werden erst beim Erstellen der definitiven Rechnung verbucht. Anschliessend kann der Entwurf der Akonto-Rechnung wieder gelöscht werden.","Geldbetraege","","","","","0","0","Stck","0.00","0.00","50.00","0.00","0.00","0.00","0.00","0 kg","","","","13.06.2023","","","","","","10.01.2015","nein","0.00","0.00","0.00","","","","","","","","","","","","",""
"D40","D","Akonto-Zahlung","Artikelposition für Akonto-Rechnungen. Bitte diese Rechnungen nicht buchen, sondern nur als Entwurf ohne Rechnungsnummer speichern. Als Beschreibung &quot;Akonto&quot; zusammen mit der Auftragsnummer eintragen. Zahlungseingänge auf Akonto-Rechnungen werden erst beim Erstellen der definitiven Rechnung verbucht. Anschliessend kann der Entwurf der Akonto-Rechnung wieder gelöscht werden.","Geldbetraege","","","","","0","0","Stck","0.00","0.00","10.00","0.00","0.00","0.00","0.00","0 kg","","","","28.06.2023","","","","","","10.01.2015","nein","0.00","0.00","0.00","","","","","","","","","","","","",""
"D40","D","Akonto-Zahlung","Artikelposition für Akonto-Rechnungen. Bitte diese Rechnungen nicht buchen, sondern nur als Entwurf ohne Rechnungsnummer speichern. Als Beschreibung &quot;Akonto&quot; zusammen mit der Auftragsnummer eintragen. Zahlungseingänge auf Akonto-Rechnungen werden erst beim Erstellen der definitiven Rechnung verbucht. Anschliessend kann der Entwurf der Akonto-Rechnung wieder gelöscht werden.","Geldbetraege","","","","","0","0","Stck","0.00","0.00","-10.00","0.00","0.00","0.00","0.00","0 kg","","","","30.06.2023","","","","","","10.01.2015","nein","0.00","0.00","0.00","","","","","","","","","","","","",""
"D40","D","Akonto-Zahlung","Artikelposition für Akonto-Rechnungen. Bitte diese Rechnungen nicht buchen, sondern nur als Entwurf ohne Rechnungsnummer speichern. Als Beschreibung &quot;Akonto&quot; zusammen mit der Auftragsnummer eintragen. Zahlungseingänge auf Akonto-Rechnungen werden erst beim Erstellen der definitiven Rechnung verbucht. Anschliessend kann der Entwurf der Akonto-Rechnung wieder gelöscht werden.","Geldbetraege","","","","","0","0","Stck","0.00","0.00","-800.00","0.00","0.00","0.00","0.00","0 kg","","","","23.07.2023","","","","","","10.01.2015","nein","0.00","0.00","0.00","","","","","","","","","","","","",""
"D40","D","Akonto-Zahlung","Artikelposition für Akonto-Rechnungen. Bitte diese Rechnungen nicht buchen, sondern nur als Entwurf ohne Rechnungsnummer speichern. Als Beschreibung &quot;Akonto&quot; zusammen mit der Auftragsnummer eintragen. Zahlungseingänge auf Akonto-Rechnungen werden erst beim Erstellen der definitiven Rechnung verbucht. Anschliessend kann der Entwurf der Akonto-Rechnung wieder gelöscht werden.","Geldbetraege","","","","","0","0","Stck","0.00","0.00","20.00","0.00","0.00","0.00","0.00","0 kg","","","","04.09.2023","","","","","","10.01.2015","nein","0.00","0.00","0.00","","","","","","","","","","","","",""
"D40","D","Akonto-Zahlung","Artikelposition für Akonto-Rechnungen. Bitte diese Rechnungen nicht buchen, sondern nur als Entwurf ohne Rechnungsnummer speichern. Als Beschreibung &quot;Akonto&quot; zusammen mit der Auftragsnummer eintragen. Zahlungseingänge auf Akonto-Rechnungen werden erst beim Erstellen der definitiven Rechnung verbucht. Anschliessend kann der Entwurf der Akonto-Rechnung wieder gelöscht werden.","Geldbetraege","","","","","0","0","Stck","0.00","0.00","80.00","0.00","0.00","0.00","0.00","0 kg","","","","10.09.2023","","","","","","10.01.2015","nein","0.00","0.00","0.00","","","","","","","","","","","","",""
"D40","D","Akonto-Zahlung","Artikelposition für Akonto-Rechnungen. Bitte diese Rechnungen nicht buchen, sondern nur als Entwurf ohne Rechnungsnummer speichern. Als Beschreibung &quot;Akonto&quot; zusammen mit der Auftragsnummer eintragen. Zahlungseingänge auf Akonto-Rechnungen werden erst beim Erstellen der definitiven Rechnung verbucht. Anschliessend kann der Entwurf der Akonto-Rechnung wieder gelöscht werden.","Geldbetraege","","","","","0","0","Stck","0.00","0.00","370.00","0.00","0.00","0.00","0.00","0 kg","","","","12.10.2023","","","","","","10.01.2015","nein","0.00","0.00","0.00","","","","","","","","","","","","",""
"D40","D","Akonto-Zahlung","Artikelposition für Akonto-Rechnungen. Bitte diese Rechnungen nicht buchen, sondern nur als Entwurf ohne Rechnungsnummer speichern. Als Beschreibung &quot;Akonto&quot; zusammen mit der Auftragsnummer eintragen. Zahlungseingänge auf Akonto-Rechnungen werden erst beim Erstellen der definitiven Rechnung verbucht. Anschliessend kann der Entwurf der Akonto-Rechnung wieder gelöscht werden.","Geldbetraege","","","","","0","0","Stck","0.00","0.00","250.00","0.00","0.00","0.00","0.00","0 kg","","","","19.10.2023","","","","","","10.01.2015","nein","0.00","0.00","0.00","","","","","","","","","","","","",""
"D40","D","Akonto-Zahlung","Artikelposition für Akonto-Rechnungen. Bitte diese Rechnungen nicht buchen, sondern nur als Entwurf ohne Rechnungsnummer speichern. Als Beschreibung &quot;Akonto&quot; zusammen mit der Auftragsnummer eintragen. Zahlungseingänge auf Akonto-Rechnungen werden erst beim Erstellen der definitiven Rechnung verbucht. Anschliessend kann der Entwurf der Akonto-Rechnung wieder gelöscht werden.","Geldbetraege","","","","","0","0","Stck","0.00","0.00","250.00","0.00","0.00","0.00","0.00","0 kg","","","","05.01.2024","","","","","","10.01.2015","nein","0.00","0.00","0.00","","","","","","","","","","","","",""
"D40","D","Akonto-Zahlung","Artikelposition für Akonto-Rechnungen. Bitte diese Rechnungen nicht buchen, sondern nur als Entwurf ohne Rechnungsnummer speichern. Als Beschreibung &quot;Akonto&quot; zusammen mit der Auftragsnummer eintragen. Zahlungseingänge auf Akonto-Rechnungen werden erst beim Erstellen der definitiven Rechnung verbucht. Anschliessend kann der Entwurf der Akonto-Rechnung wieder gelöscht werden.","Geldbetraege","","","","","0","0","Stck","0.00","0.00","100.00","0.00","0.00","0.00","0.00","0 kg","","","","26.02.2024","","","","","","10.01.2015","nein","0.00","0.00","0.00","","","","","","","","","","","","",""
"D40","D","Akonto-Zahlung","Artikelposition für Akonto-Rechnungen. Bitte diese Rechnungen nicht buchen, sondern nur als Entwurf ohne Rechnungsnummer speichern. Als Beschreibung &quot;Akonto&quot; zusammen mit der Auftragsnummer eintragen. Zahlungseingänge auf Akonto-Rechnungen werden erst beim Erstellen der definitiven Rechnung verbucht. Anschliessend kann der Entwurf der Akonto-Rechnung wieder gelöscht werden.","Geldbetraege","","","","","0","0","Stck","0.00","0.00","65.00","0.00","0.00","0.00","0.00","0 kg","","","","15.04.2024","","","","","","10.01.2015","nein","0.00","0.00","0.00","","","","","","","","","","","","",""
"D40","D","Akonto-Zahlung","Artikelposition für Akonto-Rechnungen. Bitte diese Rechnungen nicht buchen, sondern nur als Entwurf ohne Rechnungsnummer speichern. Als Beschreibung &quot;Akonto&quot; zusammen mit der Auftragsnummer eintragen. Zahlungseingänge auf Akonto-Rechnungen werden erst beim Erstellen der definitiven Rechnung verbucht. Anschliessend kann der Entwurf der Akonto-Rechnung wieder gelöscht werden.","Geldbetraege","","","","","0","0","Stck","0.00","0.00","150.00","0.00","0.00","0.00","0.00","0 kg","","","","15.04.2024","","","","","","10.01.2015","nein","0.00","0.00","0.00","","","","","","","","","","","","",""
"D40","D","Akonto-Zahlung","Artikelposition für Akonto-Rechnungen. Bitte diese Rechnungen nicht buchen, sondern nur als Entwurf ohne Rechnungsnummer speichern. Als Beschreibung &quot;Akonto&quot; zusammen mit der Auftragsnummer eintragen. Zahlungseingänge auf Akonto-Rechnungen werden erst beim Erstellen der definitiven Rechnung verbucht. Anschliessend kann der Entwurf der Akonto-Rechnung wieder gelöscht werden.","Geldbetraege","","","","","0","0","Stck","0.00","0.00","20.00","0.00","0.00","0.00","0.00","0 kg","","","","30.12.2024","","","","","","10.01.2015","nein","0.00","0.00","0.00","","","","","","","","","","","","",""
"D40","D","Akonto-Zahlung","Artikelposition für Akonto-Rechnungen. Bitte diese Rechnungen nicht buchen, sondern nur als Entwurf ohne Rechnungsnummer speichern. Als Beschreibung &quot;Akonto&quot; zusammen mit der Auftragsnummer eintragen. Zahlungseingänge auf Akonto-Rechnungen werden erst beim Erstellen der definitiven Rechnung verbucht. Anschliessend kann der Entwurf der Akonto-Rechnung wieder gelöscht werden.","Geldbetraege","","","","","0","0","Stck","0.00","0.00","550.00","0.00","0.00","0.00","0.00","0 kg","","","","24.02.2025","","","","","","10.01.2015","nein","0.00","0.00","0.00","","","","","","","","","","","","",""
"D40","D","Akonto-Zahlung","Artikelposition für Akonto-Rechnungen. Bitte diese Rechnungen nicht buchen, sondern nur als Entwurf ohne Rechnungsnummer speichern. Als Beschreibung &quot;Akonto&quot; zusammen mit der Auftragsnummer eintragen. Zahlungseingänge auf Akonto-Rechnungen werden erst beim Erstellen der definitiven Rechnung verbucht. Anschliessend kann der Entwurf der Akonto-Rechnung wieder gelöscht werden.","Geldbetraege","","","","","0","0","Stck","0.00","0.00","10.00","0.00","0.00","0.00","0.00","0 kg","","","","11.07.2025","","","","","","10.01.2015","nein","0.00","0.00","0.00","","","","","","","","","","","","",""
"D40","D","Akonto-Zahlung","Artikelposition für Akonto-Rechnungen. Bitte diese Rechnungen nicht buchen, sondern nur als Entwurf ohne Rechnungsnummer speichern. Als Beschreibung &quot;Akonto&quot; zusammen mit der Auftragsnummer eintragen. Zahlungseingänge auf Akonto-Rechnungen werden erst beim Erstellen der definitiven Rechnung verbucht. Anschliessend kann der Entwurf der Akonto-Rechnung wieder gelöscht werden.","Geldbetraege","","","","","0","0","Stck","0.00","0.00","-100.00","0.00","0.00","0.00","0.00","0 kg","","","","04.08.2025","","","","","","10.01.2015","nein","0.00","0.00","0.00","","","","","","","","","","","","",""
"","","","","","","","","","","","","","0.00","","0.00","","","0.00","","","","","","","","","","","","","","","","","","","","","","","","","","","",""
"D40","D","Akonto-Zahlung 50%","Artikelposition für Akonto-Rechnungen. Bitte diese Rechnungen nicht buchen, sondern nur als Entwurf ohne Rechnungsnummer speichern. Als Beschreibung &quot;Akonto&quot; zusammen mit der Auftragsnummer eintragen. Zahlungseingänge auf Akonto-Rechnungen werden erst beim Erstellen der definitiven Rechnung verbucht. Anschliessend kann der Entwurf der Akonto-Rechnung wieder gelöscht werden.","Geldbetraege","","","","","0","0","Stck","0.00","0.00","250.00","0.00","0.00","0.00","0.00","0 kg","","","","28.04.2023","","","","","","10.01.2015","nein","0.00","0.00","0.00","","","","","","","","","","","","",""
"D40","D","Akonto-Zahlung 50%","Artikelposition für Akonto-Rechnungen. Bitte diese Rechnungen nicht buchen, sondern nur als Entwurf ohne Rechnungsnummer speichern. Als Beschreibung &quot;Akonto&quot; zusammen mit der Auftragsnummer eintragen. Zahlungseingänge auf Akonto-Rechnungen werden erst beim Erstellen der definitiven Rechnung verbucht. Anschliessend kann der Entwurf der Akonto-Rechnung wieder gelöscht werden.","Geldbetraege","","","","","0","0","Stck","0.00","0.00","1'250.00","0.00","0.00","0.00","0.00","0 kg","","","","17.09.2023","","","","","","10.01.2015","nein","0.00","0.00","0.00","","","","","","","","","","","","",""
"D40","D","Akonto-Zahlung 50%","Artikelposition für Akonto-Rechnungen. Bitte diese Rechnungen nicht buchen, sondern nur als Entwurf ohne Rechnungsnummer speichern. Als Beschreibung &quot;Akonto&quot; zusammen mit der Auftragsnummer eintragen. Zahlungseingänge auf Akonto-Rechnungen werden erst beim Erstellen der definitiven Rechnung verbucht. Anschliessend kann der Entwurf der Akonto-Rechnung wieder gelöscht werden.","Geldbetraege","","","","","0","0","Stck","0.00","0.00","625.00","0.00","0.00","0.00","0.00","0 kg","","","","26.09.2023","","","","","","10.01.2015","nein","0.00","0.00","0.00","","","","","","","","","","","","",""
"D40","D","Akonto-Zahlung 50%","Artikelposition für Akonto-Rechnungen. Bitte diese Rechnungen nicht buchen, sondern nur als Entwurf ohne Rechnungsnummer speichern. Als Beschreibung &quot;Akonto&quot; zusammen mit der Auftragsnummer eintragen. Zahlungseingänge auf Akonto-Rechnungen werden erst beim Erstellen der definitiven Rechnung verbucht. Anschliessend kann der Entwurf der Akonto-Rechnung wieder gelöscht werden.","Geldbetraege","","","","","0","0","Stck","0.00","0.00","1'025.00","0.00","0.00","0.00","0.00","0 kg","","","","28.11.2023","","","","","","10.01.2015","nein","0.00","0.00","0.00","","","","","","","","","","","","",""
"D40","D","Akonto-Zahlung 50%","Artikelposition für Akonto-Rechnungen. Bitte diese Rechnungen nicht buchen, sondern nur als Entwurf ohne Rechnungsnummer speichern. Als Beschreibung &quot;Akonto&quot; zusammen mit der Auftragsnummer eintragen. Zahlungseingänge auf Akonto-Rechnungen werden erst beim Erstellen der definitiven Rechnung verbucht. Anschliessend kann der Entwurf der Akonto-Rechnung wieder gelöscht werden.","Geldbetraege","","","","","0","0","Stck","0.00","0.00","1'000.00","0.00","0.00","0.00","0.00","0 kg","","","","18.12.2023","","","","","","10.01.2015","nein","0.00","0.00","0.00","","","","","","","","","","","","",""
"D40","D","Akonto-Zahlung 50%","Artikelposition für Akonto-Rechnungen. Bitte diese Rechnungen nicht buchen, sondern nur als Entwurf ohne Rechnungsnummer speichern. Als Beschreibung &quot;Akonto&quot; zusammen mit der Auftragsnummer eintragen. Zahlungseingänge auf Akonto-Rechnungen werden erst beim Erstellen der definitiven Rechnung verbucht. Anschliessend kann der Entwurf der Akonto-Rechnung wieder gelöscht werden.","Geldbetraege","","","","","0","0","Stck","0.00","0.00","750.00","0.00","0.00","0.00","0.00","0 kg","","","","20.12.2023","","","","","","10.01.2015","nein","0.00","0.00","0.00","","","","","","","","","","","","",""
"D40","D","Akonto-Zahlung 50%","Artikelposition für Akonto-Rechnungen. Bitte diese Rechnungen nicht buchen, sondern nur als Entwurf ohne Rechnungsnummer speichern. Als Beschreibung &quot;Akonto&quot; zusammen mit der Auftragsnummer eintragen. Zahlungseingänge auf Akonto-Rechnungen werden erst beim Erstellen der definitiven Rechnung verbucht. Anschliessend kann der Entwurf der Akonto-Rechnung wieder gelöscht werden.","Geldbetraege","","","","","0","0","Stck","0.00","0.00","725.00","0.00","0.00","0.00","0.00","0 kg","","","","13.03.2024","","","","","","10.01.2015","nein","0.00","0.00","0.00","","","","","","","","","","","","",""
"","","","","","","","","","","","","","0.00","","0.00","","","0.00","","","","","","","","","","","","","","","","","","","","","","","","","","","",""
"D40","D","Akonto-Zahlung 50% Auftragssumme","Artikelposition für Akonto-Rechnungen. Bitte diese Rechnungen nicht buchen, sondern nur als Entwurf ohne Rechnungsnummer speichern. Als Beschreibung &quot;Akonto&quot; zusammen mit der Auftragsnummer eintragen. Zahlungseingänge auf Akonto-Rechnungen werden erst beim Erstellen der definitiven Rechnung verbucht. Anschliessend kann der Entwurf der Akonto-Rechnung wieder gelöscht werden.","Geldbetraege","","","","","0","0","Stck","0.00","0.00","4'500.00","0.00","0.00","0.00","0.00","0 kg","","","","23.02.2023","","","","","","10.01.2015","nein","0.00","0.00","0.00","","","","","","","","","","","","",""
"D40","D","Akonto-Zahlung 50% Auftragssumme","Artikelposition für Akonto-Rechnungen. Bitte diese Rechnungen nicht buchen, sondern nur als Entwurf ohne Rechnungsnummer speichern. Als Beschreibung &quot;Akonto&quot; zusammen mit der Auftragsnummer eintragen. Zahlungseingänge auf Akonto-Rechnungen werden erst beim Erstellen der definitiven Rechnung verbucht. Anschliessend kann der Entwurf der Akonto-Rechnung wieder gelöscht werden.","Geldbetraege","","","","","0","0","Stck","0.00","0.00","800.00","0.00","0.00","0.00","0.00","0 kg","","","","13.04.2023","","","","","","10.01.2015","nein","0.00","0.00","0.00","","","","","","","","","","","","",""
"","","","","","","","","","","","","","0.00","","0.00","","","0.00","","","","","","","","","","","","","","","","","","","","","","","","","","","",""
"D40","D","Akonto-Zahlung 50% Erstellung/Übertragung bestehender Homepage martec.ch inkl. responsibler Modus. Pauschal","Artikelposition für Akonto-Rechnungen. Bitte diese Rechnungen nicht buchen, sondern nur als Entwurf ohne Rechnungsnummer speichern. Als Beschreibung &quot;Akonto&quot; zusammen mit der Auftragsnummer eintragen. Zahlungseingänge auf Akonto-Rechnungen werden erst beim Erstellen der definitiven Rechnung verbucht. Anschliessend kann der Entwurf der Akonto-Rechnung wieder gelöscht werden.","Geldbetraege","","","","","0","0","Stck","0.00","0.00","500.00","0.00","0.00","0.00","0.00","0 kg","","","","22.09.2023","","","","","","10.01.2015","nein","0.00","0.00","0.00","","","","","","","","","","","","",""
"","","","","","","","","","","","","","0.00","","0.00","","","0.00","","","","","","","","","","","","","","","","","","","","","","","","","","","",""
"D40","D","Akonto-Zahlung an Reparaturarbeiten","Artikelposition für Akonto-Rechnungen. Bitte diese Rechnungen nicht buchen, sondern nur als Entwurf ohne Rechnungsnummer speichern. Als Beschreibung &quot;Akonto&quot; zusammen mit der Auftragsnummer eintragen. Zahlungseingänge auf Akonto-Rechnungen werden erst beim Erstellen der definitiven Rechnung verbucht. Anschliessend kann der Entwurf der Akonto-Rechnung wieder gelöscht werden.","Geldbetraege","","","","","0","0","Stck","0.00","0.00","170.00","0.00","0.00","0.00","0.00","0 kg","","","","17.10.2016","","","","","","10.01.2015","nein","0.00","0.00","0.00","","","","","","","","","","","","",""
"","","","","","","","","","","","","","0.00","","0.00","","","0.00","","","","","","","","","","","","","","","","","","","","","","","","","","","",""
"D40","D","Akonto-Zahlung (Batterie)","Artikelposition für Akonto-Rechnungen. Bitte diese Rechnungen nicht buchen, sondern nur als Entwurf ohne Rechnungsnummer speichern. Als Beschreibung &quot;Akonto&quot; zusammen mit der Auftragsnummer eintragen. Zahlungseingänge auf Akonto-Rechnungen werden erst beim Erstellen der definitiven Rechnung verbucht. Anschliessend kann der Entwurf der Akonto-Rechnung wieder gelöscht werden.","Geldbetraege","","","","","0","0","Stck","0.00","0.00","-50.00","0.00","0.00","0.00","0.00","0 kg","","","","01.09.2023","","","","","","10.01.2015","nein","0.00","0.00","0.00","","","","","","","","","","","","",""
"","","","","","","","","","","","","","0.00","","0.00","","","0.00","","","","","","","","","","","","","","","","","","","","","","","","","","","",""
"D40","D","Akonto-Zahlung für Abklärungen zu IT-Fragen und Supportleistung vor Ort am 2.11.2023","Artikelposition für Akonto-Rechnungen. Bitte diese Rechnungen nicht buchen, sondern nur als Entwurf ohne Rechnungsnummer speichern. Als Beschreibung &quot;Akonto&quot; zusammen mit der Auftragsnummer eintragen. Zahlungseingänge auf Akonto-Rechnungen werden erst beim Erstellen der definitiven Rechnung verbucht. Anschliessend kann der Entwurf der Akonto-Rechnung wieder gelöscht werden.","Geldbetraege","","","","","0","0","Stck","0.00","0.00","500.00","0.00","0.00","0.00","0.00","0 kg","","","","19.10.2023","","","","","","10.01.2015","nein","0.00","0.00","0.00","","","","","","","","","","","","",""
"","","","","","","","","","","","","","0.00","","0.00","","","0.00","","","","","","","","","","","","","","","","","","","","","","","","","","","",""
"D40","D","Akonto-Zahlung für Arbeiten seit Oktober 2015","Artikelposition für Akonto-Rechnungen. Bitte diese Rechnungen nicht buchen, sondern nur als Entwurf ohne Rechnungsnummer speichern. Als Beschreibung &quot;Akonto&quot; zusammen mit der Auftragsnummer eintragen. Zahlungseingänge auf Akonto-Rechnungen werden erst beim Erstellen der definitiven Rechnung verbucht. Anschliessend kann der Entwurf der Akonto-Rechnung wieder gelöscht werden.","Geldbetraege","","","","","0","0","Stck","0.00","0.00","3'000.00","0.00","0.00","0.00","0.00","0 kg","","","","23.09.2016","","","","","","10.01.2015","nein","0.00","0.00","0.00","","","","","","","","","","","","",""
"D40","D","Akonto-Zahlung für Arbeiten seit Oktober 2015","Artikelposition für Akonto-Rechnungen. Bitte diese Rechnungen nicht buchen, sondern nur als Entwurf ohne Rechnungsnummer speichern. Als Beschreibung &quot;Akonto&quot; zusammen mit der Auftragsnummer eintragen. Zahlungseingänge auf Akonto-Rechnungen werden erst beim Erstellen der definitiven Rechnung verbucht. Anschliessend kann der Entwurf der Akonto-Rechnung wieder gelöscht werden.","Geldbetraege","","","","","0","0","Stck","0.00","0.00","3'000.00","0.00","0.00","0.00","0.00","0 kg","","","","23.12.2016","","","","","","10.01.2015","nein","0.00","0.00","0.00","","","","","","","","","","","","",""
"","","","","","","","","","","","","","0.00","","0.00","","","0.00","","","","","","","","","","","","","","","","","","","","","","","","","","","",""
"D15","D","Akontozahlung für das Einrichten des Webhosting und die Installation der Website www.ann-schellenbaum.ch mit Joomla","","Dienstleistung","","","","","0","0","psch","0.00","0.00","500.00","0.00","0.00","0.00","0.00","0 kg","","","","01.09.2013","","","","","","29.09.2007","nein","0.00","0.00","0.00","","","","","","","","","","","","",""
"","","","","","","","","","","","","","0.00","","0.00","","","0.00","","","","","","","","","","","","","","","","","","","","","","","","","","","",""
"D15","D","Akontozahlung für das Entwickeln einer Schnittstelle zwischen dem Zähler einer Solaranlage und der HTML-Ausgabe der erzeugten Leistung auf einem Bildschirm","","Dienstleistung","","","","","0","0","psch","0.00","0.00","3'000.00","0.00","0.00","0.00","0.00","0 kg","","","","15.02.2011","","","","","","29.09.2007","nein","0.00","0.00","0.00","","","","","","","","","","","","",""
"","","","","","","","","","","","","","0.00","","0.00","","","0.00","","","","","","","","","","","","","","","","","","","","","","","","","","","",""
"D40","D","Akonto-Zahlung für Erweiterungen und individuelle Anpassungen Kivitendo-Installation Energiegenossenschaft Schweiz","Artikelposition für Akonto-Rechnungen. Bitte diese Rechnungen nicht buchen, sondern nur als Entwurf ohne Rechnungsnummer speichern. Als Beschreibung &quot;Akonto&quot; zusammen mit der Auftragsnummer eintragen. Zahlungseingänge auf Akonto-Rechnungen werden erst beim Erstellen der definitiven Rechnung verbucht. Anschliessend kann der Entwurf der Akonto-Rechnung wieder gelöscht werden.","Geldbetraege","","","","","0","0","Stck","0.00","0.00","2'000.00","0.00","0.00","0.00","0.00","0 kg","","","","31.05.2021","","","","","","10.01.2015","nein","0.00","0.00","0.00","","","","","","","","","","","","",""
"","","","","","","","","","","","","","0.00","","0.00","","","0.00","","","","","","","","","","","","","","","","","","","","","","","","","","","",""
"D40","D","Akonto-Zahlung für Logic Board MacBook Pro","Artikelposition für Akonto-Rechnungen. Bitte diese Rechnungen nicht buchen, sondern nur als Entwurf ohne Rechnungsnummer speichern. Als Beschreibung &quot;Akonto&quot; zusammen mit der Auftragsnummer eintragen. Zahlungseingänge auf Akonto-Rechnungen werden erst beim Erstellen der definitiven Rechnung verbucht. Anschliessend kann der Entwurf der Akonto-Rechnung wieder gelöscht werden.","Geldbetraege","","","","","0","0","Stck","0.00","0.00","600.00","0.00","0.00","0.00","0.00","0 kg","","","","23.03.2016","","","","","","10.01.2015","nein","0.00","0.00","0.00","","","","","","","","","","","","",""
"","","","","","","","","","","","","","0.00","","0.00","","","0.00","","","","","","","","","","","","","","","","","","","","","","","","","","","",""
"D40","D","Akonto-Zahlung für Reservation HP Z200 Workstation zu Reparaturzwecken","Artikelposition für Akonto-Rechnungen. Bitte diese Rechnungen nicht buchen, sondern nur als Entwurf ohne Rechnungsnummer speichern. Als Beschreibung &quot;Akonto&quot; zusammen mit der Auftragsnummer eintragen. Zahlungseingänge auf Akonto-Rechnungen werden erst beim Erstellen der definitiven Rechnung verbucht. Anschliessend kann der Entwurf der Akonto-Rechnung wieder gelöscht werden.","Geldbetraege","","","","","0","0","Stck","0.00","0.00","100.00","0.00","0.00","0.00","0.00","0 kg","","","","01.11.2021","xyz","","","","","10.01.2015","nein","0.00","0.00","0.00","","","","","","","","","","","","",""
"","","","","","","","","","","","","","0.00","","0.00","","","0.00","","","","","","","","","","","","","","","","","","","","","","","","","","","",""
"D40","D","Akonto-Zahlung für Upgrade Website auf Joomla 4","Artikelposition für Akonto-Rechnungen. Bitte diese Rechnungen nicht buchen, sondern nur als Entwurf ohne Rechnungsnummer speichern. Als Beschreibung &quot;Akonto&quot; zusammen mit der Auftragsnummer eintragen. Zahlungseingänge auf Akonto-Rechnungen werden erst beim Erstellen der definitiven Rechnung verbucht. Anschliessend kann der Entwurf der Akonto-Rechnung wieder gelöscht werden.","Geldbetraege","","","","","0","0","Stck","0.00","0.00","300.00","0.00","0.00","0.00","0.00","0 kg","","","","24.10.2023","","","","","","10.01.2015","nein","0.00","0.00","0.00","","","","","","","","","","","","",""
"","","","","","","","","","","","","","0.00","","0.00","","","0.00","","","","","","","","","","","","","","","","","","","","","","","","","","","",""
"D40","D","Akonto-Zahlung Kaution","Artikelposition für Akonto-Rechnungen. Bitte diese Rechnungen nicht buchen, sondern nur als Entwurf ohne Rechnungsnummer speichern. Als Beschreibung &quot;Akonto&quot; zusammen mit der Auftragsnummer eintragen. Zahlungseingänge auf Akonto-Rechnungen werden erst beim Erstellen der definitiven Rechnung verbucht. Anschliessend kann der Entwurf der Akonto-Rechnung wieder gelöscht werden.","Geldbetraege","","","","","0","0","Stck","0.00","0.00","100.00","0.00","0.00","0.00","0.00","0 kg","","","","28.07.2025","","","","","","10.01.2015","nein","0.00","0.00","0.00","","","","","","","","","","","","",""
"","","","","","","","","","","","","","0.00","","0.00","","","0.00","","","","","","","","","","","","","","","","","","","","","","","","","","","",""
"D40","D","Akonto-Zahlung (kein Wechselgeld)","Artikelposition für Akonto-Rechnungen. Bitte diese Rechnungen nicht buchen, sondern nur als Entwurf ohne Rechnungsnummer speichern. Als Beschreibung &quot;Akonto&quot; zusammen mit der Auftragsnummer eintragen. Zahlungseingänge auf Akonto-Rechnungen werden erst beim Erstellen der definitiven Rechnung verbucht. Anschliessend kann der Entwurf der Akonto-Rechnung wieder gelöscht werden.","Geldbetraege","","","","","0","0","Stck","0.00","0.00","20.00","0.00","0.00","0.00","0.00","0 kg","","","","03.05.2021","","","","","","10.01.2015","nein","0.00","0.00","0.00","","","","","","","","","","","","",""
"","","","","","","","","","","","","","0.00","","0.00","","","0.00","","","","","","","","","","","","","","","","","","","","","","","","","","","",""
"D40","D","Akonto-Zahlung Lenovo Thinkpad X201","Artikelposition für Akonto-Rechnungen. Bitte diese Rechnungen nicht buchen, sondern nur als Entwurf ohne Rechnungsnummer speichern. Als Beschreibung &quot;Akonto&quot; zusammen mit der Auftragsnummer eintragen. Zahlungseingänge auf Akonto-Rechnungen werden erst beim Erstellen der definitiven Rechnung verbucht. Anschliessend kann der Entwurf der Akonto-Rechnung wieder gelöscht werden.","Geldbetraege","","","","","0","0","Stck","0.00","0.00","100.00","0.00","0.00","0.00","0.00","0 kg","","","","21.07.2020","","","","","","10.01.2015","nein","0.00","0.00","0.00","","","","","","","","","","","","",""
"","","","","","","","","","","","","","0.00","","0.00","","","0.00","","","","","","","","","","","","","","","","","","","","","","","","","","","",""
"D40","D","Akonto-Zahlung Redesign Homepage segeln.ch","Artikelposition für Akonto-Rechnungen. Bitte diese Rechnungen nicht buchen, sondern nur als Entwurf ohne Rechnungsnummer speichern. Als Beschreibung &quot;Akonto&quot; zusammen mit der Auftragsnummer eintragen. Zahlungseingänge auf Akonto-Rechnungen werden erst beim Erstellen der definitiven Rechnung verbucht. Anschliessend kann der Entwurf der Akonto-Rechnung wieder gelöscht werden.","Geldbetraege","","","","","0","0","Stck","0.00","0.00","1'000.00","0.00","0.00","0.00","0.00","0 kg","","","","18.05.2019","","","","","","10.01.2015","nein","0.00","0.00","0.00","","","","","","","","","","","","",""
"","","","","","","","","","","","","","0.00","","0.00","","","0.00","","","","","","","","","","","","","","","","","","","","","","","","","","","",""
"D40","D","Akonto-Zahlung Reparatur","Artikelposition für Akonto-Rechnungen. Bitte diese Rechnungen nicht buchen, sondern nur als Entwurf ohne Rechnungsnummer speichern. Als Beschreibung &quot;Akonto&quot; zusammen mit der Auftragsnummer eintragen. Zahlungseingänge auf Akonto-Rechnungen werden erst beim Erstellen der definitiven Rechnung verbucht. Anschliessend kann der Entwurf der Akonto-Rechnung wieder gelöscht werden.","Geldbetraege","","","","","0","0","Stck","0.00","0.00","70.00","0.00","0.00","0.00","0.00","0 kg","","","","01.12.2016","","","","","","10.01.2015","nein","0.00","0.00","0.00","","","","","","","","","","","","",""
"","","","","","","","","","","","","","0.00","","0.00","","","0.00","","","","","","","","","","","","","","","","","","","","","","","","","","","",""
"D40","D","Akonto-Zahlung Reparatur ASUS Laptop","Artikelposition für Akonto-Rechnungen. Bitte diese Rechnungen nicht buchen, sondern nur als Entwurf ohne Rechnungsnummer speichern. Als Beschreibung &quot;Akonto&quot; zusammen mit der Auftragsnummer eintragen. Zahlungseingänge auf Akonto-Rechnungen werden erst beim Erstellen der definitiven Rechnung verbucht. Anschliessend kann der Entwurf der Akonto-Rechnung wieder gelöscht werden.","Geldbetraege","","","","","0","0","Stck","0.00","0.00","400.00","0.00","0.00","0.00","0.00","0 kg","","","","09.09.2022","","","","","","10.01.2015","nein","0.00","0.00","0.00","","","","","","","","","","","","",""
"D40","D","Akonto-Zahlung Reparatur ASUS Laptop","Artikelposition für Akonto-Rechnungen. Bitte diese Rechnungen nicht buchen, sondern nur als Entwurf ohne Rechnungsnummer speichern. Als Beschreibung &quot;Akonto&quot; zusammen mit der Auftragsnummer eintragen. Zahlungseingänge auf Akonto-Rechnungen werden erst beim Erstellen der definitiven Rechnung verbucht. Anschliessend kann der Entwurf der Akonto-Rechnung wieder gelöscht werden.","Geldbetraege","","","","","0","0","Stck","0.00","0.00","400.00","0.00","0.00","0.00","0.00","0 kg","","","","24.11.2022","","","","","","10.01.2015","nein","0.00","0.00","0.00","","","","","","","","","","","","",""
"","","","","","","","","","","","","","0.00","","0.00","","","0.00","","","","","","","","","","","","","","","","","","","","","","","","","","","",""
"D40","D","Akonto-Zahlung Reparatur ASUS-Laptop","Artikelposition für Akonto-Rechnungen. Bitte diese Rechnungen nicht buchen, sondern nur als Entwurf ohne Rechnungsnummer speichern. Als Beschreibung &quot;Akonto&quot; zusammen mit der Auftragsnummer eintragen. Zahlungseingänge auf Akonto-Rechnungen werden erst beim Erstellen der definitiven Rechnung verbucht. Anschliessend kann der Entwurf der Akonto-Rechnung wieder gelöscht werden.","Geldbetraege","","","","","0","0","Stck","0.00","0.00","400.00","0.00","0.00","0.00","0.00","0 kg","","","","24.08.2022","","","","","","10.01.2015","nein","0.00","0.00","0.00","","","","","","","","","","","","",""
"","","","","","","","","","","","","","0.00","","0.00","","","0.00","","","","","","","","","","","","","","","","","","","","","","","","","","","",""
"D40","D","Akonto-Zahlung Upgrade Website auf Joomla 4","Artikelposition für Akonto-Rechnungen. Bitte diese Rechnungen nicht buchen, sondern nur als Entwurf ohne Rechnungsnummer speichern. Als Beschreibung &quot;Akonto&quot; zusammen mit der Auftragsnummer eintragen. Zahlungseingänge auf Akonto-Rechnungen werden erst beim Erstellen der definitiven Rechnung verbucht. Anschliessend kann der Entwurf der Akonto-Rechnung wieder gelöscht werden.","Geldbetraege","","","","","0","0","Stck","0.00","0.00","1'000.00","0.00","0.00","0.00","0.00","0 kg","","","","24.10.2023","","","","","","10.01.2015","nein","0.00","0.00","0.00","","","","","","","","","","","","",""
"","","","","","","","","","","","","","0.00","","0.00","","","0.00","","","","","","","","","","","","","","","","","","","","","","","","","","","",""
"D40","D","Akonto-Zahlung zu AU2019143","Artikelposition für Akonto-Rechnungen. Bitte diese Rechnungen nicht buchen, sondern nur als Entwurf ohne Rechnungsnummer speichern. Als Beschreibung &quot;Akonto&quot; zusammen mit der Auftragsnummer eintragen. Zahlungseingänge auf Akonto-Rechnungen werden erst beim Erstellen der definitiven Rechnung verbucht. Anschliessend kann der Entwurf der Akonto-Rechnung wieder gelöscht werden.","Geldbetraege","","","","","0","0","Stck","0.00","0.00","3'750.00","0.00","0.00","0.00","0.00","0 kg","","","","09.08.2019","","","","","","10.01.2015","nein","0.00","0.00","0.00","","","","","","","","","","","","",""
"D40","D","Akonto-Zahlung zu AU2019143","Artikelposition für Akonto-Rechnungen. Bitte diese Rechnungen nicht buchen, sondern nur als Entwurf ohne Rechnungsnummer speichern. Als Beschreibung &quot;Akonto&quot; zusammen mit der Auftragsnummer eintragen. Zahlungseingänge auf Akonto-Rechnungen werden erst beim Erstellen der definitiven Rechnung verbucht. Anschliessend kann der Entwurf der Akonto-Rechnung wieder gelöscht werden.","Geldbetraege","","","","","0","0","Stck","0.00","0.00","5'000.00","0.00","0.00","0.00","0.00","0 kg","","","","31.12.2019","","","","","","10.01.2015","nein","0.00","0.00","0.00","","","","","","","","","","","","",""
"D40","D","Akonto-Zahlung zu AU2019143","Artikelposition für Akonto-Rechnungen. Bitte diese Rechnungen nicht buchen, sondern nur als Entwurf ohne Rechnungsnummer speichern. Als Beschreibung &quot;Akonto&quot; zusammen mit der Auftragsnummer eintragen. Zahlungseingänge auf Akonto-Rechnungen werden erst beim Erstellen der definitiven Rechnung verbucht. Anschliessend kann der Entwurf der Akonto-Rechnung wieder gelöscht werden.","Geldbetraege","","","","","0","0","Stck","0.00","0.00","5'000.00","0.00","0.00","0.00","0.00","0 kg","","","","12.10.2020","","","","","","10.01.2015","nein","0.00","0.00","0.00","","","","","","","","","","","","",""
"","","","","","","","","","","","","","0.00","","0.00","","","0.00","","","","","","","","","","","","","","","","","","","","","","","","","","","",""
"D40","D","Akonto-Zahlung zur Bestellung von 2 Mainboards","Artikelposition für Akonto-Rechnungen. Bitte diese Rechnungen nicht buchen, sondern nur als Entwurf ohne Rechnungsnummer speichern. Als Beschreibung &quot;Akonto&quot; zusammen mit der Auftragsnummer eintragen. Zahlungseingänge auf Akonto-Rechnungen werden erst beim Erstellen der definitiven Rechnung verbucht. Anschliessend kann der Entwurf der Akonto-Rechnung wieder gelöscht werden.","Geldbetraege","","","","","0","0","Stck","0.00","0.00","500.00","0.00","0.00","0.00","0.00","0 kg","","","","09.09.2022","","","","","","10.01.2015","nein","0.00","0.00","0.00","","","","","","","","","","","","",""
"","","","","","","","","","","","","","0.00","","0.00","","","0.00","","","","","","","","","","","","","","","","","","","","","","","","","","","",""
"D40","D","Akonto-Zahlung zur Bestellung von 2 Mainboards","Artikelposition für Akonto-Rechnungen. Bitte diese Rechnungen nicht buchen, sondern nur als Entwurf ohne Rechnungsnummer speichern. Als Beschreibung &quot;Akonto&quot; zusammen mit der Auftragsnummer eintragen. Zahlungseingänge auf Akonto-Rechnungen werden erst beim Erstellen der definitiven Rechnung verbucht. Anschliessend kann der Entwurf der Akonto-Rechnung wieder gelöscht werden.","Geldbetraege","","","","","0","0","Stck","0.00","0.00","500.00","0.00","0.00","0.00","0.00","0 kg","","","","05.06.2023","","","","","","10.01.2015","nein","0.00","0.00","0.00","","","","","","","","","","","","",""
"","","","","","","","","","","","","","0.00","","0.00","","","0.00","","","","","","","","","","","","","","","","","","","","","","","","","","","",""
"P4","W","Aktivboxen","","Peripheriegeräte neu","","","","","0","0","Stck","0.00","0.00","20.00","0.00","0.00","0.00","0.00","0 kg","","","","11.09.2015","","","","","","17.07.2007","nein","0.00","0.00","0.00","","","","","","","","","","","","",""
"","","","","","","","","","","","","","0.00","","0.00","","","0.00","","","","","","","","","","","","","","","","","","","","","","","","","","","",""
"D15","D","Aktivieren der neuen Websites von handpuppen.ch, kasperli.ch und ritterspielzeug.ch inklusive Anpassung der Webserver- und DNS-Einträge etc.","","Dienstleistung","","","","","0","0","psch","0.00","0.00","50.00","0.00","0.00","0.00","0.00","0 kg","","","","19.12.2010","","","","","","29.09.2007","nein","0.00","0.00","0.00","","","","","","","","","","","","",""
"","","","","","","","","","","","","","0.00","","0.00","","","0.00","","","","","","","","","","","","","","","","","","","","","","","","","","","",""
"D14","D","Aktualisieren der Compirat-Website, Flyer-Upload","","Dienstleistung","","","","","0","0","Std","0.00","0.00","70.00","0.00","0.00","0.00","0.00","0 kg","","","","21.12.2010","","","","","","29.09.2007","nein","0.00","0.00","0.00","","","","","","","","","","","","",""
"","","","","","","","","","","","","","0.00","","0.00","","","0.00","","","","","","","","","","","","","","","","","","","","","","","","","","","",""
"D14","D","Aktualisieren der Compirat-Website, neue Flyer hochladen, Termine, Links","","Dienstleistung","","","","","0","0","Std","0.00","0.00","70.00","0.00","0.00","0.00","0.00","0 kg","","","","19.10.2014","","","","","","29.09.2007","nein","0.00","0.00","0.00","","","","","","","","","","","","",""
"D14","D","Aktualisieren der Compirat-Website, neue Flyer hochladen, Termine, Links","","Dienstleistung","","","","","0","0","Std","0.00","0.00","70.00","0.00","0.00","0.00","0.00","0 kg","","","","20.10.2014","","","","","","29.09.2007","nein","0.00","0.00","0.00","","","","","","","","","","","","",""
"","","","","","","","","","","","","","0.00","","0.00","","","0.00","","","","","","","","","","","","","","","","","","","","","","","","","","","",""
"D14","D","Aktualisieren der Compirat-Website, neue Kurse ab Januar 2015 eintragen, Flyers hochladen etc.","","Dienstleistung","","","","","0","0","Std","0.00","0.00","70.00","0.00","0.00","0.00","0.00","0 kg","","","","12.12.2014","","","","","","29.09.2007","nein","0.00","0.00","0.00","","","","","","","","","","","","",""
"D14","D","Aktualisieren der Compirat-Website, neue Kurse ab Januar 2015 eintragen, Flyers hochladen etc.","","Dienstleistung","","","","","0","0","Std","0.00","0.00","70.00","0.00","0.00","0.00","0.00","0 kg","","","","28.02.2015","","","","","","29.09.2007","nein","0.00","0.00","0.00","","","","","","","","","","","","",""
"","","","","","","","","","","","","","0.00","","0.00","","","0.00","","","","","","","","","","","","","","","","","","","","","","","","","","","",""
"D14","D","Aktualisieren der Compirat-Website, neue Kurse ab März 2015 eintragen, Flyers hochladen etc.","","Dienstleistung","","","","","0","0","Std","0.00","0.00","70.00","0.00","0.00","0.00","0.00","0 kg","","","","12.12.2014","","","","","","29.09.2007","nein","0.00","0.00","0.00","","","","","","","","","","","","",""
"D14","D","Aktualisieren der Compirat-Website, neue Kurse ab März 2015 eintragen, Flyers hochladen etc.","","Dienstleistung","","","","","0","0","Std","0.00","0.00","70.00","0.00","0.00","0.00","0.00","0 kg","","","","28.02.2015","","","","","","29.09.2007","nein","0.00","0.00","0.00","","","","","","","","","","","","",""
"","","","","","","","","","","","","","0.00","","0.00","","","0.00","","","","","","","","","","","","","","","","","","","","","","","","","","","",""
"D14","D","Aktualisierungen an der Compirat Website, Anpassungen beim Menü","","Dienstleistung","","","","","0","0","Std","0.00","0.00","70.00","0.00","0.00","0.00","0.00","0 kg","","","","01.07.2012","","","","","","29.09.2007","nein","0.00","0.00","0.00","","","","","","","","","","","","",""
"D14","D","Aktualisierungen an der Compirat Website, Anpassungen beim Menü","","Dienstleistung","","","","","0","0","Std","0.00","0.00","70.00","0.00","0.00","0.00","0.00","0 kg","","","","21.12.2012","","","","","","29.09.2007","nein","0.00","0.00","0.00","","","","","","","","","","","","",""
"","","","","","","","","","","","","","0.00","","0.00","","","0.00","","","","","","","","","","","","","","","","","","","","","","","","","","","",""
"005867","W","Akuvox R15P869","","","","","","","1","0","Stck","0.00","0.00","0.00","0.00","0.00","0.00","0.00","0.93 kg","","","","","","","","","","31.08.2023","ja","0.00","0.00","0.00","","Akuvox","190","230","45","","","","","","","",""
"","","","","","","","","","","","","","0.00","","0.00","","","0.00","","","","","","","","","","","","","","","","","","","","","","","","","","","",""
"006304","W","Albis-Elcon ACCEED 2102 DT 1+1SFP","","","","","","","4","0","Stck","0.00","0.00","0.00","0.00","0.00","0.00","0.00","0.905 kg","","","","","","","","","","05.03.2024","ja","0.00","0.00","0.00","","unbekannt","268","173","38","","","","","","","",""
"","","","","","","","","","","","","","0.00","","0.00","","","0.00","","","","","","","","","","","","","","","","","","","","","","","","","","","",""
"005452","W","Alcatel 3EH76174ACJA","","","","","","","1","0","Stck","0.00","0.00","0.00","0.00","0.00","0.00","0.00","3 kg","","","","","","","","","","17.06.2023","ja","0.00","0.00","0.00","","Alcatel","340","345","65","","","","","","","",""
"","","","","","","","","","","","","","0.00","","0.00","","","0.00","","","","","","","","","","","","","","","","","","","","","","","","","","","",""
"7020","W","Alcatel OS6250-24","","","","","","","1","0","Stck","0.00","0.00","0.00","0.00","0.00","0.00","0.00","1.7 kg","","","","","","","","","","02.10.2025","ja","0.00","0.00","0.00","","3Com","","215","44","","OS6250-24 fast ethernet- chassis Mit AOS Enterprise-Software. Bietet 24 RJ-45 10/100 BaseT oder 100/1000 BaseX Combo und zwei dedizierte 2.5G HDMI stacking Portas. 1U x ½ Rackformfaktor","connect","Externe_Netzwerkgeräte","yes","Switch, Hub","",""
"","","","","","","","","","","","","","0.00","","0.00","","","0.00","","","","","","","","","","","","","","","","","","","","","","","","","","","",""
"7016","W","Alcatel OS6450-P10","","","","","","","1","0","Stck","0.00","0.00","0.00","0.00","0.00","0.00","0.00","16 kg","","","","","","","","","","02.10.2025","ja","0.00","0.00","0.00","","3Com","","230","50","","Anschlüsse: 10x RJ45, 0x SFP, 2x SFP+, 0x QSFP+, 0x SFP28, 0x QSFP28 Halbe Rack-Breite (21,5 cm)","","Externe_Netzwerkgeräte","yes","Switch, Hub","",""
"","","","","","","","","","","","","","0.00","","0.00","","","0.00","","","","","","","","","","","","","","","","","","","","","","","","","","","",""
"006400","W","Alcatel VoIP-Telephon 8038","","","","","","","1","0","Stck","0.00","0.00","0.00","0.00","0.00","0.00","0.00","1.896 kg","","","","","","","","","","05.04.2024","ja","0.00","0.00","0.00","","Alcatel","251","172","68","","","","","","","",""
"","","","","","","","","","","","","","0.00","","0.00","","","0.00","","","","","","","","","","","","","","","","","","","","","","","","","","","",""
"005905","W","Alienware Area 51 Gehäuse","","","","","","","1","0","Stck","0.00","0.00","90.00","90.00","0.00","0.00","0.00","16.2 kg","","","","","","","","","","12.09.2023","ja","0.00","0.00","0.00","","Alienware","640","270","569","","","","","","","",""
"","","","","","","","","","","","","","0.00","","90.00","","","0.00","","","","","","","","","","","","","","","","","","","","","","","","","","","",""
"000194","W","Alimentation 5V, 3A pour Syquest ez 135 fabriqué d'une alimentation compatible et un cable DIN5","","","","","","","0","0","Stck","0.00","0.00","40.00","0.00","55.70","0.00","0.00","0 kg","","","","13.11.2023","","","","","","19.03.2014","ja","0.00","0.00","0.00","","diverse","0","0","0","","","","","","","",""
"000194","W","Alimentation 5V, 3A pour Syquest ez 135 fabriqué d'une alimentation compatible et un cable DIN5","","","","","","","0","0","Stck","0.00","0.00","40.00","0.00","55.70","0.00","0.00","0 kg","","","","13.11.2023","","","","","","19.03.2014","ja","0.00","0.00","0.00","","diverse","0","0","0","","","","","","","",""
"","","","","","","","","","","","","","0.00","","0.00","","","0.00","","","","","","","","","","","","","","","","","","","","","","","","","","","",""
"000195","W","Alimentation pour PowerMac G4 AcBel / API0PC24 / 344W","","","","","","","0","0","Stck","0.00","0.00","50.01","0.00","0.00","0.00","0.00","0 kg","","","","29.07.2024","","","","","","19.12.2014","ja","0.00","0.00","0.00","","diverse","0","0","0","","","","","","","",""
"","","","","","","","","","","","","","0.00","","0.00","","","0.00","","","","","","","","","","","","","","","","","","","","","","","","","","","",""
"P14","W","ALIX.1D system board","","Hardwareteile neu","","","","","0","0","Stck","0.00","0.00","99.90","0.00","197.00","0.00","0.00","0 kg","","","","07.01.2013","","","","","","23.08.2007","nein","0.00","0.00","0.00","","","","","","","","","","","","",""
"","","","","","","","","","","","","","0.00","","0.00","","","0.00","","","","","","","","","","","","","","","","","","","","","","","","","","","",""
"P32","W","ALIX.1D system board, enclosure, AC adapter 12V","","Computer Occasion","","","","","0","0","Stck","50.00","0.00","110.00","0.00","0.00","0.00","0.00","0 kg","","","","13.10.2011","","","","","","16.11.2007","nein","0.00","0.00","0.00","","","","","","","","","","","","",""
"P32","W","ALIX.1D system board, enclosure, AC adapter 12V","","Computer Occasion","","","","","0","0","Stck","50.00","0.00","110.00","0.00","0.00","0.00","0.00","0 kg","","","","25.01.2013","","","","","","16.11.2007","nein","0.00","0.00","0.00","","","","","","","","","","","","",""
"","","","","","","","","","","","","","0.00","","0.00","","","0.00","","","","","","","","","","","","","","","","","","","","","","","","","","","",""
"002645","W","Alix 2D3 / 2D13, APU case - 2 WiFi - Red","","","","","","","0","0","Stck","0.00","0.00","10.00","0.00","0.00","0.00","0.00","0.35 kg","","","","","","","","","","06.11.2019","ja","0.00","0.00","0.00","","PC Engines","160","170","30","","","","","","","",""
"","","","","","","","","","","","","","0.00","","0.00","","","0.00","","","","","","","","","","","","","","","","","","","","","","","","","","","",""
"D20","D","allgemeine Arbeiten","","Dienstleistung","","","","","0","0","psch","0.00","0.00","0.00","0.00","500.00","0.00","0.00","0 kg","","","","18.03.2014","","","","","","02.01.2009","nein","0.00","0.00","0.00","","","","","","","","","","","","",""
"","","","","","","","","","","","","","0.00","","0.00","","","0.00","","","","","","","","","","","","","","","","","","","","","","","","","","","",""
"D20","D","allgemeine Arbeiten","","Dienstleistung","","","","","0","0","psch","0.00","0.00","30.00","0.00","500.00","0.00","0.00","0 kg","","","","07.12.2011","","","","","","02.01.2009","nein","0.00","0.00","0.00","","","","","","","","","","","","",""
"","","","","","","","","","","","","","0.00","","0.00","","","0.00","","","","","","","","","","","","","","","","","","","","","","","","","","","",""
"D20","D","allgemeine Arbeiten drei Stecker übergang","","Dienstleistung","","","","","0","0","psch","0.00","0.00","15.00","0.00","500.00","0.00","0.00","0 kg","","","","17.12.2018","","","","","","02.01.2009","nein","0.00","0.00","0.00","","","","","","","","","","","","",""
"","","","","","","","","","","","","","0.00","","0.00","","","0.00","","","","","","","","","","","","","","","","","","","","","","","","","","","",""
"D20","D","allgemeine Arbeiten pauschal","","Dienstleistung","","","","","0","0","psch","0.00","0.00","10.00","0.00","500.00","0.00","0.00","0 kg","","","","31.10.2016","","","","","","02.01.2009","nein","0.00","0.00","0.00","","","","","","","","","","","","",""
"D20","D","allgemeine Arbeiten pauschal","","Dienstleistung","","","","","0","0","psch","0.00","0.00","25.00","0.00","500.00","0.00","0.00","0 kg","","","","31.10.2016","","","","","","02.01.2009","nein","0.00","0.00","0.00","","","","","","","","","","","","",""
"D20","D","allgemeine Arbeiten pauschal","","Dienstleistung","","","","","0","0","psch","0.00","0.00","70.00","0.00","500.00","0.00","0.00","0 kg","","","","31.07.2017","","","","","","02.01.2009","nein","0.00","0.00","0.00","","","","","","","","","","","","",""
"D20","D","allgemeine Arbeiten pauschal","","Dienstleistung","","","","","0","0","psch","0.00","0.00","70.00","0.00","500.00","0.00","0.00","0 kg","","","","18.08.2017","","","","","","02.01.2009","nein","0.00","0.00","0.00","","","","","","","","","","","","",""
"D20","D","allgemeine Arbeiten pauschal","","Dienstleistung","","","","","0","0","psch","0.00","0.00","70.00","0.00","500.00","0.00","0.00","0 kg","","","","24.08.2017","","","","","","02.01.2009","nein","0.00","0.00","0.00","","","","","","","","","","","","",""
"D20","D","allgemeine Arbeiten pauschal","","Dienstleistung","","","","","0","0","psch","0.00","0.00","90.00","0.00","500.00","0.00","0.00","0 kg","","","","12.09.2017","","","","","","02.01.2009","nein","0.00","0.00","0.00","","","","","","","","","","","","",""
"D20","D","allgemeine Arbeiten pauschal","","Dienstleistung","","","","","0","0","psch","0.00","0.00","90.00","0.00","500.00","0.00","0.00","0 kg","","","","06.10.2017","","","","","","02.01.2009","nein","0.00","0.00","0.00","","","","","","","","","","","","",""
"D20","D","allgemeine Arbeiten pauschal","","Dienstleistung","","","","","0","0","psch","0.00","0.00","70.00","0.00","500.00","0.00","0.00","0 kg","","","","03.07.2018","","","","","","02.01.2009","nein","0.00","0.00","0.00","","","","","","","","","","","","",""
"D20","D","allgemeine Arbeiten pauschal","","Dienstleistung","","","","","0","0","psch","0.00","0.00","70.00","0.00","500.00","0.00","0.00","0 kg","","","","06.07.2018","","","","","","02.01.2009","nein","0.00","0.00","0.00","","","","","","","","","","","","",""
"D20","D","allgemeine Arbeiten pauschal","","Dienstleistung","","","","","0","0","psch","0.00","0.00","60.00","0.00","500.00","0.00","0.00","0 kg","","","","20.08.2018","","","","","","02.01.2009","nein","0.00","0.00","0.00","","","","","","","","","","","","",""
"D20","D","allgemeine Arbeiten pauschal","","Dienstleistung","","","","","0","0","psch","0.00","0.00","60.00","0.00","500.00","0.00","0.00","0 kg","","","","19.09.2018","","","","","","02.01.2009","nein","0.00","0.00","0.00","","","","","","","","","","","","",""
"D20","D","allgemeine Arbeiten pauschal","","Dienstleistung","","","","","0","0","psch","0.00","0.00","35.00","0.00","500.00","0.00","0.00","0 kg","","","","10.10.2018","","","","","","02.01.2009","nein","0.00","0.00","0.00","","","","","","","","","","","","",""
"D20","D","allgemeine Arbeiten pauschal","","Dienstleistung","","","","","0","0","psch","0.00","0.00","0.00","0.00","500.00","0.00","0.00","0 kg","","","","18.10.2018","","","","","","02.01.2009","nein","0.00","0.00","0.00","","","","","","","","","","","","",""
"D20","D","allgemeine Arbeiten pauschal","","Dienstleistung","","","","","0","0","psch","0.00","0.00","100.00","0.00","500.00","0.00","0.00","0 kg","","","","21.12.2018","","","","","","02.01.2009","nein","0.00","0.00","0.00","","","","","","","","","","","","",""
"D20","D","allgemeine Arbeiten pauschal","","Dienstleistung","","","","","0","0","psch","0.00","0.00","30.00","0.00","500.00","0.00","0.00","0 kg","","","","15.11.2019","","","","","","02.01.2009","nein","0.00","0.00","0.00","","","","","","","","","","","","",""
"D20","D","allgemeine Arbeiten pauschal","","Dienstleistung","","","","","0","0","psch","0.00","0.00","30.00","0.00","500.00","0.00","0.00","0 kg","","","","20.12.2019","","","","","","02.01.2009","nein","0.00","0.00","0.00","","","","","","","","","","","","",""
"D20","D","allgemeine Arbeiten pauschal","","Dienstleistung","","","","","0","0","psch","0.00","0.00","500.00","0.00","500.00","0.00","0.00","0 kg","","","","09.01.2020","","","","","","02.01.2009","nein","0.00","0.00","0.00","","","","","","","","","","","","",""
"D20","D","allgemeine Arbeiten pauschal","","Dienstleistung","","","","","0","0","psch","0.00","0.00","20.00","0.00","500.00","0.00","0.00","0 kg","","","","14.10.2021","","","","","","02.01.2009","nein","0.00","0.00","0.00","","","","","","","","","","","","",""
"D20","D","allgemeine Arbeiten pauschal","","Dienstleistung","","","","","0","0","psch","0.00","0.00","40.00","0.00","500.00","0.00","0.00","0 kg","","","","15.07.2022","","","","","","02.01.2009","nein","0.00","0.00","0.00","","","","","","","","","","","","",""
"D20","D","allgemeine Arbeiten pauschal","","Dienstleistung","","","","","0","0","psch","0.00","0.00","20.00","0.00","500.00","0.00","0.00","0 kg","","","","28.09.2022","","","","","","02.01.2009","nein","0.00","0.00","0.00","","","","","","","","","","","","",""
"D20","D","allgemeine Arbeiten pauschal","","Dienstleistung","","","","","0","0","psch","0.00","0.00","80.00","0.00","500.00","0.00","0.00","0 kg","","","","14.02.2023","","","","","","02.01.2009","nein","0.00","0.00","0.00","","","","","","","","","","","","",""
"D20","D","allgemeine Arbeiten pauschal","","Dienstleistung","","","","","0","0","psch","0.00","0.00","80.00","0.00","500.00","0.00","0.00","0 kg","","","","14.02.2023","","","","","","02.01.2009","nein","0.00","0.00","0.00","","","","","","","","","","","","",""
"D20","D","allgemeine Arbeiten pauschal","","Dienstleistung","","","","","0","0","psch","0.00","0.00","50.00","0.00","500.00","0.00","0.00","0 kg","","","","28.07.2023","","","","","","02.01.2009","nein","0.00","0.00","0.00","","","","","","","","","","","","",""
"D20","D","allgemeine Arbeiten pauschal","","Dienstleistung","","","","","0","0","psch","0.00","0.00","20.00","0.00","500.00","0.00","0.00","0 kg","","","","07.08.2023","","","","","","02.01.2009","nein","0.00","0.00","0.00","","","","","","","","","","","","",""
"D20","D","allgemeine Arbeiten pauschal","","Dienstleistung","","","","","0","0","psch","0.00","0.00","20.00","0.00","500.00","0.00","0.00","0 kg","","","","11.08.2023","","","","","","02.01.2009","nein","0.00","0.00","0.00","","","","","","","","","","","","",""
"D20","D","allgemeine Arbeiten pauschal","","Dienstleistung","","","","","0","0","psch","0.00","0.00","90.00","0.00","500.00","0.00","0.00","0 kg","","","","30.08.2023","","","","","","02.01.2009","nein","0.00","0.00","0.00","","","","","","","","","","","","",""
"D20","D","allgemeine Arbeiten pauschal","","Dienstleistung","","","","","0","0","psch","0.00","0.00","60.00","0.00","500.00","0.00","0.00","0 kg","","","","25.09.2023","","","","","","02.01.2009","nein","0.00","0.00","0.00","","","","","","","","","","","","",""
"D20","D","allgemeine Arbeiten pauschal","","Dienstleistung","","","","","0","0","psch","0.00","0.00","60.00","0.00","500.00","0.00","0.00","0 kg","","","","26.09.2023","","","","","","02.01.2009","nein","0.00","0.00","0.00","","","","","","","","","","","","",""
"D20","D","allgemeine Arbeiten pauschal","","Dienstleistung","","","","","0","0","psch","0.00","0.00","20.00","0.00","500.00","0.00","0.00","0 kg","","","","09.10.2023","","","","","","02.01.2009","nein","0.00","0.00","0.00","","","","","","","","","","","","",""
"D20","D","allgemeine Arbeiten pauschal","","Dienstleistung","","","","","0","0","psch","0.00","0.00","40.00","0.00","500.00","0.00","0.00","0 kg","","","","17.10.2023","","","","","","02.01.2009","nein","0.00","0.00","0.00","","","","","","","","","","","","",""
"D20","D","allgemeine Arbeiten pauschal","","Dienstleistung","","","","","0","0","psch","0.00","0.00","20.00","0.00","500.00","0.00","0.00","0 kg","","","","24.10.2023","","","","","","02.01.2009","nein","0.00","0.00","0.00","","","","","","","","","","","","",""
"D20","D","allgemeine Arbeiten pauschal","","Dienstleistung","","","","","0","0","psch","0.00","0.00","90.00","0.00","500.00","0.00","0.00","0 kg","","","","27.12.2023","","","","","","02.01.2009","nein","0.00","0.00","0.00","","","","","","","","","","","","",""
"D20","D","allgemeine Arbeiten pauschal","","Dienstleistung","","","","","0","0","psch","0.00","0.00","120.00","0.00","500.00","0.00","0.00","0 kg","","","","12.11.2024","","","","","","02.01.2009","nein","0.00","0.00","0.00","","","","","","","","","","","","",""
"D20","D","allgemeine Arbeiten pauschal","","Dienstleistung","","","","","0","0","psch","0.00","0.00","20.00","0.00","500.00","0.00","0.00","0 kg","","","","11.02.2025","","","","","","02.01.2009","nein","0.00","0.00","0.00","","","","","","","","","","","","",""
"D20","D","allgemeine Arbeiten pauschal","","Dienstleistung","","","","","0","0","psch","0.00","0.00","20.00","0.00","500.00","0.00","0.00","0 kg","","","","13.02.2025","","","","","","02.01.2009","nein","0.00","0.00","0.00","","","","","","","","","","","","",""
"D20","D","allgemeine Arbeiten pauschal","","Dienstleistung","","","","","0","0","psch","0.00","0.00","35.00","0.00","500.00","0.00","0.00","0 kg","","","","24.03.2025","","","","","","02.01.2009","nein","0.00","0.00","0.00","","","","","","","","","","","","",""
"D20","D","allgemeine Arbeiten pauschal","","Dienstleistung","","","","","0","0","psch","0.00","0.00","35.00","0.00","500.00","0.00","0.00","0 kg","","","","25.03.2025","","","","","","02.01.2009","nein","0.00","0.00","0.00","","","","","","","","","","","","",""
"D20","D","allgemeine Arbeiten pauschal","","Dienstleistung","","","","","0","0","psch","0.00","0.00","60.00","0.00","500.00","0.00","0.00","0 kg","","","","04.06.2025","","","","","","02.01.2009","nein","0.00","0.00","0.00","","","","","","","","","","","","",""
"D20","D","allgemeine Arbeiten pauschal","","Dienstleistung","","","","","0","0","psch","0.00","0.00","20.00","0.00","500.00","0.00","0.00","0 kg","","","","11.07.2025","","","","","","02.01.2009","nein","0.00","0.00","0.00","","","","","","","","","","","","",""
"D20","D","allgemeine Arbeiten pauschal","","Dienstleistung","","","","","0","0","psch","0.00","0.00","20.00","0.00","500.00","0.00","0.00","0 kg","","","","24.07.2025","","","","","","02.01.2009","nein","0.00","0.00","0.00","","","","","","","","","","","","",""
"D20","D","allgemeine Arbeiten pauschal","","Dienstleistung","","","","","0","0","psch","0.00","0.00","30.00","0.00","500.00","0.00","0.00","0 kg","","","","25.07.2025","","","","","","02.01.2009","nein","0.00","0.00","0.00","","","","","","","","","","","","",""
"D20","D","allgemeine Arbeiten pauschal","","Dienstleistung","","","","","0","0","psch","0.00","0.00","120.00","0.00","500.00","0.00","0.00","0 kg","","","","08.08.2025","","","","","","02.01.2009","nein","0.00","0.00","0.00","","","","","","","","","","","","",""
"D20","D","allgemeine Arbeiten pauschal","","Dienstleistung","","","","","0","0","psch","0.00","0.00","30.00","0.00","500.00","0.00","0.00","0 kg","","","","11.08.2025","","","","","","02.01.2009","nein","0.00","0.00","0.00","","","","","","","","","","","","",""
"D20","D","allgemeine Arbeiten pauschal","","Dienstleistung","","","","","0","0","psch","0.00","0.00","30.00","0.00","500.00","0.00","0.00","0 kg","","","","12.08.2025","","","","","","02.01.2009","nein","0.00","0.00","0.00","","","","","","","","","","","","",""
"D20","D","allgemeine Arbeiten pauschal","","Dienstleistung","","","","","0","0","psch","0.00","0.00","30.00","0.00","500.00","0.00","0.00","0 kg","","","","29.08.2025","","","","","","02.01.2009","nein","0.00","0.00","0.00","","","","","","","","","","","","",""
"D20","D","allgemeine Arbeiten pauschal","","Dienstleistung","","","","","0","0","psch","0.00","0.00","450.00","0.00","500.00","0.00","0.00","0 kg","","","","22.01.2026","","","","","","02.01.2009","nein","0.00","0.00","0.00","","","","","","","","","","","","",""
"","","","","","","","","","","","","","0.00","","0.00","","","0.00","","","","","","","","","","","","","","","","","","","","","","","","","","","",""
"D20","D","allgemeine Arbeiten pauschal","","Dienstleistung","","","","","0","0","psch","0.00","0.00","20.00","0.00","500.00","0.00","0.00","0 kg","","","","20.07.2023","","","","","","02.01.2009","nein","0.00","0.00","0.00","","","","","","","","","","","","",""
"D20","D","allgemeine Arbeiten pauschal","","Dienstleistung","","","","","0","0","psch","0.00","0.00","20.00","0.00","500.00","0.00","0.00","0 kg","","","","04.08.2023","","","","","","02.01.2009","nein","0.00","0.00","0.00","","","","","","","","","","","","",""
"","","","","","","","","","","","","","0.00","","0.00","","","0.00","","","","","","","","","","","","","","","","","","","","","","","","","","","",""
"D20","D","allgemeine Arbeiten pauschal, inkl. SSD","","Dienstleistung","","","","","0","0","psch","0.00","0.00","80.00","0.00","500.00","0.00","0.00","0 kg","","","","23.06.2020","","","","","","02.01.2009","nein","0.00","0.00","0.00","","","","","","","","","","","","",""
"","","","","","","","","","","","","","0.00","","0.00","","","0.00","","","","","","","","","","","","","","","","","","","","","","","","","","","",""
"D20","D","allgemeine Arbeiten pauschal inkl. Venti","","Dienstleistung","","","","","0","0","psch","0.00","0.00","50.00","0.00","500.00","0.00","0.00","0 kg","","","","20.08.2024","","","","","","02.01.2009","nein","0.00","0.00","0.00","","","","","","","","","","","","",""
"D20","D","allgemeine Arbeiten pauschal inkl. Venti","","Dienstleistung","","","","","0","0","psch","0.00","0.00","50.00","0.00","500.00","0.00","0.00","0 kg","","","","20.08.2024","","","","","","02.01.2009","nein","0.00","0.00","0.00","","","","","","","","","","","","",""
"","","","","","","","","","","","","","0.00","","0.00","","","0.00","","","","","","","","","","","","","","","","","","","","","","","","","","","",""
"D20","D","allgemeine Arbeiten pauschal ink. Marerial","","Dienstleistung","","","","","0","0","psch","0.00","0.00","50.00","0.00","500.00","0.00","0.00","0 kg","","","","14.08.2018","","","","","","02.01.2009","nein","0.00","0.00","0.00","","","","","","","","","","","","",""
"","","","","","","","","","","","","","0.00","","0.00","","","0.00","","","","","","","","","","","","","","","","","","","","","","","","","","","",""
"D20","D","allgemeine Arbeiten pauschal kleiner Lautsprecher","","Dienstleistung","","","","","0","0","psch","0.00","0.00","30.00","0.00","500.00","0.00","0.00","0 kg","","","","12.02.2024","","","","","","02.01.2009","nein","0.00","0.00","0.00","","","","","","","","","","","","",""
"D20","D","allgemeine Arbeiten pauschal kleiner Lautsprecher","","Dienstleistung","","","","","0","0","psch","0.00","0.00","30.00","0.00","500.00","0.00","0.00","0 kg","","","","24.05.2024","","","","","","02.01.2009","nein","0.00","0.00","0.00","","","","","","","","","","","","",""
"","","","","","","","","","","","","","0.00","","0.00","","","0.00","","","","","","","","","","","","","","","","","","","","","","","","","","","",""
"D20","D","allgemeine Arbeiten (WLAN Problem gelöst, Steckkarte nicht richtig eingesteckt)","","Dienstleistung","","","","","0","0","psch","0.00","0.00","20.00","0.00","500.00","0.00","0.00","0 kg","","","","07.09.2011","","","","","","02.01.2009","nein","0.00","0.00","0.00","","","","","","","","","","","","",""
"","","","","","","","","","","","","","0.00","","0.00","","","0.00","","","","","","","","","","","","","","","","","","","","","","","","","","","",""
"006591","W","Allied Telesis AT-FS724L","","","","","","","1","0","Stck","0.00","0.00","0.00","0.00","0.00","0.00","0.00","1.4 kg","","","","","","","","","","18.06.2024","ja","0.00","0.00","0.00","","Allied Telesyn","255","175","45","","","","","","","",""
"","","","","","","","","","","","","","0.00","","0.00","","","0.00","","","","","","","","","","","","","","","","","","","","","","","","","","","",""
"001734","W","Allied Telesyn AT-FS708LE","","","","","","","0","0","Stck","0.00","0.00","10.00","0.00","0.00","0.00","0.00","0.35 kg","","","","","","","","","","06.11.2019","ja","0.00","0.00","0.00","","Allied Telesyn","85","147","27","","","","","","","",""
"","","","","","","","","","","","","","0.00","","0.00","","","0.00","","","","","","","","","","","","","","","","","","","","","","","","","","","",""
"004379","W","Allied Telesyn AT-GS908L","","","","","","","1","0","Stck","0.00","0.00","0.00","0.00","0.00","0.00","0.00","1'400 kg","","","","","","","","","","15.03.2022","ja","0.00","0.00","0.00","","Allied Telesyn","120","250","40","","","","","","","",""
"","","","","","","","","","","","","","0.00","","0.00","","","0.00","","","","","","","","","","","","","","","","","","","","","","","","","","","",""
"002287","W","Allied Telesyn CentreCom MR820TR","","","","","","","5","0","Stck","0.00","0.00","25.00","125.00","0.00","0.00","0.00","1.2 kg","","","","","","","","","","06.11.2019","ja","0.00","0.00","0.00","","Allied Telesyn","125","335","40","","","","","","","",""
"","","","","","","","","","","","","","0.00","","125.00","","","0.00","","","","","","","","","","","","","","","","","","","","","","","","","","","",""
"002275","W","Allied Telesyn FS705","","","","","","","0","0","Stck","0.00","0.00","0.00","0.00","0.00","0.00","0.00","0.66 kg","","","","10.10.2017","","","","","","12.10.2017","ja","0.00","0.00","0.00","","Allied Telesyn","115","250","40","","","","","","","",""
"","","","","","","","","","","","","","0.00","","0.00","","","0.00","","","","","","","","","","","","","","","","","","","","","","","","","","","",""
"002720","W","Allied Telesyn FS705 - Switch - 5 Ports","","","","","","","0","0","Stck","0.00","0.00","30.00","0.00","0.00","0.00","0.00","1.1 kg","","","","","","","","","","06.11.2019","ja","0.00","0.00","0.00","","Allied Telesyn","52","122","30","","","","","","","",""
"","","","","","","","","","","","","","0.00","","0.00","","","0.00","","","","","","","","","","","","","","","","","","","","","","","","","","","",""
"002465","W","Allied Telesyn FS708E","","","","","","","0","0","Stck","0.00","0.00","0.00","0.00","0.00","0.00","0.00","0.682 kg","","","","","","","","","","06.11.2019","ja","0.00","0.00","0.00","","","120","210","40","","","","","","","",""
"","","","","","","","","","","","","","0.00","","0.00","","","0.00","","","","","","","","","","","","","","","","","","","","","","","","","","","",""
"002264","W","Allied Telesyn International CentreCOM AT-FH708E","","","","","","","0","0","Stck","0.00","0.00","0.00","0.00","0.00","0.00","0.00","0.786 kg","","","","","","","","","","06.11.2019","ja","0.00","0.00","0.00","","Allied Telesyn","150","170","30","","","","","","","",""
"","","","","","","","","","","","","","0.00","","0.00","","","0.00","","","","","","","","","","","","","","","","","","","","","","","","","","","",""
"002043","W","Allied Telesyn International CentreCOM FS705","","","","","","","0","0","Stck","0.00","0.00","0.00","0.00","0.00","0.00","0.00","0.75 kg","","","","10.10.2017","","","","","","12.10.2017","ja","0.00","0.00","0.00","","Allied Telesyn","118","210","40","","","","","","","",""
"","","","","","","","","","","","","","0.00","","0.00","","","0.00","","","","","","","","","","","","","","","","","","","","","","","","","","","",""
"002354","W","Allied Telesyn MCF06ST","","","","","","","0","0","Stck","0.00","0.00","40.00","0.00","0.00","0.00","0.00","0.57 kg","","","","","","","","","","06.11.2019","ja","0.00","0.00","0.00","","Allied Telesyn","110","210","35","","","","","","","",""
"","","","","","","","","","","","","","0.00","","0.00","","","0.00","","","","","","","","","","","","","","","","","","","","","","","","","","","",""
"006490","W","Allied Telesyn MR127F Micro Repeater","","","","","","","0","0","Stck","0.00","0.00","0.00","0.00","0.00","0.00","0.00","0.57 kg","","","","","","","","","","23.05.2024","ja","0.00","0.00","0.00","","Allied Telesyn","110","210","35","","","","","","","",""
"","","","","","","","","","","","","","0.00","","0.00","","","0.00","","","","","","","","","","","","","","","","","","","","","","","","","","","",""
"002373","W","Allied Telesyn MR415T","","","","","","","2","0","Stck","0.00","0.00","10.00","20.00","0.00","0.00","0.00","0.8 kg","","","","23.04.2018","","","","","","24.04.2018","ja","0.00","0.00","0.00","","Allied Telesyn","100","115","30","","","","","","","",""
"002373","W","Allied Telesyn MR415T","","","","","","","2","0","Stck","0.00","0.00","10.00","20.00","0.00","0.00","0.00","0.8 kg","","","","24.04.2018","","","","","","24.04.2018","ja","0.00","0.00","0.00","","Allied Telesyn","100","115","30","","","","","","","",""
"","","","","","","","","","","","","","0.00","","40.00","","","0.00","","","","","","","","","","","","","","","","","","","","","","","","","","","",""
"003598","W","Allied Telesyn mx60t","","","","","","","0","0","Stck","0.00","0.00","0.00","0.00","0.00","0.00","0.00","0.4 kg","","","","","","","","","","06.11.2019","ja","0.00","0.00","0.00","","Allied Telesyn International","80","120","35","","","","","","","",""
"","","","","","","","","","","","","","0.00","","0.00","","","0.00","","","","","","","","","","","","","","","","","","","","","","","","","","","",""
"005431","W","All-in-one PC, Samsung TC241W","","","","","","","1","0","Stck","0.00","0.00","170.00","170.00","0.00","0.00","0.00","13 kg","","","","","","","","","","15.06.2023","ja","0.00","0.00","0.00","","Samsung","225","550","500","","","","","","","",""
"","","","","","","","","","","","","","0.00","","170.00","","","0.00","","","","","","","","","","","","","","","","","","","","","","","","","","","",""
"P30","W","All-in-One Tintenstrahl Drucker-Scanner-Kopierer","","Peripheriegeräte neu","","","","","0","0","Stck","0.00","0.00","30.00","0.00","0.00","0.00","0.00","0 kg","","","","27.01.2014","","","","","","30.10.2007","nein","0.00","0.00","0.00","","","","","","","","","","","","",""
"","","","","","","","","","","","","","0.00","","0.00","","","0.00","","","","","","","","","","","","","","","","","","","","","","","","","","","",""
"P30","W","All-in-One Tintenstrahl Drucker-Scanner-Kopierer, Brother MFC","","Peripheriegeräte neu","","","","","0","0","Stck","0.00","0.00","550.00","0.00","0.00","0.00","0.00","0 kg","","","","13.03.2007","","","","","","30.10.2007","nein","0.00","0.00","0.00","","","","","","","","","","","","",""
"","","","","","","","","","","","","","0.00","","0.00","","","0.00","","","","","","","","","","","","","","","","","","","","","","","","","","","",""
"P30","W","All-in-One Tintenstrahl Drucker-Scanner-Kopierer Canon","","Peripheriegeräte neu","","","","","0","0","Stck","0.00","0.00","70.00","0.00","0.00","0.00","0.00","0 kg","","","","10.04.2013","","","","","","30.10.2007","nein","0.00","0.00","0.00","","","","","","","","","","","","",""
"","","","","","","","","","","","","","0.00","","0.00","","","0.00","","","","","","","","","","","","","","","","","","","","","","","","","","","",""
"P30","W","All-in-One Tintenstrahl Drucker-Scanner-Kopierer Canon MP540","","Peripheriegeräte neu","","","","","0","0","Stck","0.00","0.00","70.00","0.00","0.00","0.00","0.00","0 kg","","","","16.04.2013","","","","","","30.10.2007","nein","0.00","0.00","0.00","","","","","","","","","","","","",""
"","","","","","","","","","","","","","0.00","","0.00","","","0.00","","","","","","","","","","","","","","","","","","","","","","","","","","","",""
"P30","W","All-in-One Tintenstrahl Drucker-Scanner-Kopierer HP Officejet 6500A PLUS","","Peripheriegeräte neu","","","","","0","0","Stck","0.00","0.00","100.00","0.00","0.00","0.00","0.00","0 kg","","","","20.02.2017","","","","","","30.10.2007","nein","0.00","0.00","0.00","","","","","","","","","","","","",""
"","","","","","","","","","","","","","0.00","","0.00","","","0.00","","","","","","","","","","","","","","","","","","","","","","","","","","","",""
"P30","W","All-in-One Tintenstrahl Drucker-Scanner-Kopierer ohne Tinte","","Peripheriegeräte neu","","","","","0","0","Stck","0.00","0.00","0.00","0.00","0.00","0.00","0.00","0 kg","","","","30.04.2015","","","","","","30.10.2007","nein","0.00","0.00","0.00","","","","","","","","","","","","",""
"P30","W","All-in-One Tintenstrahl Drucker-Scanner-Kopierer ohne Tinte","","Peripheriegeräte neu","","","","","0","0","Stck","0.00","0.00","0.00","0.00","0.00","0.00","0.00","0 kg","","","","07.05.2015","","","","","","30.10.2007","nein","0.00","0.00","0.00","","","","","","","","","","","","",""
"","","","","","","","","","","","","","0.00","","0.00","","","0.00","","","","","","","","","","","","","","","","","","","","","","","","","","","",""
"D14","D","Als zusätzliche Option: - Rechnungsadresse, die in der Kundenmaske ausgewählt wurde, beim Workflow in die Offerte übernehmen","","Dienstleistung","","","","","0","0","Std","0.00","0.00","100.00","0.00","0.00","0.00","0.00","0 kg","","","","05.01.2024","","","","","","29.09.2007","nein","0.00","0.00","0.00","","","","","","","","","","","","",""
"","","","","","","","","","","","","","0.00","","0.00","","","0.00","","","","","","","","","","","","","","","","","","","","","","","","","","","",""
"003079","W","Altec Lansing AHS615 Headset","","","","","","","0","0","Stck","0.00","0.00","40.00","0.00","0.00","0.00","0.00","0.55 kg","","","","05.09.2018","","","","","","07.09.2018","ja","0.00","0.00","0.00","","Altec Lansing","100","180","230","","","","","","","",""
"","","","","","","","","","","","","","0.00","","0.00","","","0.00","","","","","","","","","","","","","","","","","","","","","","","","","","","",""
"002959","W","Altec Lansing Series 100 Lautsprecher","","","","","","","0","0","Stck","0.00","0.00","20.00","0.00","0.00","0.00","0.00","1 kg","","","","","","","","","","06.11.2019","ja","0.00","0.00","0.00","","Altec Lansing","170","120","200","","","","","","","",""
"","","","","","","","","","","","","","0.00","","0.00","","","0.00","","","","","","","","","","","","","","","","","","","","","","","","","","","",""
"P9","W","Alternativ: 2. Harddisk in neuem externen NAS (basierend auf proprietärer Software) inkl. Swico-Gebühr","","Hardwareteile neu","","","","","0","0","Stck","0.00","0.00","220.00","0.00","0.00","0.00","0.00","0 kg","","","","27.04.2008","","","","","","09.08.2007","nein","0.00","0.00","0.00","","","","","","","","","","","","",""
"","","","","","","","","","","","","","0.00","","0.00","","","0.00","","","","","","","","","","","","","","","","","","","","","","","","","","","",""
"K0677","W","Alte Tastatur Toshiba","","","","","","","0","0","Stck","0.00","0.00","0.00","0.00","0.00","0.00","0.00","0 kg","","","","03.09.2019","","","","","","03.09.2019","nein","0.00","0.00","0.00","","","","","","","","","","","","",""
"K0677","W","Alte Tastatur Toshiba","","","","","","","0","0","Stck","0.00","0.00","0.00","0.00","0.00","0.00","0.00","0 kg","","","","16.10.2019","","","","","","03.09.2019","nein","0.00","0.00","0.00","","","","","","","","","","","","",""
"","","","","","","","","","","","","","0.00","","0.00","","","0.00","","","","","","","","","","","","","","","","","","","","","","","","","","","",""
"P12","W","Alu-Elko 1500 uF 10VDC, Art-Nr. 167-23-966","","Zubehör","","","","","0","0","Stck","0.00","0.00","0.32","0.00","16.81","0.00","0.00","0 kg","","","","13.10.2016","","","","","","17.08.2007","nein","0.00","0.00","0.00","","","","","","","","","","","","",""
"","","","","","","","","","","","","","0.00","","0.00","","","0.00","","","","","","","","","","","","","","","","","","","","","","","","","","","",""
"P12","W","Alu Elko 2200 uF 6.3 VDC","","Zubehör","","","","","0","0","Stck","0.00","0.00","30.76","0.00","16.81","0.00","0.00","0 kg","","","","20.05.2015","","","","","","17.08.2007","nein","0.00","0.00","0.00","","","","","","","","","","","","",""
"P12","W","Alu Elko 2200 uF 6.3 VDC","","Zubehör","","","","","0","0","Stck","0.00","0.00","30.76","0.00","16.81","0.00","0.00","0 kg","","","","27.05.2015","","","","","","17.08.2007","nein","0.00","0.00","0.00","","","","","","","","","","","","",""
"","","","","","","","","","","","","","0.00","","0.00","","","0.00","","","","","","","","","","","","","","","","","","","","","","","","","","","",""
"P12","W","Alu Elko 3300 uF 6.3 VDC","","Zubehör","","","","","0","0","Stck","0.00","0.00","0.95","0.00","16.81","0.00","0.00","0 kg","","","","20.05.2015","","","","","","17.08.2007","nein","0.00","0.00","0.00","","","","","","","","","","","","",""
"P12","W","Alu Elko 3300 uF 6.3 VDC","","Zubehör","","","","","0","0","Stck","0.00","0.00","0.95","0.00","16.81","0.00","0.00","0 kg","","","","27.05.2015","","","","","","17.08.2007","nein","0.00","0.00","0.00","","","","","","","","","","","","",""
"","","","","","","","","","","","","","0.00","","0.00","","","0.00","","","","","","","","","","","","","","","","","","","","","","","","","","","",""
"001583","W","Alwicom BSDWall","","","","","","","0","0","Stck","0.00","0.00","20.00","0.00","0.00","0.00","0.00","0.38 kg","","","","","","","","","","06.11.2019","ja","0.00","0.00","0.00","","Alwicom","160","160","28","","","","","","","",""
"","","","","","","","","","","","","","0.00","","0.00","","","0.00","","","","","","","","","","","","","","","","","","","","","","","","","","","",""
"004530","W","AM3/AM2+, CPU Cooler","","","","","","","1","0","Stck","0.00","0.00","10.00","10.00","0.00","0.00","0.00","0 kg","","","","29.01.2024","","","","","","15.03.2022","ja","0.00","0.00","0.00","","","0","0","0","","","","","","","",""
"","","","","","","","","","","","","","0.00","","10.00","","","0.00","","","","","","","","","","","","","","","","","","","","","","","","","","","",""
"004708","W","AMD Athlon 1333","","","","","","","1","0","Stck","0.00","0.00","0.00","0.00","0.00","0.00","0.00","250 kg","","","","","","","","","","04.05.2022","ja","0.00","0.00","0.00","","AMD","50","50","4","","","","","","","",""
"","","","","","","","","","","","","","0.00","","0.00","","","0.00","","","","","","","","","","","","","","","","","","","","","","","","","","","",""
"004709","W","AMD Athlon 1400","","","","","","","1","0","Stck","0.00","0.00","0.00","0.00","0.00","0.00","0.00","250 kg","","","","","","","","","","04.05.2022","ja","0.00","0.00","0.00","","AMD","50","50","4","","","","","","","",""
"","","","","","","","","","","","","","0.00","","0.00","","","0.00","","","","","","","","","","","","","","","","","","","","","","","","","","","",""
"001872","W","AMD Athlon 64 3000+ ADA3000AEP4AR","","","","","","","0","0","Stck","0.00","0.00","0.00","0.00","0.00","0.00","0.00","0.038 kg","","","","","","","","","","06.11.2019","ja","0.00","0.00","0.00","","AMD","40","40","0","","","","","","","",""
"","","","","","","","","","","","","","0.00","","0.00","","","0.00","","","","","","","","","","","","","","","","","","","","","","","","","","","",""
"001849","W","AMD Athlon 64 3000+ ADA3000DIK4BI","","","","","","","0","0","Stck","0.00","0.00","0.00","0.00","0.00","0.00","0.00","0.023 kg","","","","","","","","","","06.11.2019","ja","0.00","0.00","0.00","","AMD","35","35","0","","","","","","","",""
"","","","","","","","","","","","","","0.00","","0.00","","","0.00","","","","","","","","","","","","","","","","","","","","","","","","","","","",""
"001873","W","AMD Athlon 64 3200+ ADA3200DAA4BW","","","","","","","0","0","Stck","0.00","0.00","0.00","0.00","0.00","0.00","0.00","0.038 kg","","","","","","","","","","06.11.2019","ja","0.00","0.00","0.00","","AMD","40","40","0","","","","","","","",""
"","","","","","","","","","","","","","0.00","","0.00","","","0.00","","","","","","","","","","","","","","","","","","","","","","","","","","","",""
"001870","W","AMD Athlon 64 3500+ ADA3500DEP4AW","","","","","","","0","0","Stck","0.00","0.00","0.00","0.00","0.00","0.00","0.00","0.04 kg","","","","","","","","","","06.11.2019","ja","0.00","0.00","0.00","","AMD","40","40","0","","","","","","","",""
"","","","","","","","","","","","","","0.00","","0.00","","","0.00","","","","","","","","","","","","","","","","","","","","","","","","","","","",""
"001871","W","AMD Athlon 64 3700+ ADA3700DAA5BN","","","","","","","0","0","Stck","0.00","0.00","0.00","0.00","0.00","0.00","0.00","0.042 kg","","","","","","","","","","06.11.2019","ja","0.00","0.00","0.00","","AMD","40","40","0","","","","","","","",""
"","","","","","","","","","","","","","0.00","","0.00","","","0.00","","","","","","","","","","","","","","","","","","","","","","","","","","","",""
"001847","W","AMD Athlon 64 3800+ ADA3800DAA5BV","","","","","","","0","0","Stck","0.00","0.00","0.00","0.00","0.00","0.00","0.00","23 kg","","","","","","","","","","06.11.2019","ja","0.00","0.00","0.00","","AMD","35","35","0","","","","","","","",""
"","","","","","","","","","","","","","0.00","","0.00","","","0.00","","","","","","","","","","","","","","","","","","","","","","","","","","","",""
"001848","W","AMD Athlon 64 X2 4200+ ADO4200IAA5DO","","","","","","","0","0","Stck","0.00","0.00","0.00","0.00","0.00","0.00","0.00","0.023 kg","","","","","","","","","","06.11.2019","ja","0.00","0.00","0.00","","AMD","35","35","0","","","","","","","",""
"","","","","","","","","","","","","","0.00","","0.00","","","0.00","","","","","","","","","","","","","","","","","","","","","","","","","","","",""
"001868","W","AMD Athlon 64 X2 4450E ADH4450IAA5DO","","","","","","","0","0","Stck","0.00","0.00","0.00","0.00","0.00","0.00","0.00","0.038 kg","","","","","","","","","","06.11.2019","ja","0.00","0.00","0.00","","AMD","40","40","0","","","","","","","",""
"","","","","","","","","","","","","","0.00","","0.00","","","0.00","","","","","","","","","","","","","","","","","","","","","","","","","","","",""
"001834","W","AMD Athlon A1000AMT3C","","","","","","","0","0","Stck","0.00","0.00","0.00","0.00","0.00","0.00","0.00","0.023 kg","","","","","","","","","","06.11.2019","ja","0.00","0.00","0.00","","AMD","50","50","0","","","","","","","",""
"","","","","","","","","","","","","","0.00","","0.00","","","0.00","","","","","","","","","","","","","","","","","","","","","","","","","","","",""
"001844","W","AMD Athlon AHX1200AMS3C","","","","","","","0","0","Stck","0.00","0.00","0.00","0.00","0.00","0.00","0.00","0.023 kg","","","","","","","","","","06.11.2019","ja","0.00","0.00","0.00","","AMD","50","50","0","","","","","","","",""
"","","","","","","","","","","","","","0.00","","0.00","","","0.00","","","","","","","","","","","","","","","","","","","","","","","","","","","",""
"001835","W","AMD Athlon MP 1800+ AMP1800DMS3C","","","","","","","0","0","Stck","0.00","0.00","20.00","0.00","0.00","0.00","0.00","0.1 kg","","","","","","","","","","06.11.2019","ja","0.00","0.00","0.00","","AMD","50","50","6","","","","","","","",""
"","","","","","","","","","","","","","0.00","","0.00","","","0.00","","","","","","","","","","","","","","","","","","","","","","","","","","","",""
"P54","W","AMD AthlonX2 4200+ CPU","","Hardwareteile neu","","","","","0","0","Stck","0.00","0.00","70.00","0.00","0.00","0.00","0.00","0 kg","","","","18.12.2009","","","","","","02.01.2009","nein","0.00","0.00","0.00","","","","","","","","","","","","",""
"","","","","","","","","","","","","","0.00","","0.00","","","0.00","","","","","","","","","","","","","","","","","","","","","","","","","","","",""
"001830","W","AMD Athlon XP 1800+ AX1800DMT3C","","","","","","","0","0","Stck","0.00","0.00","20.00","0.00","0.00","0.00","0.00","0.1 kg","","","","","","","","","","06.11.2019","ja","0.00","0.00","0.00","","AMD","50","50","6","","","","","","","",""
"","","","","","","","","","","","","","0.00","","0.00","","","0.00","","","","","","","","","","","","","","","","","","","","","","","","","","","",""
"001837","W","AMD Athlon XP 2000+ AX2000DMT3C","","","","","","","0","0","Stck","0.00","0.00","20.00","0.00","0.00","0.00","0.00","0.1 kg","","","","","","","","","","06.11.2019","ja","0.00","0.00","0.00","","AMD","50","50","6","","","","","","","",""
"","","","","","","","","","","","","","0.00","","0.00","","","0.00","","","","","","","","","","","","","","","","","","","","","","","","","","","",""
"001875","W","AMD Athlon XP 2600+ AXDA2600KV3D","","","","","","","0","0","Stck","0.00","0.00","0.00","0.00","0.00","0.00","0.00","0.01 kg","","","","","","","","","","06.11.2019","ja","0.00","0.00","0.00","","AMD","49","49","0","","","","","","","",""
"","","","","","","","","","","","","","0.00","","0.00","","","0.00","","","","","","","","","","","","","","","","","","","","","","","","","","","",""
"003895","W","AMD ATI-102-B27602-B HD2400","","","","","","","0","0","Stck","0.00","0.00","0.00","0.00","0.00","0.00","0.00","0.2 kg","","","","","","","","","","06.11.2019","ja","0.00","0.00","0.00","","ATI","180","90","22","","","","","","","",""
"","","","","","","","","","","","","","0.00","","0.00","","","0.00","","","","","","","","","","","","","","","","","","","","","","","","","","","",""
"003881","W","AMD ATI-102-B62902-B-3450","","","","","","","1","0","Stck","0.00","0.00","0.00","0.00","0.00","0.00","0.00","0.2 kg","","","","","","","","","","06.11.2019","ja","0.00","0.00","0.00","","AMD","170","80","22","","","","","","","",""
"","","","","","","","","","","","","","0.00","","0.00","","","0.00","","","","","","","","","","","","","","","","","","","","","","","","","","","",""
"003876","W","AMD ATI-102-B62902-B-HD3450","","","","","","","1","0","Stck","0.00","0.00","0.00","0.00","0.00","0.00","0.00","1.5 kg","","","","","","","","","","06.11.2019","ja","0.00","0.00","0.00","","AMD","175","85","22","","","","","","","",""
"","","","","","","","","","","","","","0.00","","0.00","","","0.00","","","","","","","","","","","","","","","","","","","","","","","","","","","",""
"003875","W","AMD ATI-102- B88901-B-H4550","","","","","","","0","0","Stck","0.00","0.00","20.00","0.00","0.00","0.00","0.00","0.3 kg","","","","","","","","","","06.11.2019","ja","0.00","0.00","0.00","","AMD","175","80","25","","","","","","","",""
"","","","","","","","","","","","","","0.00","","0.00","","","0.00","","","","","","","","","","","","","","","","","","","","","","","","","","","",""
"003872","W","AMD ATI-102-C09003(B) HD6350","","","","","","","0","0","Stck","0.00","0.00","0.00","0.00","0.00","0.00","0.00","0.2 kg","","","","","","","","","","06.11.2019","ja","0.00","0.00","0.00","","AMD","175","80","23","","","","","","","",""
"","","","","","","","","","","","","","0.00","","0.00","","","0.00","","","","","","","","","","","","","","","","","","","","","","","","","","","",""
"003189","W","AMD ATI-102-C26405(B) HD6450","","","","","","","8","0","Stck","0.00","0.00","20.00","160.00","0.00","0.00","0.00","0.2 kg","","","","02.02.2022","","","","","","18.01.2019","ja","0.00","0.00","0.00","","AMD","182","81","22","","","","","","","",""
"003189","W","AMD ATI-102-C26405(B) HD6450","","","","","","","8","0","Stck","0.00","0.00","25.00","200.00","0.00","0.00","0.00","0.2 kg","","","","30.09.2022","","","","","","18.01.2019","ja","0.00","0.00","0.00","","AMD","182","81","22","","","","","","","",""
"003189","W","AMD ATI-102-C26405(B) HD6450","","","","","","","8","0","Stck","0.00","0.00","25.00","200.00","0.00","0.00","0.00","0.2 kg","","","","05.05.2025","","","","","","18.01.2019","ja","0.00","0.00","0.00","","AMD","182","81","22","","","","","","","",""
"","","","","","","","","","","","","","0.00","","560.00","","","0.00","","","","","","","","","","","","","","","","","","","","","","","","","","","",""
"003189","W","AMD ATI-102-C26405(B) HD6450 Grafikkarte","","","","","","","8","0","Stck","0.00","0.00","25.00","200.00","0.00","0.00","0.00","0.2 kg","","","","01.01.2018","","","","","","18.01.2019","ja","0.00","0.00","0.00","","AMD","182","81","22","","","","","","","",""
"003189","W","AMD ATI-102-C26405(B) HD6450 Grafikkarte","","","","","","","8","0","Stck","0.00","0.00","25.00","200.00","0.00","0.00","0.00","0.2 kg","","","","31.12.2018","","","","","","18.01.2019","ja","0.00","0.00","0.00","","AMD","182","81","22","","","","","","","",""
"","","","","","","","","","","","","","0.00","","400.00","","","0.00","","","","","","","","","","","","","","","","","","","","","","","","","","","",""
"003912","W","AMD ATI 288-1E145-201AC","","","","","","","2","0","Stck","0.00","0.00","25.00","50.00","0.00","0.00","0.00","0.23 kg","","","","","","","","","","06.11.2019","ja","0.00","0.00","0.00","","AMD","180","130","22","","","","","","","",""
"","","","","","","","","","","","","","0.00","","50.00","","","0.00","","","","","","","","","","","","","","","","","","","","","","","","","","","",""
"003914","W","AMD/ATI Radeon HD 3450 (RV620)","","","","","","","0","0","Stck","0.00","0.00","0.00","0.00","0.00","0.00","0.00","0.22 kg","","","","","","","","","","06.11.2019","ja","0.00","0.00","0.00","","AMD","180","130","22","","","","","","","",""
"","","","","","","","","","","","","","0.00","","0.00","","","0.00","","","","","","","","","","","","","","","","","","","","","","","","","","","",""
"003873","W","AMD Ati Radeon HD 3470 102- B40319(B)","","","","","","","26","0","Stck","0.00","0.00","20.00","520.00","0.00","0.00","0.00","0.3 kg","","","","21.11.2020","C120D02700ZD","","","","","06.11.2019","ja","0.00","0.00","0.00","","Dell","182","80","22","","","","","","","",""
"003873","W","AMD Ati Radeon HD 3470 102- B40319(B)","","","","","","","26","0","Stck","0.00","0.00","20.00","520.00","0.00","0.00","0.00","0.3 kg","","","","31.01.2026","","","","","","06.11.2019","ja","0.00","0.00","0.00","","Dell","182","80","22","","","","","","","",""
"","","","","","","","","","","","","","0.00","","1'040.00","","","0.00","","","","","","","","","","","","","","","","","","","","","","","","","","","",""
"003891","W","AMD Ati V620","","","","","","","0","0","Stck","0.00","0.00","0.00","0.00","0.00","0.00","0.00","0 kg","","","","","","","","","","06.11.2019","ja","0.00","0.00","0.00","","ATI","0","0","0","","","","","","","",""
"","","","","","","","","","","","","","0.00","","0.00","","","0.00","","","","","","","","","","","","","","","","","","","","","","","","","","","",""
"19023","W","AMD Cooling fan","","","","","","","5","0","Stck","0.00","0.00","0.00","0.00","0.00","0.00","0.00","0.8 kg","","","","","","","","","","11.11.2025","ja","0.00","0.00","0.00","","AMD","110","120","70","","","","Kühlung","yes","Ventilator","",""
"","","","","","","","","","","","","","0.00","","0.00","","","0.00","","","","","","","","","","","","","","","","","","","","","","","","","","","",""
"001829","W","AMD Duron D700AUT1B + D750AUT1B","","","","","","","0","0","Stck","0.00","0.00","0.00","0.00","0.00","0.00","0.00","0.017 kg","","","","","","","","","","06.11.2019","ja","0.00","0.00","0.00","","AMD","45","45","0","","","","","","","",""
"","","","","","","","","","","","","","0.00","","0.00","","","0.00","","","","","","","","","","","","","","","","","","","","","","","","","","","",""
"001839","W","AMD Duron DHD1000AMT1B","","","","","","","0","0","Stck","0.00","0.00","0.00","0.00","0.00","0.00","0.00","0.023 kg","","","","","","","","","","06.11.2019","ja","0.00","0.00","0.00","","AMD","50","50","0","","","","","","","",""
"","","","","","","","","","","","","","0.00","","0.00","","","0.00","","","","","","","","","","","","","","","","","","","","","","","","","","","",""
"001838","W","AMD Duron DHD1400DLV1C","","","","","","","0","0","Stck","0.00","0.00","0.00","0.00","0.00","0.00","0.00","0.023 kg","","","","","","","","","","06.11.2019","ja","0.00","0.00","0.00","","AMD","50","50","0","","","","","","","",""
"","","","","","","","","","","","","","0.00","","0.00","","","0.00","","","","","","","","","","","","","","","","","","","","","","","","","","","",""
"001840","W","AMD-DX4-100","","","","","","","0","0","Stck","0.00","0.00","50.00","0.00","0.00","0.00","0.00","0.042 kg","","","","","","","","","","06.11.2019","ja","0.00","0.00","0.00","","AMD","50","50","0","","","","","","","",""
"","","","","","","","","","","","","","0.00","","0.00","","","0.00","","","","","","","","","","","","","","","","","","","","","","","","","","","",""
"003973","W","AMD FirePro V5900","","","","","","","0","0","Stck","0.00","0.00","0.00","0.00","0.00","0.00","0.00","0.8 kg","","","","","","","","","","17.12.2019","ja","0.00","0.00","0.00","","AMD","240","110","25","","","","","","","",""
"","","","","","","","","","","","","","0.00","","0.00","","","0.00","","","","","","","","","","","","","","","","","","","","","","","","","","","",""
"000200","W","AMD FX-8350 8-Core","","","","","","","0","0","Stck","0.00","0.00","70.00","0.00","0.00","0.00","0.00","0 kg","","","","29.01.2024","","","","","","06.11.2019","ja","0.00","0.00","0.00","","diverse","0","0","0","","","","","","","",""
"","","","","","","","","","","","","","0.00","","0.00","","","0.00","","","","","","","","","","","","","","","","","","","","","","","","","","","",""
"004698","W","AMD FX, CPU Cooler","","","","","","","1","0","Stck","0.00","0.00","0.00","0.00","0.00","0.00","0.00","1'500 kg","","","","","","","","","","04.05.2022","ja","0.00","0.00","0.00","","AMD","70","130","110","","","","","","","",""
"","","","","","","","","","","","","","0.00","","0.00","","","0.00","","","","","","","","","","","","","","","","","","","","","","","","","","","",""
"001927","W","AMD K6-2 300Mhz","","","","","","","0","0","Stck","0.00","0.00","25.00","0.00","0.00","0.00","0.00","0.1 kg","","","","","","","","","","06.11.2019","ja","0.00","0.00","0.00","","AMD","50","50","5","","","","","","","",""
"","","","","","","","","","","","","","0.00","","0.00","","","0.00","","","","","","","","","","","","","","","","","","","","","","","","","","","",""
"001926","W","AMD-K6 233Mhz","","","","","","","0","0","Stck","0.00","0.00","20.00","0.00","0.00","0.00","0.00","0.1 kg","","","","","","","","","","06.11.2019","ja","0.00","0.00","0.00","","AMD","50","50","5","","","","","","","",""
"","","","","","","","","","","","","","0.00","","0.00","","","0.00","","","","","","","","","","","","","","","","","","","","","","","","","","","",""
"001925","W","AMD K6-2 350Mhz","","","","","","","0","0","Stck","0.00","0.00","25.00","0.00","0.00","0.00","0.00","0.005 kg","","","","","","","","","","06.11.2019","ja","0.00","0.00","0.00","","AMD","50","50","7","","","","","","","",""
"","","","","","","","","","","","","","0.00","","0.00","","","0.00","","","","","","","","","","","","","","","","","","","","","","","","","","","",""
"001924","W","AMD K6-2 450 Mhz","","","","","","","0","0","Stck","0.00","0.00","30.00","0.00","0.00","0.00","0.00","0.023 kg","","","","","","","","","","06.11.2019","ja","0.00","0.00","0.00","","AMD","50","50","0","","","","","","","",""
"","","","","","","","","","","","","","0.00","","0.00","","","0.00","","","","","","","","","","","","","","","","","","","","","","","","","","","",""
"001832","W","AMD K6 2 500 Mhz","","","","","","","0","0","Stck","0.00","0.00","30.00","0.00","0.00","0.00","0.00","0.023 kg","","","","24.02.2017","","","","","","24.02.2017","ja","0.00","0.00","0.00","","AMD","50","50","0","","","","","","","",""
"","","","","","","","","","","","","","0.00","","0.00","","","0.00","","","","","","","","","","","","","","","","","","","","","","","","","","","",""
"001833","W","AMD K6 III 400 Mhz","","","","","","","0","0","Stck","0.00","0.00","50.00","0.00","0.00","0.00","0.00","0.023 kg","","","","24.02.2017","","","","","","24.02.2017","ja","0.00","0.00","0.00","","AMD","50","50","0","","","","","","","",""
"","","","","","","","","","","","","","0.00","","0.00","","","0.00","","","","","","","","","","","","","","","","","","","","","","","","","","","",""
"002079","W","AMD PC","","","","","","","0","0","Stck","0.00","0.00","25.00","0.00","0.00","0.00","0.00","0 kg","","","","","","","","","","06.11.2019","ja","0.00","0.00","0.00","","","470","200","435","","","","","","","",""
"","","","","","","","","","","","","","0.00","","0.00","","","0.00","","","","","","","","","","","","","","","","","","","","","","","","","","","",""
"004529","W","AMD Phenom II 3.4GHz","","","","","","","1","0","Stck","0.00","0.00","0.00","0.00","0.00","0.00","0.00","0 kg","","","","","","","","","","15.03.2022","ja","0.00","0.00","0.00","","AMD","0","0","0","","","","","","","",""
"","","","","","","","","","","","","","0.00","","0.00","","","0.00","","","","","","","","","","","","","","","","","","","","","","","","","","","",""
"001828","W","AMD Phenom II X4 920 HDX920XCJ4DGI","","","","","","","0","0","Stck","0.00","0.00","30.00","0.00","0.00","0.00","0.00","0.1 kg","","","","","","","","","","06.11.2019","ja","0.00","0.00","0.00","","AMD","35","35","5","","","","","","","",""
"","","","","","","","","","","","","","0.00","","0.00","","","0.00","","","","","","","","","","","","","","","","","","","","","","","","","","","",""
"001876","W","AMD Phenom || X4 955 Black Edition","","","","","","","0","0","Stck","0.00","0.00","40.00","0.00","0.00","0.00","0.00","0.05 kg","","","","","","","","","","06.11.2019","ja","0.00","0.00","0.00","","AMD","38","38","5","","","","","","","",""
"","","","","","","","","","","","","","0.00","","0.00","","","0.00","","","","","","","","","","","","","","","","","","","","","","","","","","","",""
"003897","W","AMD Radeon HD 4670","","","","","","","0","0","Stck","0.00","0.00","0.00","0.00","0.00","0.00","0.00","0.186 kg","","","","","","","","","","06.11.2019","ja","0.00","0.00","0.00","","AMD","170","130","30","","","","","","","",""
"","","","","","","","","","","","","","0.00","","0.00","","","0.00","","","","","","","","","","","","","","","","","","","","","","","","","","","",""
"003884","W","AMD Radeon HD 5450","","","","","","","0","0","Stck","0.00","0.00","0.00","0.00","0.00","0.00","0.00","0.24 kg","","","","","","","","","","06.11.2019","ja","0.00","0.00","0.00","","AMD","189","53","115","","","","","","","",""
"","","","","","","","","","","","","","0.00","","0.00","","","0.00","","","","","","","","","","","","","","","","","","","","","","","","","","","",""
"003887","W","AMD Radeon HD6350 109-C09057-00 V218 01CX3M","","","","","","","0","0","Stck","0.00","0.00","0.00","0.00","0.00","0.00","0.00","0.25 kg","","","","","","","","","","06.11.2019","ja","0.00","0.00","0.00","","AMD","173","55","80","","","","","","","",""
"","","","","","","","","","","","","","0.00","","0.00","","","0.00","","","","","","","","","","","","","","","","","","","","","","","","","","","",""
"003894","W","AMD Radeon HD 8490","","","","","","","43","0","Stck","0.00","0.00","20.00","860.00","0.00","0.00","0.00","0.3 kg","","","","","","","","","","06.11.2019","ja","0.00","0.00","0.00","","AMD","180","80","25","","","","","","","",""
"","","","","","","","","","","","","","0.00","","860.00","","","0.00","","","","","","","","","","","","","","","","","","","","","","","","","","","",""
"004790","W","AMD Sapphire Radeon Grafikkarte HD5450 1G DDR3 PCI-E DVI HDMI VGA","","","","","","","1","0","Stck","0.00","0.00","0.00","0.00","0.00","0.00","0.00","1 kg","","","","","","","","","","11.05.2022","ja","0.00","0.00","0.00","","AMD","150","125","30","","","","","","","",""
"","","","","","","","","","","","","","0.00","","0.00","","","0.00","","","","","","","","","","","","","","","","","","","","","","","","","","","",""
"001831","W","AMD SemPron 2600+ SDA2600DUT3D","","","","","","","0","0","Stck","0.00","0.00","0.00","0.00","0.00","0.00","0.00","22 kg","","","","","","","","","","06.11.2019","ja","0.00","0.00","0.00","","AMD","50","50","0","","","","","","","",""
"","","","","","","","","","","","","","0.00","","0.00","","","0.00","","","","","","","","","","","","","","","","","","","","","","","","","","","",""
"006486","W","AMD Sempron 2800+ SDC2800UT3D","","","","","","","0","0","Stck","0.00","0.00","0.00","0.00","0.00","0.00","0.00","0.011 kg","","","","","","","","","","23.05.2024","ja","0.00","0.00","0.00","","AMD","48","48","0","","","","","","","",""
"006579","W","AMD Sempron 2800+ SDC2800UT3D","","","","","","","1","0","Stck","0.00","0.00","15.00","15.00","0.00","0.00","0.00","0.05 kg","","","","22.05.2025","","","","","","14.06.2024","ja","0.00","0.00","0.00","","AMD","48","48","0","","","","","","","",""
"","","","","","","","","","","","","","0.00","","15.00","","","0.00","","","","","","","","","","","","","","","","","","","","","","","","","","","",""
"001867","W","AMD Sempron 64 3400+ SDA3400IAA3CW","","","","","","","0","0","Stck","0.00","0.00","0.00","0.00","0.00","0.00","0.00","0.025 kg","","","","","","","","","","06.11.2019","ja","0.00","0.00","0.00","","AMD","40","40","0","","","","","","","",""
"","","","","","","","","","","","","","0.00","","0.00","","","0.00","","","","","","","","","","","","","","","","","","","","","","","","","","","",""
"005091","W","AMILO Xi2528","","","","","","","1","0","Stck","0.00","0.00","120.00","120.00","0.00","0.00","0.00","5 kg","","","","","","","","","","28.10.2022","ja","0.00","0.00","0.00","","Fujitsu / Fujitsu-Siemens / Siemens","291","408","38","","","","","","","",""
"","","","","","","","","","","","","","0.00","","120.00","","","0.00","","","","","","","","","","","","","","","","","","","","","","","","","","","",""
"P69","W","Amortisation Beamerlampe","","Verbrauchsmaterial","","","","","0","0","Std","0.00","0.00","1.00","0.00","0.00","0.00","0.00","0 kg","","","","21.12.2010","","","","","","21.12.2010","nein","0.00","0.00","0.00","","","","","","","","","","","","",""
"","","","","","","","","","","","","","0.00","","0.00","","","0.00","","","","","","","","","","","","","","","","","","","","","","","","","","","",""
"P9","W","Analog Modem diverse","","Hardwareteile neu","","","","","0","0","Stck","0.00","0.00","10.00","0.00","0.00","0.00","0.00","0 kg","","","","31.12.2024","","","","","","09.08.2007","nein","0.00","0.00","0.00","","","","","","","","","","","","",""
"","","","","","","","","","","","","","0.00","","0.00","","","0.00","","","","","","","","","","","","","","","","","","","","","","","","","","","",""
"000185","W","Analog-Modemkarten diverse","","","","","","","2","0","Stck","0.00","0.00","0.00","0.00","0.00","0.00","0.00","0 kg","","","","","","","","","","06.11.2019","ja","0.00","0.00","0.00","","diverse","0","0","0","","","","","","","",""
"","","","","","","","","","","","","","0.00","","0.00","","","0.00","","","","","","","","","","","","","","","","","","","","","","","","","","","",""
"000255","W","Analog-Telefon Swisscom Luzern","","","","","","","0","0","Stck","0.00","0.00","10.00","0.00","0.00","0.00","0.00","0 kg","","","","31.08.2019","","","","","","26.10.2018","ja","0.00","0.00","0.00","","diverse","0","0","0","","","","","","","",""
"","","","","","","","","","","","","","0.00","","0.00","","","0.00","","","","","","","","","","","","","","","","","","","","","","","","","","","",""
"D19","D","Analyse","","Dienstleistung","","","","","0","0","psch","30.00","0.00","30.00","0.00","0.00","0.00","0.00","0 kg","","","","29.08.2013","","","","","","07.07.2008","nein","0.00","0.00","0.00","","","","","","","","","","","","",""
"D19","D","Analyse","","Dienstleistung","","","","","0","0","psch","30.00","0.00","30.00","0.00","0.00","0.00","0.00","0 kg","","","","21.11.2013","","","","","","07.07.2008","nein","0.00","0.00","0.00","","","","","","","","","","","","",""
"","","","","","","","","","","","","","0.00","","0.00","","","0.00","","","","","","","","","","","","","","","","","","","","","","","","","","","",""
"D1","D","Analyse, Reparatur","","Dienstleistung","","","","","0","0","Std","0.00","0.00","70.00","0.00","50.37","0.00","0.00","0 kg","","","","13.11.2013","","","","","","09.04.2007","nein","0.00","0.00","0.00","","","","","","","","","","","","",""
"D1","D","Analyse, Reparatur","","Dienstleistung","","","","","0","0","Std","0.00","0.00","70.00","0.00","50.37","0.00","0.00","0 kg","","","","18.11.2013","","","","","","09.04.2007","nein","0.00","0.00","0.00","","","","","","","","","","","","",""
"","","","","","","","","","","","","","0.00","","0.00","","","0.00","","","","","","","","","","","","","","","","","","","","","","","","","","","",""
"004296","W","Anatel WN7601R-H1 Model: PCI-E WLAN Card","","","","","","","1","0","Stck","0.00","0.00","0.00","0.00","0.00","0.00","0.00","10 kg","","","","","","","","","","15.03.2022","ja","0.00","0.00","0.00","","","73","80","20","","","","","","","",""
"","","","","","","","","","","","","","0.00","","0.00","","","0.00","","","","","","","","","","","","","","","","","","","","","","","","","","","",""
"D12","D","Ändern der Konfiguration, dass DVD-Videos abgespeiltwerden können.","","Dienstleistung (Stunden)","","","","","0","0","Std","0.00","0.00","70.00","0.00","0.00","0.00","0.00","0 kg","","","","05.12.2012","","","","","","29.09.2007","nein","0.00","0.00","0.00","","","","","","","","","","","","",""
"","","","","","","","","","","","","","0.00","","0.00","","","0.00","","","","","","","","","","","","","","","","","","","","","","","","","","","",""
"D14","D","Ändern der standardmässig ausgewählten Felder bei den Kundenberichten gemäss Ihren Angaben.","","Dienstleistung","","","","","0","0","Std","0.00","0.00","100.00","0.00","0.00","0.00","0.00","0 kg","","","","07.04.2022","","","","","","29.09.2007","nein","0.00","0.00","0.00","","","","","","","","","","","","",""
"","","","","","","","","","","","","","0.00","","0.00","","","0.00","","","","","","","","","","","","","","","","","","","","","","","","","","","",""
"D14","D","Ändern der standardmässig ausgewählten Felder bei den Kundenberichten gemäss Ihren Angaben (Auftrag AU2022064).","","Dienstleistung","","","","","0","0","Std","0.00","0.00","100.00","0.00","0.00","0.00","0.00","0 kg","","","","08.08.2022","","","","","","29.09.2007","nein","0.00","0.00","0.00","","","","","","","","","","","","",""
"","","","","","","","","","","","","","0.00","","0.00","","","0.00","","","","","","","","","","","","","","","","","","","","","","","","","","","",""
"D14","D","Änderungen Darstellung Hyperlinks","","Dienstleistung","","","","","0","0","Std","0.00","0.00","50.00","0.00","0.00","0.00","0.00","0 kg","","","","29.05.2017","","","","","","29.09.2007","nein","0.00","0.00","0.00","","","","","","","","","","","","",""
"","","","","","","","","","","","","","0.00","","0.00","","","0.00","","","","","","","","","","","","","","","","","","","","","","","","","","","",""
"D49","D","Andoid Installation","Linux Installation","","","","","","0","0","Stck","0.00","0.00","100.00","0.00","0.00","0.00","0.00","0 kg","","","","23.01.2023","","","","","","16.05.2014","nein","0.00","0.00","0.00","","","","","","","","","","","","",""
"D49","D","Andoid Installation","Linux Installation","","","","","","0","0","Stck","0.00","0.00","100.00","0.00","0.00","0.00","0.00","0 kg","","","","07.02.2023","","","","","","16.05.2014","nein","0.00","0.00","0.00","","","","","","","","","","","","",""
"","","","","","","","","","","","","","0.00","","0.00","","","0.00","","","","","","","","","","","","","","","","","","","","","","","","","","","",""
"001004","W","Android HDMI TV-Stick TVPeCee MMS-854.wifi","","","","","","","0","0","Stck","0.00","0.00","30.00","0.00","0.00","0.00","0.00","0 kg","","","","","","","","","","06.11.2019","ja","0.00","0.00","0.00","","","0","0","0","","","","","","","",""
"","","","","","","","","","","","","","0.00","","0.00","","","0.00","","","","","","","","","","","","","","","","","","","","","","","","","","","",""
"D15","D","Angepasste Kopie der Kivitendo-Installation von Murmel Spielwerkstatt und Verlag AG als eigene Kivitendo-Instanz auf Webserver einrichten, inkl. Subdomain, Sicherheitszertifikat und Vorlagengestaltung","","Dienstleistung","","","","","0","0","psch","0.00","0.00","240.00","0.00","0.00","0.00","0.00","0 kg","","","","14.01.2014","","","","","","29.09.2007","nein","0.00","0.00","0.00","","","","","","","","","","","","",""
"D15","D","Angepasste Kopie der Kivitendo-Installation von Murmel Spielwerkstatt und Verlag AG als eigene Kivitendo-Instanz auf Webserver einrichten, inkl. Subdomain, Sicherheitszertifikat und Vorlagengestaltung","","Dienstleistung","","","","","0","0","psch","0.00","0.00","240.00","0.00","0.00","0.00","0.00","0 kg","","","","15.01.2014","","","","","","29.09.2007","nein","0.00","0.00","0.00","","","","","","","","","","","","",""
"","","","","","","","","","","","","","0.00","","0.00","","","0.00","","","","","","","","","","","","","","","","","","","","","","","","","","","",""
"D12","D","Anlegen von neuen Konten und Buchungsgruppen November 2019","","Dienstleistung (Stunden)","","","","","0","0","Std","0.00","0.00","100.00","0.00","0.00","0.00","0.00","0 kg","","","","31.12.2020","","","","","","29.09.2007","nein","0.00","0.00","0.00","","","","","","","","","","","","",""
"","","","","","","","","","","","","","0.00","","0.00","","","0.00","","","","","","","","","","","","","","","","","","","","","","","","","","","",""
"D12","D","Anleitungen zusammenstellen für das Einrichten von Webdav und Sicherheitszertikaten auf neuem Windows-Rechner","","Dienstleistung (Stunden)","","","","","0","0","Std","0.00","0.00","100.00","0.00","0.00","0.00","0.00","0 kg","","","","31.12.2020","","","","","","29.09.2007","nein","0.00","0.00","0.00","","","","","","","","","","","","",""
"","","","","","","","","","","","","","0.00","","0.00","","","0.00","","","","","","","","","","","","","","","","","","","","","","","","","","","",""
"D12","D","Anleitung erstellen zum Aktivieren von Beiträgen für neue Mitarbeitende, diverse Hinweise und Rückmeldungen zur Website","","Dienstleistung (Stunden)","","","","","0","0","Std","0.00","0.00","70.00","0.00","0.00","0.00","0.00","0 kg","","","","29.12.2020","","","","","","29.09.2007","nein","0.00","0.00","0.00","","","","","","","","","","","","",""
"D12","D","Anleitung erstellen zum Aktivieren von Beiträgen für neue Mitarbeitende, diverse Hinweise und Rückmeldungen zur Website","","Dienstleistung (Stunden)","","","","","0","0","Std","0.00","0.00","70.00","0.00","0.00","0.00","0.00","0 kg","","","","30.12.2020","","","","","","29.09.2007","nein","0.00","0.00","0.00","","","","","","","","","","","","",""
"","","","","","","","","","","","","","0.00","","0.00","","","0.00","","","","","","","","","","","","","","","","","","","","","","","","","","","",""
"D12","D","Anleitung für das Erzeugen von Mahnungen erstellen, Vorlagen in 3 Sprachen anpassen und testen","","Dienstleistung (Stunden)","","","","","0","0","Std","0.00","0.00","100.00","0.00","0.00","0.00","0.00","0 kg","","","","31.12.2020","","","","","","29.09.2007","nein","0.00","0.00","0.00","","","","","","","","","","","","",""
"","","","","","","","","","","","","","0.00","","0.00","","","0.00","","","","","","","","","","","","","","","","","","","","","","","","","","","",""
"D12","D","Anleitung für den Zugriff auf den Kivitendo-Server mit Putty und pscp erstellen","","Dienstleistung (Stunden)","","","","","0","0","Std","0.00","0.00","100.00","0.00","0.00","0.00","0.00","0 kg","","","","29.07.2015","","","","","","29.09.2007","nein","0.00","0.00","0.00","","","","","","","","","","","","",""
"D12","D","Anleitung für den Zugriff auf den Kivitendo-Server mit Putty und pscp erstellen","","Dienstleistung (Stunden)","","","","","0","0","Std","0.00","0.00","0.00","0.00","0.00","0.00","0.00","0 kg","","","","15.08.2015","","","","","","29.09.2007","nein","0.00","0.00","0.00","","","","","","","","","","","","",""
"","","","","","","","","","","","","","0.00","","0.00","","","0.00","","","","","","","","","","","","","","","","","","","","","","","","","","","",""
"D12","D","Anleitung für MX Linux Installation erstellen 11.2.2022","","Dienstleistung (Stunden)","","","","","0","0","Std","0.00","0.00","100.00","0.00","0.00","0.00","0.00","0 kg","","","","29.04.2022","","","","","","29.09.2007","nein","0.00","0.00","0.00","","","","","","","","","","","","",""
"D12","D","Anleitung für MX Linux Installation erstellen 11.2.2022","","Dienstleistung (Stunden)","","","","","0","0","Std","0.00","0.00","100.00","0.00","0.00","0.00","0.00","0 kg","","","","07.08.2022","","","","","","29.09.2007","nein","0.00","0.00","0.00","","","","","","","","","","","","",""
"","","","","","","","","","","","","","0.00","","0.00","","","0.00","","","","","","","","","","","","","","","","","","","","","","","","","","","",""
"D14","D","Anleitung Kontaktbörse erweitert, Info E-mails versandt 28.2.2010","","Dienstleistung","","","","","0","0","Std","0.00","0.00","50.00","0.00","0.00","0.00","0.00","0 kg","","","","11.05.2010","","","","","","29.09.2007","nein","0.00","0.00","0.00","","","","","","","","","","","","",""
"","","","","","","","","","","","","","0.00","","0.00","","","0.00","","","","","","","","","","","","","","","","","","","","","","","","","","","",""
"D14","D","Anleitung zum Download der Bilder von Mario, Besprechung mit Emilio zur Gestaltung der neuen Website","","Dienstleistung","","","","","0","0","Std","0.00","0.00","70.00","0.00","0.00","0.00","0.00","0 kg","","","","09.07.2012","","","","","","29.09.2007","nein","0.00","0.00","0.00","","","","","","","","","","","","",""
"D14","D","Anleitung zum Download der Bilder von Mario, Besprechung mit Emilio zur Gestaltung der neuen Website","","Dienstleistung","","","","","0","0","Std","0.00","0.00","70.00","0.00","0.00","0.00","0.00","0 kg","","","","27.05.2013","","","","","","29.09.2007","nein","0.00","0.00","0.00","","","","","","","","","","","","",""
"","","","","","","","","","","","","","0.00","","0.00","","","0.00","","","","","","","","","","","","","","","","","","","","","","","","","","","",""
"D12","D","Anleitung zum Einrichten des Zugriffs auf die Datenbank von php-List und Erstellen und Ausdrucken von Etiketten in OpenOffice nach beliebigen vorhandenen Kriterien","","Dienstleistung (Stunden)","","","","","0","0","Std","0.00","0.00","70.00","0.00","0.00","0.00","0.00","0 kg","","","","25.06.2008","","","","","","29.09.2007","nein","0.00","0.00","0.00","","","","","","","","","","","","",""
"D12","D","Anleitung zum Einrichten des Zugriffs auf die Datenbank von php-List und Erstellen und Ausdrucken von Etiketten in OpenOffice nach beliebigen vorhandenen Kriterien","","Dienstleistung (Stunden)","","","","","0","0","Std","0.00","0.00","50.00","0.00","0.00","0.00","0.00","0 kg","","","","30.06.2008","","","","","","29.09.2007","nein","0.00","0.00","0.00","","","","","","","","","","","","",""
"","","","","","","","","","","","","","0.00","","0.00","","","0.00","","","","","","","","","","","","","","","","","","","","","","","","","","","",""
"D14","D","Anmeldung für Newsletter anpassen und kmuplus.ch weiterleiten auf www.gemeinschaften.ch","","Dienstleistung","","","","","0","0","Std","0.00","0.00","50.00","0.00","0.00","0.00","0.00","0 kg","","","","01.05.2014","","","","","","29.09.2007","nein","0.00","0.00","0.00","","","","","","","","","","","","",""
"D14","D","Anmeldung für Newsletter anpassen und kmuplus.ch weiterleiten auf www.gemeinschaften.ch","","Dienstleistung","","","","","0","0","Std","0.00","0.00","50.00","0.00","0.00","0.00","0.00","0 kg","","","","29.12.2015","","","","","","29.09.2007","nein","0.00","0.00","0.00","","","","","","","","","","","","",""
"","","","","","","","","","","","","","0.00","","0.00","","","0.00","","","","","","","","","","","","","","","","","","","","","","","","","","","",""
"004304","W","Anogxt255P","","","","","","","2","0","Stck","0.00","0.00","55.00","110.00","0.00","0.00","0.00","0 kg","","","","","","","","","","15.03.2022","ja","0.00","0.00","0.00","","","190","130","20","","","","","","","",""
"","","","","","","","","","","","","","0.00","","110.00","","","0.00","","","","","","","","","","","","","","","","","","","","","","","","","","","",""
"D14","D","Anpassen aller Auftragsvorlagen auf deutsch und französisch: Notfall-Nummer durch Service-Nummer ersetzen etc.","","Dienstleistung","","","","","0","0","Std","0.00","0.00","100.00","0.00","0.00","0.00","0.00","0 kg","","","","27.05.2022","","","","","","29.09.2007","nein","0.00","0.00","0.00","","","","","","","","","","","","",""
"","","","","","","","","","","","","","0.00","","0.00","","","0.00","","","","","","","","","","","","","","","","","","","","","","","","","","","",""
"D14","D","Anpassen aller Preise im Webshop von handpuppen.ch, damit die alten Endpreise auch ohne MWST wieder gleich hoch sind.","","Dienstleistung","","","","","0","0","Std","0.00","0.00","100.00","0.00","0.00","0.00","0.00","0 kg","","","","18.05.2024","","","","","","29.09.2007","nein","0.00","0.00","0.00","","","","","","","","","","","","",""
"","","","","","","","","","","","","","0.00","","0.00","","","0.00","","","","","","","","","","","","","","","","","","","","","","","","","","","",""
"D7","D","Anpassen der Alix ThinClients und Einbau eines zusätzlichen USB-Kabels","","Dienstleistung","","","","","0","0","psch","0.00","0.00","10.00","0.00","0.00","0.00","0.00","0 kg","","","","13.02.2013","","","","","","09.08.2007","nein","0.00","0.00","0.00","","","","","","","","","","","","",""
"","","","","","","","","","","","","","0.00","","0.00","","","0.00","","","","","","","","","","","","","","","","","","","","","","","","","","","",""
"D13","D","Anpassen der bestehenden Druckvorlagen: 13 Vorlagen ( 4 Vorlagen in je 3 Sprachen plus eine Vorlage deutsch)","","Dienstleistung","","","","","0","0","psch","0.00","0.00","50.00","0.00","32.50","0.00","0.00","0 kg","","","","17.08.2022","","","","","","29.09.2007","nein","0.00","0.00","0.00","","","","","","","","","","","","",""
"D13","D","Anpassen der bestehenden Druckvorlagen: 13 Vorlagen ( 4 Vorlagen in je 3 Sprachen plus eine Vorlage deutsch)","","Dienstleistung","","","","","0","0","psch","0.00","0.00","50.00","0.00","32.50","0.00","0.00","0 kg","","","","07.10.2022","","","","","","29.09.2007","nein","0.00","0.00","0.00","","","","","","","","","","","","",""
"","","","","","","","","","","","","","0.00","","0.00","","","0.00","","","","","","","","","","","","","","","","","","","","","","","","","","","",""
"D13","D","Anpassen der bestehenden Rechnungs-Druckvorlagen mit QR-Einzahlungsscheinen mit Rechnungsnummer, aber ohne Referenznummer : 5 Rechnungsvorlagen je in deutsch und französisch","","Dienstleistung","","","","","0","0","psch","0.00","0.00","500.00","0.00","32.50","0.00","0.00","0 kg","","","","27.01.2023","","","","","","29.09.2007","nein","0.00","0.00","0.00","","","","","","","","","","","","",""
"D13","D","Anpassen der bestehenden Rechnungs-Druckvorlagen mit QR-Einzahlungsscheinen mit Rechnungsnummer, aber ohne Referenznummer : 5 Rechnungsvorlagen je in deutsch und französisch","","Dienstleistung","","","","","0","0","psch","0.00","0.00","500.00","0.00","32.50","0.00","0.00","0 kg","","","","13.04.2023","","","","","","29.09.2007","nein","0.00","0.00","0.00","","","","","","","","","","","","",""
"D13","D","Anpassen der bestehenden Rechnungs-Druckvorlagen mit QR-Einzahlungsscheinen mit Rechnungsnummer, aber ohne Referenznummer : 5 Rechnungsvorlagen je in deutsch und französisch","","Dienstleistung","","","","","0","0","psch","0.00","0.00","500.00","0.00","32.50","0.00","0.00","0 kg","","","","23.07.2023","","","","","","29.09.2007","nein","0.00","0.00","0.00","","","","","","","","","","","","",""
"","","","","","","","","","","","","","0.00","","0.00","","","0.00","","","","","","","","","","","","","","","","","","","","","","","","","","","",""
"D12","D","Anpassen der Druckvorlagen, Anpassung Eingabemaske (grösseres Feld bei der Vorgangsbezeichnung)","","Dienstleistung (Stunden)","","","","","0","0","Std","0.00","0.00","70.00","0.00","0.00","0.00","0.00","0 kg","","","","15.12.2015","","","","","","29.09.2007","nein","0.00","0.00","0.00","","","","","","","","","","","","",""
"D12","D","Anpassen der Druckvorlagen, Anpassung Eingabemaske (grösseres Feld bei der Vorgangsbezeichnung)","","Dienstleistung (Stunden)","","","","","0","0","Std","0.00","0.00","70.00","0.00","0.00","0.00","0.00","0 kg","","","","08.12.2017","","","","","","29.09.2007","nein","0.00","0.00","0.00","","","","","","","","","","","","",""
"","","","","","","","","","","","","","0.00","","0.00","","","0.00","","","","","","","","","","","","","","","","","","","","","","","","","","","",""
"D14","D","Anpassen der Eingabemasken für KundInnen, Angebote und Aufträge, Anpassungen beim Workflow, Einrichten von Pflichtfeldern, Anpassungen bei den Schnellsuchen gemäss Vorgabe von Kompotoi (siehe Anhang)","","Dienstleistung","","","","","0","0","Std","0.00","0.00","100.00","0.00","0.00","0.00","0.00","0 kg","","","","19.02.2021","","","","","","29.09.2007","nein","0.00","0.00","0.00","","","","","","","","","","","","",""
"D14","D","Anpassen der Eingabemasken für KundInnen, Angebote und Aufträge, Anpassungen beim Workflow, Einrichten von Pflichtfeldern, Anpassungen bei den Schnellsuchen gemäss Vorgabe von Kompotoi (siehe Anhang)","","Dienstleistung","","","","","0","0","Std","0.00","0.00","100.00","0.00","0.00","0.00","0.00","0 kg","","","","22.03.2021","","","","","","29.09.2007","nein","0.00","0.00","0.00","","","","","","","","","","","","",""
"D14","D","Anpassen der Eingabemasken für KundInnen, Angebote und Aufträge, Anpassungen beim Workflow, Einrichten von Pflichtfeldern, Anpassungen bei den Schnellsuchen gemäss Vorgabe von Kompotoi (siehe Anhang)","","Dienstleistung","","","","","0","0","Std","0.00","0.00","100.00","0.00","0.00","0.00","0.00","0 kg","","","","09.12.2021","","","","","","29.09.2007","nein","0.00","0.00","0.00","","","","","","","","","","","","",""
"","","","","","","","","","","","","","0.00","","0.00","","","0.00","","","","","","","","","","","","","","","","","","","","","","","","","","","",""
"D27","D","Anpassen der Linux-Installation, Einrichten des Multifunktionsdruckers Brother DCP-J512W, Installieren von Skype","","Dienstleistung","","","","","0","0","Std","0.00","0.00","70.00","0.00","0.00","0.00","0.00","0 kg","","","","05.03.2017","","","","","","23.11.2010","nein","0.00","0.00","0.00","","","","","","","","","","","","",""
"D27","D","Anpassen der Linux-Installation, Einrichten des Multifunktionsdruckers Brother DCP-J512W, Installieren von Skype","","Dienstleistung","","","","","0","0","Std","0.00","0.00","70.00","0.00","0.00","0.00","0.00","0 kg","","","","03.06.2017","","","","","","23.11.2010","nein","0.00","0.00","0.00","","","","","","","","","","","","",""
"","","","","","","","","","","","","","0.00","","0.00","","","0.00","","","","","","","","","","","","","","","","","","","","","","","","","","","",""
"D14","D","Anpassen der Menüstruktur, Einfügen von zwei Untermenüs, CSS-Anpassungen, Einrichten eines versteckten Menüs für beide Gruppenpraxen, Diverse kleinere Anpassungen an den Inhalten","","Dienstleistung","","","","","0","0","Std","0.00","0.00","70.00","0.00","0.00","0.00","0.00","0 kg","","","","09.07.2012","","","","","","29.09.2007","nein","0.00","0.00","0.00","","","","","","","","","","","","",""
"D14","D","Anpassen der Menüstruktur, Einfügen von zwei Untermenüs, CSS-Anpassungen, Einrichten eines versteckten Menüs für beide Gruppenpraxen, Diverse kleinere Anpassungen an den Inhalten","","Dienstleistung","","","","","0","0","Std","0.00","0.00","70.00","0.00","0.00","0.00","0.00","0 kg","","","","27.05.2013","","","","","","29.09.2007","nein","0.00","0.00","0.00","","","","","","","","","","","","",""
"","","","","","","","","","","","","","0.00","","0.00","","","0.00","","","","","","","","","","","","","","","","","","","","","","","","","","","",""
"D15","D","Anpassen der MWST auf 8% für kasperli.ch, handpuppen.ch und ritterspielzeug.ch Webshops über die Datenbank","","Dienstleistung","","","","","0","0","psch","0.00","0.00","30.00","0.00","0.00","0.00","0.00","0 kg","","","","31.07.2011","","","","","","29.09.2007","nein","0.00","0.00","0.00","","","","","","","","","","","","",""
"","","","","","","","","","","","","","0.00","","0.00","","","0.00","","","","","","","","","","","","","","","","","","","","","","","","","","","",""
"D27","D","Anpassen der Standard-Einstellungen für diverse Programme auf den Profilen aller Internet-Benutzerkonten (#95,#96)","","Dienstleistung","","","","","0","0","Std","0.00","0.00","70.00","0.00","0.00","0.00","0.00","0 kg","","","","02.01.2019","","","","","","23.11.2010","nein","0.00","0.00","0.00","","","","","","","","","","","","",""
"D27","D","Anpassen der Standard-Einstellungen für diverse Programme auf den Profilen aller Internet-Benutzerkonten (#95,#96)","","Dienstleistung","","","","","0","0","Std","0.00","0.00","70.00","0.00","0.00","0.00","0.00","0 kg","","","","31.12.2019","","","","","","23.11.2010","nein","0.00","0.00","0.00","","","","","","","","","","","","",""
"","","","","","","","","","","","","","0.00","","0.00","","","0.00","","","","","","","","","","","","","","","","","","","","","","","","","","","",""
"D14","D","Anpassen der Website für Smartphones","","Dienstleistung","","","","","0","0","Std","0.00","0.00","70.00","0.00","0.00","0.00","0.00","0 kg","","","","01.03.2016","","","","","","29.09.2007","nein","0.00","0.00","0.00","","","","","","","","","","","","",""
"D14","D","Anpassen der Website für Smartphones","","Dienstleistung","","","","","0","0","Std","0.00","0.00","70.00","0.00","0.00","0.00","0.00","0 kg","","","","02.11.2017","","","","","","29.09.2007","nein","0.00","0.00","0.00","","","","","","","","","","","","",""
"","","","","","","","","","","","","","0.00","","0.00","","","0.00","","","","","","","","","","","","","","","","","","","","","","","","","","","",""
"D15","D","Anpassen der Website www.gemeinschaften.ch für die Darstellung auf Smartphones: - nur mittlere Spalte bei Bildschirmgrössen unter 1024 Pixel Breite darstellen - Linke und rechte Spalte bei Bildschirmgrössen unter 1024 Pixel über zusätzliche Menüeinträge zugänglich machen - Menü unter 800 Pixel vertikal darstellen und unter dem Titelbild beginnen - keine Anpassungen bei Texten und Bildern innerhalb der Spalten","","Dienstleistung","","","","","0","0","psch","0.00","0.00","500.00","0.00","0.00","0.00","0.00","0 kg","","","","17.11.2015","","","","","","29.09.2007","nein","0.00","0.00","0.00","","","","","","","","","","","","",""
"","","","","","","","","","","","","","0.00","","0.00","","","0.00","","","","","","","","","","","","","","","","","","","","","","","","","","","",""
"D14","D","Anpassen des Bankimports für das Camt.245-Format","","Dienstleistung","","","","","0","0","Std","0.00","0.00","100.00","0.00","0.00","0.00","0.00","0 kg","","","","31.12.2020","","","","","","29.09.2007","nein","0.00","0.00","0.00","","","","","","","","","","","","",""
"","","","","","","","","","","","","","0.00","","0.00","","","0.00","","","","","","","","","","","","","","","","","","","","","","","","","","","",""
"D14","D","Anpassen des Beitrags über Tamara Lewin zur besseren Darstellung auf Smartphones","","Dienstleistung","","","","","0","0","Std","0.00","0.00","70.00","0.00","0.00","0.00","0.00","0 kg","","","","29.12.2020","","","","","","29.09.2007","nein","0.00","0.00","0.00","","","","","","","","","","","","",""
"D14","D","Anpassen des Beitrags über Tamara Lewin zur besseren Darstellung auf Smartphones","","Dienstleistung","","","","","0","0","Std","0.00","0.00","70.00","0.00","0.00","0.00","0.00","0 kg","","","","30.12.2020","","","","","","29.09.2007","nein","0.00","0.00","0.00","","","","","","","","","","","","",""
"","","","","","","","","","","","","","0.00","","0.00","","","0.00","","","","","","","","","","","","","","","","","","","","","","","","","","","",""
"D14","D","Anpassen des Startseite mit neuer Schrift","","Dienstleistung","","","","","0","0","Std","0.00","0.00","70.00","0.00","0.00","0.00","0.00","0 kg","","","","09.07.2012","","","","","","29.09.2007","nein","0.00","0.00","0.00","","","","","","","","","","","","",""
"D14","D","Anpassen des Startseite mit neuer Schrift","","Dienstleistung","","","","","0","0","Std","0.00","0.00","70.00","0.00","0.00","0.00","0.00","0 kg","","","","27.05.2013","","","","","","29.09.2007","nein","0.00","0.00","0.00","","","","","","","","","","","","",""
"","","","","","","","","","","","","","0.00","","0.00","","","0.00","","","","","","","","","","","","","","","","","","","","","","","","","","","",""
"D14","D","Anpassen des Webbeitrags Aktuell zur Tagung am 19.11.","","Dienstleistung","","","","","0","0","Std","0.00","0.00","70.00","0.00","0.00","0.00","0.00","0 kg","","","","14.11.2011","","","","","","29.09.2007","nein","0.00","0.00","0.00","","","","","","","","","","","","",""
"","","","","","","","","","","","","","0.00","","0.00","","","0.00","","","","","","","","","","","","","","","","","","","","","","","","","","","",""
"D14","D","Anpassen Name, Adresse etc. auf handpuppen.ch für neue Besitzerin Biljana Miloseva","","Dienstleistung","","","","","0","0","Std","0.00","0.00","70.00","0.00","0.00","0.00","0.00","0 kg","","","","09.07.2023","","","","","","29.09.2007","nein","0.00","0.00","0.00","","","","","","","","","","","","",""
"","","","","","","","","","","","","","0.00","","0.00","","","0.00","","","","","","","","","","","","","","","","","","","","","","","","","","","",""
"D1","D","Anpassen und Einbau Harddiskschublade in Bürorechner inkl. Arbeitsweg","","Dienstleistung","","","","","0","0","Std","0.00","0.00","70.00","0.00","50.37","0.00","0.00","0 kg","","","","30.12.2008","","","","","","09.04.2007","nein","0.00","0.00","0.00","","","","","","","","","","","","",""
"","","","","","","","","","","","","","0.00","","0.00","","","0.00","","","","","","","","","","","","","","","","","","","","","","","","","","","",""
"D15","D","Anpassen von EG!pvcalc: - Bei der Online-Dateneingabe in EG!pvcalc durch KundInnen sollen die Daten, die eingegeben werden plus diejenigen, die EG!pvcalc errechnet in eine csv-Datei geschrieben werden inklusive Erweiterung der pvcalc-Eingabe-Maske um Name, Vorname und Telefonnummer. Details zu den Ein- und Ausgabe-Daten gemäss Tabelle 150720_in-out.ods - Parallel zum Erstellen der csv-Datei: Speichern der Daten, die in die csv-Datei geschrieben werden in eine Mysql-Datenbank-Tabelle, wobei für jeden Wert eine eigene Tabellenspalte verwendet wird. - automatisierte Übermittlung der csv-Datei an Kivitendo Automatisierter Import der csv-Datei in Kivitendo und Abspeichern der Daten als neuer Kundensatz. Mitteilung per E-Mail Diverse Testläufe Erstellen der Dokumentation Total: Arbeitszeit: 64 Stunden","","Dienstleistung","","","","","0","0","psch","0.00","0.00","3'500.00","0.00","0.00","0.00","0.00","0 kg","","","","22.07.2015","","","","","","29.09.2007","nein","0.00","0.00","0.00","","","","","","","","","","","","",""
"","","","","","","","","","","","","","0.00","","0.00","","","0.00","","","","","","","","","","","","","","","","","","","","","","","","","","","",""
"D27","D","Anpassen von Vorlagen: - Logo ersetzen - Fusszeile abändern - Kunden- und Rechnungsadresse vertauschen - Adressfeld nach oben verschieben - Adresse um zusätzliche 5. Zeile Abteilung erweitern - Bei Ansprechperson kein Einzug, wenn Vorname fehlt - Spalte Rabatt anzeigen, falls Rabatt gesetzt - Auftragsformular: 1. Spalte mit Kundenname vergrössern, 2. Spalte mit Datum verkleinern, alles linksbündig; bei Rechnungs- und Kundenadresse Ansprechperson in 2. Zeile","","Dienstleistung","","","","","0","0","Std","0.00","0.00","80.00","0.00","0.00","0.00","0.00","0 kg","","","","06.10.2017","","","","","","23.11.2010","nein","0.00","0.00","0.00","","","","","","","","","","","","",""
"","","","","","","","","","","","","","0.00","","0.00","","","0.00","","","","","","","","","","","","","","","","","","","","","","","","","","","",""
"D14","D","Anpassung an Überweisung via SEPA XML gemäss: Swiss Payment Standards 2022 gemäss ISO 20022 Schweizer Implementation Guidelines für Kunde-Bank-Meldungen für Überweisungen im Zahlungsverkehr Customer Credit Transfer Initiation (pain.001)","","Dienstleistung","","","","","0","0","Std","0.00","0.00","100.00","0.00","0.00","0.00","0.00","0 kg","","","","20.02.2023","","","","","","29.09.2007","nein","0.00","0.00","0.00","","","","","","","","","","","","",""
"D14","D","Anpassung an Überweisung via SEPA XML gemäss: Swiss Payment Standards 2022 gemäss ISO 20022 Schweizer Implementation Guidelines für Kunde-Bank-Meldungen für Überweisungen im Zahlungsverkehr Customer Credit Transfer Initiation (pain.001)","","Dienstleistung","","","","","0","0","Std","0.00","0.00","100.00","0.00","0.00","0.00","0.00","0 kg","","","","22.02.2023","","","","","","29.09.2007","nein","0.00","0.00","0.00","","","","","","","","","","","","",""
"D14","D","Anpassung an Überweisung via SEPA XML gemäss: Swiss Payment Standards 2022 gemäss ISO 20022 Schweizer Implementation Guidelines für Kunde-Bank-Meldungen für Überweisungen im Zahlungsverkehr Customer Credit Transfer Initiation (pain.001)","","Dienstleistung","","","","","0","0","Std","0.00","0.00","100.00","0.00","0.00","0.00","0.00","0 kg","","","","29.06.2023","","","","","","29.09.2007","nein","0.00","0.00","0.00","","","","","","","","","","","","",""
"","","","","","","","","","","","","","0.00","","0.00","","","0.00","","","","","","","","","","","","","","","","","","","","","","","","","","","",""
"D14","D","Anpassung an Überweisung via SEPA XML gemäss: Swiss Payment Standards 2022 gemäss ISO 20022 Schweizer Implementation Guidelines für Kunde-Bank-Meldungen für Überweisungen im Zahlungsverkehr Customer Credit Transfer Initiation (pain.001)","","Dienstleistung","","","","","0","0","Std","0.00","0.00","100.00","0.00","0.00","0.00","0.00","0 kg","","","","13.12.2022","","","","","","29.09.2007","nein","0.00","0.00","0.00","","","","","","","","","","","","",""
"","","","","","","","","","","","","","0.00","","0.00","","","0.00","","","","","","","","","","","","","","","","","","","","","","","","","","","",""
"D12","D","Anpassung des Hintergrundjobs für Mutationen um neue Klientenart 'Angehörige'","","Dienstleistung (Stunden)","","","","","0","0","Std","0.00","0.00","100.00","0.00","0.00","0.00","0.00","0 kg","","","","03.03.2024","","","","","","29.09.2007","nein","0.00","0.00","0.00","","","","","","","","","","","","",""
"","","","","","","","","","","","","","0.00","","0.00","","","0.00","","","","","","","","","","","","","","","","","","","","","","","","","","","",""
"D15","D","Anpassung EGpvcalc! gemäss Mail von Amadeus Wittwer vom 27.4.2015","","Dienstleistung","","","","","0","0","psch","0.00","0.00","300.00","0.00","0.00","0.00","0.00","0 kg","","","","01.04.2014","","","","","","29.09.2007","nein","0.00","0.00","0.00","","","","","","","","","","","","",""
"D15","D","Anpassung EGpvcalc! gemäss Mail von Amadeus Wittwer vom 27.4.2015","","Dienstleistung","","","","","0","0","psch","0.00","0.00","300.00","0.00","0.00","0.00","0.00","0 kg","","","","30.06.2015","","","","","","29.09.2007","nein","0.00","0.00","0.00","","","","","","","","","","","","",""
"","","","","","","","","","","","","","0.00","","0.00","","","0.00","","","","","","","","","","","","","","","","","","","","","","","","","","","",""
"D14","D","Anpassungen am Kivitendo-Code beim Erzeugen von periodischen Rechnungen, damit das Leistungsdatum (taxpoint), das für das Setzen der MWST verantwortlich ist, richtig gesetzt wird.","","Dienstleistung","","","","","0","0","Std","0.00","0.00","100.00","0.00","0.00","0.00","0.00","0 kg","","","","31.12.2023","","","","","","29.09.2007","nein","0.00","0.00","0.00","","","","","","","","","","","","",""
"","","","","","","","","","","","","","0.00","","0.00","","","0.00","","","","","","","","","","","","","","","","","","","","","","","","","","","",""
"D27","D","Anpassungen an der Website-Konfiguration treffpunkt.vogelsang.ch für aktuelle PHP-Version und Einrichten auf dem Webserver","","Dienstleistung","","","","","0","0","Std","0.00","0.00","70.00","0.00","0.00","0.00","0.00","0 kg","","","","31.12.2020","","","","","","23.11.2010","nein","0.00","0.00","0.00","","","","","","","","","","","","",""
"D27","D","Anpassungen an der Website-Konfiguration treffpunkt.vogelsang.ch für aktuelle PHP-Version und Einrichten auf dem Webserver","","Dienstleistung","","","","","0","0","Std","0.00","0.00","70.00","0.00","0.00","0.00","0.00","0 kg","","","","15.02.2021","","","","","","23.11.2010","nein","0.00","0.00","0.00","","","","","","","","","","","","",""
"","","","","","","","","","","","","","0.00","","0.00","","","0.00","","","","","","","","","","","","","","","","","","","","","","","","","","","",""
"D12","D","Anpassungen an Server und Clients für die Kurse in Zürich, Kanonengasse und Zürich Schwamedingen, inklusive nötige Transporte","","Dienstleistung (Stunden)","","","","","0","0","Std","0.00","0.00","70.00","0.00","0.00","0.00","0.00","0 kg","","","","12.12.2014","","","","","","29.09.2007","nein","0.00","0.00","0.00","","","","","","","","","","","","",""
"D12","D","Anpassungen an Server und Clients für die Kurse in Zürich, Kanonengasse und Zürich Schwamedingen, inklusive nötige Transporte","","Dienstleistung (Stunden)","","","","","0","0","Std","0.00","0.00","70.00","0.00","0.00","0.00","0.00","0 kg","","","","28.02.2015","","","","","","29.09.2007","nein","0.00","0.00","0.00","","","","","","","","","","","","",""
"","","","","","","","","","","","","","0.00","","0.00","","","0.00","","","","","","","","","","","","","","","","","","","","","","","","","","","",""
"D14","D","Anpassungen auf der Website isiwell.ch: - 3 Bilder anpassen und in allen Sprachversionen aktivieren - Kontaktblock in allen Sprachen neu erstellen und alte Texte löschen","","Dienstleistung","","","","","0","0","Std","0.00","0.00","100.00","0.00","0.00","0.00","0.00","0 kg","","","","19.10.2023","","","","","","29.09.2007","nein","0.00","0.00","0.00","","","","","","","","","","","","",""
"","","","","","","","","","","","","","0.00","","0.00","","","0.00","","","","","","","","","","","","","","","","","","","","","","","","","","","",""
"D12","D","Anpassungen bei Buchungsgruppen und Artikeln April 2019","","Dienstleistung (Stunden)","","","","","0","0","Std","0.00","0.00","100.00","0.00","0.00","0.00","0.00","0 kg","","","","31.12.2020","","","","","","29.09.2007","nein","0.00","0.00","0.00","","","","","","","","","","","","",""
"","","","","","","","","","","","","","0.00","","0.00","","","0.00","","","","","","","","","","","","","","","","","","","","","","","","","","","",""
"D14","D","Anpassungen bei den benutzerdefinierten Berichten, damit die neuen Artikel jeweils automatisch mitberücksichtigt werden.","","Dienstleistung","","","","","0","0","Std","0.00","0.00","100.00","0.00","0.00","0.00","0.00","0 kg","","","","26.05.2024","","","","","","29.09.2007","nein","0.00","0.00","0.00","","","","","","","","","","","","",""
"","","","","","","","","","","","","","0.00","","0.00","","","0.00","","","","","","","","","","","","","","","","","","","","","","","","","","","",""
"D14","D","Anpassungen bei den Tagesplänen und dem Routenplaner für die Umbenennung von 'Leerung' zu 'Austausch Ersatzmaterial'","","Dienstleistung","","","","","0","0","Std","0.00","0.00","0.00","0.00","0.00","0.00","0.00","0 kg","","","","26.09.2023","","","","","","29.09.2007","nein","0.00","0.00","0.00","","","","","","","","","","","","",""
"D14","D","Anpassungen bei den Tagesplänen und dem Routenplaner für die Umbenennung von 'Leerung' zu 'Austausch Ersatzmaterial'","","Dienstleistung","","","","","0","0","Std","0.00","0.00","100.00","0.00","0.00","0.00","0.00","0 kg","","","","26.09.2023","","","","","","29.09.2007","nein","0.00","0.00","0.00","","","","","","","","","","","","",""
"D14","D","Anpassungen bei den Tagesplänen und dem Routenplaner für die Umbenennung von 'Leerung' zu 'Austausch Ersatzmaterial'","","Dienstleistung","","","","","0","0","Std","0.00","0.00","100.00","0.00","0.00","0.00","0.00","0 kg","","","","02.10.2023","","","","","","29.09.2007","nein","0.00","0.00","0.00","","","","","","","","","","","","",""
"","","","","","","","","","","","","","0.00","","0.00","","","0.00","","","","","","","","","","","","","","","","","","","","","","","","","","","",""
"D12","D","Anpassungen beim Einrichten des Content Management Systems Redaxo","","Dienstleistung (Stunden)","","","","","0","0","Std","0.00","0.00","70.00","0.00","0.00","0.00","0.00","0 kg","","","","02.10.2014","","","","","","29.09.2007","nein","0.00","0.00","0.00","","","","","","","","","","","","",""
"","","","","","","","","","","","","","0.00","","0.00","","","0.00","","","","","","","","","","","","","","","","","","","","","","","","","","","",""
"D2","D","Anpassungen beim Graphiktreiber für die im Treffpunkt vorhandenen Dell-Computer, zusätzliche Konfigurationen für die optimale Einstellung der Drucker, Einrichten des Programms Minitube für das Betrachten von Online-Videos","","Dienstleistung","","","","","0","0","Std","0.00","0.00","70.00","0.00","0.00","0.00","0.00","0 kg","","","","07.05.2014","","","","","","13.06.2007","nein","0.00","0.00","0.00","","","","","","","","","","","","",""
"D2","D","Anpassungen beim Graphiktreiber für die im Treffpunkt vorhandenen Dell-Computer, zusätzliche Konfigurationen für die optimale Einstellung der Drucker, Einrichten des Programms Minitube für das Betrachten von Online-Videos","","Dienstleistung","","","","","0","0","Std","0.00","0.00","70.00","0.00","0.00","0.00","0.00","0 kg","","","","01.12.2014","","","","","","13.06.2007","nein","0.00","0.00","0.00","","","","","","","","","","","","",""
"","","","","","","","","","","","","","0.00","","0.00","","","0.00","","","","","","","","","","","","","","","","","","","","","","","","","","","",""
"D14","D","Anpassungen beim Verkaufsbericht von kivitendo, dass folgende Spalten angezeigt werden können: Strasse, Postleitzahl, Ort, E-Mail und Telefon","","Dienstleistung","","","","","0","0","Std","0.00","0.00","100.00","0.00","0.00","0.00","0.00","0 kg","","","","25.10.2019","","","","","","29.09.2007","nein","0.00","0.00","0.00","","","","","","","","","","","","",""
"D14","D","Anpassungen beim Verkaufsbericht von kivitendo, dass folgende Spalten angezeigt werden können: Strasse, Postleitzahl, Ort, E-Mail und Telefon","","Dienstleistung","","","","","0","0","Std","0.00","0.00","100.00","0.00","0.00","0.00","0.00","0 kg","","","","28.10.2019","","","","","","29.09.2007","nein","0.00","0.00","0.00","","","","","","","","","","","","",""
"","","","","","","","","","","","","","0.00","","0.00","","","0.00","","","","","","","","","","","","","","","","","","","","","","","","","","","",""
"D14","D","Anpassungen bezüglich Erika Meier und Nicole Burgermeister","","Dienstleistung","","","","","0","0","Std","0.00","0.00","70.00","0.00","0.00","0.00","0.00","0 kg","","","","29.02.2016","","","","","","29.09.2007","nein","0.00","0.00","0.00","","","","","","","","","","","","",""
"","","","","","","","","","","","","","0.00","","0.00","","","0.00","","","","","","","","","","","","","","","","","","","","","","","","","","","",""
"D12","D","Anpassungenen bei der Vorlage Lieferschein Broschüre","","Dienstleistung (Stunden)","","","","","0","0","Std","0.00","0.00","100.00","0.00","0.00","0.00","0.00","0 kg","","","","03.03.2024","","","","","","29.09.2007","nein","0.00","0.00","0.00","","","","","","","","","","","","",""
"","","","","","","","","","","","","","0.00","","0.00","","","0.00","","","","","","","","","","","","","","","","","","","","","","","","","","","",""
"D2","D","Anpassungen für die Scanner-Nutzung, nachträgliche kleinere Anpassungen an den Desktop-Einstellungen und Benutzerkonten","","Dienstleistung","","","","","0","0","Std","0.00","0.00","70.00","0.00","0.00","0.00","0.00","0 kg","","","","24.01.2018","","","","","","13.06.2007","nein","0.00","0.00","0.00","","","","","","","","","","","","",""
"","","","","","","","","","","","","","0.00","","0.00","","","0.00","","","","","","","","","","","","","","","","","","","","","","","","","","","",""
"D14","D","anpassungen gestaltung","","Dienstleistung","","","","","0","0","Std","0.00","0.00","70.00","0.00","0.00","0.00","0.00","0 kg","","","","10.09.2012","","","","","","29.09.2007","nein","0.00","0.00","0.00","","","","","","","","","","","","",""
"","","","","","","","","","","","","","0.00","","0.00","","","0.00","","","","","","","","","","","","","","","","","","","","","","","","","","","",""
"D14","D","Anpassungen im Programmcode von Kivitendo, damit die Fahrzeuge aus der Datenbank gelesen und verarbeitet werden.","","Dienstleistung","","","","","0","0","Std","0.00","0.00","100.00","0.00","0.00","0.00","0.00","0 kg","","","","26.05.2024","","","","","","29.09.2007","nein","0.00","0.00","0.00","","","","","","","","","","","","",""
"","","","","","","","","","","","","","0.00","","0.00","","","0.00","","","","","","","","","","","","","","","","","","","","","","","","","","","",""
"D14","D","Anpassungen im Programmcode von Kivitendo und bei den Datenbank-Triggern, damit die Preis-Kalkulationen auch für alle neu erstellten Artikel korrekt durchgeführt werden kann.","","Dienstleistung","","","","","0","0","Std","0.00","0.00","100.00","0.00","0.00","0.00","0.00","0 kg","","","","26.05.2024","","","","","","29.09.2007","nein","0.00","0.00","0.00","","","","","","","","","","","","",""
"","","","","","","","","","","","","","0.00","","0.00","","","0.00","","","","","","","","","","","","","","","","","","","","","","","","","","","",""
"D15","D","Anpassungen Kivitendo: Automatisches Einfügen der Rechnungsnummer in die unstrukturierten Mitteilungen ermöglichen","","Dienstleistung","","","","","0","0","psch","0.00","0.00","300.00","0.00","0.00","0.00","0.00","0 kg","","","","24.12.2022","","","","","","29.09.2007","nein","0.00","0.00","0.00","","","","","","","","","","","","",""
"D15","D","Anpassungen Kivitendo: Automatisches Einfügen der Rechnungsnummer in die unstrukturierten Mitteilungen ermöglichen","","Dienstleistung","","","","","0","0","psch","0.00","0.00","300.00","0.00","0.00","0.00","0.00","0 kg","","","","09.01.2023","","","","","","29.09.2007","nein","0.00","0.00","0.00","","","","","","","","","","","","",""
"","","","","","","","","","","","","","0.00","","0.00","","","0.00","","","","","","","","","","","","","","","","","","","","","","","","","","","",""
"D14","D","Anpassungen Kivitendo: 'positiver Rabatt' für Rechnungen ermöglichen","","Dienstleistung","","","","","0","0","Std","0.00","0.00","100.00","0.00","0.00","0.00","0.00","0 kg","","","","09.03.2024","","","","","","29.09.2007","nein","0.00","0.00","0.00","","","","","","","","","","","","",""
"","","","","","","","","","","","","","0.00","","0.00","","","0.00","","","","","","","","","","","","","","","","","","","","","","","","","","","",""
"D14","D","Anpassungen und Upgrades Compirat-Website","","Dienstleistung","","","","","0","0","Std","0.00","0.00","70.00","0.00","0.00","0.00","0.00","0 kg","","","","12.06.2015","","","","","","29.09.2007","nein","0.00","0.00","0.00","","","","","","","","","","","","",""
"","","","","","","","","","","","","","0.00","","0.00","","","0.00","","","","","","","","","","","","","","","","","","","","","","","","","","","",""
"D12","D","Anpassungen von kivitendo: - Import der ESR-Bankdaten von der Zuger Kantonalbank - automatische Ermittlung des Kantons bei der Kundenerfassung - Erstellen von PDF-Rechnungen aus odt-Vorlagen bei wiederkehrenden Rechnungen - Importmöglichkeit zum Erstellen von wiederkehrenden Rechnungen für den Mitgliederbeitrag - zusätzliche Anpassungen bei der Konfigurationen und bei den Druckformularen - Löschen und Anpassen von Artikeln, Buchungen, Konteneinstellungen etc. in der Datenbank - zusätzlicher Support für Frau Jetzer und Frau Capelli bezüglich Druckerkonfiguration, Buchhaltungsfragen, erweiterte Bedienung von kivitendo","","Dienstleistung (Stunden)","","","","","0","0","Std","0.00","0.00","100.00","0.00","0.00","0.00","0.00","0 kg","","","","07.12.2018","","","","","","29.09.2007","nein","0.00","0.00","0.00","","","","","","","","","","","","",""
"","","","","","","","","","","","","","0.00","","0.00","","","0.00","","","","","","","","","","","","","","","","","","","","","","","","","","","",""
"D14","D","Anpassungen Website gemäss Vorgaben von Simone Gschwend, Hochladen der aktuellen Kursdokus","","Dienstleistung","","","","","0","0","Std","0.00","0.00","70.00","0.00","0.00","0.00","0.00","0 kg","","","","01.10.2015","","","","","","29.09.2007","nein","0.00","0.00","0.00","","","","","","","","","","","","",""
"D14","D","Anpassungen Website gemäss Vorgaben von Simone Gschwend, Hochladen der aktuellen Kursdokus","","Dienstleistung","","","","","0","0","Std","0.00","0.00","70.00","0.00","0.00","0.00","0.00","0 kg","","","","23.12.2015","","","","","","29.09.2007","nein","0.00","0.00","0.00","","","","","","","","","","","","",""
"","","","","","","","","","","","","","0.00","","0.00","","","0.00","","","","","","","","","","","","","","","","","","","","","","","","","","","",""
"D14","D","Anpassungen Website isiwell.ch, Übertragen der Website zum Hosting bei revamp-it","","Dienstleistung","","","","","0","0","Std","0.00","0.00","100.00","0.00","0.00","0.00","0.00","0 kg","","","","25.08.2023","","","","","","29.09.2007","nein","0.00","0.00","0.00","","","","","","","","","","","","",""
"D14","D","Anpassungen Website isiwell.ch, Übertragen der Website zum Hosting bei revamp-it","","Dienstleistung","","","","","0","0","Std","0.00","0.00","100.00","0.00","0.00","0.00","0.00","0 kg","","","","18.09.2023","","","","","","29.09.2007","nein","0.00","0.00","0.00","","","","","","","","","","","","",""
"","","","","","","","","","","","","","0.00","","0.00","","","0.00","","","","","","","","","","","","","","","","","","","","","","","","","","","",""
"D14","D","Anpassungen Website November 2016","","Dienstleistung","","","","","0","0","Std","0.00","0.00","50.00","0.00","0.00","0.00","0.00","0 kg","","","","10.11.2016","","","","","","29.09.2007","nein","0.00","0.00","0.00","","","","","","","","","","","","",""
"","","","","","","","","","","","","","0.00","","0.00","","","0.00","","","","","","","","","","","","","","","","","","","","","","","","","","","",""
"D14","D","Anpassungen Website transition-winterthur.ch November 2016","","Dienstleistung","","","","","0","0","Std","0.00","0.00","50.00","0.00","0.00","0.00","0.00","0 kg","","","","10.05.2018","","","","","","29.09.2007","nein","0.00","0.00","0.00","","","","","","","","","","","","",""
"","","","","","","","","","","","","","0.00","","0.00","","","0.00","","","","","","","","","","","","","","","","","","","","","","","","","","","",""
"D14","D","Anpassung Export-Vorlagen für MWST 8.1% für Rechnungen und für Langfrist- und Service-Angebote und Aufträge","","Dienstleistung","","","","","0","0","Std","0.00","0.00","100.00","0.00","0.00","0.00","0.00","0 kg","","","","09.03.2024","","","","","","29.09.2007","nein","0.00","0.00","0.00","","","","","","","","","","","","",""
"","","","","","","","","","","","","","0.00","","0.00","","","0.00","","","","","","","","","","","","","","","","","","","","","","","","","","","",""
"D20","D","Anpassung Homepage","","Dienstleistung","","","","","0","0","psch","0.00","0.00","210.00","0.00","500.00","0.00","0.00","0 kg","","","","08.04.2022","","","","","","02.01.2009","nein","0.00","0.00","0.00","","","","","","","","","","","","",""
"D20","D","Anpassung Homepage","","Dienstleistung","","","","","0","0","psch","0.00","0.00","210.00","0.00","500.00","0.00","0.00","0 kg","","","","07.06.2022","","","","","","02.01.2009","nein","0.00","0.00","0.00","","","","","","","","","","","","",""
"","","","","","","","","","","","","","0.00","","0.00","","","0.00","","","","","","","","","","","","","","","","","","","","","","","","","","","",""
"D14","D","Anpassung Kivitendo nach Upgrade für die Nutzung von 2 Bankkonten beim Erstellen von QR-Rechnungen","","Dienstleistung","","","","","0","0","Std","0.00","0.00","50.00","0.00","0.00","0.00","0.00","0 kg","","","","21.05.2024","","","","","","29.09.2007","nein","0.00","0.00","0.00","","","","","","","","","","","","",""
"","","","","","","","","","","","","","0.00","","0.00","","","0.00","","","","","","","","","","","","","","","","","","","","","","","","","","","",""
"D14","D","Anpassung Kivitendo: - Rechnungsadresse in Offerten und Aufträgen anzeigen mit Dropdown zur Auswahl, Rechnungsadresse wird bei der Offerte und beim Auftrag gespeichert, Übernahme der Rechnungsadresse aus der Offerte in den Auftrag. - Übernahme der Rechnungsadresse aus dem Auftrag in die Rechnung und in den Einzahlungsschein und den QR-Code","","Dienstleistung","","","","","0","0","Std","0.00","0.00","100.00","0.00","0.00","0.00","0.00","0 kg","","","","09.03.2024","","","","","","29.09.2007","nein","0.00","0.00","0.00","","","","","","","","","","","","",""
"","","","","","","","","","","","","","0.00","","0.00","","","0.00","","","","","","","","","","","","","","","","","","","","","","","","","","","",""
"D14","D","Anpassung Kivitendo: - Rechnungsadresse in Offerten und Aufträgen anzeigen mit Dropdown zur Auswahl, Rechnungsadresse wird bei der Offerte und beim Auftrag gespeichert, Übernahme der Rechnungsadresse aus der Offerte in den Auftrag. - Übernahme der Rechnungsadresse aus dem Auftrag in die Rechnung und in den Einzahlungsschein und den QR-Code Rechnungsadresse in der Rechnung anzeigen, so dass sie nicht verändert werden kann.","","Dienstleistung","","","","","0","0","Std","0.00","0.00","100.00","0.00","0.00","0.00","0.00","0 kg","","","","05.01.2024","","","","","","29.09.2007","nein","0.00","0.00","0.00","","","","","","","","","","","","",""
"D14","D","Anpassung Kivitendo: - Rechnungsadresse in Offerten und Aufträgen anzeigen mit Dropdown zur Auswahl, Rechnungsadresse wird bei der Offerte und beim Auftrag gespeichert, Übernahme der Rechnungsadresse aus der Offerte in den Auftrag. - Übernahme der Rechnungsadresse aus dem Auftrag in die Rechnung und in den Einzahlungsschein und den QR-Code Rechnungsadresse in der Rechnung anzeigen, so dass sie nicht verändert werden kann.","","Dienstleistung","","","","","0","0","Std","0.00","0.00","100.00","0.00","0.00","0.00","0.00","0 kg","","","","05.01.2024","","","","","","29.09.2007","nein","0.00","0.00","0.00","","","","","","","","","","","","",""
"","","","","","","","","","","","","","0.00","","0.00","","","0.00","","","","","","","","","","","","","","","","","","","","","","","","","","","",""
"D14","D","Anpassung Kivitendo: zusätzliche Felder bei 'Vermietung → Berichte → Aufträge': 'Rechnungsadr. Name' und 'Rechnungsadr. Firma'","","Dienstleistung","","","","","0","0","Std","0.00","0.00","100.00","0.00","0.00","0.00","0.00","0 kg","","","","09.03.2024","","","","","","29.09.2007","nein","0.00","0.00","0.00","","","","","","","","","","","","",""
"","","","","","","","","","","","","","0.00","","0.00","","","0.00","","","","","","","","","","","","","","","","","","","","","","","","","","","",""
"D51","D","Anpassung Richtpreis","","Geldbetraege","","","","","0","0","psch","0.00","0.00","114.00","0.00","0.00","0.00","0.00","0 kg","","","","30.12.2020","","","","","","06.10.2014","nein","0.00","0.00","0.00","","3Com","","","","","","","","","","",""
"D51","D","Anpassung Richtpreis","","Geldbetraege","","","","","0","0","psch","0.00","0.00","0.00","0.00","0.00","0.00","0.00","0 kg","","","","28.03.2021","","","","","","06.10.2014","nein","0.00","0.00","0.00","","3Com","","","","","","","","","","",""
"D51","D","Anpassung Richtpreis","","Geldbetraege","","","","","0","0","psch","0.00","0.00","25.00","0.00","0.00","0.00","0.00","0 kg","","","","12.04.2021","","","","","","06.10.2014","nein","0.00","0.00","0.00","","3Com","","","","","","","","","","",""
"D51","D","Anpassung Richtpreis","","Geldbetraege","","","","","0","0","psch","0.00","0.00","50.00","0.00","0.00","0.00","0.00","0 kg","","","","02.08.2021","","","","","","06.10.2014","nein","0.00","0.00","0.00","","3Com","","","","","","","","","","",""
"D51","D","Anpassung Richtpreis","","Geldbetraege","","","","","0","0","psch","0.00","0.00","7.50","0.00","0.00","0.00","0.00","0 kg","","","","29.10.2021","","","","","","06.10.2014","nein","0.00","0.00","0.00","","3Com","","","","","","","","","","",""
"D51","D","Anpassung Richtpreis","","Geldbetraege","","","","","0","0","psch","0.00","0.00","-50.00","0.00","0.00","0.00","0.00","0 kg","","","","03.12.2021","","","","","","06.10.2014","nein","0.00","0.00","0.00","","3Com","","","","","","","","","","",""
"D51","D","Anpassung Richtpreis","","Geldbetraege","","","","","0","0","psch","0.00","0.00","50.00","0.00","0.00","0.00","0.00","0 kg","","","","27.12.2021","","","","","","06.10.2014","nein","0.00","0.00","0.00","","3Com","","","","","","","","","","",""
"D51","D","Anpassung Richtpreis","","Geldbetraege","","","","","0","0","psch","0.00","0.00","50.00","0.00","0.00","0.00","0.00","0 kg","","","","20.01.2022","","","","","","06.10.2014","nein","0.00","0.00","0.00","","3Com","","","","","","","","","","",""
"D51","D","Anpassung Richtpreis","","Geldbetraege","","","","","0","0","psch","0.00","0.00","16.00","0.00","0.00","0.00","0.00","0 kg","","","","08.02.2022","","","","","","06.10.2014","nein","0.00","0.00","0.00","","3Com","","","","","","","","","","",""
"D51","D","Anpassung Richtpreis","","Geldbetraege","","","","","0","0","psch","0.00","0.00","25.00","0.00","0.00","0.00","0.00","0 kg","","","","16.02.2022","","","","","","06.10.2014","nein","0.00","0.00","0.00","","3Com","","","","","","","","","","",""
"D51","D","Anpassung Richtpreis","","Geldbetraege","","","","","0","0","psch","0.00","0.00","42.95","0.00","0.00","0.00","0.00","0 kg","","","","17.02.2022","","","","","","06.10.2014","nein","0.00","0.00","0.00","","3Com","","","","","","","","","","",""
"D51","D","Anpassung Richtpreis","","Geldbetraege","","","","","0","0","psch","0.00","0.00","-170.00","0.00","0.00","0.00","0.00","0 kg","","","","28.02.2022","","","","","","06.10.2014","nein","0.00","0.00","0.00","","3Com","","","","","","","","","","",""
"D51","D","Anpassung Richtpreis","","Geldbetraege","","","","","0","0","psch","0.00","0.00","-170.00","0.00","0.00","0.00","0.00","0 kg","","","","28.02.2022","","","","","","06.10.2014","nein","0.00","0.00","0.00","","3Com","","","","","","","","","","",""
"D51","D","Anpassung Richtpreis","","Geldbetraege","","","","","0","0","psch","0.00","0.00","50.00","0.00","0.00","0.00","0.00","0 kg","","","","08.03.2022","","","","","","06.10.2014","nein","0.00","0.00","0.00","","3Com","","","","","","","","","","",""
"D51","D","Anpassung Richtpreis","","Geldbetraege","","","","","0","0","psch","0.00","0.00","130.00","0.00","0.00","0.00","0.00","0 kg","","","","11.03.2022","","","","","","06.10.2014","nein","0.00","0.00","0.00","","3Com","","","","","","","","","","",""
"D51","D","Anpassung Richtpreis","","Geldbetraege","","","","","0","0","psch","0.00","0.00","50.00","0.00","0.00","0.00","0.00","0 kg","","","","14.03.2022","","","","","","06.10.2014","nein","0.00","0.00","0.00","","3Com","","","","","","","","","","",""
"D51","D","Anpassung Richtpreis","","Geldbetraege","","","","","0","0","psch","0.00","0.00","-60.00","0.00","0.00","0.00","0.00","0 kg","","","","15.03.2022","","","","","","06.10.2014","nein","0.00","0.00","0.00","","3Com","","","","","","","","","","",""
"D51","D","Anpassung Richtpreis","","Geldbetraege","","","","","0","0","psch","0.00","0.00","40.00","0.00","0.00","0.00","0.00","0 kg","","","","21.03.2022","","","","","","06.10.2014","nein","0.00","0.00","0.00","","3Com","","","","","","","","","","",""
"D51","D","Anpassung Richtpreis","","Geldbetraege","","","","","0","0","psch","0.00","0.00","-70.00","0.00","0.00","0.00","0.00","0 kg","","","","25.03.2022","","","","","","06.10.2014","nein","0.00","0.00","0.00","","3Com","","","","","","","","","","",""
"D51","D","Anpassung Richtpreis","","Geldbetraege","","","","","0","0","psch","0.00","0.00","50.00","0.00","0.00","0.00","0.00","0 kg","","","","28.03.2022","","","","","","06.10.2014","nein","0.00","0.00","0.00","","3Com","","","","","","","","","","",""
"D51","D","Anpassung Richtpreis","","Geldbetraege","","","","","0","0","psch","0.00","0.00","-70.00","0.00","0.00","0.00","0.00","0 kg","","","","30.03.2022","","","","","","06.10.2014","nein","0.00","0.00","0.00","","3Com","","","","","","","","","","",""
"D51","D","Anpassung Richtpreis","","Geldbetraege","","","","","0","0","psch","0.00","0.00","-5.00","0.00","0.00","0.00","0.00","0 kg","","","","01.04.2022","","","","","","06.10.2014","nein","0.00","0.00","0.00","","3Com","","","","","","","","","","",""
"D51","D","Anpassung Richtpreis","","Geldbetraege","","","","","0","0","psch","0.00","0.00","10.00","0.00","0.00","0.00","0.00","0 kg","","","","31.05.2022","","","","","","06.10.2014","nein","0.00","0.00","0.00","","3Com","","","","","","","","","","",""
"D51","D","Anpassung Richtpreis","","Geldbetraege","","","","","0","0","psch","0.00","0.00","10.00","0.00","0.00","0.00","0.00","0 kg","","","","13.06.2022","","","","","","06.10.2014","nein","0.00","0.00","0.00","","3Com","","","","","","","","","","",""
"D51","D","Anpassung Richtpreis","","Geldbetraege","","","","","0","0","psch","0.00","0.00","5.00","0.00","0.00","0.00","0.00","0 kg","","","","06.07.2022","","","","","","06.10.2014","nein","0.00","0.00","0.00","","3Com","","","","","","","","","","",""
"D51","D","Anpassung Richtpreis","","Geldbetraege","","","","","0","0","psch","0.00","0.00","100.00","0.00","0.00","0.00","0.00","0 kg","","","","29.08.2022","","","","","","06.10.2014","nein","0.00","0.00","0.00","","3Com","","","","","","","","","","",""
"D51","D","Anpassung Richtpreis","","Geldbetraege","","","","","0","0","psch","0.00","0.00","100.00","0.00","0.00","0.00","0.00","0 kg","","","","09.09.2022","","","","","","06.10.2014","nein","0.00","0.00","0.00","","3Com","","","","","","","","","","",""
"D51","D","Anpassung Richtpreis","","Geldbetraege","","","","","0","0","psch","0.00","0.00","-515.00","0.00","0.00","0.00","0.00","0 kg","","","","11.11.2022","","","","","","06.10.2014","nein","0.00","0.00","0.00","","3Com","","","","","","","","","","",""
"D51","D","Anpassung Richtpreis","","Geldbetraege","","","","","0","0","psch","0.00","0.00","-50.00","0.00","0.00","0.00","0.00","0 kg","","","","28.11.2022","","","","","","06.10.2014","nein","0.00","0.00","0.00","","3Com","","","","","","","","","","",""
"D51","D","Anpassung Richtpreis","","Geldbetraege","","","","","0","0","psch","0.00","0.00","100.00","0.00","0.00","0.00","0.00","0 kg","","","","12.12.2022","","","","","","06.10.2014","nein","0.00","0.00","0.00","","3Com","","","","","","","","","","",""
"D51","D","Anpassung Richtpreis","","Geldbetraege","","","","","0","0","psch","0.00","0.00","-50.00","0.00","0.00","0.00","0.00","0 kg","","","","31.01.2023","","","","","","06.10.2014","nein","0.00","0.00","0.00","","3Com","","","","","","","","","","",""
"D51","D","Anpassung Richtpreis","","Geldbetraege","","","","","0","0","psch","0.00","0.00","100.00","0.00","0.00","0.00","0.00","0 kg","","","","31.01.2023","","","","","","06.10.2014","nein","0.00","0.00","0.00","","3Com","","","","","","","","","","",""
"D51","D","Anpassung Richtpreis","","Geldbetraege","","","","","0","0","psch","0.00","0.00","-120.00","0.00","0.00","0.00","0.00","0 kg","","","","08.02.2023","","","","","","06.10.2014","nein","0.00","0.00","0.00","","3Com","","","","","","","","","","",""
"D51","D","Anpassung Richtpreis","","Geldbetraege","","","","","0","0","psch","0.00","0.00","8.00","0.00","0.00","0.00","0.00","0 kg","","","","20.02.2023","","","","","","06.10.2014","nein","0.00","0.00","0.00","","3Com","","","","","","","","","","",""
"D51","D","Anpassung Richtpreis","","Geldbetraege","","","","","0","0","psch","0.00","0.00","8.00","0.00","0.00","0.00","0.00","0 kg","","","","06.03.2023","","","","","","06.10.2014","nein","0.00","0.00","0.00","","3Com","","","","","","","","","","",""
"D51","D","Anpassung Richtpreis","","Geldbetraege","","","","","0","0","psch","0.00","0.00","40.00","0.00","0.00","0.00","0.00","0 kg","","","","06.03.2023","","","","","","06.10.2014","nein","0.00","0.00","0.00","","3Com","","","","","","","","","","",""
"D51","D","Anpassung Richtpreis","","Geldbetraege","","","","","0","0","psch","0.00","0.00","150.00","0.00","0.00","0.00","0.00","0 kg","","","","16.03.2023","","","","","","06.10.2014","nein","0.00","0.00","0.00","","3Com","","","","","","","","","","",""
"D51","D","Anpassung Richtpreis","","Geldbetraege","","","","","0","0","psch","0.00","0.00","150.00","0.00","0.00","0.00","0.00","0 kg","","","","24.03.2023","","","","","","06.10.2014","nein","0.00","0.00","0.00","","3Com","","","","","","","","","","",""
"D51","D","Anpassung Richtpreis","","Geldbetraege","","","","","0","0","psch","0.00","0.00","-30.00","0.00","0.00","0.00","0.00","0 kg","","","","03.04.2023","","","","","","06.10.2014","nein","0.00","0.00","0.00","","3Com","","","","","","","","","","",""
"D51","D","Anpassung Richtpreis","","Geldbetraege","","","","","0","0","psch","0.00","0.00","-25.00","0.00","0.00","0.00","0.00","0 kg","","","","12.04.2023","","","","","","06.10.2014","nein","0.00","0.00","0.00","","3Com","","","","","","","","","","",""
"D51","D","Anpassung Richtpreis","","Geldbetraege","","","","","0","0","psch","0.00","0.00","2.50","0.00","0.00","0.00","0.00","0 kg","","","","21.04.2023","","","","","","06.10.2014","nein","0.00","0.00","0.00","","3Com","","","","","","","","","","",""
"D51","D","Anpassung Richtpreis","","Geldbetraege","","","","","0","0","psch","0.00","0.00","160.00","0.00","0.00","0.00","0.00","0 kg","","","","28.04.2023","","","","","","06.10.2014","nein","0.00","0.00","0.00","","3Com","","","","","","","","","","",""
"D51","D","Anpassung Richtpreis","","Geldbetraege","","","","","0","0","psch","0.00","0.00","-30.00","0.00","0.00","0.00","0.00","0 kg","","","","03.05.2023","","","","","","06.10.2014","nein","0.00","0.00","0.00","","3Com","","","","","","","","","","",""
"D51","D","Anpassung Richtpreis","","Geldbetraege","","","","","0","0","psch","0.00","0.00","70.00","0.00","0.00","0.00","0.00","0 kg","","","","04.05.2023","","","","","","06.10.2014","nein","0.00","0.00","0.00","","3Com","","","","","","","","","","",""
"D51","D","Anpassung Richtpreis","","Geldbetraege","","","","","0","0","psch","0.00","0.00","-30.00","0.00","0.00","0.00","0.00","0 kg","","","","15.05.2023","","","","","","06.10.2014","nein","0.00","0.00","0.00","","3Com","","","","","","","","","","",""
"D51","D","Anpassung Richtpreis","","Geldbetraege","","","","","0","0","psch","0.00","0.00","50.00","0.00","0.00","0.00","0.00","0 kg","","","","21.06.2023","","","","","","06.10.2014","nein","0.00","0.00","0.00","","3Com","","","","","","","","","","",""
"D51","D","Anpassung Richtpreis","","Geldbetraege","","","","","0","0","psch","0.00","0.00","50.00","0.00","0.00","0.00","0.00","0 kg","","","","21.06.2023","","","","","","06.10.2014","nein","0.00","0.00","0.00","","3Com","","","","","","","","","","",""
"D51","D","Anpassung Richtpreis","","Geldbetraege","","","","","0","0","psch","0.00","0.00","50.00","0.00","0.00","0.00","0.00","0 kg","","","","13.07.2023","","","","","","06.10.2014","nein","0.00","0.00","0.00","","3Com","","","","","","","","","","",""
"D51","D","Anpassung Richtpreis","","Geldbetraege","","","","","0","0","psch","0.00","0.00","50.00","0.00","0.00","0.00","0.00","0 kg","","","","13.07.2023","","","","","","06.10.2014","nein","0.00","0.00","0.00","","3Com","","","","","","","","","","",""
"D51","D","Anpassung Richtpreis","","Geldbetraege","","","","","0","0","psch","0.00","0.00","-70.00","0.00","0.00","0.00","0.00","0 kg","","","","29.07.2023","","","","","","06.10.2014","nein","0.00","0.00","0.00","","3Com","","","","","","","","","","",""
"D51","D","Anpassung Richtpreis","","Geldbetraege","","","","","0","0","psch","0.00","0.00","-100.00","0.00","0.00","0.00","0.00","0 kg","","","","04.08.2023","","","","","","06.10.2014","nein","0.00","0.00","0.00","","3Com","","","","","","","","","","",""
"D51","D","Anpassung Richtpreis","","Geldbetraege","","","","","0","0","psch","0.00","0.00","-50.00","0.00","0.00","0.00","0.00","0 kg","","","","25.08.2023","","","","","","06.10.2014","nein","0.00","0.00","0.00","","3Com","","","","","","","","","","",""
"D51","D","Anpassung Richtpreis","","Geldbetraege","","","","","0","0","psch","0.00","0.00","30.00","0.00","0.00","0.00","0.00","0 kg","","","","02.09.2023","","","","","","06.10.2014","nein","0.00","0.00","0.00","","3Com","","","","","","","","","","",""
"D51","D","Anpassung Richtpreis","","Geldbetraege","","","","","0","0","psch","0.00","0.00","-145.00","0.00","0.00","0.00","0.00","0 kg","","","","29.04.2024","","","","","","06.10.2014","nein","0.00","0.00","0.00","","3Com","","","","","","","","","","",""
"D51","D","Anpassung Richtpreis","","Geldbetraege","","","","","0","0","psch","0.00","0.00","20.00","0.00","0.00","0.00","0.00","0 kg","","","","20.06.2024","","","","","","06.10.2014","nein","0.00","0.00","0.00","","3Com","","","","","","","","","","",""
"D51","D","Anpassung Richtpreis","","Geldbetraege","","","","","0","0","psch","0.00","0.00","-25.00","0.00","0.00","0.00","0.00","0 kg","","","","25.06.2024","","","","","","06.10.2014","nein","0.00","0.00","0.00","","3Com","","","","","","","","","","",""
"D51","D","Anpassung Richtpreis","","Geldbetraege","","","","","0","0","psch","0.00","0.00","33.30","0.00","0.00","0.00","0.00","0 kg","","","","27.06.2024","","","","","","06.10.2014","nein","0.00","0.00","0.00","","3Com","","","","","","","","","","",""
"D51","D","Anpassung Richtpreis","","Geldbetraege","","","","","0","0","psch","0.00","0.00","-120.00","0.00","0.00","0.00","0.00","0 kg","","","","22.07.2024","","","","","","06.10.2014","nein","0.00","0.00","0.00","","3Com","","","","","","","","","","",""
"D51","D","Anpassung Richtpreis","","Geldbetraege","","","","","0","0","psch","0.00","0.00","-25.00","0.00","0.00","0.00","0.00","0 kg","","","","25.07.2024","","","","","","06.10.2014","nein","0.00","0.00","0.00","","3Com","","","","","","","","","","",""
"D51","D","Anpassung Richtpreis","","Geldbetraege","","","","","0","0","psch","0.00","0.00","2.00","0.00","0.00","0.00","0.00","0 kg","","","","10.09.2024","","","","","","06.10.2014","nein","0.00","0.00","0.00","","3Com","","","","","","","","","","",""
"D51","D","Anpassung Richtpreis","","Geldbetraege","","","","","0","0","psch","0.00","0.00","30.00","0.00","0.00","0.00","0.00","0 kg","","","","28.09.2024","","","","","","06.10.2014","nein","0.00","0.00","0.00","","3Com","","","","","","","","","","",""
"D51","D","Anpassung Richtpreis","","Geldbetraege","","","","","0","0","psch","0.00","0.00","-70.00","0.00","0.00","0.00","0.00","0 kg","","","","10.10.2024","","","","","","06.10.2014","nein","0.00","0.00","0.00","","3Com","","","","","","","","","","",""
"D51","D","Anpassung Richtpreis","","Geldbetraege","","","","","0","0","psch","0.00","0.00","-40.00","0.00","0.00","0.00","0.00","0 kg","","","","17.10.2024","","","","","","06.10.2014","nein","0.00","0.00","0.00","","3Com","","","","","","","","","","",""
"D51","D","Anpassung Richtpreis","","Geldbetraege","","","","","0","0","psch","0.00","0.00","-40.00","0.00","0.00","0.00","0.00","0 kg","","","","17.10.2024","","","","","","06.10.2014","nein","0.00","0.00","0.00","","3Com","","","","","","","","","","",""
"D51","D","Anpassung Richtpreis","","Geldbetraege","","","","","0","0","psch","0.00","0.00","-90.00","0.00","0.00","0.00","0.00","0 kg","","","","24.01.2025","","","","","","06.10.2014","nein","0.00","0.00","0.00","","3Com","","","","","","","","","","",""
"","","","","","","","","","","","","","0.00","","0.00","","","0.00","","","","","","","","","","","","","","","","","","","","","","","","","","","",""
"D15","D","Anpassung von EG!pvcalc: - Bei der Online-Dateneingabe in EG!pvcalc durch KundInnen werden die Daten, die eingegeben werden plus diejenigen, die EG!pvcalc errechnet in eine csv-Datei geschrieben werden inklusive Erweiterung der pvcalc-Eingabe-Maske um Name, Vorname und Telefonnummer. - Parallel zum Erstellen der csv-Datei: Speichern der Daten, die in die csv-Datei geschrieben werden in eine Mysql-Datenbank-Tabelle, wobei für jeden Wert eine eigene Tabellenspalte verwendet wird. - automatisierte Übermittlung der csv-Datei an Kivitendo Automatisierter Import der csv-Datei in Kivitendo und Abspeichern der Daten als neuer Kundensatz. Mitteilung per E-Mail Diverse Testläufe Erstellen der Dokumentation Total: Arbeitszeit: 64 Stunden","","Dienstleistung","","","","","0","0","psch","0.00","0.00","3'500.00","0.00","0.00","0.00","0.00","0 kg","","","","30.11.2015","","","","","","29.09.2007","nein","0.00","0.00","0.00","","","","","","","","","","","","",""
"","","","","","","","","","","","","","0.00","","0.00","","","0.00","","","","","","","","","","","","","","","","","","","","","","","","","","","",""
"004254","W","Antec HDD case","","","","","","","1","0","Stck","0.00","0.00","0.00","0.00","0.00","0.00","0.00","5.1 kg","","","","","","","","","","03.07.2021","ja","0.00","0.00","0.00","","","210","150","60","","","","","","","",""
"","","","","","","","","","","","","","0.00","","0.00","","","0.00","","","","","","","","","","","","","","","","","","","","","","","","","","","",""
"K1122","W","Antec PC Motherboard Gigabyte B560M Aorus Elite","Mit Stromkabel und Decke zum Einpacken des Computers","Kundengerät","","","","","0","0","Stck","0.00","0.00","0.00","0.00","0.00","0.00","0.00","0 kg","","","","30.12.2024","","","","","","30.12.2024","nein","0.00","0.00","0.00","","3Com","","","","","","","","","","",""
"","","","","","","","","","","","","","0.00","","0.00","","","0.00","","","","","","","","","","","","","","","","","","","","","","","","","","","",""
"D25","D","Anteil an Mietkaution","","Geldbetraege","","","","","0","0","Stck","0.00","0.00","450.00","0.00","0.00","0.00","0.00","0 kg","","","","26.09.2010","","","","","","26.05.2010","nein","0.00","0.00","0.00","","","","","","","","","","","","",""
"","","","","","","","","","","","","","0.00","","0.00","","","0.00","","","","","","","","","","","","","","","","","","","","","","","","","","","",""
"D10","D","Anteil an Reparatur","","Dienstleistung","","","","","0","0","psch","0.00","0.00","5.00","0.00","0.00","0.00","0.00","0 kg","","","","01.11.2019","","","","","","23.08.2007","nein","0.00","0.00","0.00","","","","","","","","","","","","",""
"D10","D","Anteil an Reparatur","","Dienstleistung","","","","","0","0","psch","0.00","0.00","10.00","0.00","0.00","0.00","0.00","0 kg","","","","01.11.2019","","","","","","23.08.2007","nein","0.00","0.00","0.00","","","","","","","","","","","","",""
"","","","","","","","","","","","","","0.00","","0.00","","","0.00","","","","","","","","","","","","","","","","","","","","","","","","","","","",""
"D7","D","Anteil Einrichtungskosten Netzwerk Zeughausstr. 60","","Dienstleistung","","","","","0","0","psch","0.00","0.00","115.00","0.00","0.00","0.00","0.00","0 kg","","","","31.07.2011","","","","","","09.08.2007","nein","0.00","0.00","0.00","","","","","","","","","","","","",""
"","","","","","","","","","","","","","0.00","","0.00","","","0.00","","","","","","","","","","","","","","","","","","","","","","","","","","","",""
"D22","D","Anteil Liftunterhalt 2010 gemäss Vereinbarung mit HOP Zürich","","Dienstleistung","","","","","0","0","Mt","0.00","0.00","200.00","0.00","0.00","0.00","0.00","0 kg","","","","27.12.2011","","","","","","16.01.2009","nein","0.00","0.00","0.00","","","","","","","","","","","","",""
"","","","","","","","","","","","","","0.00","","0.00","","","0.00","","","","","","","","","","","","","","","","","","","","","","","","","","","",""
"D22","D","Anteil Liftunterhalt während dem Umbau","","Dienstleistung","","","","","0","0","Mt","0.00","0.00","100.00","0.00","0.00","0.00","0.00","0 kg","","","","31.07.2011","","","","","","16.01.2009","nein","0.00","0.00","0.00","","","","","","","","","","","","",""
"","","","","","","","","","","","","","0.00","","0.00","","","0.00","","","","","","","","","","","","","","","","","","","","","","","","","","","",""
"004899","W","antenna cable, 5m whith / 2m black","","","","","","","1","0","Stck","0.00","0.00","0.00","0.00","0.00","0.00","0.00","350 kg","","","","","","","","","","08.07.2022","ja","0.00","0.00","0.00","","","5000","0","0","","","","","","","",""
"","","","","","","","","","","","","","0.00","","0.00","","","0.00","","","","","","","","","","","","","","","","","","","","","","","","","","","",""
"P12","W","Antenne","","Zubehör","","","","","0","0","Stck","0.00","0.00","4.00","0.00","16.81","0.00","0.00","0 kg","","","","28.06.2016","","","","","","17.08.2007","nein","0.00","0.00","0.00","","","","","","","","","","","","",""
"","","","","","","","","","","","","","0.00","","0.00","","","0.00","","","","","","","","","","","","","","","","","","","","","","","","","","","",""
"P65","W","Antennenkabel","","Zubehör","","","","","0","0","Stck","0.00","0.00","2.80","0.00","0.00","0.00","0.00","0 kg","","","","17.12.2012","","","","","","23.08.2007","nein","0.00","0.00","0.00","","","","","","","","","","","","",""
"001279","W","Antennenkabel","","","","","","","0","0","Stck","0.00","0.00","1.00","0.00","0.00","0.00","0.00","0.3 kg","","","","","","","","","","06.11.2019","ja","0.00","0.00","0.00","","diverse","0","0","0","","","","","","","",""
"","","","","","","","","","","","","","0.00","","0.00","","","0.00","","","","","","","","","","","","","","","","","","","","","","","","","","","",""
"006810","W","Antennenkabel für CBN Connect Box","","Verkaufsartikel","","","","","5","0","Stck","0.00","0.00","5.00","25.00","0.00","0.00","0.00","0.2 kg","","","","05.02.2026","","","","","","05.02.2026","ja","0.00","0.00","0.00","","diverse","2000","11","11","","","","","","","",""
"","","","","","","","","","","","","","0.00","","25.00","","","0.00","","","","","","","","","","","","","","","","","","","","","","","","","","","",""
"006698","W","Antennen-Kabel (Weiss)","","","","","","","2","0","Stck","0.00","0.00","0.00","0.00","0.00","0.00","0.00","0 kg","","","","","","","","","","31.08.2024","ja","0.00","0.00","0.00","","3Com","0","0","0","","","","","","","",""
"","","","","","","","","","","","","","0.00","","0.00","","","0.00","","","","","","","","","","","","","","","","","","","","","","","","","","","",""
"P9","W","Antenne omnidirektional","","Hardwareteile neu","","","","","0","0","Stck","0.00","0.00","35.00","0.00","0.00","0.00","0.00","0 kg","","","","01.02.2008","","","","","","09.08.2007","nein","0.00","0.00","0.00","","","","","","","","","","","","",""
"","","","","","","","","","","","","","0.00","","0.00","","","0.00","","","","","","","","","","","","","","","","","","","","","","","","","","","",""
"P9","W","Antenne unidirektional","","Hardwareteile neu","","","","","0","0","Stck","0.00","0.00","35.00","0.00","0.00","0.00","0.00","0 kg","","","","01.02.2008","","","","","","09.08.2007","nein","0.00","0.00","0.00","","","","","","","","","","","","",""
"","","","","","","","","","","","","","0.00","","0.00","","","0.00","","","","","","","","","","","","","","","","","","","","","","","","","","","",""
"006347","W","Anti-Static Service KIt","","","","","","","0","0","Stck","0.00","0.00","0.00","0.00","0.00","0.00","0.00","0.35 kg","","","","","","","","","","19.03.2024","ja","0.00","0.00","0.00","","unbekannt","200","122","45","","","","","","","",""
"","","","","","","","","","","","","","0.00","","0.00","","","0.00","","","","","","","","","","","","","","","","","","","","","","","","","","","",""
"D14","D","An- und Abmeldung für Newsletter erweitern","","Dienstleistung","","","","","0","0","Std","0.00","0.00","50.00","0.00","0.00","0.00","0.00","0 kg","","","","18.12.2011","","","","","","29.09.2007","nein","0.00","0.00","0.00","","","","","","","","","","","","",""
"","","","","","","","","","","","","","0.00","","0.00","","","0.00","","","","","","","","","","","","","","","","","","","","","","","","","","","",""
"005054","W","ANYTV-51018411-1.2 REV1.2","","","","","","","1","0","Stck","0.00","0.00","0.00","0.00","0.00","0.00","0.00","1 kg","","","","","","","","","","27.09.2022","ja","0.00","0.00","0.00","","PINNACLE Systems","120","100","25","","","","","","","",""
"","","","","","","","","","","","","","0.00","","0.00","","","0.00","","","","","","","","","","","","","","","","","","","","","","","","","","","",""
"D19","D","Anzahlung","","Dienstleistung","","","","","0","0","psch","30.00","0.00","150.00","0.00","0.00","0.00","0.00","0 kg","","","","21.06.2017","","","","","","07.07.2008","nein","0.00","0.00","0.00","","","","","","","","","","","","",""
"","","","","","","","","","","","","","0.00","","0.00","","","0.00","","","","","","","","","","","","","","","","","","","","","","","","","","","",""
"P57","W","Anzahlung Display Huawei ALE-L21","","Hardwareteile neu","","","","","0","0","Stck","0.00","0.00","120.00","0.00","69.68","0.00","0.00","0 kg","","","","21.03.2017","","","","","","05.01.2009","nein","0.00","0.00","0.00","","3Com","","","","","","","","","","",""
"P57","W","Anzahlung Display Huawei ALE-L21","","Hardwareteile neu","","","","","0","0","Stck","0.00","0.00","120.00","0.00","69.68","0.00","0.00","0 kg","","","","16.01.2018","","","","","","05.01.2009","nein","0.00","0.00","0.00","","3Com","","","","","","","","","","",""
"","","","","","","","","","","","","","0.00","","0.00","","","0.00","","","","","","","","","","","","","","","","","","","","","","","","","","","",""
"004585","W","AOC 220LM00006","","","","","","","1","0","Stck","0.00","0.00","0.00","0.00","0.00","0.00","0.00","4'770 kg","","","","","","","","","","15.03.2022","ja","0.00","0.00","0.00","","AOC","240","510","390","","","","","","","",""
"","","","","","","","","","","","","","0.00","","0.00","","","0.00","","","","","","","","","","","","","","","","","","","","","","","","","","","",""
"004586","W","AOC 220LM00010","","","","","","","1","0","Stck","0.00","0.00","0.00","0.00","0.00","0.00","0.00","477 kg","","","","","","","","","","15.03.2022","ja","0.00","0.00","0.00","","AOC","240","510","390","","","","","","","",""
"","","","","","","","","","","","","","0.00","","0.00","","","0.00","","","","","","","","","","","","","","","","","","","","","","","","","","","",""
"001391","W","AOC 2230Fh","","","","","","","0","0","Stck","0.00","0.00","100.00","0.00","0.00","0.00","0.00","5.2 kg","","","","28.11.2016","","","","","","28.11.2016","ja","0.00","0.00","0.00","","AOC","220","510","417","","","","","","","",""
"","","","","","","","","","","","","","0.00","","0.00","","","0.00","","","","","","","","","","","","","","","","","","","","","","","","","","","",""
"003057","W","AOC 2434PW","","","","","","","0","0","Stck","0.00","0.00","140.00","0.00","0.00","0.00","0.00","0 kg","","","","22.08.2018","P4895JA006300","","","","","22.08.2018","ja","0.00","0.00","0.00","","AOC","0","0","0","","","","","","","",""
"","","","","","","","","","","","","","0.00","","0.00","","","0.00","","","","","","","","","","","","","","","","","","","","","","","","","","","",""
"006174","W","AOC E2475PWJ","","","","","","","1","0","Stck","0.00","0.00","0.00","0.00","0.00","0.00","0.00","0 kg","","","","","","","","","","23.12.2023","ja","0.00","0.00","0.00","","AOC","0","0","0","","","","","","","",""
"","","","","","","","","","","","","","0.00","","0.00","","","0.00","","","","","","","","","","","","","","","","","","","","","","","","","","","",""
"005155","W","AOC i2770VHE","","","","","","","1","0","Stck","0.00","0.00","220.00","220.00","0.00","0.00","0.00","6.5 kg","","","","","","","","","","21.12.2022","ja","0.00","0.00","0.00","","AOC","240","640","450","","","","","","","",""
"","","","","","","","","","","","","","0.00","","220.00","","","0.00","","","","","","","","","","","","","","","","","","","","","","","","","","","",""
"000144","W","AOC LM-500","","","","","","","0","0","Stck","0.00","0.00","20.00","0.00","0.00","0.00","0.00","4.5 kg","","","","","","","","","","06.11.2019","ja","0.00","0.00","0.00","","AOC","190","398","397","","","","","","","",""
"","","","","","","","","","","","","","0.00","","0.00","","","0.00","","","","","","","","","","","","","","","","","","","","","","","","","","","",""
"002051","W","Aopen 1557 MS2141","","","","","","","0","0","Stck","0.00","0.00","120.00","0.00","0.00","0.00","0.00","3.5 kg","","","","","","","","","","06.11.2019","ja","0.00","0.00","0.00","","Aopen","270","330","30","","","","","","","",""
"","","","","","","","","","","","","","0.00","","0.00","","","0.00","","","","","","","","","","","","","","","","","","","","","","","","","","","",""
"006031","W","Apacer ER151","","","","","","","1","0","Stck","0.00","0.00","15.00","15.00","0.00","0.00","0.00","0.5 kg","","","","","","","","","","20.10.2023","ja","0.00","0.00","0.00","","Apacer","0","0","0","","","","","","","",""
"","","","","","","","","","","","","","0.00","","15.00","","","0.00","","","","","","","","","","","","","","","","","","","","","","","","","","","",""
"002899","W","Apacer M631 Bluetooth Maus","","","","","","","0","0","Stck","0.00","0.00","5.00","0.00","0.00","0.00","0.00","0.15 kg","","","","21.01.2019","","","","","","21.01.2019","ja","0.00","0.00","0.00","","Apacer","0","0","0","","","","","","","",""
"","","","","","","","","","","","","","0.00","","0.00","","","0.00","","","","","","","","","","","","","","","","","","","","","","","","","","","",""
"D27","D","apache-Konfiguration für sozialarchiv.euromayday.ch erweitern, Setzen von weiteren symbolischen Links Analysieren der Datenverteilung auf dem Server. Erstellen von Backuparchiven und einem Dump des kompletten Datenbankclusters Sichern der Archivdateien und des Dumps auf externen Server.","","Dienstleistung","","","","","0","0","Std","0.00","0.00","70.00","0.00","0.00","0.00","0.00","0 kg","","","","17.08.2012","","","","","","23.11.2010","nein","0.00","0.00","0.00","","","","","","","","","","","","",""
"D27","D","apache-Konfiguration für sozialarchiv.euromayday.ch erweitern, Setzen von weiteren symbolischen Links Analysieren der Datenverteilung auf dem Server. Erstellen von Backuparchiven und einem Dump des kompletten Datenbankclusters Sichern der Archivdateien und des Dumps auf externen Server.","","Dienstleistung","","","","","0","0","Std","0.00","0.00","70.00","0.00","0.00","0.00","0.00","0 kg","","","","21.04.2013","","","","","","23.11.2010","nein","0.00","0.00","0.00","","","","","","","","","","","","",""
"","","","","","","","","","","","","","0.00","","0.00","","","0.00","","","","","","","","","","","","","","","","","","","","","","","","","","","",""
"D27","D","Apache Konfiguration vor Ort auf dem EuroMayday Server anpassen","","Dienstleistung","","","","","0","0","Std","0.00","0.00","70.00","0.00","0.00","0.00","0.00","0 kg","","","","17.08.2012","","","","","","23.11.2010","nein","0.00","0.00","0.00","","","","","","","","","","","","",""
"D27","D","Apache Konfiguration vor Ort auf dem EuroMayday Server anpassen","","Dienstleistung","","","","","0","0","Std","0.00","0.00","70.00","0.00","0.00","0.00","0.00","0 kg","","","","21.04.2013","","","","","","23.11.2010","nein","0.00","0.00","0.00","","","","","","","","","","","","",""
"","","","","","","","","","","","","","0.00","","0.00","","","0.00","","","","","","","","","","","","","","","","","","","","","","","","","","","",""
"001689","W","APC AP7920","","","","","","","0","0","Stck","0.00","0.00","200.00","0.00","0.00","0.00","0.00","2.27 kg","","","","","","","","","","06.11.2019","ja","0.00","0.00","0.00","","APC","108","445","44","","","","","","","",""
"","","","","","","","","","","","","","0.00","","0.00","","","0.00","","","","","","","","","","","","","","","","","","","","","","","","","","","",""
"001690","W","APC AP7921","","","","","","","0","0","Stck","0.00","0.00","200.00","0.00","0.00","0.00","0.00","2.27 kg","","","","","","","","","","06.11.2019","ja","0.00","0.00","0.00","","APC","108","445","44","","","","","","","",""
"","","","","","","","","","","","","","0.00","","0.00","","","0.00","","","","","","","","","","","","","","","","","","","","","","","","","","","",""
"002172","W","APC AP9207 UPS Interface Expader","","","","","","","0","0","Stck","0.00","0.00","0.00","0.00","0.00","0.00","0.00","1.6 kg","","","","","","","","","","06.11.2019","ja","0.00","0.00","0.00","","APC","130","430","45","","","","","","","",""
"","","","","","","","","","","","","","0.00","","0.00","","","0.00","","","","","","","","","","","","","","","","","","","","","","","","","","","",""
"P39","W","APC Back UPS Occasion","","Peripheriegeräte Occasion","","","","","0","0","Stck","0.00","0.00","50.00","0.00","0.00","0.00","0.00","0 kg","","","","01.02.2008","","","","","","01.02.2008","nein","0.00","0.00","0.00","","","","","","","","","","","","",""
"","","","","","","","","","","","","","0.00","","0.00","","","0.00","","","","","","","","","","","","","","","","","","","","","","","","","","","",""
"P38","W","APC Back UPS RS 500VA","","Hardwareteile Occasion","","","","","0","0","Stck","0.00","0.00","190.00","0.00","0.00","0.00","0.00","0 kg","","","","01.02.2008","","","","","","01.02.2008","nein","0.00","0.00","0.00","","","","","","","","","","","","",""
"","","","","","","","","","","","","","0.00","","0.00","","","0.00","","","","","","","","","","","","","","","","","","","","","","","","","","","",""
"000270","W","APC Smart-UPS 620","","","","","","","0","0","Stck","0.00","0.00","173.00","0.00","0.00","0.00","0.00","12 kg","","","","","","","","","","06.11.2019","ja","0.00","0.00","0.00","","APC","170","120","380","","","","","","","",""
"","","","","","","","","","","","","","0.00","","0.00","","","0.00","","","","","","","","","","","","","","","","","","","","","","","","","","","",""
"002601","W","Apple 15"" Studio Display (LCD/ADC)","","","","","","","8","0","Stck","0.00","0.00","120.00","960.00","0.00","0.00","0.00","8 kg","","","","","","","","","","06.11.2019","ja","0.00","0.00","0.00","","Apple","0","0","0","","","","","","","",""
"","","","","","","","","","","","","","0.00","","960.00","","","0.00","","","","","","","","","","","","","","","","","","","","","","","","","","","",""
"004657","W","Apple 17"" Studio Display (LCD/ADC)","","","","","","","2","0","Stck","0.00","0.00","150.00","300.00","0.00","0.00","0.00","9.5 kg","","","","","","","","","","04.05.2022","ja","0.00","0.00","0.00","","Apple","0","0","0","","","","","","","",""
"","","","","","","","","","","","","","0.00","","300.00","","","0.00","","","","","","","","","","","","","","","","","","","","","","","","","","","",""
"K0627","W","Apple 2010 a1297","mit netzteil","Kundengerät","","","","","0","0","Stck","0.00","0.00","0.00","0.00","0.00","0.00","0.00","0 kg","","","","06.05.2019","","","","","","06.05.2019","nein","0.00","0.00","0.00","","","","","","","","","","","","",""
"","","","","","","","","","","","","","0.00","","0.00","","","0.00","","","","","","","","","","","","","","","","","","","","","","","","","","","",""
"001782","W","Apple 24 inch LED Cinema Display","","","","","","","0","0","Stck","300.00","0.00","150.00","0.00","0.00","0.00","0.00","9.5 kg","","","","30.05.2017","","","","","","30.05.2017","ja","0.00","0.00","0.00","","Apple","197.1","573.2","478.4","","","","","","","",""
"","","","","","","","","","","","","","0.00","","0.00","","","0.00","","","","","","","","","","","","","","","","","","","","","","","","","","","",""
"002958","W","Apple 820-1066-A","","","","","","","0","0","Stck","0.00","0.00","10.00","0.00","0.00","0.00","0.00","0.05 kg","","","","15.10.2018","PW13806GBHG6A","","","","","15.10.2018","ja","0.00","0.00","0.00","","Apple","110","60","10","","","","","","","",""
"","","","","","","","","","","","","","0.00","","0.00","","","0.00","","","","","","","","","","","","","","","","","","","","","","","","","","","",""
"002958","W","Apple 820-1066-A","","","","","","","0","0","Stck","0.00","0.00","10.00","0.00","0.00","0.00","0.00","0.05 kg","","","","10.12.2019","","","","","","15.10.2018","ja","0.00","0.00","0.00","","Apple","110","60","10","","","","","","","",""
"","","","","","","","","","","","","","0.00","","0.00","","","0.00","","","","","","","","","","","","","","","","","","","","","","","","","","","",""
"006149","W","Apple 820-1900-A","","","","","","","1","0","Stck","0.00","0.00","0.00","0.00","0.00","0.00","0.00","0.318 kg","","","","","","","","","","02.12.2023","ja","0.00","0.00","0.00","","Apple","150","150","30","","","","","","","",""
"","","","","","","","","","","","","","0.00","","0.00","","","0.00","","","","","","","","","","","","","","","","","","","","","","","","","","","",""
"K0121","W","Apple A1082 Monitor","","Kundengerät","","","","","0","0","Stck","0.00","0.00","0.00","0.00","0.00","0.00","0.00","0 kg","","","","06.05.2015","","","","","","06.05.2015","nein","0.00","0.00","0.00","","","","","","","","","","","","",""
"K0121","W","Apple A1082 Monitor","","Kundengerät","","","","","0","0","Stck","0.00","0.00","0.00","0.00","0.00","0.00","0.00","0 kg","","","","11.05.2015","","","","","","06.05.2015","nein","0.00","0.00","0.00","","","","","","","","","","","","",""
"","","","","","","","","","","","","","0.00","","0.00","","","0.00","","","","","","","","","","","","","","","","","","","","","","","","","","","",""
"4409","W","Apple A1096 Cinema HD Adapter","Cem, 2024-09-12: Nicht als Shop Artikel markieren nicht im VM, 004409 Ist ein anderer Artikel","","","","","","2","0","Stck","0.00","0.00","0.00","0.00","0.00","0.00","0.00","0.3 kg","","","","","","","","","","23.05.2024","nein","0.00","0.00","0.00","","Apple","11.2000","8.4000","3.0000","","","","","","","",""
"006521","W","Apple A1096 Cinema HD Adapter","","","","","","","2","0","Stck","0.00","0.00","0.00","0.00","0.00","0.00","0.00","0.3 kg","","","","","","","","","","24.05.2024","ja","0.00","0.00","0.00","","Apple","112","84","30","","","","","","","",""
"","","","","","","","","","","","","","0.00","","0.00","","","0.00","","","","","","","","","","","","","","","","","","","","","","","","","","","",""
"006399","W","Apple A1202 (Netzteil)","","","","","","","1","0","Stck","0.00","0.00","0.00","0.00","0.00","0.00","0.00","0.254 kg","","","","","","","","","","05.04.2024","ja","0.00","0.00","0.00","","Apple","102","46","23","","","","","","","",""
"","","","","","","","","","","","","","0.00","","0.00","","","0.00","","","","","","","","","","","","","","","","","","","","","","","","","","","",""
"004644","W","Apple A1243","","","","","","","9","0","Stck","0.00","0.00","20.00","180.00","0.00","0.00","0.00","0.8 kg","","","","10.02.2026","","","","","","15.03.2022","ja","0.00","0.00","0.00","","Apple","120","430","13","","","","","","","",""
"","","","","","","","","","","","","","0.00","","180.00","","","0.00","","","","","","","","","","","","","","","","","","","","","","","","","","","",""
"006434","W","Apple A1301","","","","","","","1","0","Stck","0.00","0.00","0.00","0.00","0.00","0.00","0.00","1.29 kg","","","","","","","","","","20.04.2024","ja","0.00","0.00","0.00","","Apple","164","164","31","","","","","","","",""
"","","","","","","","","","","","","","0.00","","0.00","","","0.00","","","","","","","","","","","","","","","","","","","","","","","","","","","",""
"006143","W","Apple ""A1354"" AirPort Extreme Base","","","","","","","3","0","Stck","0.00","0.00","0.00","0.00","0.00","0.00","0.00","1.067 kg","","","","","","","","","","01.12.2023","ja","0.00","0.00","0.00","","Apple","165","165","35","","","","","","","",""
"","","","","","","","","","","","","","0.00","","0.00","","","0.00","","","","","","","","","","","","","","","","","","","","","","","","","","","",""
"006273","W","Apple A1392","","","","","","","1","0","Stck","0.00","0.00","0.00","0.00","0.00","0.00","0.00","0.36 kg","","","","","","","","","","27.02.2024","ja","0.00","0.00","0.00","","Apple","100","100","20","","","","","","","",""
"","","","","","","","","","","","","","0.00","","0.00","","","0.00","","","","","","","","","","","","","","","","","","","","","","","","","","","",""
"K1129","W","Apple A1418","Maus, Tastatur und Ladekabel","","","","","","0","0","Stck","0.00","0.00","0.00","0.00","0.00","0.00","0.00","0 kg","","","","27.01.2025","","","","","","27.01.2025","nein","0.00","0.00","0.00","","","","","","","","","","","","",""
"K1129","W","Apple A1418","Maus, Tastatur und Ladekabel","","","","","","0","0","Stck","0.00","0.00","0.00","0.00","0.00","0.00","0.00","0 kg","","","","27.01.2025","","","","","","27.01.2025","nein","0.00","0.00","0.00","","","","","","","","","","","","",""
"","","","","","","","","","","","","","0.00","","0.00","","","0.00","","","","","","","","","","","","","","","","","","","","","","","","","","","",""
"K1001","W","Apple A1465","Apple A1465 SerienNr: C02R54Q9GFWM","Kundengerät","","","","","0","0","Stck","0.00","0.00","0.00","0.00","0.00","0.00","0.00","0 kg","","","","25.09.2023","C02R54Q9GFWM","","","","","25.09.2023","nein","0.00","0.00","0.00","Gori Robert","","","","","","","","","","","",""
"K1001","W","Apple A1465","Apple A1465 SerienNr: C02R54Q9GFWM","Kundengerät","","","","","0","0","Stck","0.00","0.00","0.00","0.00","0.00","0.00","0.00","0 kg","","","","26.09.2023","","","","","","25.09.2023","nein","0.00","0.00","0.00","Gori Robert","","","","","","","","","","","",""
"","","","","","","","","","","","","","0.00","","0.00","","","0.00","","","","","","","","","","","","","","","","","","","","","","","","","","","",""
"001723","W","Apple Airport Express Basisstation A1264","","","","","","","1","0","Stck","0.00","0.00","20.00","20.00","0.00","0.00","0.00","0.21 kg","","","","02.08.2018","","","","","","02.08.2018","ja","0.00","0.00","0.00","","Apple","110","30","95","","","","","","","",""
"","","","","","","","","","","","","","0.00","","20.00","","","0.00","","","","","","","","","","","","","","","","","","","","","","","","","","","",""
"000232","W","Apple AirPort Extreme a1034","","","","","","","0","0","Stck","0.00","0.00","50.00","0.00","0.00","0.00","0.00","1.2 kg","","","","","","","","","","06.11.2019","ja","0.00","0.00","0.00","","Apple","165","165","80","","","","","","","",""
"","","","","","","","","","","","","","0.00","","0.00","","","0.00","","","","","","","","","","","","","","","","","","","","","","","","","","","",""
"002924","W","Apple Cinema Display 20"" Aluminium","","","","","","","16","0","Stck","0.00","0.00","80.00","1'280.00","0.00","0.00","0.00","7 kg","","","","05.11.2024","","","","","","06.11.2019","ja","0.00","0.00","0.00","","Apple","470","200","410","","","","","","","",""
"","","","","","","","","","","","","","0.00","","1'280.00","","","0.00","","","","","","","","","","","","","","","","","","","","","","","","","","","",""
"001021","W","Apple Cinema Display 30-Inch (Aluminum)","","","","","","","0","0","Stck","0.00","0.00","350.00","0.00","0.00","0.00","0.00","14.5 kg","","","","14.06.2025","","","","","","26.08.2016","ja","0.00","0.00","0.00","","Apple","215","688","543","","","","","","","",""
"","","","","","","","","","","","","","0.00","","0.00","","","0.00","","","","","","","","","","","","","","","","","","","","","","","","","","","",""
"005440","W","Apple Cinema Display A1038, 20""","","","","","","","1","0","Stck","0.00","0.00","0.00","0.00","0.00","0.00","0.00","9 kg","","","","","","","","","","16.06.2023","ja","0.00","0.00","0.00","","Apple","100","560","450","","","","","","","",""
"","","","","","","","","","","","","","0.00","","0.00","","","0.00","","","","","","","","","","","","","","","","","","","","","","","","","","","",""
"005442","W","Apple Cinema Display HD M8536, 23""","","","","","","","2","0","Stck","0.00","0.00","0.00","0.00","0.00","0.00","0.00","13 kg","","","","","","","","","","16.06.2023","ja","0.00","0.00","0.00","","Apple","0","0","0","","","","","","","",""
"","","","","","","","","","","","","","0.00","","0.00","","","0.00","","","","","","","","","","","","","","","","","","","","","","","","","","","",""
"000806","W","Apple Cinema HD Display","","","","","","","0","0","Stck","0.00","0.00","30.00","0.00","0.00","0.00","0.00","11 kg","","","","11.12.2018","","","","","","30.01.2014","ja","0.00","0.00","0.00","","Apple","185","450","536","","","","","","","",""
"000806","W","Apple Cinema HD Display","","","","","","","0","0","Stck","0.00","0.00","80.00","0.00","0.00","0.00","0.00","11 kg","","","","29.03.2019","2A7310EZXMN","","","","","30.01.2014","ja","0.00","0.00","0.00","","Apple","185","450","536","","","","","","","",""
"","","","","","","","","","","","","","0.00","","0.00","","","0.00","","","","","","","","","","","","","","","","","","","","","","","","","","","",""
"000324","W","Apple Cinema HD Display 23""","","","","","","","0","0","Stck","0.00","0.00","280.00","0.00","0.00","0.00","0.00","12.5 kg","","","","05.07.2012","","","","","","05.07.2012","ja","0.00","0.00","0.00","","Apple","614","187","488","","","","","","","",""
"000324","W","Apple Cinema HD Display 23""","","","","","","","0","0","Stck","0.00","0.00","280.00","0.00","0.00","0.00","0.00","12.5 kg","","","","17.07.2012","","","","","","05.07.2012","ja","0.00","0.00","0.00","","Apple","614","187","488","","","","","","","",""
"000324","W","Apple Cinema HD Display 23""","","","","","","","0","0","Stck","0.00","0.00","200.00","0.00","0.00","0.00","0.00","12.5 kg","","","","07.11.2013","","","","","","05.07.2012","ja","0.00","0.00","0.00","","Apple","614","187","488","","","","","","","",""
"","","","","","","","","","","","","","0.00","","0.00","","","0.00","","","","","","","","","","","","","","","","","","","","","","","","","","","",""
"k0702","W","Apple Computer","","Kundengerät","","","","","0","0","Stck","0.00","0.00","0.00","0.00","0.00","0.00","0.00","0 kg","","","","25.10.2019","","","","","","25.10.2019","nein","0.00","0.00","0.00","","","","","","","","","","","","",""
"","","","","","","","","","","","","","0.00","","0.00","","","0.00","","","","","","","","","","","","","","","","","","","","","","","","","","","",""
"006223","W","Apple D54250WYKH","","","","","","","1","0","Stck","0.00","0.00","0.00","0.00","0.00","0.00","0.00","0.7 kg","","","","","","","","","","07.02.2024","ja","0.00","0.00","0.00","","Apple","115","110","50","","","","","","","",""
"","","","","","","","","","","","","","0.00","","0.00","","","0.00","","","","","","","","","","","","","","","","","","","","","","","","","","","",""
"004000","W","Apple Desktop Bus Mouse","","","","","","","11","0","Stck","0.00","0.00","30.00","330.00","0.00","0.00","0.00","0.2 kg","","","","20.11.2020","","","","","","20.11.2020","ja","0.00","0.00","0.00","","Apple","110","52","30","","","","","","","",""
"004000","W","Apple Desktop Bus Mouse","","","","","","","11","0","Stck","0.00","0.00","30.00","330.00","0.00","0.00","0.00","0.2 kg","","","","02.07.2021","","","","","","20.11.2020","ja","0.00","0.00","0.00","","Apple","110","52","30","","","","","","","",""
"004000","W","Apple Desktop Bus Mouse","","","","","","","11","0","Stck","0.00","0.00","30.00","330.00","0.00","0.00","0.00","0.2 kg","","","","07.10.2021","","","","","","20.11.2020","ja","0.00","0.00","0.00","","Apple","110","52","30","","","","","","","",""
"004000","W","Apple Desktop Bus Mouse","","","","","","","11","0","Stck","0.00","0.00","30.01","330.11","0.00","0.00","0.00","0.2 kg","","","","23.01.2022","","","","","","20.11.2020","ja","0.00","0.00","0.00","","Apple","110","52","30","","","","","","","",""
"004000","W","Apple Desktop Bus Mouse","","","","","","","11","0","Stck","0.00","0.00","30.00","330.00","0.00","0.00","0.00","0.2 kg","","","","22.10.2022","","","","","","20.11.2020","ja","0.00","0.00","0.00","","Apple","110","52","30","","","","","","","",""
"004000","W","Apple Desktop Bus Mouse","","","","","","","11","0","Stck","0.00","0.00","30.00","330.00","0.00","0.00","0.00","0.2 kg","","","","18.11.2022","","","","","","20.11.2020","ja","0.00","0.00","0.00","","Apple","110","52","30","","","","","","","",""
"004000","W","Apple Desktop Bus Mouse","","","","","","","11","0","Stck","0.00","0.00","30.00","330.00","0.00","0.00","0.00","0.2 kg","","","","05.03.2023","","","","","","20.11.2020","ja","0.00","0.00","0.00","","Apple","110","52","30","","","","","","","",""
"004000","W","Apple Desktop Bus Mouse","","","","","","","11","0","Stck","0.00","0.00","30.00","330.00","0.00","0.00","0.00","0.2 kg","","","","18.10.2023","","","","","","20.11.2020","ja","0.00","0.00","0.00","","Apple","110","52","30","","","","","","","",""
"004000","W","Apple Desktop Bus Mouse","","","","","","","11","0","Stck","0.00","0.00","30.00","330.00","0.00","0.00","0.00","0.2 kg","","","","02.11.2025","","","","","","20.11.2020","ja","0.00","0.00","0.00","","Apple","110","52","30","","","","","","","",""
"","","","","","","","","","","","","","0.00","","2'970.11","","","0.00","","","","","","","","","","","","","","","","","","","","","","","","","","","",""
"001393","W","Apple Desktop Bus Mouse II","","","","","","","0","0","Stck","10.00","0.00","10.00","0.00","0.00","0.00","0.00","0.11 kg","","","","26.02.2016","","","","","","26.02.2016","ja","0.00","0.00","0.00","","Apple","106","61","32","","","","","","","",""
"001393","W","Apple Desktop Bus Mouse II","","","","","","","0","0","Stck","10.00","0.00","10.00","0.00","0.00","0.00","0.00","0.11 kg","","","","28.05.2017","","","","","","26.02.2016","ja","0.00","0.00","0.00","","Apple","106","61","32","","","","","","","",""
"001393","W","Apple Desktop Bus Mouse II","","","","","","","0","0","Stck","10.00","0.00","20.00","0.00","0.00","0.00","0.00","0.11 kg","","","","18.03.2019","","","","","","26.02.2016","ja","0.00","0.00","0.00","","Apple","106","61","32","","","","","","","",""
"001393","W","Apple Desktop Bus Mouse II","","","","","","","0","0","Stck","10.00","0.00","10.00","0.00","0.00","0.00","0.00","0.11 kg","","","","03.12.2020","","","","","","26.02.2016","ja","0.00","0.00","0.00","","Apple","106","61","32","","","","","","","",""
"","","","","","","","","","","","","","0.00","","0.00","","","0.00","","","","","","","","","","","","","","","","","","","","","","","","","","","",""
"006183","W","Apple DVI to ADC Adapter","","","","","","","0","0","Stck","0.00","0.00","50.00","0.00","0.00","0.00","0.00","1.2 kg","","","","09.01.2024","","","","","","09.01.2024","ja","0.00","0.00","0.00","","Apple","130","130","40","","","","","","","",""
"006183","W","Apple DVI to ADC Adapter","","","","","","","0","0","Stck","0.00","0.00","50.00","0.00","0.00","0.00","0.00","1.2 kg","","","","09.12.2024","","","","","","09.01.2024","ja","0.00","0.00","0.00","","Apple","130","130","40","","","","","","","",""
"","","","","","","","","","","","","","0.00","","0.00","","","0.00","","","","","","","","","","","","","","","","","","","","","","","","","","","",""
"003569","W","Apple eMac","","","","","","","0","0","Stck","0.00","0.00","0.00","0.00","0.00","0.00","0.00","24.8 kg","","","","11.09.2023","","","","","","06.11.2019","ja","0.00","0.00","0.00","","Apple","400","400","430","","","","","","","",""
"","","","","","","","","","","","","","0.00","","0.00","","","0.00","","","","","","","","","","","","","","","","","","","","","","","","","","","",""
"005028","W","Apple Ethernet Thin Coax Transceiver Modell Nr. m0329","","","","","","","2","0","Stck","0.00","0.00","0.00","0.00","0.00","0.00","0.00","0.5 kg","","","","","","","","","","13.09.2022","ja","0.00","0.00","0.00","","Apple","120","50","30","","","","","","","",""
"","","","","","","","","","","","","","0.00","","0.00","","","0.00","","","","","","","","","","","","","","","","","","","","","","","","","","","",""
"005029","W","Apple Ethernet Twisted-Pair Transceiver","","","","","","","1","0","Stck","0.00","0.00","20.00","20.00","0.00","0.00","0.00","0.7 kg","","","","","","","","","","13.09.2022","ja","0.00","0.00","0.00","","Apple","100","40","30","","","","","","","",""
"","","","","","","","","","","","","","0.00","","20.00","","","0.00","","","","","","","","","","","","","","","","","","","","","","","","","","","",""
"001466","W","Apple Graphite Airport Base Station (M5757)","","","","","","","0","0","Stck","0.00","0.00","40.00","0.00","0.00","0.00","0.00","0.56 kg","","","","","","","","","","06.11.2019","ja","0.00","0.00","0.00","","Apple","175","175","80","","","","","","","",""
"","","","","","","","","","","","","","0.00","","0.00","","","0.00","","","","","","","","","","","","","","","","","","","","","","","","","","","",""
"006138","W","Apple Hard Disk 40SC E478J5","","","","","","","1","0","Stck","0.00","0.00","0.00","0.00","0.00","0.00","0.00","0.503 kg","","","","","","","","","","30.11.2023","ja","0.00","0.00","0.00","","Apple","0","0","0","","","","","","","",""
"","","","","","","","","","","","","","0.00","","0.00","","","0.00","","","","","","","","","","","","","","","","","","","","","","","","","","","",""
"000804","W","Apple iBook G4","Apple iBook G4 Linux muss noch installiert werden...","","","","","","0","0","Stck","0.00","0.00","120.00","0.00","0.00","0.00","0.00","0.0027 kg","","","","25.01.2019","","","","","","30.01.2014","ja","0.00","0.00","0.00","","Apple","323","259","34","","","","","","","",""
"","","","","","","","","","","","","","0.00","","0.00","","","0.00","","","","","","","","","","","","","","","","","","","","","","","","","","","",""
"K0359","W","Apple iBook G4 inkl. Netzteil","","Kundengerät","","","","","0","0","Stck","0.00","0.00","0.00","0.00","0.00","0.00","0.00","0 kg","","","","28.03.2017","","","","","","28.03.2017","nein","0.00","0.00","0.00","Joerg Roland","","","","","","","","","","","",""
"","","","","","","","","","","","","","0.00","","0.00","","","0.00","","","","","","","","","","","","","","","","","","","","","","","","","","","",""
"K0540","W","Apple IMAC","","","","","","","0","0","Stck","0.00","0.00","0.00","0.00","0.00","0.00","0.00","0 kg","","","","28.09.2018","","","","","","28.09.2018","nein","0.00","0.00","0.00","","","","","","","","","","","","",""
"","","","","","","","","","","","","","0.00","","0.00","","","0.00","","","","","","","","","","","","","","","","","","","","","","","","","","","",""
"001153","W","Apple iMac 17"" G4 M6498 mit Lubuntu","Tischlampen-Mac. CD-Laufwerk funktioniert anscheinend nicht. Benutzername und Passwort fehlen im übrigen auch.","","","","","","0","0","Stck","100.00","0.00","50.00","0.00","0.00","0.00","0.00","12 kg","","","","27.11.2015","","","","","","27.11.2015","ja","0.00","0.00","0.00","","Apple","0","0","0","","","","","","","",""
"","","","","","","","","","","","","","0.00","","0.00","","","0.00","","","","","","","","","","","","","","","","","","","","","","","","","","","",""
"001230","W","Apple iMac 17″ MA590LL (Late 2006)","","","","","","","0","0","Stck","0.00","0.00","280.00","0.00","0.00","0.00","0.00","7 kg","","","","12.01.2016","","","","","","12.01.2016","ja","0.00","0.00","0.00","","Apple","173","426","430","","","","","","","",""
"001230","W","Apple iMac 17″ MA590LL (Late 2006)","","","","","","","0","0","Stck","0.00","0.00","280.00","0.00","0.00","0.00","0.00","7 kg","","","","15.01.2016","","","","","","12.01.2016","ja","0.00","0.00","0.00","","Apple","173","426","430","","","","","","","",""
"001230","W","Apple iMac 17″ MA590LL (Late 2006)","","","","","","","0","0","Stck","0.00","0.00","280.00","0.00","0.00","0.00","0.00","7 kg","","","","18.01.2017","","","","","","12.01.2016","ja","0.00","0.00","0.00","","Apple","173","426","430","","","","","","","",""
"001230","W","Apple iMac 17″ MA590LL (Late 2006)","","","","","","","0","0","Stck","0.00","0.00","150.00","0.00","0.00","0.00","0.00","7 kg","","","","25.01.2018","","","","","","12.01.2016","ja","0.00","0.00","0.00","","Apple","173","426","430","","","","","","","",""
"001230","W","Apple iMac 17″ MA590LL (Late 2006)","","","","","","","0","0","Stck","0.00","0.00","280.00","0.00","0.00","0.00","0.00","7 kg","","","","12.07.2019","","","","","","12.01.2016","ja","0.00","0.00","0.00","","Apple","173","426","430","","","","","","","",""
"001230","W","Apple iMac 17″ MA590LL (Late 2006)","","","","","","","0","0","Stck","0.00","0.00","75.00","0.00","0.00","0.00","0.00","7 kg","","","","04.12.2019","","","","","","12.01.2016","ja","0.00","0.00","0.00","","Apple","173","426","430","","","","","","","",""
"","","","","","","","","","","","","","0.00","","0.00","","","0.00","","","","","","","","","","","","","","","","","","","","","","","","","","","",""
"K0312","W","Apple imac 2010","","Kundengerät","","","","","0","0","Stck","0.00","0.00","0.00","0.00","0.00","0.00","0.00","0 kg","","","","20.12.2016","","","","","","20.12.2016","nein","0.00","0.00","0.00","Mahdavi Mehran","","","","","","","","","","","",""
"K0312","W","Apple imac 2010","","Kundengerät","","","","","0","0","Stck","0.00","0.00","0.00","0.00","0.00","0.00","0.00","0 kg","","","","08.02.2017","","","","","","20.12.2016","nein","0.00","0.00","0.00","Mahdavi Mehran","","","","","","","","","","","",""
"","","","","","","","","","","","","","0.00","","0.00","","","0.00","","","","","","","","","","","","","","","","","","","","","","","","","","","",""
"004532","W","Apple iMac 2118, 2006","","","","","","","1","0","Stck","0.00","0.00","0.00","0.00","0.00","0.00","0.00","0 kg","","","","","","","","","","15.03.2022","ja","0.00","0.00","0.00","","Apple","0","0","0","","","","","","","",""
"","","","","","","","","","","","","","0.00","","0.00","","","0.00","","","","","","","","","","","","","","","","","","","","","","","","","","","",""
"006034","W","Apple iMac 21.5"", A1418 Late 2015 (EMC 2889)","","","","","","","1","0","Stck","0.00","0.00","200.00","200.00","0.00","0.00","0.00","7 kg","","","","","","","","","","21.10.2023","ja","0.00","0.00","0.00","","Apple","175","530","450","","","","","","","",""
"","","","","","","","","","","","","","0.00","","200.00","","","0.00","","","","","","","","","","","","","","","","","","","","","","","","","","","",""
"K0982","W","Apple imac 21"" A1311 EMC 2428","","Kundengerät","","","","","0","0","Stck","0.00","0.00","0.00","0.00","0.00","0.00","0.00","0 kg","","","","14.07.2023","","","","","","14.07.2023","nein","0.00","0.00","0.00","","","","","","","","","","","","",""
"K0982","W","Apple imac 21"" A1311 EMC 2428","","Kundengerät","","","","","0","0","Stck","0.00","0.00","0.00","0.00","0.00","0.00","0.00","0 kg","","","","14.07.2023","CO2GKAHWDHJF","","","","","14.07.2023","nein","0.00","0.00","0.00","","","","","","","","","","","","",""
"","","","","","","","","","","","","","0.00","","0.00","","","0.00","","","","","","","","","","","","","","","","","","","","","","","","","","","",""
"003407","W","Apple iMac 4,1 20″","","","","","","","0","0","Stck","10.00","0.00","150.00","0.00","0.00","0.00","0.00","11 kg","","","","18.12.2017","","","","","","12.11.2012","ja","0.00","0.00","0.00","","Apple","493","472","472","","","","","","","",""
"","","","","","","","","","","","","","0.00","","0.00","","","0.00","","","","","","","","","","","","","","","","","","","","","","","","","","","",""
"003075","W","Apple iMac 6,1 24"" Core 2 Duo 2.16","","","","","","","0","0","Stck","0.00","0.00","180.00","0.00","0.00","0.00","0.00","13 kg","","","","","","","","","","06.11.2019","ja","0.00","0.00","0.00","","Apple","190","580","520","","","","","","","",""
"","","","","","","","","","","","","","0.00","","0.00","","","0.00","","","","","","","","","","","","","","","","","","","","","","","","","","","",""
"001005","W","Apple iMac A1224 20 Zoll (Early 2008)","","","","","","","1","0","Stck","0.00","0.00","180.00","180.00","0.00","0.00","0.00","11 kg","","","","","","","","","","06.11.2019","ja","0.00","0.00","0.00","","Apple","189","485","469","","","","","","","",""
"","","","","","","","","","","","","","0.00","","180.00","","","0.00","","","","","","","","","","","","","","","","","","","","","","","","","","","",""
"001496","W","Apple iMac A1224 20 Zoll (Mid 2007)","","","","","","","4","0","Stck","0.00","0.00","170.00","680.00","0.00","0.00","0.00","11 kg","","","","","","","","","","26.08.2016","ja","0.00","0.00","0.00","","Apple","188","485","470","","","","","","","",""
"","","","","","","","","","","","","","0.00","","680.00","","","0.00","","","","","","","","","","","","","","","","","","","","","","","","","","","",""
"K0829","W","Apple iMac A1311","Apple iMac A1311 S/NC02HCYXFDHJF Tastatur","","","","","","0","0","Stck","0.00","0.00","0.00","0.00","0.00","0.00","0.00","0 kg","","","","","","","","","","03.11.2021","nein","0.00","0.00","0.00","","","","","","","","","","","","",""
"","","","","","","","","","","","","","0.00","","0.00","","","0.00","","","","","","","","","","","","","","","","","","","","","","","","","","","",""
"005246","W","Apple Imac A1311 EMC 2308 Late 2009, 21.5""","","","","","","","1","0","Stck","0.00","0.00","0.00","0.00","0.00","0.00","0.00","11 kg","","","","","","","","","","15.02.2023","ja","0.00","0.00","0.00","","Apple","190","530","450","","","","","","","",""
"","","","","","","","","","","","","","0.00","","0.00","","","0.00","","","","","","","","","","","","","","","","","","","","","","","","","","","",""
"001003","W","Apple iMac Core 2 Duo 2.4 GHz, 24 Zoll (Mid 2007)","","","","","","","2","0","Stck","0.00","0.00","190.00","380.00","0.00","0.00","0.00","12 kg","","","","","","","","","","26.06.2015","ja","0.00","0.00","0.00","","Apple","210","570","520","","","","","","","",""
"","","","","","","","","","","","","","0.00","","380.00","","","0.00","","","","","","","","","","","","","","","","","","","","","","","","","","","",""
"003820","W","Apple iMac Core 2 Duo 3.06 24 Zoll (Early 2008)","","","","","","","0","0","Stck","0.00","0.00","200.00","0.00","0.00","0.00","0.00","13.5 kg","","","","","","","","","","06.11.2019","ja","0.00","0.00","0.00","","Apple","210","570","520","","","","","","","",""
"","","","","","","","","","","","","","0.00","","0.00","","","0.00","","","","","","","","","","","","","","","","","","","","","","","","","","","",""
"005160","W","Apple iMac ""Core i3"" 3.06 21.5"" (Mid-2010)","","","","","","","0","0","Stck","0.00","0.00","0.00","0.00","0.00","0.00","0.00","11.3 kg","","","","","","","","","","23.12.2022","ja","0.00","0.00","0.00","","Apple","19.0000","53.0000","45.3000","","","","","","","",""
"","","","","","","","","","","","","","0.00","","0.00","","","0.00","","","","","","","","","","","","","","","","","","","","","","","","","","","",""
"004067","W","Apple iMac Core i3 3.06 GHz, 21.5 Zoll (Mid 2010)","","","","","","","1","0","Stck","0.00","0.00","230.00","230.00","0.00","0.00","0.00","11 kg","","","","06.03.2023","W80440RMHJV","","","","","13.04.2021","ja","0.00","0.00","0.00","","Apple","190","530","450","","","","","","","",""
"","","","","","","","","","","","","","0.00","","230.00","","","0.00","","","","","","","","","","","","","","","","","","","","","","","","","","","",""
"8002","W","Apple iMac ""Core i5"" 21.5"" (Late 2013)","","","","","","","10","0","Stck","0.00","0.00","0.00","0.00","0.00","0.00","0.00","7.5 kg","","","","22.07.2025","","","","","","24.07.2025","ja","0.00","0.00","0.00","","Apple","175","528","450","","All-in-One Computer Core i5 4570R, 8 GB Ram, 1 TB HDD, ohne Tastatur und Maus","","Computer_und_Komplettsysteme","yes","Komplettsysteme","Computer_und_Komplettsysteme","MAC"
"8002","W","Apple iMac ""Core i5"" 21.5"" (Late 2013)","","","","","","","10","0","Stck","0.00","0.00","0.00","0.00","0.00","0.00","0.00","7.5 kg","","","","24.07.2025","","","","","","24.07.2025","ja","0.00","0.00","0.00","","Apple","175","528","450","","All-in-One Computer Core i5 4570R, 8 GB Ram, 1 TB HDD, ohne Tastatur und Maus","","Computer_und_Komplettsysteme","yes","Komplettsysteme","Computer_und_Komplettsysteme","MAC"
"","","","","","","","","","","","","","0.00","","0.00","","","0.00","","","","","","","","","","","","","","","","","","","","","","","","","","","",""
"005245","W","Apple iMac ""Core i5"" 2.5 21.5"" (Mid-2011)","","","","","","","0","0","Stck","0.00","0.00","350.00","0.00","0.00","0.00","0.00","11 kg","","","","16.03.2023","","","","","","15.02.2023","ja","0.00","0.00","0.00","","Apple","190","530","450","","","","","","","",""
"005245","W","Apple iMac ""Core i5"" 2.5 21.5"" (Mid-2011)","","","","","","","0","0","Stck","0.00","0.00","350.00","0.00","0.00","0.00","0.00","11 kg","","","","24.03.2023","","","","","","15.02.2023","ja","0.00","0.00","0.00","","Apple","190","530","450","","","","","","","",""
"","","","","","","","","","","","","","0.00","","0.00","","","0.00","","","","","","","","","","","","","","","","","","","","","","","","","","","",""
"003822","W","Apple iMac Core i5 2.5 GHz, 21.5 Zoll (Mid-2011)","","","","","","","1","0","Stck","0.00","0.00","320.00","320.00","0.00","0.00","0.00","11 kg","","","","","","","","","","06.11.2019","ja","0.00","0.00","0.00","","Apple","190","530","450","","","","","","","",""
"","","","","","","","","","","","","","0.00","","320.00","","","0.00","","","","","","","","","","","","","","","","","","","","","","","","","","","",""
"003773","W","Apple iMac Core i5 2.66 27 Zoll (Late 2009)","","","","","","","2","0","Stck","650.00","1'300.00","650.00","1'300.00","0.00","0.00","0.00","16 kg","","","","11.09.2019","","","","","","11.09.2019","ja","0.00","0.00","0.00","","Apple","650","203","516","","","","","","","",""
"003773","W","Apple iMac Core i5 2.66 27 Zoll (Late 2009)","","","","","","","2","0","Stck","650.00","1'300.00","325.00","650.00","0.00","0.00","0.00","16 kg","","","","17.09.2019","","","","","","11.09.2019","ja","0.00","0.00","0.00","","Apple","650","203","516","","","","","","","",""
"003773","W","Apple iMac Core i5 2.66 27 Zoll (Late 2009)","","","","","","","2","0","Stck","650.00","1'300.00","325.00","650.00","0.00","0.00","0.00","16 kg","","","","03.10.2019","","","","","","11.09.2019","ja","0.00","0.00","0.00","","Apple","650","203","516","","","","","","","",""
"003773","W","Apple iMac Core i5 2.66 27 Zoll (Late 2009)","","","","","","","2","0","Stck","650.00","1'300.00","250.00","500.00","0.00","0.00","0.00","16 kg","","","","16.04.2021","VM0228YD5RU","","","","","11.09.2019","ja","0.00","0.00","0.00","","Apple","650","203","516","","","","","","","",""
"003773","W","Apple iMac Core i5 2.66 27 Zoll (Late 2009)","","","","","","","2","0","Stck","650.00","1'300.00","250.00","500.00","0.00","0.00","0.00","16 kg","","","","11.10.2021","","","","","","11.09.2019","ja","0.00","0.00","0.00","","Apple","650","203","516","","","","","","","",""
"","","","","","","","","","","","","","6'500.00","","3'600.00","","","0.00","","","","","","","","","","","","","","","","","","","","","","","","","","","",""
"003773","W","Apple iMac Core i5 2.66 27 Zoll (Late 2009), Display oben beschädigt Spezialpreis","","","","","","","2","0","Stck","650.00","1'300.00","160.00","320.00","0.00","0.00","0.00","16 kg","","","","31.08.2020","W89452GBSRU","","","","","11.09.2019","ja","0.00","0.00","0.00","","Apple","650","203","516","","","","","","","",""
"003773","W","Apple iMac Core i5 2.66 27 Zoll (Late 2009), Display oben beschädigt Spezialpreis","","","","","","","2","0","Stck","650.00","1'300.00","160.00","320.00","0.00","0.00","0.00","16 kg","","","","22.01.2021","W89452GBSRU","","","","","11.09.2019","ja","0.00","0.00","0.00","","Apple","650","203","516","","","","","","","",""
"","","","","","","","","","","","","","2'600.00","","640.00","","","0.00","","","","","","","","","","","","","","","","","","","","","","","","","","","",""
"004065","W","Apple iMac Core i5 2.8 27 Zoll (Mid-2010)","","","","","","","3","0","Stck","0.00","0.00","300.00","900.00","0.00","0.00","0.00","16 kg","","","","11.10.2021","","","","","","11.04.2021","ja","0.00","0.00","0.00","","Apple","650","203","516","","","","","","","",""
"","","","","","","","","","","","","","0.00","","900.00","","","0.00","","","","","","","","","","","","","","","","","","","","","","","","","","","",""
"004039","W","Apple iMac Core i5 3.1 GHz, 27 Zoll (Mid-2011)","","","","","","","1","0","Stck","0.00","0.00","400.00","400.00","0.00","0.00","0.00","16 kg","","","","","","","","","","22.03.2021","ja","0.00","0.00","0.00","","Apple","210","650","520","","","","","","","",""
"","","","","","","","","","","","","","0.00","","400.00","","","0.00","","","","","","","","","","","","","","","","","","","","","","","","","","","",""
"004066","W","Apple iMac Core i7 2.8 27 Zoll (Late 2009)","","","","","","","2","0","Stck","0.00","0.00","300.00","600.00","0.00","0.00","0.00","16 kg","","","","","","","","","","11.04.2021","ja","0.00","0.00","0.00","","Apple","203","650","516","","","","","","","",""
"","","","","","","","","","","","","","0.00","","600.00","","","0.00","","","","","","","","","","","","","","","","","","","","","","","","","","","",""
"004108","W","Apple iMac Core i7 2.93 27 Zoll (Mid-2010)","","","","","","","1","0","Stck","0.00","0.00","350.00","350.00","0.00","0.00","0.00","16 kg","","","","11.10.2021","","","","","","19.05.2021","ja","0.00","0.00","0.00","","Apple","203","650","516","","","","","","","",""
"","","","","","","","","","","","","","0.00","","350.00","","","0.00","","","","","","","","","","","","","","","","","","","","","","","","","","","",""
"004108","W","Apple iMac Core i7 2.93 27 Zoll (Mid-2010) 16 GB Ram","","","","","","","1","0","Stck","0.00","0.00","370.00","370.00","0.00","0.00","0.00","16 kg","","","","04.11.2021","CK0401L4DNR","","","","","19.05.2021","ja","0.00","0.00","0.00","","Apple","203","650","516","","","","","","","",""
"","","","","","","","","","","","","","0.00","","370.00","","","0.00","","","","","","","","","","","","","","","","","","","","","","","","","","","",""
"004108","W","Apple iMac Core i7 2.93 GHz, 27 Zoll (Mid-2010)","","","","","","","1","0","Stck","0.00","0.00","350.00","350.00","0.00","0.00","0.00","16 kg","","","","10.02.2023","CK0401L4DNR","","","","","19.05.2021","ja","0.00","0.00","0.00","","Apple","203","650","516","","","","","","","",""
"004108","W","Apple iMac Core i7 2.93 GHz, 27 Zoll (Mid-2010)","","","","","","","1","0","Stck","0.00","0.00","350.00","350.00","0.00","0.00","0.00","16 kg","","","","13.02.2023","CK0401L4DNR","","","","","19.05.2021","ja","0.00","0.00","0.00","","Apple","203","650","516","","","","","","","",""
"","","","","","","","","","","","","","0.00","","700.00","","","0.00","","","","","","","","","","","","","","","","","","","","","","","","","","","",""
"005188","W","Apple iMac ""Core i7"" 3.4 27"" (Mid-2011)","","","","","","","0","0","Stck","0.00","0.00","450.00","0.00","0.00","0.00","0.00","16 kg","","","","02.09.2023","","","","","","07.01.2023","ja","0.00","0.00","0.00","","Apple","650","203","516","","","","","","","",""
"","","","","","","","","","","","","","0.00","","0.00","","","0.00","","","","","","","","","","","","","","","","","","","","","","","","","","","",""
"001064","W","Apple iMac G3","","","","","","","0","0","Stck","0.00","0.00","0.00","0.00","0.00","0.00","0.00","0 kg","","","","","","","","","","27.10.2015","ja","0.00","0.00","0.00","","Apple","0","0","0","","","","","","","",""
"","","","","","","","","","","","","","0.00","","0.00","","","0.00","","","","","","","","","","","","","","","","","","","","","","","","","","","",""
"002602","W","Apple iMac G3/350 Summer 2000 indigo","","","","","","","0","0","Stck","0.00","0.00","150.00","0.00","0.00","0.00","0.00","15 kg","","","","","","","","","","06.11.2019","ja","0.00","0.00","0.00","","Apple","0","0","0","","","","","","","",""
"","","","","","","","","","","","","","0.00","","0.00","","","0.00","","","","","","","","","","","","","","","","","","","","","","","","","","","",""
"001451","W","Apple iMac G4/700","","","","","","","0","0","Stck","0.00","0.00","120.00","0.00","0.00","0.00","0.00","11 kg","","","","","","","","","","06.11.2019","ja","0.00","0.00","0.00","","Apple","285","384","500","","","","","","","",""
"","","","","","","","","","","","","","0.00","","0.00","","","0.00","","","","","","","","","","","","","","","","","","","","","","","","","","","",""
"002575","W","Apple iMac G4/800","","","","","","","0","0","Stck","0.00","0.00","60.00","0.00","0.00","0.00","0.00","11 kg","","","","30.06.2023","","","","","","06.11.2019","ja","0.00","0.00","0.00","","Apple","285","384","500","","","","","","","",""
"002575","W","Apple iMac G4/800","","","","","","","0","0","Stck","0.00","0.00","120.00","0.00","0.00","0.00","0.00","11 kg","","","","05.12.2023","","","","","","06.11.2019","ja","0.00","0.00","0.00","","Apple","285","384","500","","","","","","","",""
"002575","W","Apple iMac G4/800","","","","","","","0","0","Stck","0.00","0.00","120.00","0.00","0.00","0.00","0.00","11 kg","","","","28.04.2024","","","","","","06.11.2019","ja","0.00","0.00","0.00","","Apple","285","384","500","","","","","","","",""
"","","","","","","","","","","","","","0.00","","0.00","","","0.00","","","","","","","","","","","","","","","","","","","","","","","","","","","",""
"006040","W","Apple iMac G4/800 17""","","","","","","","1","0","Stck","0.00","0.00","150.00","150.00","0.00","0.00","0.00","15 kg","","","","11.11.2024","","","","","","24.10.2023","ja","0.00","0.00","0.00","","Apple","450","310","0","","","","","","","",""
"","","","","","","","","","","","","","0.00","","150.00","","","0.00","","","","","","","","","","","","","","","","","","","","","","","","","","","",""
"001748","W","Apple iMac G5/1.8 17-Inch","","","","","","","0","0","Stck","0.00","0.00","100.00","0.00","0.00","0.00","0.00","11.4 kg","","","","","","","","","","06.11.2019","ja","0.00","0.00","0.00","","Apple","189","493","472","","","","","","","",""
"","","","","","","","","","","","","","0.00","","0.00","","","0.00","","","","","","","","","","","","","","","","","","","","","","","","","","","",""
"000355","W","Apple iMac G5/1.8 17-Inch ALS","","","","","","","0","0","Stck","0.00","0.00","120.00","0.00","0.00","0.00","0.00","11.4 kg","","","","","","","","","","06.11.2019","ja","0.00","0.00","0.00","","Apple","493","189","472","","","","","","","",""
"","","","","","","","","","","","","","0.00","","0.00","","","0.00","","","","","","","","","","","","","","","","","","","","","","","","","","","",""
"005317","W","Apple iPad 4 (A1458)","","","","","","","1","0","Stck","0.00","0.00","0.00","0.00","0.00","0.00","0.00","0.7 kg","","","","","","","","","","06.04.2023","ja","0.00","0.00","0.00","","Apple","241","185","10","","","","","","","",""
"","","","","","","","","","","","","","0.00","","0.00","","","0.00","","","","","","","","","","","","","","","","","","","","","","","","","","","",""
"004485","W","Apple ipad A1219, 2010","","","","","","","1","0","Stck","0.00","0.00","0.00","0.00","0.00","0.00","0.00","0 kg","","","","","","","","","","15.03.2022","ja","0.00","0.00","0.00","","Apple","240","190","15","","","","","","","",""
"","","","","","","","","","","","","","0.00","","0.00","","","0.00","","","","","","","","","","","","","","","","","","","","","","","","","","","",""
"17013","W","Apple Ipad Smart Case","","","","","","","11","0","Stck","0.00","0.00","0.00","0.00","0.00","0.00","0.00","0.2 kg","","","","","","","","","","02.10.2025","ja","0.00","0.00","0.00","","Apple","255","190","10","","MaterialgruppeKunststoffMaterialPolyurethanTablet Hülle EigenschaftenHüllentypBookcoverPassende MarkeApplePassendes ModelliPad 2019 (7. Gen), iPad 2020 (8. Gen), iPad 2021 (9. Gen), iPad Air 2019 (3. Gen), iPad Pro 10.5FunktionsumfangStandfunktionVerschlussMagnetverschluss","","Non_IT","yes","#REF!","",""
"","","","","","","","","","","","","","0.00","","0.00","","","0.00","","","","","","","","","","","","","","","","","","","","","","","","","","","",""
"000977","W","Apple iPod classic (dock connector)","","","","","","","0","0","Stck","0.00","0.00","0.00","0.00","0.00","0.00","0.00","0.86 kg","","","","","","","","","","06.11.2019","ja","0.00","0.00","0.00","","Apple","105","63","19","","","","","","","",""
"","","","","","","","","","","","","","0.00","","0.00","","","0.00","","","","","","","","","","","","","","","","","","","","","","","","","","","",""
"003532","W","Apple Keyboard II M0487","","","","","","","0","0","Stck","0.00","0.00","10.00","0.00","0.00","0.00","0.00","1.2 kg","","","","03.12.2020","","","","","","03.12.2020","ja","0.00","0.00","0.00","","Apple","150","400","35","","","","","","","",""
"003532","W","Apple Keyboard II M0487","","","","","","","0","0","Stck","0.00","0.00","30.00","0.00","0.00","0.00","0.00","1.2 kg","","","","20.04.2021","","","","","","03.12.2020","ja","0.00","0.00","0.00","","Apple","150","400","35","","","","","","","",""
"003532","W","Apple Keyboard II M0487","","","","","","","0","0","Stck","0.00","0.00","30.00","0.00","0.00","0.00","0.00","1.2 kg","","","","02.07.2021","","","","","","03.12.2020","ja","0.00","0.00","0.00","","Apple","150","400","35","","","","","","","",""
"003532","W","Apple Keyboard II M0487","","","","","","","0","0","Stck","0.00","0.00","30.01","0.00","0.00","0.00","0.00","1.2 kg","","","","23.01.2022","","","","","","03.12.2020","ja","0.00","0.00","0.00","","Apple","150","400","35","","","","","","","",""
"003532","W","Apple Keyboard II M0487","","","","","","","0","0","Stck","0.00","0.00","30.00","0.00","0.00","0.00","0.00","1.2 kg","","","","24.09.2022","","","","","","03.12.2020","ja","0.00","0.00","0.00","","Apple","150","400","35","","","","","","","",""
"003532","W","Apple Keyboard II M0487","","","","","","","0","0","Stck","0.00","0.00","50.00","0.00","0.00","0.00","0.00","1.2 kg","","","","22.10.2022","","","","","","03.12.2020","ja","0.00","0.00","0.00","","Apple","150","400","35","","","","","","","",""
"003532","W","Apple Keyboard II M0487","","","","","","","0","0","Stck","0.00","0.00","50.00","0.00","0.00","0.00","0.00","1.2 kg","","","","18.11.2022","","","","","","03.12.2020","ja","0.00","0.00","0.00","","Apple","150","400","35","","","","","","","",""
"003532","W","Apple Keyboard II M0487","","","","","","","0","0","Stck","0.00","0.00","50.00","0.00","0.00","0.00","0.00","1.2 kg","","","","05.03.2023","","","","","","03.12.2020","ja","0.00","0.00","0.00","","Apple","150","400","35","","","","","","","",""
"","","","","","","","","","","","","","0.00","","0.00","","","0.00","","","","","","","","","","","","","","","","","","","","","","","","","","","",""
"004927","W","Apple Keyboard M0116","","","","","","","0","0","Stck","0.00","0.00","30.00","0.00","0.00","0.00","0.00","1.3 kg","","","","12.09.2022","","","","","","28.07.2022","ja","0.00","0.00","0.00","","Apple","140","420","45","","","","","","","",""
"","","","","","","","","","","","","","0.00","","0.00","","","0.00","","","","","","","","","","","","","","","","","","","","","","","","","","","",""
"006635","W","Apple M1242 Adjustable Keyboard VINTAGE - Keypad Only","","","","","","","1","0","Stck","0.00","0.00","0.00","0.00","0.00","0.00","0.00","0.4 kg","","","","","","","","","","03.08.2024","ja","0.00","0.00","0.00","","Apple","250","130","35","","","","","","","",""
"","","","","","","","","","","","","","0.00","","0.00","","","0.00","","","","","","","","","","","","","","","","","","","","","","","","","","","",""
"003780","W","Apple M1960G/A Toner, Schwarz","","","","","","","0","0","Stck","0.00","0.00","30.00","0.00","0.00","0.00","0.00","1.25 kg","","","","","","","","","","06.11.2019","ja","0.00","0.00","0.00","","Apple","410","215","160","","","","","","","",""
"","","","","","","","","","","","","","0.00","","0.00","","","0.00","","","","","","","","","","","","","","","","","","","","","","","","","","","",""
"006206","W","Apple M5769","","","","","","","2","0","Stck","0.00","0.00","15.00","30.00","0.00","0.00","0.00","0.1 kg","","","","18.02.2025","","","","","","23.01.2024","ja","0.00","0.00","0.00","","Apple","110","60","25","","","","","","","",""
"006206","W","Apple M5769","","","","","","","2","0","Stck","0.00","0.00","15.00","30.00","0.00","0.00","0.00","0.1 kg","","","","18.09.2025","","","","","","23.01.2024","ja","0.00","0.00","0.00","","Apple","110","60","25","","","","","","","",""
"","","","","","","","","","","","","","0.00","","60.00","","","0.00","","","","","","","","","","","","","","","","","","","","","","","","","","","",""
"006263","W","Apple Mac 630-7876","Cem 2024-09-11: Leerzeichen In der Artikel Nummer 006263 ist ein anderer Artikel","","","","","","0","0","Stck","0.00","0.00","0.00","0.00","0.00","0.00","0.00","0.27 kg","","","","","","","","","","24.02.2024","nein","0.00","0.00","0.00","","Apple","18.0000","11.0000","0","","","","","","","",""
"006276","W","Apple Mac 630-7876","","","","","","","1","0","Stck","0.00","0.00","0.00","0.00","0.00","0.00","0.00","0.27 kg","","","","","","","","","","27.02.2024","ja","0.00","0.00","0.00","","Apple","180","110","0","","","","","","","",""
"","","","","","","","","","","","","","0.00","","0.00","","","0.00","","","","","","","","","","","","","","","","","","","","","","","","","","","",""
"K0832","W","Apple MacBook","","Kundengerät","","","","","0","0","Stck","0.00","0.00","0.00","0.00","0.00","0.00","0.00","0 kg","","","","01.05.2021","","","","","","14.12.2021","nein","0.00","0.00","0.00","Burki Jürg","","","","","","","","","","","",""
"K0832","W","Apple MacBook","","Kundengerät","","","","","0","0","Stck","0.00","0.00","0.00","0.00","0.00","0.00","0.00","0 kg","","","","14.12.2021","","","","","","14.12.2021","nein","0.00","0.00","0.00","Burki Jürg","","","","","","","","","","","",""
"","","","","","","","","","","","","","0.00","","0.00","","","0.00","","","","","","","","","","","","","","","","","","","","","","","","","","","",""
"006613","W","Apple MacBook - A1181 - 2006","","","","","","","1","0","Stck","0.00","0.00","0.00","0.00","0.00","0.00","0.00","2.5 kg","","","","","","","","","","25.06.2024","ja","0.00","0.00","0.00","","Apple","320","220","25","","","","","","","",""
"","","","","","","","","","","","","","0.00","","0.00","","","0.00","","","","","","","","","","","","","","","","","","","","","","","","","","","",""
"K0798","W","Apple MacBook Air 13"" Early 2015","","Kundengerät","","","","","0","0","Stck","0.00","0.00","0.00","0.00","0.00","0.00","0.00","0 kg","","","","05.07.2021","C02Q2T7HG940","","","","","05.07.2021","nein","0.00","0.00","0.00","Ari Mehmet Sefik","","","","","","","","","","","",""
"","","","","","","","","","","","","","0.00","","0.00","","","0.00","","","","","","","","","","","","","","","","","","","","","","","","","","","",""
"K0824","W","Apple Macbook Air A1370","Apple Macbook Air A1370 S/N C02GT0VKDJYC, Vor ca 2 monaten Süssegederänk auf die Tastatur geleert. gerät repariert werden, sonst fotos auf USB stick kopieriren.","Kundengerät","","","","","0","0","Stck","0.00","0.00","0.00","0.00","0.00","0.00","0.00","0 kg","","","","","","","","","","03.11.2021","nein","0.00","0.00","0.00","","","","","","","","","","","","",""
"K0834","W","Apple Macbook Air A1370","S/N: C02GT0VKDJYC","Kundengerät","","","","","0","0","Stck","0.00","0.00","0.00","0.00","0.00","0.00","0.00","0 kg","","","","15.10.2021","C02GT0VKDJYC","","","","","29.12.2021","nein","0.00","0.00","0.00","Bartholet David","","","","","","","","","","","",""
"K0834","W","Apple Macbook Air A1370","S/N: C02GT0VKDJYC","Kundengerät","","","","","0","0","Stck","0.00","0.00","0.00","0.00","0.00","0.00","0.00","0 kg","","","","29.12.2021","C02GT0VKDJYC","","","","","29.12.2021","nein","0.00","0.00","0.00","Bartholet David","","","","","","","","","","","",""
"","","","","","","","","","","","","","0.00","","0.00","","","0.00","","","","","","","","","","","","","","","","","","","","","","","","","","","",""
"K1018","W","Apple MacBook Air A1377","S/N C02GW2YSQ6L7","Kundengerät","","","","","0","0","Stck","0.00","0.00","0.00","0.00","0.00","0.00","0.00","0 kg","","","","25.11.2023","C02GW2YSQ6L7","","","","","01.12.2023","nein","0.00","0.00","0.00","","","","","","","","","","","","",""
"","","","","","","","","","","","","","0.00","","0.00","","","0.00","","","","","","","","","","","","","","","","","","","","","","","","","","","",""
"004250","W","Apple MacBook Air ""Core i5"" 1.6 GHz, 13"" (Late 2018)","","","","","","","1","0","Stck","0.00","0.00","400.00","400.00","0.00","0.00","0.00","3.25 kg","","","","","","","","","","30.06.2021","ja","0.00","0.00","0.00","","Apple","220","305","14","","","","","","","",""
"","","","","","","","","","","","","","0.00","","400.00","","","0.00","","","","","","","","","","","","","","","","","","","","","","","","","","","",""
"003774","W","Apple MacBook Air ""Core i5"" 1.7 11"" (Mid-2012)","","","","","","","0","0","Stck","0.00","0.00","500.00","0.00","0.00","0.00","0.00","1.9 kg","","","","08.11.2022","","","","","","24.05.2019","ja","0.00","0.00","0.00","","Apple","192","300","17","disableit_children","","","","","","",""
"003774","W","Apple MacBook Air ""Core i5"" 1.7 11"" (Mid-2012)","","","","","","","0","0","Stck","0.00","0.00","500.00","0.00","0.00","0.00","0.00","1.9 kg","","","","09.12.2022","C02J90E7DRV9","","","","","24.05.2019","ja","0.00","0.00","0.00","","Apple","192","300","17","disableit_children","","","","","","",""
"","","","","","","","","","","","","","0.00","","0.00","","","0.00","","","","","","","","","","","","","","","","","","","","","","","","","","","",""
"003774","W","Apple MacBook Air ""Core i5"" 1.7 11"" (Mid-2012) mit MX Linux 18","","","","","","","0","0","Stck","0.00","0.00","300.00","0.00","0.00","0.00","0.00","1.9 kg","","","","20.05.2019","C02JH1M4DRV9","","","","","24.05.2019","ja","0.00","0.00","0.00","","Apple","192","300","17","disableit_children","","","","","","",""
"003774","W","Apple MacBook Air ""Core i5"" 1.7 11"" (Mid-2012) mit MX Linux 18","","","","","","","0","0","Stck","0.00","0.00","300.00","0.00","0.00","0.00","0.00","1.9 kg","","","","24.05.2019","C02JH1M4DRV9","","","","","24.05.2019","ja","0.00","0.00","0.00","","Apple","192","300","17","disableit_children","","","","","","",""
"","","","","","","","","","","","","","0.00","","0.00","","","0.00","","","","","","","","","","","","","","","","","","","","","","","","","","","",""
"005174","W","Apple MacBook Air ""Core i5"" 1.7 13"" (Mid-2011)","","","","","","","1","0","Stck","0.00","0.00","300.00","300.00","0.00","0.00","0.00","2.5 kg","","","","","","","","","","25.12.2022","ja","0.00","0.00","0.00","","Apple","230","325","15","","","","","","","",""
"","","","","","","","","","","","","","0.00","","300.00","","","0.00","","","","","","","","","","","","","","","","","","","","","","","","","","","",""
"003742","W","Apple MacBook Air ""Core i5"" 1.8 13"" (Mid-2012)","","","","","","","0","0","Stck","0.00","0.00","450.00","0.00","0.00","0.00","0.00","3.1 kg","","","","","","","","","","22.03.2021","ja","0.00","0.00","0.00","","Apple","227","325","17","","","","","","","",""
"","","","","","","","","","","","","","0.00","","0.00","","","0.00","","","","","","","","","","","","","","","","","","","","","","","","","","","",""
"004096","W","Apple MacBook ""Core 2 Duo"" 2.0 13"" Black (Late 2006)","","","","","","","1","0","Stck","0.00","0.00","230.00","230.00","0.00","0.00","0.00","3.1 kg","","","","","","","","","","12.05.2021","ja","0.00","0.00","0.00","","Apple","227","325","27.5","","","","","","","",""
"","","","","","","","","","","","","","0.00","","230.00","","","0.00","","","","","","","","","","","","","","","","","","","","","","","","","","","",""
"002788","WV","Apple MacBook Early 2008 - MB404LL/A","","","","","","","0","0","Stck","0.00","0.00","300.00","0.00","0.00","0.00","0.00","2.2 kg","","","","24.05.2022","","","","","","16.07.2019","ja","0.00","0.00","0.00","","Apple","325","225","35","","","","","","","",""
"002788","WV","Apple MacBook Early 2008 - MB404LL/A","","","","","","","0","0","Stck","0.00","0.00","300.00","0.00","0.00","0.00","0.00","2.2 kg","","","","21.06.2022","","","","","","16.07.2019","ja","0.00","0.00","0.00","","Apple","325","225","35","","","","","","","",""
"","","","","","","","","","","","","","0.00","","0.00","","","0.00","","","","","","","","","","","","","","","","","","","","","","","","","","","",""
"006611","W","Apple MacBook Mid-2007","","","","","","","1","0","Stck","0.00","0.00","0.00","0.00","0.00","0.00","0.00","2.5 kg","","","","","","","","","","25.06.2024","ja","0.00","0.00","0.00","","Apple","320","225","30","","","","","","","",""
"","","","","","","","","","","","","","0.00","","0.00","","","0.00","","","","","","","","","","","","","","","","","","","","","","","","","","","",""
"005101","W","Apple MacBook Pro 13 - Late 2012","","","","","","","1","0","Stck","0.00","0.00","300.00","300.00","0.00","0.00","0.00","3 kg","","","","30.11.2022","","","","","","22.11.2022","ja","0.00","0.00","0.00","","Apple","310","220","15","","","","","","","",""
"","","","","","","","","","","","","","0.00","","300.00","","","0.00","","","","","","","","","","","","","","","","","","","","","","","","","","","",""
"005109","W","Apple MacBook Pro, 13"", Late 2013","","","","","","","2","0","Stck","0.00","0.00","450.00","900.00","0.00","0.00","0.00","2.3 kg","","","","","","","","","","29.11.2022","ja","0.00","0.00","0.00","","Apple","220","315","20","","","","","","","",""
"","","","","","","","","","","","","","0.00","","900.00","","","0.00","","","","","","","","","","","","","","","","","","","","","","","","","","","",""
"002788","WV","Apple MacBook Pro 13"" mit Linux installiert","","","","","","","0","0","Stck","0.00","0.00","350.00","0.00","0.00","0.00","0.00","2.2 kg","","","","16.07.2019","","","","","","16.07.2019","ja","0.00","0.00","0.00","","Apple","325","225","35","","","","","","","",""
"002788","WV","Apple MacBook Pro 13"" mit Linux installiert","","","","","","","0","0","Stck","0.00","0.00","350.00","0.00","0.00","0.00","0.00","2.2 kg","","","","13.09.2019","","","","","","16.07.2019","ja","0.00","0.00","0.00","","Apple","325","225","35","","","","","","","",""
"","","","","","","","","","","","","","0.00","","0.00","","","0.00","","","","","","","","","","","","","","","","","","","","","","","","","","","",""
"K0675","W","Apple MacBook Pro 13"" S/N: C02P50YGG3QR","Inklusive Neoprentasche und Netzteil","Kundengerät","","","","","0","0","Stck","0.00","0.00","0.00","0.00","0.00","0.00","0.00","0 kg","","","","30.08.2019","","","","","","30.08.2019","nein","0.00","0.00","0.00","Briner Vera","","","","","","","","","","","",""
"","","","","","","","","","","","","","0.00","","0.00","","","0.00","","","","","","","","","","","","","","","","","","","","","","","","","","","",""
"K0178","W","Apple MacBookPro 15"" A1286","","Kundengerät","","","","","0","0","Stck","0.00","0.00","0.00","0.00","0.00","0.00","0.00","0 kg","","","","06.01.2016","","","","","","12.01.2016","nein","0.00","0.00","0.00","","","","","","","","","","","","",""
"K0178","W","Apple MacBookPro 15"" A1286","","Kundengerät","","","","","0","0","Stck","0.00","0.00","0.00","0.00","0.00","0.00","0.00","0 kg","","","","19.04.2016","","","","","","12.01.2016","nein","0.00","0.00","0.00","","","","","","","","","","","","",""
"","","","","","","","","","","","","","0.00","","0.00","","","0.00","","","","","","","","","","","","","","","","","","","","","","","","","","","",""
"K0796","W","Apple MacBook Pro 2012","S/N: C02JC26EDKQ4 Zubehör: Netzteil","Kundengerät","","","","","0","0","Stck","0.00","0.00","0.00","0.00","0.00","0.00","0.00","0 kg","","","","26.06.2021","C02JC26EDKQ4","","","","","28.06.2021","nein","0.00","0.00","0.00","Schäli Michael","","","","","","","","","","","",""
"K0796","W","Apple MacBook Pro 2012","S/N: C02JC26EDKQ4 Zubehör: Netzteil","Kundengerät","","","","","0","0","Stck","0.00","0.00","0.00","0.00","0.00","0.00","0.00","0 kg","","","","25.08.2021","C02JC26EDKQ4","","","","","28.06.2021","nein","0.00","0.00","0.00","Schäli Michael","","","","","","","","","","","",""
"","","","","","","","","","","","","","0.00","","0.00","","","0.00","","","","","","","","","","","","","","","","","","","","","","","","","","","",""
"P45","W","Apple MacBook Pro A1226 Intel Logic Board 820-2101-A 2.2 GHz","","Hardwareteile Occasion","","","","","0","0","Stck","0.00","0.00","156.47","0.00","75.36","0.00","0.00","0 kg","","","","22.12.2014","","","","","","07.07.2015","nein","0.00","0.00","0.00","","","","","","","","","","","","",""
"","","","","","","","","","","","","","0.00","","0.00","","","0.00","","","","","","","","","","","","","","","","","","","","","","","","","","","",""
"K0240","W","Apple MacBookPro A1278","Zubehör Netzteil und Tasche","Kundengerät","","","","","0","0","Stck","0.00","0.00","0.00","0.00","0.00","0.00","0.00","0 kg","","","","20.07.2016","","","","","","20.07.2016","nein","0.00","0.00","0.00","","","","","","","","","","","","",""
"K0240","W","Apple MacBookPro A1278","Zubehör Netzteil und Tasche","Kundengerät","","","","","0","0","Stck","0.00","0.00","0.00","0.00","0.00","0.00","0.00","0 kg","","","","02.03.2017","","","","","","20.07.2016","nein","0.00","0.00","0.00","","","","","","","","","","","","",""
"","","","","","","","","","","","","","0.00","","0.00","","","0.00","","","","","","","","","","","","","","","","","","","","","","","","","","","",""
"k0825","W","Apple Macbook Pro A1286","Apple Macbook Pro A1286 S/N C02GP8TBDV7L, Occasion Gekauft. fellendes Betriebsystem, eine DVD ist in laufwerk läst sich nicht , entvernen+ betriebsystem installieren.","Kundengerät","","","","","0","0","Stck","0.00","0.00","0.00","0.00","0.00","0.00","0.00","0 kg","","","","","","","","","","03.11.2021","nein","0.00","0.00","0.00","","","","","","","","","","","","",""
"K0835","W","Apple Macbook Pro A1286","S/N: C02GP8TBDV7L","Kundengerät","","","","","0","0","Stck","0.00","0.00","0.00","0.00","0.00","0.00","0.00","0 kg","","","","15.10.2021","C02GP8TBDV7L","","","","","29.12.2021","nein","0.00","0.00","0.00","Bartholet David","","","","","","","","","","","",""
"K0835","W","Apple Macbook Pro A1286","S/N: C02GP8TBDV7L","Kundengerät","","","","","0","0","Stck","0.00","0.00","0.00","0.00","0.00","0.00","0.00","0 kg","","","","29.12.2021","C02GP8TBDV7L","","","","","29.12.2021","nein","0.00","0.00","0.00","Bartholet David","","","","","","","","","","","",""
"","","","","","","","","","","","","","0.00","","0.00","","","0.00","","","","","","","","","","","","","","","","","","","","","","","","","","","",""
"17097","W","Apple MacBook Pro ""Core 2 Duo"" T9600","","","","","","","1","0","Stck","0.00","0.00","0.00","0.00","0.00","0.00","0.00","2.49 kg","","","","","","","","","","11.11.2025","nein","0.00","0.00","0.00","","Apple","360","240","24","","The MacBook Pro ""Core 2 Duo"" 2.8 15"" (SD - Mid-2009) features a 45 nm ""Penryn"" 2.8 GHz Intel ""Core 2 Duo"" processor (T9600), with two independent processor ""cores"" on a single silicon chip, a 6 MB shared ""on chip"" level 2 cache, a 1066 MHz frontside bus, 4 GB of 1066 MHz DDR3 SDRAM (PC3-8500) installed in pairs (two 2 GB modules), a 500 GB Serial ATA (5400 RPM) hard drive, an 8X DL ""SuperDrive"", dual graphics processors -- a NVIDIA GeForce 9600M GT with 512 MB of dedicated GDDR3 SDRAM and a NVIDIA GeForce 9400M with 256 MB of DDR3 SDRAM shared with main memory, integrated iSight, and an LED-backlit 15.4"" widescreen TFT active-matrix ""glossy"" display (1440x900 native resolution).","","Laptop_und_Zubehör","","Laptop","",""
"","","","","","","","","","","","","","0.00","","0.00","","","0.00","","","","","","","","","","","","","","","","","","","","","","","","","","","",""
"004575","W","Apple MacBook Pro ""Core i7"" 2.7 GHz, 13"" (Early 2011)","","","","","","","2","0","Stck","0.00","0.00","400.00","800.00","0.00","0.00","0.00","3.4 kg","","","","","","","","","","15.03.2022","ja","0.00","0.00","0.00","","Apple","230","330","25","","","","","","","",""
"","","","","","","","","","","","","","0.00","","800.00","","","0.00","","","","","","","","","","","","","","","","","","","","","","","","","","","",""
"P14","W","APPLE Macbook Pro Mid 2009 661-5212 15IN 2.66GHZ LOGIC BOARD 21PWDMB0010 A1286","","Hardwareteile neu","","","","","0","0","Stck","0.00","0.00","300.00","0.00","197.00","0.00","0.00","0 kg","","","","06.01.2016","","","","","","23.08.2007","nein","0.00","0.00","0.00","","","","","","","","","","","","",""
"P14","W","APPLE Macbook Pro Mid 2009 661-5212 15IN 2.66GHZ LOGIC BOARD 21PWDMB0010 A1286","","Hardwareteile neu","","","","","0","0","Stck","0.00","0.00","300.00","0.00","197.00","0.00","0.00","0 kg","","","","19.04.2016","","","","","","23.08.2007","nein","0.00","0.00","0.00","","","","","","","","","","","","",""
"","","","","","","","","","","","","","0.00","","0.00","","","0.00","","","","","","","","","","","","","","","","","","","","","","","","","","","",""
"P14","W","APPLE Macbook Pro Mid 2009 661-5212 15IN 2.66GHZ LOGIC BOARD 21PWDMB0010 A1286 Art. Nr. 151435435790","","Hardwareteile neu","","","","","0","0","Stck","0.00","0.00","197.00","0.00","197.00","0.00","0.00","0 kg","","","","13.04.2016","","","","","","23.08.2007","nein","0.00","0.00","0.00","","","","","","","","","","","","",""
"","","","","","","","","","","","","","0.00","","0.00","","","0.00","","","","","","","","","","","","","","","","","","","","","","","","","","","",""
"003782","W","Apple Macintosh Centris 650","","","","","","","0","0","Stck","0.00","0.00","100.00","0.00","0.00","0.00","0.00","10.5 kg","","","","03.12.2020","","","","","","03.12.2020","ja","0.00","0.00","0.00","","Apple","0","0","0","","","","","","","",""
"","","","","","","","","","","","","","0.00","","0.00","","","0.00","","","","","","","","","","","","","","","","","","","","","","","","","","","",""
"001493","W","Apple Mac mini","","","","","","","0","0","Stck","0.00","0.00","50.00","0.00","0.00","0.00","0.00","0.289 kg","","","","26.08.2016","","","","","","26.08.2016","ja","0.00","0.00","0.00","","Sitecom","110","180","30","","","","","","","",""
"","","","","","","","","","","","","","0.00","","0.00","","","0.00","","","","","","","","","","","","","","","","","","","","","","","","","","","",""
"003819","W","Apple Mac mini ""Core 2 Duo"" 2.66 (Mid-2010)","","","","","","","5","0","Stck","0.00","0.00","220.00","1'100.00","0.00","0.00","0.00","2.5 kg","","","","","","","","","","06.11.2019","ja","0.00","0.00","0.00","","Apple","198","198","37","","","","","","","",""
"","","","","","","","","","","","","","0.00","","1'100.00","","","0.00","","","","","","","","","","","","","","","","","","","","","","","","","","","",""
"001489","W","Apple Mac mini G4/1.42","","","","","","","0","0","Stck","0.00","0.00","75.00","0.00","0.00","0.00","0.00","0.24 kg","","","","26.11.2019","","","","","","06.11.2019","ja","0.00","0.00","0.00","","Linksys","130","87","45","","","","","","","",""
"006479","W","Apple Mac mini G4/1.42","","","","","","","0","0","Stck","0.00","0.00","75.00","0.00","0.00","0.00","0.00","1.32 kg","","","","","","","","","","22.05.2024","ja","0.00","0.00","0.00","","Apple","165","165","51","","","","","","","",""
"","","","","","","","","","","","","","0.00","","0.00","","","0.00","","","","","","","","","","","","","","","","","","","","","","","","","","","",""
"003350","W","Apple Mac Pro Eight Core 2.26 2009","","","","","","","0","0","Stck","0.00","0.00","750.00","0.00","0.00","0.00","0.00","20.5 kg","","","","","","","","","","06.11.2019","ja","0.00","0.00","0.00","","Apple","475","206","511","","","","","","","",""
"","","","","","","","","","","","","","0.00","","0.00","","","0.00","","","","","","","","","","","","","","","","","","","","","","","","","","","",""
"003265","W","Apple Mac Pro Eight Core 2.40 2010","","","","","","","0","0","Stck","0.00","0.00","600.00","0.00","0.00","0.00","0.00","20.5 kg","","","","","","","","","","06.11.2019","ja","0.00","0.00","0.00","","Apple","475","206","511","","","","","","","",""
"","","","","","","","","","","","","","0.00","","0.00","","","0.00","","","","","","","","","","","","","","","","","","","","","","","","","","","",""
"003281","W","Apple Mac Pro Eight Core 2.80 2008","","","","","","","0","0","Stck","0.00","0.00","550.00","0.00","0.00","0.00","0.00","20.5 kg","","","","","","","","","","06.11.2019","ja","0.00","0.00","0.00","","Apple","475","206","511","","","","","","","",""
"","","","","","","","","","","","","","0.00","","0.00","","","0.00","","","","","","","","","","","","","","","","","","","","","","","","","","","",""
"003317","W","Apple Mac Pro Quad Core 2.0 2006","","","","","","","0","0","Stck","0.00","0.00","300.00","0.00","0.00","0.00","0.00","20.5 kg","","","","","","","","","","06.11.2019","ja","0.00","0.00","0.00","","Apple","200","480","470","","","","","","","",""
"","","","","","","","","","","","","","0.00","","0.00","","","0.00","","","","","","","","","","","","","","","","","","","","","","","","","","","",""
"003139","W","Apple Mac Pro Quad Core 2.66 2006","","","","","","","0","0","Stck","0.00","0.00","350.00","0.00","0.00","0.00","0.00","21 kg","","","","","","","","","","06.11.2019","ja","0.00","0.00","0.00","","Apple","250","480","470","","","","","","","",""
"","","","","","","","","","","","","","0.00","","0.00","","","0.00","","","","","","","","","","","","","","","","","","","","","","","","","","","",""
"003275","W","Apple Mac Pro Quad Core 2.66 2009","","","","","","","0","0","Stck","0.00","0.00","150.00","0.00","0.00","0.00","0.00","20.5 kg","","","","24.07.2020","CK9270F88PZ","","","","","06.11.2019","ja","0.00","0.00","0.00","","Apple","475","206","511","","","","","","","",""
"","","","","","","","","","","","","","0.00","","0.00","","","0.00","","","","","","","","","","","","","","","","","","","","","","","","","","","",""
"003138","W","Apple Mac Pro Quad Core 2.8 2008","","","","","","","0","0","Stck","0.00","0.00","450.00","0.00","0.00","0.00","0.00","21 kg","","","","","","","","","","06.11.2019","ja","0.00","0.00","0.00","","Apple","480","210","470","","","","","","","",""
"","","","","","","","","","","","","","0.00","","0.00","","","0.00","","","","","","","","","","","","","","","","","","","","","","","","","","","",""
"003814","W","Apple Mac Pro Quad Core 3.0GHz 2006","","","","","","","0","0","Stck","0.00","0.00","380.00","0.00","0.00","0.00","0.00","21 kg","","","","","","","","","","06.11.2019","ja","0.00","0.00","0.00","","Apple","250","480","470","","","","","","","",""
"","","","","","","","","","","","","","0.00","","0.00","","","0.00","","","","","","","","","","","","","","","","","","","","","","","","","","","",""
"7014","W","Apple Mac Pro Tower Model A1186","","","","","","","1","0","Stck","0.00","0.00","0.00","0.00","0.00","0.00","0.00","0 kg","","","","","","","","","","02.10.2025","ja","0.00","0.00","0.00","","","","","","","","","","yes","","",""
"","","","","","","","","","","","","","0.00","","0.00","","","0.00","","","","","","","","","","","","","","","","","","","","","","","","","","","",""
"17064","W","Apple Magic Keyboard A1644","","","","","","","1","0","Stck","0.00","0.00","0.00","0.00","0.00","0.00","0.00","0.5 kg","","","","","","","","","","11.11.2025","nein","0.00","0.00","0.00","","Apple","280","115","11","","Bezeichnung Modell Wireless Keyboard Eingabegeräte Tastatur CH - Schweiz Informationen Kompatibilität Bluetooth","","Tastatur_Maus_Spielsteuerung_Virtual_Reality","","Tastatur","",""
"","","","","","","","","","","","","","0.00","","0.00","","","0.00","","","","","","","","","","","","","","","","","","","","","","","","","","","",""
"001522","W","Apple Magic Mouse","","","","","","","0","0","Stck","0.00","0.00","20.00","0.00","0.00","0.00","0.00","0.103 kg","","","","03.05.2016","","","","","","03.05.2016","ja","0.00","0.00","0.00","","Apple","114","55","19","","","","","","","",""
"001522","W","Apple Magic Mouse","","","","","","","0","0","Stck","0.00","0.00","20.00","0.00","0.00","0.00","0.00","0.103 kg","","","","26.10.2016","","","","","","03.05.2016","ja","0.00","0.00","0.00","","Apple","114","55","19","","","","","","","",""
"001522","W","Apple Magic Mouse","","","","","","","0","0","Stck","0.00","0.00","40.00","0.00","0.00","0.00","0.00","0.103 kg","","","","26.10.2016","","","","","","03.05.2016","ja","0.00","0.00","0.00","","Apple","114","55","19","","","","","","","",""
"001522","W","Apple Magic Mouse","","","","","","","0","0","Stck","0.00","0.00","40.00","0.00","0.00","0.00","0.00","0.103 kg","","","","26.03.2018","","","","","","03.05.2016","ja","0.00","0.00","0.00","","Apple","114","55","19","","","","","","","",""
"","","","","","","","","","","","","","0.00","","0.00","","","0.00","","","","","","","","","","","","","","","","","","","","","","","","","","","",""
"005863","W","Apple Mighty Mouse A1152","","","","","","","4","0","Stck","0.00","0.00","15.00","60.00","0.00","0.00","0.00","0.12 kg","","","","21.11.2024","","","","","","31.08.2023","ja","0.00","0.00","0.00","","Apple","110","60","35","","","","","","","",""
"","","","","","","","","","","","","","0.00","","60.00","","","0.00","","","","","","","","","","","","","","","","","","","","","","","","","","","",""
"10003","W","Apple Mikrofon","","","","","","","1","0","Stck","0.00","0.00","0.00","0.00","0.00","0.00","0.00","0.08 kg","","","","","","","","","","22.04.2025","ja","0.00","0.00","0.00","","Apple","255","45","25","","Apple Mikrofon","Apple Mikrofon in Original-Verpackung (neu)","Soundgeräte, Multimedia","yes","Mikrophon","",""
"","","","","","","","","","","","","","0.00","","0.00","","","0.00","","","","","","","","","","","","","","","","","","","","","","","","","","","",""
"000275","W","Apple Powerbook G3","Apple Powerbook G3 mit scsi Anschluss, kein Akku","","","","","","0","1","Stck","0.00","0.00","100.00","0.00","0.00","0.00","0.00","0.0035 kg","","","","08.08.2017","","","","","","08.08.2017","ja","0.00","0.00","0.00","","Apple","264","323","51","","","","","","","",""
"","","","","","","","","","","","","","0.00","","0.00","","","0.00","","","","","","","","","","","","","","","","","","","","","","","","","","","",""
"000808","W","Apple Powerbook G4","Apple Powerbook G4","","","","","","0","0","Stck","0.00","0.00","200.00","0.00","0.00","0.00","0.00","0.0024 kg","","","","27.05.2014","","","","","","30.01.2014","ja","0.00","0.00","0.00","","Apple","241","341","30","","","","","","","",""
"000808","W","Apple Powerbook G4","Apple Powerbook G4","","","","","","0","0","Stck","0.00","0.00","250.00","0.00","0.00","0.00","0.00","0.0024 kg","","","","11.04.2016","","","","","","30.01.2014","ja","0.00","0.00","0.00","","Apple","241","341","30","","","","","","","",""
"","","","","","","","","","","","","","0.00","","0.00","","","0.00","","","","","","","","","","","","","","","","","","","","","","","","","","","",""
"001697","W","Apple Power MAC G4","","","","","","","1","0","Stck","0.00","0.00","150.00","150.00","0.00","0.00","0.00","19.5 kg","","","","26.11.2019","","","","","","06.11.2019","ja","0.00","0.00","0.00","","Apple","480","240","435","","","","","","","",""
"001697","W","Apple Power MAC G4","","","","","","","1","0","Stck","0.00","0.00","150.00","150.00","0.00","0.00","0.00","19.5 kg","","","","15.03.2021","CK207H83MJP","","","","","06.11.2019","ja","0.00","0.00","0.00","","Apple","480","240","435","","","","","","","",""
"","","","","","","","","","","","","","0.00","","300.00","","","0.00","","","","","","","","","","","","","","","","","","","","","","","","","","","",""
"001697","W","Apple Power MAC G4 733 (Quicksilver)","","","","","","","1","0","Stck","0.00","0.00","150.00","150.00","0.00","0.00","0.00","19.5 kg","","","","05.03.2024","","","","","","06.11.2019","ja","0.00","0.00","0.00","","Apple","480","240","435","","","","","","","",""
"","","","","","","","","","","","","","0.00","","150.00","","","0.00","","","","","","","","","","","","","","","","","","","","","","","","","","","",""
"005338","W","Apple Power MAC G4 867 DP (MDD)","","","","","","","1","0","Stck","0.00","0.00","170.00","170.00","0.00","0.00","0.00","21 kg","","","","","","","","","","12.04.2023","ja","0.00","0.00","0.00","","Apple","467","226","432","","","","","","","",""
"","","","","","","","","","","","","","0.00","","170.00","","","0.00","","","","","","","","","","","","","","","","","","","","","","","","","","","",""
"001899","W","Apple PowerMac G5 7.3 2Ghz","","","","","","","2","0","Stck","0.00","0.00","150.00","300.00","0.00","0.00","0.00","22 kg","","","","04.03.2022","","","","","","06.11.2019","ja","0.00","0.00","0.00","","Apple","475","206","511","","","","","","","",""
"","","","","","","","","","","","","","0.00","","300.00","","","0.00","","","","","","","","","","","","","","","","","","","","","","","","","","","",""
"003411","W","Apple Power Mac G5 970 2.0 A1117/A1177* (EMC 2023) doppelt","","","","","","","0","0","Stck","0.00","0.00","0.00","0.00","0.00","0.00","0.00","22 kg","","","","","","","","","","06.11.2019","ja","0.00","0.00","0.00","","Apple","200","480","470","","","","","","","",""
"003414","W","Apple Power Mac G5 970 2.0 A1117/A1177* (EMC 2023) doppelt","","","","","","","0","0","Stck","0.00","0.00","0.00","0.00","0.00","0.00","0.00","22 kg","","","","","","","","","","06.11.2019","ja","0.00","0.00","0.00","","Apple","200","480","470","","","","","","","",""
"","","","","","","","","","","","","","0.00","","0.00","","","0.00","","","","","","","","","","","","","","","","","","","","","","","","","","","",""
"003412","W","Apple Power Mac G5 970fx(G5)X2 1.8 A1047 (EMC 2061) no","","","","","","","0","0","Stck","0.00","0.00","0.00","0.00","0.00","0.00","0.00","22 kg","","","","","","","","","","06.11.2019","ja","0.00","0.00","0.00","","Apple","200","480","470","","","","","","","",""
"","","","","","","","","","","","","","0.00","","0.00","","","0.00","","","","","","","","","","","","","","","","","","","","","","","","","","","",""
"003393","W","Apple Power Mac G5 970fx X2 2.0 A1047 (EMC 2061) doppelt","","","","","","","0","0","Stck","0.00","0.00","0.00","0.00","0.00","0.00","0.00","22 kg","","","","","","","","","","06.11.2019","ja","0.00","0.00","0.00","","Apple","200","480","470","","","","","","","",""
"","","","","","","","","","","","","","0.00","","0.00","","","0.00","","","","","","","","","","","","","","","","","","","","","","","","","","","",""
"003398","W","Apple Power Mac G5 970MP 2.3 A1117/A1177* (EMC 2023) doppelt","","","","","","","2","0","Stck","0.00","0.00","190.00","380.00","0.00","0.00","0.00","26 kg","","","","","","","","","","06.11.2019","ja","0.00","0.00","0.00","","Apple","200","480","470","","","","","","","",""
"","","","","","","","","","","","","","0.00","","380.00","","","0.00","","","","","","","","","","","","","","","","","","","","","","","","","","","",""
"001896","W","Apple PowerMac G5 Dual Core 2.0 ohne Grafikkarte","","","","","","","0","0","Stck","0.00","0.00","120.00","0.00","0.00","0.00","0.00","19.5 kg","","","","18.12.2019","YM54048JR6U","","","","","06.11.2019","ja","0.00","0.00","0.00","","Apple","470","200","510","","","","","","","",""
"","","","","","","","","","","","","","0.00","","0.00","","","0.00","","","","","","","","","","","","","","","","","","","","","","","","","","","",""
"001624","W","Apple Power Macintosh G4 1.25 (MDD 2003)","","","","","","","0","0","Stck","0.00","0.00","180.00","0.00","0.00","0.00","0.00","21 kg","","","","24.02.2024","","","","","","06.11.2019","ja","0.00","0.00","0.00","","Apple","467","226","432","","","","","","","",""
"","","","","","","","","","","","","","0.00","","0.00","","","0.00","","","","","","","","","","","","","","","","","","","","","","","","","","","",""
"003410","W","Apple Power Macintosh G5 1.8 DP (PCI)","","","","","","","0","0","Stck","0.00","0.00","160.00","0.00","0.00","0.00","0.00","20.5 kg","","","","","","","","","","06.11.2019","ja","0.00","0.00","0.00","","Apple","511","206","475","","","","","","","",""
"","","","","","","","","","","","","","0.00","","0.00","","","0.00","","","","","","","","","","","","","","","","","","","","","","","","","","","",""
"001908","W","Apple Power Macintosh G5 2.0 DP (PCI)","","","","","","","0","0","Stck","0.00","0.00","150.00","0.00","0.00","0.00","0.00","22 kg","","","","","","","","","","06.11.2019","ja","0.00","0.00","0.00","","Apple","511","206","475","","","","","","","",""
"","","","","","","","","","","","","","0.00","","0.00","","","0.00","","","","","","","","","","","","","","","","","","","","","","","","","","","",""
"005125","W","Apple Power Macintosh G5 2.5 DP (PCI-X)","","","","","","","1","0","Stck","0.00","0.00","190.00","190.00","0.00","0.00","0.00","23 kg","","","","","","","","","","13.12.2022","ja","0.00","0.00","0.00","","Apple","511","206","475","","","","","","","",""
"","","","","","","","","","","","","","0.00","","190.00","","","0.00","","","","","","","","","","","","","","","","","","","","","","","","","","","",""
"003399","W","Apple Power Macintosh G5 Dual Core (2.0)","","","","","","","0","0","Stck","0.00","0.00","180.00","0.00","0.00","0.00","0.00","23 kg","","","","","","","","","","06.11.2019","ja","0.00","0.00","0.00","","Apple","511","206","475","","","","","","","",""
"","","","","","","","","","","","","","0.00","","0.00","","","0.00","","","","","","","","","","","","","","","","","","","","","","","","","","","",""
"001892","W","Apple Power Macintosh G5 Dual Core (2.3)","","","","","","","0","0","Stck","0.00","0.00","190.00","0.00","0.00","0.00","0.00","23 kg","","","","","","","","","","06.11.2019","ja","0.00","0.00","0.00","","Apple","511","210","475","","","","","","","",""
"","","","","","","","","","","","","","0.00","","0.00","","","0.00","","","","","","","","","","","","","","","","","","","","","","","","","","","",""
"006062","W","Apple Pro Mouse M5769","","","","","","","2","0","Stck","0.00","0.00","0.00","0.00","0.00","0.00","0.00","0.15 kg","","","","","","","","","","02.11.2023","ja","0.00","0.00","0.00","","Apple","110","60","30","","","","","","","",""
"","","","","","","","","","","","","","0.00","","0.00","","","0.00","","","","","","","","","","","","","","","","","","","","","","","","","","","",""
"006139","W","APPLE Quantum F/W: 1994 655-0253 A","","","","","","","1","0","Stck","0.00","0.00","0.00","0.00","0.00","0.00","0.00","0.381 kg","","","","","","","","","","30.11.2023","ja","0.00","0.00","0.00","","Apple","0","0","0","","","","","","","",""
"","","","","","","","","","","","","","0.00","","0.00","","","0.00","","","","","","","","","","","","","","","","","","","","","","","","","","","",""
"003001","W","Apple Risercard mit 4 GB-Ram","","","","","","","0","0","Stck","0.00","0.00","150.00","0.00","0.00","0.00","0.00","650 kg","","","","","","","","","","06.11.2019","ja","0.00","0.00","0.00","","Apple","170","180","39","","","","","","","",""
"","","","","","","","","","","","","","0.00","","0.00","","","0.00","","","","","","","","","","","","","","","","","","","","","","","","","","","",""
"004279","W","Apple Studio M4551","","","","","","","1","0","Stck","0.00","0.00","0.00","0.00","0.00","0.00","0.00","11'000 kg","","","","","","","","","","15.03.2022","ja","0.00","0.00","0.00","","Apple","245","390","370","","","","","","","",""
"","","","","","","","","","","","","","0.00","","0.00","","","0.00","","","","","","","","","","","","","","","","","","","","","","","","","","","",""
"002609","W","Apple Tastatur","","","","","","","1","0","Stck","0.00","0.00","20.00","20.00","0.00","0.00","0.00","0.1 kg","","","","25.01.2019","","","","","","05.01.2018","ja","0.00","0.00","0.00","","Apple","80","80","30","","","","","","","",""
"","","","","","","","","","","","","","0.00","","20.00","","","0.00","","","","","","","","","","","","","","","","","","","","","","","","","","","",""
"004475","W","Apple Time Capsule A1409 (2011) 3TB","","","","","","","1","0","Stck","0.00","0.00","0.00","0.00","0.00","0.00","0.00","0 kg","","","","","","","","","","15.03.2022","ja","0.00","0.00","0.00","","Apple","200","200","35","","","","","","","",""
"","","","","","","","","","","","","","0.00","","0.00","","","0.00","","","","","","","","","","","","","","","","","","","","","","","","","","","",""
"003776","W","Apple Toner M3756G/A, Schwarz","","","","","","","0","0","Stck","0.00","0.00","20.00","0.00","0.00","0.00","0.00","1.3 kg","","","","","","","","","","06.11.2019","ja","0.00","0.00","0.00","","Apple","440","140","140","","","","","","","",""
"","","","","","","","","","","","","","0.00","","0.00","","","0.00","","","","","","","","","","","","","","","","","","","","","","","","","","","",""
"003775","W","Apple Toner M3757G/A, Cyan","","","","","","","0","0","Stck","0.00","0.00","20.00","0.00","0.00","0.00","0.00","1.3 kg","","","","","","","","","","06.11.2019","ja","0.00","0.00","0.00","","Apple","440","140","140","","","","","","","",""
"","","","","","","","","","","","","","0.00","","0.00","","","0.00","","","","","","","","","","","","","","","","","","","","","","","","","","","",""
"003777","W","Apple Toner M3760G/A, Magenta","","","","","","","0","0","Stck","0.00","0.00","20.00","0.00","0.00","0.00","0.00","1.3 kg","","","","","","","","","","06.11.2019","ja","0.00","0.00","0.00","","Apple","440","140","140","","","","","","","",""
"","","","","","","","","","","","","","0.00","","0.00","","","0.00","","","","","","","","","","","","","","","","","","","","","","","","","","","",""
"003778","W","Apple Toner M4683G/A, Schwarz","","","","","","","0","0","Stck","0.00","0.00","30.00","0.00","0.00","0.00","0.00","1.725 kg","","","","","","","","","","06.11.2019","ja","0.00","0.00","0.00","","Apple","390","215","165","","","","","","","",""
"","","","","","","","","","","","","","0.00","","0.00","","","0.00","","","","","","","","","","","","","","","","","","","","","","","","","","","",""
"002609","W","Apple USB Mouse M4848","","","","","","","1","0","Stck","0.00","0.00","20.00","20.00","0.00","0.00","0.00","0.1 kg","","","","10.01.2018","","","","","","05.01.2018","ja","0.00","0.00","0.00","","Apple","80","80","30","","","","","","","",""
"","","","","","","","","","","","","","0.00","","20.00","","","0.00","","","","","","","","","","","","","","","","","","","","","","","","","","","",""
"000622","W","Apple Xserve G4/1.0 DP","","","","","","","0","0","Stck","0.00","0.00","100.00","0.00","0.00","0.00","0.00","14 kg","","","","30.08.2025","","","","","","06.11.2019","ja","0.00","0.00","0.00","","Apple","710","440","40","","","","","","","",""
"","","","","","","","","","","","","","0.00","","0.00","","","0.00","","","","","","","","","","","","","","","","","","","","","","","","","","","",""
"D14","D","April 2013 Arbeiten am Upgrade der Website compirat.ch von der Joomla Version 1.5 auf 2.5","","Dienstleistung","","","","","0","0","Std","0.00","0.00","70.00","0.00","0.00","0.00","0.00","0 kg","","","","15.05.2013","","","","","","29.09.2007","nein","0.00","0.00","0.00","","","","","","","","","","","","",""
"","","","","","","","","","","","","","0.00","","0.00","","","0.00","","","","","","","","","","","","","","","","","","","","","","","","","","","",""
"D12","D","April / Anfang Mai 2013 Einrichten diverser neuer Mailadressen, Rücksetzen von Passwörtern","","Dienstleistung (Stunden)","","","","","0","0","Std","0.00","0.00","70.00","0.00","0.00","0.00","0.00","0 kg","","","","15.05.2013","","","","","","29.09.2007","nein","0.00","0.00","0.00","","","","","","","","","","","","",""
"","","","","","","","","","","","","","0.00","","0.00","","","0.00","","","","","","","","","","","","","","","","","","","","","","","","","","","",""
"D12","D","April / Anfang Mai 2013 Erarbeiten einer Lösung, wie das kombinierte Login auf der Compirat-Website mit dem Login auf dem Webmail auch mit verschlüsselten Passwörtern funktioniert und Einrichten dieser Lösung inkl. Anpassung aller vorhandenen Mailkonten","","Dienstleistung (Stunden)","","","","","0","0","Std","0.00","0.00","70.00","0.00","0.00","0.00","0.00","0 kg","","","","15.05.2013","","","","","","29.09.2007","nein","0.00","0.00","0.00","","","","","","","","","","","","",""
"","","","","","","","","","","","","","0.00","","0.00","","","0.00","","","","","","","","","","","","","","","","","","","","","","","","","","","",""
"D12","D","April/Mai 2015: 2x Support an der Zypressenstr. 41 Anpassen der Browser-Konfiguration auf 3 Laptops an neue Homepage","","Dienstleistung (Stunden)","","","","","0","0","Std","0.00","0.00","70.00","0.00","0.00","0.00","0.00","0 kg","","","","29.04.2015","","","","","","29.09.2007","nein","0.00","0.00","0.00","","","","","","","","","","","","",""
"D12","D","April/Mai 2015: 2x Support an der Zypressenstr. 41 Anpassen der Browser-Konfiguration auf 3 Laptops an neue Homepage","","Dienstleistung (Stunden)","","","","","0","0","Std","0.00","0.00","70.00","0.00","0.00","0.00","0.00","0 kg","","","","30.06.2015","","","","","","29.09.2007","nein","0.00","0.00","0.00","","","","","","","","","","","","",""
"","","","","","","","","","","","","","0.00","","0.00","","","0.00","","","","","","","","","","","","","","","","","","","","","","","","","","","",""
"D12","D","April /Mai 2023 Probleme mit dem Telefon untersuchen, provisorischen Zugang zum Telefon am Empfang einrichten, Nachforschen bei Sipcall und Lösen des Problems durch Anpassen der Konfiguration des Telefonservers und Setzen eines neuen Passworts. (Nach langem Suchen stellte sich heraus, dass Sipcall eine Änderung in ihren Anlagen gemacht hatte, die dazu geführt hatte, dass die bisherige Konfiguration des Asterisk Telefonservers von Vogelsang nicht mehr kompatibel war und wir deshalb entsprechende Anpassungen durchführen mussten.)","","Dienstleistung (Stunden)","","","","","0","0","Std","0.00","0.00","70.00","0.00","0.00","0.00","0.00","0 kg","","","","28.06.2023","","","","","","29.09.2007","nein","0.00","0.00","0.00","","","","","","","","","","","","",""
"D12","D","April /Mai 2023 Probleme mit dem Telefon untersuchen, provisorischen Zugang zum Telefon am Empfang einrichten, Nachforschen bei Sipcall und Lösen des Problems durch Anpassen der Konfiguration des Telefonservers und Setzen eines neuen Passworts. (Nach langem Suchen stellte sich heraus, dass Sipcall eine Änderung in ihren Anlagen gemacht hatte, die dazu geführt hatte, dass die bisherige Konfiguration des Asterisk Telefonservers von Vogelsang nicht mehr kompatibel war und wir deshalb entsprechende Anpassungen durchführen mussten.)","","Dienstleistung (Stunden)","","","","","0","0","Std","0.00","0.00","70.00","0.00","0.00","0.00","0.00","0 kg","","","","29.06.2023","","","","","","29.09.2007","nein","0.00","0.00","0.00","","","","","","","","","","","","",""
"","","","","","","","","","","","","","0.00","","0.00","","","0.00","","","","","","","","","","","","","","","","","","","","","","","","","","","",""
"P59","W","APU2C4","","Computer Occasion","","","","","0","0","Stck","0.00","0.00","129.00","0.00","129.00","0.00","0.00","0 kg","","","","25.10.2017","","","","","","29.01.2009","nein","0.00","0.00","0.00","","","","","","","","","","","","",""
"","","","","","","","","","","","","","0.00","","0.00","","","0.00","","","","","","","","","","","","","","","","","","","","","","","","","","","",""
"P59","W","apu2c4 pfSense Firewall","","Computer Occasion","","","","","0","0","Stck","0.00","0.00","250.00","0.00","129.00","0.00","0.00","0 kg","","","","07.09.2017","","","","","","29.01.2009","nein","0.00","0.00","0.00","","","","","","","","","","","","",""
"P59","W","apu2c4 pfSense Firewall","","Computer Occasion","","","","","0","0","Stck","0.00","0.00","250.00","0.00","129.00","0.00","0.00","0 kg","","","","25.09.2017","","","","","","29.01.2009","nein","0.00","0.00","0.00","","","","","","","","","","","","",""
"","","","","","","","","","","","","","0.00","","0.00","","","0.00","","","","","","","","","","","","","","","","","","","","","","","","","","","",""
"D9","D","Arbeit","","Dienstleistung","","","","","0","0","Std","0.00","0.00","35.00","0.00","0.00","0.00","0.00","0 kg","","","","03.01.2017","","","","","","17.08.2007","nein","0.00","0.00","0.00","","","","","","","","","","","","",""
"D9","D","Arbeit","","Dienstleistung","","","","","0","0","Std","0.00","0.00","35.00","0.00","0.00","0.00","0.00","0 kg","","","","04.01.2017","","","","","","17.08.2007","nein","0.00","0.00","0.00","","","","","","","","","","","","",""
"","","","","","","","","","","","","","0.00","","0.00","","","0.00","","","","","","","","","","","","","","","","","","","","","","","","","","","",""
"D14","D","Arbeit an Offertvorlage und Erstellen eines Scripts für Bildschirmfotos","","Dienstleistung","","","","","0","0","Std","0.00","0.00","50.00","0.00","0.00","0.00","0.00","0 kg","","","","24.06.2008","","","","","","29.09.2007","nein","0.00","0.00","0.00","","","","","","","","","","","","",""
"","","","","","","","","","","","","","0.00","","0.00","","","0.00","","","","","","","","","","","","","","","","","","","","","","","","","","","",""
"D20","D","Arbeit ein Stunde","","Dienstleistung","","","","","0","0","psch","0.00","0.00","50.00","0.00","500.00","0.00","0.00","0 kg","","","","09.01.2024","","","","","","02.01.2009","nein","0.00","0.00","0.00","","","","","","","","","","","","",""
"","","","","","","","","","","","","","0.00","","0.00","","","0.00","","","","","","","","","","","","","","","","","","","","","","","","","","","",""
"D20","D","Arbeiten am Projekt Euromayday","","Dienstleistung","","","","","0","0","psch","0.00","0.00","2'500.00","0.00","500.00","0.00","0.00","0 kg","","","","19.12.2014","","","","","","02.01.2009","nein","0.00","0.00","0.00","","","","","","","","","","","","",""
"","","","","","","","","","","","","","0.00","","0.00","","","0.00","","","","","","","","","","","","","","","","","","","","","","","","","","","",""
"D14","D","Arbeiten an der Homepage (Anpassen CSS)","","Dienstleistung","","","","","0","0","Std","0.00","0.00","50.00","0.00","0.00","0.00","0.00","0 kg","","","","24.06.2008","","","","","","29.09.2007","nein","0.00","0.00","0.00","","","","","","","","","","","","",""
"","","","","","","","","","","","","","0.00","","0.00","","","0.00","","","","","","","","","","","","","","","","","","","","","","","","","","","",""
"D14","D","Arbeiten an der Homepage: Joomla-Update, Rubriken erweitern, MK-Postman Newsletter einrichten","","Dienstleistung","","","","","0","0","Std","0.00","0.00","45.00","0.00","0.00","0.00","0.00","0 kg","","","","09.12.2007","","","","","","29.09.2007","nein","0.00","0.00","0.00","","","","","","","","","","","","",""
"","","","","","","","","","","","","","0.00","","0.00","","","0.00","","","","","","","","","","","","","","","","","","","","","","","","","","","",""
"D2","D","Arbeiten an der Kursdokumentation für den Internet-Kurs","","Dienstleistung","","","","","0","0","Std","0.00","0.00","70.00","0.00","0.00","0.00","0.00","0 kg","","","","17.04.2012","","","","","","13.06.2007","nein","0.00","0.00","0.00","","","","","","","","","","","","",""
"D2","D","Arbeiten an der Kursdokumentation für den Internet-Kurs","","Dienstleistung","","","","","0","0","Std","0.00","0.00","70.00","0.00","0.00","0.00","0.00","0 kg","","","","30.06.2012","","","","","","13.06.2007","nein","0.00","0.00","0.00","","","","","","","","","","","","",""
"D2","D","Arbeiten an der Kursdokumentation für den Internet-Kurs","","Dienstleistung","","","","","0","0","Std","0.00","0.00","70.00","0.00","0.00","0.00","0.00","0 kg","","","","01.07.2012","","","","","","13.06.2007","nein","0.00","0.00","0.00","","","","","","","","","","","","",""
"D2","D","Arbeiten an der Kursdokumentation für den Internet-Kurs","","Dienstleistung","","","","","0","0","Std","0.00","0.00","70.00","0.00","0.00","0.00","0.00","0 kg","","","","21.12.2012","","","","","","13.06.2007","nein","0.00","0.00","0.00","","","","","","","","","","","","",""
"D2","D","Arbeiten an der Kursdokumentation für den Internet-Kurs","","Dienstleistung","","","","","0","0","Std","0.00","0.00","70.00","0.00","0.00","0.00","0.00","0 kg","","","","19.10.2014","","","","","","13.06.2007","nein","0.00","0.00","0.00","","","","","","","","","","","","",""
"D2","D","Arbeiten an der Kursdokumentation für den Internet-Kurs","","Dienstleistung","","","","","0","0","Std","0.00","0.00","70.00","0.00","0.00","0.00","0.00","0 kg","","","","20.10.2014","","","","","","13.06.2007","nein","0.00","0.00","0.00","","","","","","","","","","","","",""
"","","","","","","","","","","","","","0.00","","0.00","","","0.00","","","","","","","","","","","","","","","","","","","","","","","","","","","",""
"D14","D","Arbeiten an der Website (Banner einrichten, Fotoupload wieder ermöglichen","","Dienstleistung","","","","","0","0","Std","0.00","0.00","50.00","0.00","0.00","0.00","0.00","0 kg","","","","24.06.2008","","","","","","29.09.2007","nein","0.00","0.00","0.00","","","","","","","","","","","","",""
"","","","","","","","","","","","","","0.00","","0.00","","","0.00","","","","","","","","","","","","","","","","","","","","","","","","","","","",""
"D14","D","Arbeiten an der Website gemeinschaften.ch: Anpassen der Menülinks, Ausschalten aller Untermenüpunkte, Wiederherstellen von gelöschten Elementen","","Dienstleistung","","","","","0","0","Std","0.00","0.00","50.00","0.00","0.00","0.00","0.00","0 kg","","","","08.10.2018","","","","","","29.09.2007","nein","0.00","0.00","0.00","","","","","","","","","","","","",""
"","","","","","","","","","","","","","0.00","","0.00","","","0.00","","","","","","","","","","","","","","","","","","","","","","","","","","","",""
"D14","D","Arbeiten an der Website: Upload Bibliographie E.Modena, Links in Kategorien aufteilen, Namensanpassung Gruppenbild und Kontakte","","Dienstleistung","","","","","0","0","Std","0.00","0.00","70.00","0.00","0.00","0.00","0.00","0 kg","","","","09.07.2009","","","","","","29.09.2007","nein","0.00","0.00","0.00","","","","","","","","","","","","",""
"","","","","","","","","","","","","","0.00","","0.00","","","0.00","","","","","","","","","","","","","","","","","","","","","","","","","","","",""
"D14","D","Arbeiten an der Website zur Weiterleitung auf Jimdo-Homepage","","Dienstleistung","","","","","0","0","Std","0.00","0.00","70.00","0.00","0.00","0.00","0.00","0 kg","","","","01.09.2015","","","","","","29.09.2007","nein","0.00","0.00","0.00","","","","","","","","","","","","",""
"D14","D","Arbeiten an der Website zur Weiterleitung auf Jimdo-Homepage","","Dienstleistung","","","","","0","0","Std","0.00","0.00","70.00","0.00","0.00","0.00","0.00","0 kg","","","","03.06.2017","","","","","","29.09.2007","nein","0.00","0.00","0.00","","","","","","","","","","","","",""
"","","","","","","","","","","","","","0.00","","0.00","","","0.00","","","","","","","","","","","","","","","","","","","","","","","","","","","",""
"D14","D","Arbeiten an ecopop.ch, 16. bis 28.5.2011: Kleinere Anpassungen und Korrekturen","","Dienstleistung","","","","","0","0","Std","0.00","0.00","70.00","0.00","0.00","0.00","0.00","0 kg","","","","17.06.2011","","","","","","29.09.2007","nein","0.00","0.00","0.00","","","","","","","","","","","","",""
"","","","","","","","","","","","","","0.00","","0.00","","","0.00","","","","","","","","","","","","","","","","","","","","","","","","","","","",""
"D14","D","Arbeiten an ecopop.ch, 1. bis 6.5.2011: Installation der Chronoform-Komponente, Übernahme und Konfiguration des Spenden- und Mitgliederformulars, Einrichten und Weiterleitung der Mailadressen, CSS-Anpassungen, Übersetzungen ergänzen, Einrichten der Seite Initiativkomitee, Weltbevölkerungsuhr einbinden, Einführungen und Support für Alec, Detailkorrekturen und Fehlerbehebung","","Dienstleistung","","","","","0","0","Std","0.00","0.00","70.00","0.00","0.00","0.00","0.00","0 kg","","","","17.06.2011","","","","","","29.09.2007","nein","0.00","0.00","0.00","","","","","","","","","","","","",""
"","","","","","","","","","","","","","0.00","","0.00","","","0.00","","","","","","","","","","","","","","","","","","","","","","","","","","","",""
"D14","D","Arbeiten an ecopop.ch, 30.5. bis 17.6.2011: Neue Newskomponente installieren und konfigurieren, Anpassungen beim PDF-Download, kleinere Korrekturen","","Dienstleistung","","","","","0","0","Std","0.00","0.00","70.00","0.00","0.00","0.00","0.00","0 kg","","","","17.06.2011","","","","","","29.09.2007","nein","0.00","0.00","0.00","","","","","","","","","","","","",""
"","","","","","","","","","","","","","0.00","","0.00","","","0.00","","","","","","","","","","","","","","","","","","","","","","","","","","","",""
"D14","D","Arbeiten an ecopop.ch, 8. bis 15.5.2011: Weitere Detailanpassungen: Mails, Pdf-Buttons, Installation der neuen AcaJoom-Newsletter-Komponente, Import und Mergen der vorhandenen Adresslisten, Einrichten und Versand des Newsletters","","Dienstleistung","","","","","0","0","Std","0.00","0.00","70.00","0.00","0.00","0.00","0.00","0 kg","","","","17.06.2011","","","","","","29.09.2007","nein","0.00","0.00","0.00","","","","","","","","","","","","",""
"","","","","","","","","","","","","","0.00","","0.00","","","0.00","","","","","","","","","","","","","","","","","","","","","","","","","","","",""
"D14","D","Arbeiten an ecopop.ch bis 30.4.2011: Installation von Joomla 1.5, Migration der Daten von der alten Homepage, Anpassen des Templates, Konfiguration der Menüs und Module, Anpassen der Links, Installation und Konfiguration von Joomfish, Einrichten des Paypal-Spendenmoduls, Installation eines neuen Editors","","Dienstleistung","","","","","0","0","Std","0.00","0.00","70.00","0.00","0.00","0.00","0.00","0 kg","","","","17.06.2011","","","","","","29.09.2007","nein","0.00","0.00","0.00","","","","","","","","","","","","",""
"","","","","","","","","","","","","","0.00","","0.00","","","0.00","","","","","","","","","","","","","","","","","","","","","","","","","","","",""
"D12","D","Arbeiten infolge Serverpanne (2 Std.), Reklamation bei your-web (0.5 Std.), Austragen aus Blacklist (0.5 Std.)","","Dienstleistung (Stunden)","","","","","0","0","Std","0.00","0.00","50.00","0.00","0.00","0.00","0.00","0 kg","","","","24.06.2008","","","","","","29.09.2007","nein","0.00","0.00","0.00","","","","","","","","","","","","",""
"","","","","","","","","","","","","","0.00","","0.00","","","0.00","","","","","","","","","","","","","","","","","","","","","","","","","","","",""
"D14","D","Arbeiten November 2021: Bilder von olivenholzmarkt.ch via Script umbenennen, damit die Darstellung der Bilder auf der Website wieder funktioniert","","Dienstleistung","","","","","0","0","Std","0.00","0.00","70.00","0.00","0.00","0.00","0.00","0 kg","","","","22.03.2022","","","","","","29.09.2007","nein","0.00","0.00","0.00","","","","","","","","","","","","",""
"","","","","","","","","","","","","","0.00","","0.00","","","0.00","","","","","","","","","","","","","","","","","","","","","","","","","","","",""
"D6","D","Arbeiten und Teilnahme an Treffen revamp-it Monat April 2025 (Andreas)","Aufträge, die wir für andere Firmen im Unterauftrag erfüllen Ausserordentlicher Aufwand oder Ertrag","Dienstleistung","","","","","0","0","psch","0.00","0.00","900.00","0.00","188.00","0.00","0.00","0 kg","","","","08.10.2025","","","","","","18.07.2007","nein","0.00","0.00","0.00","","","","","","","","","","","","",""
"","","","","","","","","","","","","","0.00","","0.00","","","0.00","","","","","","","","","","","","","","","","","","","","","","","","","","","",""
"D6","D","Arbeiten und Teilnahme an Treffen revamp-it Monat August 2024","Aufträge, die wir für andere Firmen im Unterauftrag erfüllen Ausserordentlicher Aufwand oder Ertrag","Dienstleistung","","","","","0","0","psch","0.00","0.00","250.00","0.00","188.00","0.00","0.00","0 kg","","","","03.10.2024","","","","","","18.07.2007","nein","0.00","0.00","0.00","","","","","","","","","","","","",""
"","","","","","","","","","","","","","0.00","","0.00","","","0.00","","","","","","","","","","","","","","","","","","","","","","","","","","","",""
"D6","D","Arbeiten und Teilnahme an Treffen revamp-it Monat August 2025 (Andreas)","Aufträge, die wir für andere Firmen im Unterauftrag erfüllen Ausserordentlicher Aufwand oder Ertrag","Dienstleistung","","","","","0","0","psch","0.00","0.00","425.00","0.00","188.00","0.00","0.00","0 kg","","","","08.10.2025","","","","","","18.07.2007","nein","0.00","0.00","0.00","","","","","","","","","","","","",""
"","","","","","","","","","","","","","0.00","","0.00","","","0.00","","","","","","","","","","","","","","","","","","","","","","","","","","","",""
"D6","D","Arbeiten und Teilnahme an Treffen revamp-it Monat Dezember 2024 (Andreas)","Aufträge, die wir für andere Firmen im Unterauftrag erfüllen Ausserordentlicher Aufwand oder Ertrag","Dienstleistung","","","","","0","0","psch","0.00","0.00","475.00","0.00","188.00","0.00","0.00","0 kg","","","","31.12.2024","","","","","","18.07.2007","nein","0.00","0.00","0.00","","","","","","","","","","","","",""
"","","","","","","","","","","","","","0.00","","0.00","","","0.00","","","","","","","","","","","","","","","","","","","","","","","","","","","",""
"D6","D","Arbeiten und Teilnahme an Treffen revamp-it Monat Februar 2025 (Andreas)","Aufträge, die wir für andere Firmen im Unterauftrag erfüllen Ausserordentlicher Aufwand oder Ertrag","Dienstleistung","","","","","0","0","psch","0.00","0.00","400.00","0.00","188.00","0.00","0.00","0 kg","","","","08.10.2025","","","","","","18.07.2007","nein","0.00","0.00","0.00","","","","","","","","","","","","",""
"","","","","","","","","","","","","","0.00","","0.00","","","0.00","","","","","","","","","","","","","","","","","","","","","","","","","","","",""
"D6","D","Arbeiten und Teilnahme an Treffen revamp-it Monat Januar 2025 (Andreas)","Aufträge, die wir für andere Firmen im Unterauftrag erfüllen Ausserordentlicher Aufwand oder Ertrag","Dienstleistung","","","","","0","0","psch","0.00","0.00","300.00","0.00","188.00","0.00","0.00","0 kg","","","","08.10.2025","","","","","","18.07.2007","nein","0.00","0.00","0.00","","","","","","","","","","","","",""
"","","","","","","","","","","","","","0.00","","0.00","","","0.00","","","","","","","","","","","","","","","","","","","","","","","","","","","",""
"D6","D","Arbeiten und Teilnahme an Treffen revamp-it Monat Juli 2025 (Andreas)","Aufträge, die wir für andere Firmen im Unterauftrag erfüllen Ausserordentlicher Aufwand oder Ertrag","Dienstleistung","","","","","0","0","psch","0.00","0.00","750.00","0.00","188.00","0.00","0.00","0 kg","","","","08.10.2025","","","","","","18.07.2007","nein","0.00","0.00","0.00","","","","","","","","","","","","",""
"","","","","","","","","","","","","","0.00","","0.00","","","0.00","","","","","","","","","","","","","","","","","","","","","","","","","","","",""
"D6","D","Arbeiten und Teilnahme an Treffen revamp-it Monat Juni 2025 (Andreas)","Aufträge, die wir für andere Firmen im Unterauftrag erfüllen Ausserordentlicher Aufwand oder Ertrag","Dienstleistung","","","","","0","0","psch","0.00","0.00","600.00","0.00","188.00","0.00","0.00","0 kg","","","","08.10.2025","","","","","","18.07.2007","nein","0.00","0.00","0.00","","","","","","","","","","","","",""
"","","","","","","","","","","","","","0.00","","0.00","","","0.00","","","","","","","","","","","","","","","","","","","","","","","","","","","",""
"D6","D","Arbeiten und Teilnahme an Treffen revamp-it Monat Mai 2025 (Andreas)","Aufträge, die wir für andere Firmen im Unterauftrag erfüllen Ausserordentlicher Aufwand oder Ertrag","Dienstleistung","","","","","0","0","psch","0.00","0.00","475.00","0.00","188.00","0.00","0.00","0 kg","","","","08.10.2025","","","","","","18.07.2007","nein","0.00","0.00","0.00","","","","","","","","","","","","",""
"","","","","","","","","","","","","","0.00","","0.00","","","0.00","","","","","","","","","","","","","","","","","","","","","","","","","","","",""
"D6","D","Arbeiten und Teilnahme an Treffen revamp-it Monat März 2025 (Andreas)","Aufträge, die wir für andere Firmen im Unterauftrag erfüllen Ausserordentlicher Aufwand oder Ertrag","Dienstleistung","","","","","0","0","psch","0.00","0.00","575.00","0.00","188.00","0.00","0.00","0 kg","","","","08.10.2025","","","","","","18.07.2007","nein","0.00","0.00","0.00","","","","","","","","","","","","",""
"","","","","","","","","","","","","","0.00","","0.00","","","0.00","","","","","","","","","","","","","","","","","","","","","","","","","","","",""
"D6","D","Arbeiten und Teilnahme an Treffen revamp-it Monat November 2024 (Andreas und Sili)","Aufträge, die wir für andere Firmen im Unterauftrag erfüllen Ausserordentlicher Aufwand oder Ertrag","Dienstleistung","","","","","0","0","psch","0.00","0.00","3'450.00","0.00","188.00","0.00","0.00","0 kg","","","","01.12.2024","","","","","","18.07.2007","nein","0.00","0.00","0.00","","","","","","","","","","","","",""
"","","","","","","","","","","","","","0.00","","0.00","","","0.00","","","","","","","","","","","","","","","","","","","","","","","","","","","",""
"D6","D","Arbeiten und Teilnahme an Treffen revamp-it Monat November 2025 (Andreas)","Aufträge, die wir für andere Firmen im Unterauftrag erfüllen Ausserordentlicher Aufwand oder Ertrag","Dienstleistung","","","","","0","0","psch","0.00","0.00","2'925.00","0.00","188.00","0.00","0.00","0 kg","","","","26.12.2025","","","","","","18.07.2007","nein","0.00","0.00","0.00","","","","","","","","","","","","",""
"","","","","","","","","","","","","","0.00","","0.00","","","0.00","","","","","","","","","","","","","","","","","","","","","","","","","","","",""
"D6","D","Arbeiten und Teilnahme an Treffen revamp-it Monat Oktober 2024","Aufträge, die wir für andere Firmen im Unterauftrag erfüllen Ausserordentlicher Aufwand oder Ertrag","Dienstleistung","","","","","0","0","psch","0.00","0.00","2'200.00","0.00","188.00","0.00","0.00","0 kg","","","","09.11.2024","","","","","","18.07.2007","nein","0.00","0.00","0.00","","","","","","","","","","","","",""
"","","","","","","","","","","","","","0.00","","0.00","","","0.00","","","","","","","","","","","","","","","","","","","","","","","","","","","",""
"D6","D","Arbeiten und Teilnahme an Treffen revamp-it Monat Oktober 2025 (Andreas)","Aufträge, die wir für andere Firmen im Unterauftrag erfüllen Ausserordentlicher Aufwand oder Ertrag","Dienstleistung","","","","","0","0","psch","0.00","0.00","1'750.00","0.00","188.00","0.00","0.00","0 kg","","","","26.12.2025","","","","","","18.07.2007","nein","0.00","0.00","0.00","","","","","","","","","","","","",""
"","","","","","","","","","","","","","0.00","","0.00","","","0.00","","","","","","","","","","","","","","","","","","","","","","","","","","","",""
"D6","D","Arbeiten und Teilnahme an Treffen revamp-it Monat September 2024 (Andreas und Sili)","Aufträge, die wir für andere Firmen im Unterauftrag erfüllen Ausserordentlicher Aufwand oder Ertrag","Dienstleistung","","","","","0","0","psch","0.00","0.00","500.00","0.00","188.00","0.00","0.00","0 kg","","","","03.10.2024","","","","","","18.07.2007","nein","0.00","0.00","0.00","","","","","","","","","","","","",""
"","","","","","","","","","","","","","0.00","","0.00","","","0.00","","","","","","","","","","","","","","","","","","","","","","","","","","","",""
"D6","D","Arbeiten und Teilnahme an Treffen revamp-it Monat September 2025 (Andreas und Sili)","Aufträge, die wir für andere Firmen im Unterauftrag erfüllen Ausserordentlicher Aufwand oder Ertrag","Dienstleistung","","","","","0","0","psch","0.00","0.00","1'150.00","0.00","188.00","0.00","0.00","0 kg","","","","08.10.2025","","","","","","18.07.2007","nein","0.00","0.00","0.00","","","","","","","","","","","","",""
"","","","","","","","","","","","","","0.00","","0.00","","","0.00","","","","","","","","","","","","","","","","","","","","","","","","","","","",""
"D15","D","Arbeiten Veli Hämmerli für zuerich-nachhaltig.ch","","Dienstleistung","","","","","0","0","psch","0.00","0.00","500.00","0.00","0.00","0.00","0.00","0 kg","","","","26.08.2019","","","","","","29.09.2007","nein","0.00","0.00","0.00","","","","","","","","","","","","",""
"","","","","","","","","","","","","","0.00","","0.00","","","0.00","","","","","","","","","","","","","","","","","","","","","","","","","","","",""
"D9","D","Arbeitsleistung","","Dienstleistung","","","","","0","0","Std","0.00","0.00","70.00","0.00","0.00","0.00","0.00","0 kg","","","","14.12.2016","","","","","","17.08.2007","nein","0.00","0.00","0.00","","","","","","","","","","","","",""
"","","","","","","","","","","","","","0.00","","0.00","","","0.00","","","","","","","","","","","","","","","","","","","","","","","","","","","",""
"D9","D","Arbeitsleistung extern","","Dienstleistung","","","","","0","0","Std","0.00","0.00","0.00","0.00","0.00","0.00","0.00","0 kg","","","","31.10.2012","","","","","","17.08.2007","nein","0.00","0.00","0.00","","","","","","","","","","","","",""
"D9","D","Arbeitsleistung extern","","Dienstleistung","","","","","0","0","Tag","0.00","0.00","250.00","0.00","0.00","0.00","0.00","0 kg","","","","02.10.2013","","","","","","17.08.2007","nein","0.00","0.00","0.00","","","","","","","","","","","","",""
"","","","","","","","","","","","","","0.00","","0.00","","","0.00","","","","","","","","","","","","","","","","","","","","","","","","","","","",""
"D9","D","Arbeitsleistung extern (Abklärung Ontrack mit Offerte)","","Dienstleistung","","","","","0","0","Std","0.00","0.00","330.00","0.00","0.00","0.00","0.00","0 kg","","","","20.10.2022","","","","","","17.08.2007","nein","0.00","0.00","0.00","","","","","","","","","","","","",""
"","","","","","","","","","","","","","0.00","","0.00","","","0.00","","","","","","","","","","","","","","","","","","","","","","","","","","","",""
"D9","D","Arbeitsleistung extern (Abklärung Ontrack mit Offerte)","","Dienstleistung","","","","","0","0","Std","0.00","0.00","330.00","0.00","0.00","0.00","0.00","0 kg","","","","06.07.2022","","","","","","17.08.2007","nein","0.00","0.00","0.00","","","","","","","","","","","","",""
"","","","","","","","","","","","","","0.00","","0.00","","","0.00","","","","","","","","","","","","","","","","","","","","","","","","","","","",""
"D9","D","Arbeitsleistung extern (Datenrettung Ontrack)","","Dienstleistung","","","","","0","0","Std","0.00","0.00","1'200.00","0.00","0.00","0.00","0.00","0 kg","","","","06.07.2022","","","","","","17.08.2007","nein","0.00","0.00","0.00","","","","","","","","","","","","",""
"","","","","","","","","","","","","","0.00","","0.00","","","0.00","","","","","","","","","","","","","","","","","","","","","","","","","","","",""
"D40","D","Arbeitsleistung extern (Datenrettung Ontrack) 1. Rate","Artikelposition für Akonto-Rechnungen. Bitte diese Rechnungen nicht buchen, sondern nur als Entwurf ohne Rechnungsnummer speichern. Als Beschreibung &quot;Akonto&quot; zusammen mit der Auftragsnummer eintragen. Zahlungseingänge auf Akonto-Rechnungen werden erst beim Erstellen der definitiven Rechnung verbucht. Anschliessend kann der Entwurf der Akonto-Rechnung wieder gelöscht werden.","Geldbetraege","","","","","0","0","Stck","0.00","0.00","400.00","0.00","0.00","0.00","0.00","0 kg","","","","05.02.2023","","","","","","10.01.2015","nein","0.00","0.00","0.00","","","","","","","","","","","","",""
"","","","","","","","","","","","","","0.00","","0.00","","","0.00","","","","","","","","","","","","","","","","","","","","","","","","","","","",""
"D40","D","Arbeitsleistung extern (Datenrettung Ontrack) 2. Rate","Artikelposition für Akonto-Rechnungen. Bitte diese Rechnungen nicht buchen, sondern nur als Entwurf ohne Rechnungsnummer speichern. Als Beschreibung &quot;Akonto&quot; zusammen mit der Auftragsnummer eintragen. Zahlungseingänge auf Akonto-Rechnungen werden erst beim Erstellen der definitiven Rechnung verbucht. Anschliessend kann der Entwurf der Akonto-Rechnung wieder gelöscht werden.","Geldbetraege","","","","","0","0","Stck","0.00","0.00","400.00","0.00","0.00","0.00","0.00","0 kg","","","","05.02.2023","","","","","","10.01.2015","nein","0.00","0.00","0.00","","","","","","","","","","","","",""
"","","","","","","","","","","","","","0.00","","0.00","","","0.00","","","","","","","","","","","","","","","","","","","","","","","","","","","",""
"D40","D","Arbeitsleistung extern (Datenrettung Ontrack) 3. und letzte Rate","Artikelposition für Akonto-Rechnungen. Bitte diese Rechnungen nicht buchen, sondern nur als Entwurf ohne Rechnungsnummer speichern. Als Beschreibung &quot;Akonto&quot; zusammen mit der Auftragsnummer eintragen. Zahlungseingänge auf Akonto-Rechnungen werden erst beim Erstellen der definitiven Rechnung verbucht. Anschliessend kann der Entwurf der Akonto-Rechnung wieder gelöscht werden.","Geldbetraege","","","","","0","0","Stck","0.00","0.00","400.00","0.00","0.00","0.00","0.00","0 kg","","","","05.02.2023","","","","","","10.01.2015","nein","0.00","0.00","0.00","","","","","","","","","","","","",""
"","","","","","","","","","","","","","0.00","","0.00","","","0.00","","","","","","","","","","","","","","","","","","","","","","","","","","","",""
"D9","D","Arbeitsleistung extern (Installation Konfiguration Cablecom Internet)","","Dienstleistung","","","","","0","0","Std","0.00","0.00","70.00","0.00","0.00","0.00","0.00","0 kg","","","","10.08.2011","","","","","","17.08.2007","nein","0.00","0.00","0.00","","","","","","","","","","","","",""
"","","","","","","","","","","","","","0.00","","0.00","","","0.00","","","","","","","","","","","","","","","","","","","","","","","","","","","",""
"D9","D","Arbeitsleistung extern, Reparatur Optiplex 9010 Sämi","","Dienstleistung","","","","","0","0","Std","0.00","0.00","100.00","0.00","0.00","0.00","0.00","0 kg","","","","21.04.2021","","","","","","17.08.2007","nein","0.00","0.00","0.00","","","","","","","","","","","","",""
"D9","D","Arbeitsleistung extern, Reparatur Optiplex 9010 Sämi","","Dienstleistung","","","","","0","0","Std","0.00","0.00","100.00","0.00","0.00","0.00","0.00","0 kg","","","","08.06.2021","","","","","","17.08.2007","nein","0.00","0.00","0.00","","","","","","","","","","","","",""
"","","","","","","","","","","","","","0.00","","0.00","","","0.00","","","","","","","","","","","","","","","","","","","","","","","","","","","",""
"D2","D","Arbeitssitzungen 31.5. und 20.7.","","Dienstleistung","","","","","0","0","Std","0.00","0.00","70.00","0.00","0.00","0.00","0.00","0 kg","","","","13.09.2010","","","","","","13.06.2007","nein","0.00","0.00","0.00","","","","","","","","","","","","",""
"","","","","","","","","","","","","","0.00","","0.00","","","0.00","","","","","","","","","","","","","","","","","","","","","","","","","","","",""
"000201","W","Arbeitsspeicher 1.5 GB","","","","","","","0","0","Stck","0.00","0.00","20.00","0.00","0.00","0.00","0.00","0 kg","","","","20.01.2022","","","","","","22.01.2015","ja","0.00","0.00","0.00","","diverse","0","0","0","","","","","","","",""
"000201","W","Arbeitsspeicher 1.5 GB","","","","","","","0","0","Stck","0.00","0.00","20.00","0.00","0.00","0.00","0.00","0 kg","","","","11.02.2022","","","","","","22.01.2015","ja","0.00","0.00","0.00","","diverse","0","0","0","","","","","","","",""
"","","","","","","","","","","","","","0.00","","0.00","","","0.00","","","","","","","","","","","","","","","","","","","","","","","","","","","",""
"000201","W","Arbeitsspeicher 16 GB DDR3 Kingston KHX16C10B1K2/16X, Kit of 2","","","","","","","0","0","Stck","0.00","0.00","50.00","0.00","0.00","0.00","0.00","0 kg","","","","28.02.2019","0000006043575,0000006102594","","","","","22.01.2015","ja","0.00","0.00","0.00","","diverse","0","0","0","","","","","","","",""
"000201","W","Arbeitsspeicher 16 GB DDR3 Kingston KHX16C10B1K2/16X, Kit of 2","","","","","","","0","0","Stck","0.00","0.00","100.00","0.00","0.00","0.00","0.00","0 kg","","","","28.02.2019","0000006043575,0000006102594","","","","","22.01.2015","ja","0.00","0.00","0.00","","diverse","0","0","0","","","","","","","",""
"","","","","","","","","","","","","","0.00","","0.00","","","0.00","","","","","","","","","","","","","","","","","","","","","","","","","","","",""
"P7","W","Arbeitsspeicher 16 GB zu 1 HE Transtec","","Hardwareteile Occasion","","","","","0","0","Stck","0.00","0.00","40.00","0.00","14.32","0.00","0.00","0 kg","","","","09.03.2016","","","","","","09.08.2007","nein","0.00","0.00","0.00","","","","","","","","","","","","",""
"P7","W","Arbeitsspeicher 16 GB zu 1 HE Transtec","","Hardwareteile Occasion","","","","","0","0","Stck","0.00","0.00","40.00","0.00","14.32","0.00","0.00","0 kg","","","","31.12.2017","","","","","","09.08.2007","nein","0.00","0.00","0.00","","","","","","","","","","","","",""
"","","","","","","","","","","","","","0.00","","0.00","","","0.00","","","","","","","","","","","","","","","","","","","","","","","","","","","",""
"P25","W","Arbeitsspeicher 1 GB","","Hardwareteile neu","","","","","0","0","Stck","0.00","0.00","85.00","0.00","134.00","0.00","0.00","0 kg","","","","30.12.2008","","","","","","29.09.2007","nein","0.00","0.00","0.00","","","","","","","","","","","","",""
"","","","","","","","","","","","","","0.00","","0.00","","","0.00","","","","","","","","","","","","","","","","","","","","","","","","","","","",""
"P7","W","Arbeitsspeicher 1 GB DDR2-Ram 240 pin","","Hardwareteile Occasion","","","","","0","0","Stck","0.00","0.00","15.00","0.00","14.32","0.00","0.00","0 kg","","","","09.08.2011","","","","","","09.08.2007","nein","0.00","0.00","0.00","","","","","","","","","","","","",""
"","","","","","","","","","","","","","0.00","","0.00","","","0.00","","","","","","","","","","","","","","","","","","","","","","","","","","","",""
"P7","W","Arbeitsspeicher 1 GB DDR3","","Hardwareteile Occasion","","","","","0","0","Stck","0.00","0.00","15.00","0.00","14.32","0.00","0.00","0 kg","","","","06.09.2013","","","","","","09.08.2007","nein","0.00","0.00","0.00","","","","","","","","","","","","",""
"","","","","","","","","","","","","","0.00","","0.00","","","0.00","","","","","","","","","","","","","","","","","","","","","","","","","","","",""
"P25","W","Arbeitsspeicher 1 GB DDR-Ram 184 pin","","Hardwareteile neu","","","","","0","0","Stck","0.00","0.00","50.00","0.00","134.00","0.00","0.00","0 kg","","","","02.05.2008","","","","","","29.09.2007","nein","0.00","0.00","0.00","","","","","","","","","","","","",""
"","","","","","","","","","","","","","0.00","","0.00","","","0.00","","","","","","","","","","","","","","","","","","","","","","","","","","","",""
"P7","W","Arbeitsspeicher 1GB DDR-Ram 184 Pin","","Hardwareteile Occasion","","","","","0","0","Stck","0.00","0.00","30.00","0.00","14.32","0.00","0.00","0 kg","","","","30.12.2008","","","","","","09.08.2007","nein","0.00","0.00","0.00","","","","","","","","","","","","",""
"","","","","","","","","","","","","","0.00","","0.00","","","0.00","","","","","","","","","","","","","","","","","","","","","","","","","","","",""
"P25","W","Arbeitsspeicher 1 GB Sodimm DDR 266MHZ","","Hardwareteile neu","","","","","0","0","Stck","0.00","0.00","65.00","0.00","134.00","0.00","0.00","0 kg","","","","20.02.2009","","","","","","29.09.2007","nein","0.00","0.00","0.00","","","","","","","","","","","","",""
"","","","","","","","","","","","","","0.00","","0.00","","","0.00","","","","","","","","","","","","","","","","","","","","","","","","","","","",""
"P7","W","Arbeitsspeicher 256 MB","","Hardwareteile Occasion","","","","","0","0","Stck","0.00","0.00","47.50","0.00","14.32","0.00","0.00","0 kg","","","","14.03.2008","","","","","","09.08.2007","nein","0.00","0.00","0.00","","","","","","","","","","","","",""
"","","","","","","","","","","","","","0.00","","0.00","","","0.00","","","","","","","","","","","","","","","","","","","","","","","","","","","",""
"P7","W","Arbeitsspeicher 256MB DDR-Ram","","Hardwareteile Occasion","","","","","0","0","Stck","0.00","0.00","15.00","0.00","14.32","0.00","0.00","0 kg","","","","30.10.2008","","","","","","09.08.2007","nein","0.00","0.00","0.00","","","","","","","","","","","","",""
"","","","","","","","","","","","","","0.00","","0.00","","","0.00","","","","","","","","","","","","","","","","","","","","","","","","","","","",""
"000201","W","Arbeitsspeicher 256 MB SDRam SoDimm 133 MHz","","","","","","","0","0","Stck","0.00","0.00","25.00","0.00","0.00","0.00","0.00","0 kg","","","","15.10.2021","","","","","","22.01.2015","ja","0.00","0.00","0.00","","diverse","0","0","0","","","","","","","",""
"000201","W","Arbeitsspeicher 256 MB SDRam SoDimm 133 MHz","","","","","","","0","0","Stck","0.00","0.00","25.00","0.00","0.00","0.00","0.00","0 kg","","","","23.12.2021","","","","","","22.01.2015","ja","0.00","0.00","0.00","","diverse","0","0","0","","","","","","","",""
"","","","","","","","","","","","","","0.00","","0.00","","","0.00","","","","","","","","","","","","","","","","","","","","","","","","","","","",""
"P7","W","Arbeitsspeicher 256 MB SDRAM SoDimm 144 pin","","Hardwareteile Occasion","","","","","0","0","Stck","0.00","0.00","50.00","0.00","14.32","0.00","0.00","0 kg","","","","12.11.2008","","","","","","09.08.2007","nein","0.00","0.00","0.00","","","","","","","","","","","","",""
"","","","","","","","","","","","","","0.00","","0.00","","","0.00","","","","","","","","","","","","","","","","","","","","","","","","","","","",""
"P25","W","Arbeitsspeicher 2GB","","Hardwareteile neu","","","","","0","0","Stck","0.00","0.00","29.50","0.00","134.00","0.00","0.00","0 kg","","","","23.04.2012","","","","","","29.09.2007","nein","0.00","0.00","0.00","","","","","","","","","","","","",""
"P25","W","Arbeitsspeicher 2GB","","Hardwareteile neu","","","","","0","0","Stck","0.00","0.00","29.50","0.00","134.00","0.00","0.00","0 kg","","","","31.12.2012","","","","","","29.09.2007","nein","0.00","0.00","0.00","","","","","","","","","","","","",""
"","","","","","","","","","","","","","0.00","","0.00","","","0.00","","","","","","","","","","","","","","","","","","","","","","","","","","","",""
"P7","W","Arbeitsspeicher 2 GB DDR2 240 Pin","","Hardwareteile Occasion","","","","","0","0","Stck","0.00","0.00","27.50","0.00","14.32","0.00","0.00","0 kg","","","","19.03.2014","","","","","","09.08.2007","nein","0.00","0.00","0.00","","","","","","","","","","","","",""
"","","","","","","","","","","","","","0.00","","0.00","","","0.00","","","","","","","","","","","","","","","","","","","","","","","","","","","",""
"000201","W","Arbeitsspeicher 2 GB DDR2 6400 FB-Dimm","","","","","","","0","0","Stck","0.00","0.00","30.00","0.00","0.00","0.00","0.00","0 kg","","","","30.01.2018","","","","","","22.01.2015","ja","0.00","0.00","0.00","","diverse","0","0","0","","","","","","","",""
"","","","","","","","","","","","","","0.00","","0.00","","","0.00","","","","","","","","","","","","","","","","","","","","","","","","","","","",""
"P7","W","Arbeitsspeicher 2 GB DDR2 800MHZ","","Hardwareteile Occasion","","","","","0","0","Stck","0.00","0.00","20.00","0.00","14.32","0.00","0.00","0 kg","","","","28.06.2014","","","","","","09.08.2007","nein","0.00","0.00","0.00","","","","","","","","","","","","",""
"","","","","","","","","","","","","","0.00","","0.00","","","0.00","","","","","","","","","","","","","","","","","","","","","","","","","","","",""
"P7","W","Arbeitsspeicher 2 GB DDR2 ECC (Upgrade für Server Compirat Mobil und Compirat Bülach)","","Hardwareteile Occasion","","","","","0","0","Stck","0.00","0.00","40.00","0.00","14.32","0.00","0.00","0 kg","","","","28.02.2015","","","","","","09.08.2007","nein","0.00","0.00","0.00","","","","","","","","","","","","",""
"","","","","","","","","","","","","","0.00","","0.00","","","0.00","","","","","","","","","","","","","","","","","","","","","","","","","","","",""
"P7","W","Arbeitsspeicher 2 GB DDR2 ECC (Upgrade für Server Compirat Zürich Kanonengasse, Wetzikon und Schwamedingen)","","Hardwareteile Occasion","","","","","0","0","Stck","0.00","0.00","40.00","0.00","14.32","0.00","0.00","0 kg","","","","01.03.2015","","","","","","09.08.2007","nein","0.00","0.00","0.00","","","","","","","","","","","","",""
"P7","W","Arbeitsspeicher 2 GB DDR2 ECC (Upgrade für Server Compirat Zürich Kanonengasse, Wetzikon und Schwamedingen)","","Hardwareteile Occasion","","","","","0","0","Stck","0.00","0.00","40.00","0.00","14.32","0.00","0.00","0 kg","","","","30.09.2015","","","","","","09.08.2007","nein","0.00","0.00","0.00","","","","","","","","","","","","",""
"","","","","","","","","","","","","","0.00","","0.00","","","0.00","","","","","","","","","","","","","","","","","","","","","","","","","","","",""
"P7","W","Arbeitsspeicher 2 GB DDR2 ECC (Upgrade für Serverin Zürich Kanonengasse, Zürich Schwamedingen und Wetzikon)","","Hardwareteile Occasion","","","","","0","0","Stck","0.00","0.00","40.00","0.00","14.32","0.00","0.00","0 kg","","","","02.03.2015","","","","","","09.08.2007","nein","0.00","0.00","0.00","","","","","","","","","","","","",""
"","","","","","","","","","","","","","0.00","","0.00","","","0.00","","","","","","","","","","","","","","","","","","","","","","","","","","","",""
"P7","W","Arbeitsspeicher 2 GB DDR2 Fully Buffered","","Hardwareteile Occasion","","","","","0","0","Stck","0.00","0.00","40.00","0.00","14.32","0.00","0.00","0 kg","","","","28.08.2013","","","","","","09.08.2007","nein","0.00","0.00","0.00","","","","","","","","","","","","",""
"P7","W","Arbeitsspeicher 2 GB DDR2 Fully Buffered","","Hardwareteile Occasion","","","","","0","0","Stck","0.00","0.00","40.00","0.00","14.32","0.00","0.00","0 kg","","","","31.03.2014","","","","","","09.08.2007","nein","0.00","0.00","0.00","","","","","","","","","","","","",""
"","","","","","","","","","","","","","0.00","","0.00","","","0.00","","","","","","","","","","","","","","","","","","","","","","","","","","","",""
"P7","W","Arbeitsspeicher 2 GB DDR2 PC2-5300","","Hardwareteile Occasion","","","","","0","0","Stck","0.00","0.00","35.00","0.00","14.32","0.00","0.00","0 kg","","","","08.07.2014","","","","","","09.08.2007","nein","0.00","0.00","0.00","","","","","","","","","","","","",""
"","","","","","","","","","","","","","0.00","","0.00","","","0.00","","","","","","","","","","","","","","","","","","","","","","","","","","","",""
"P7","W","Arbeitsspeicher 2 GB DDR2-Ram","","Hardwareteile Occasion","","","","","0","0","Stck","0.00","0.00","40.00","0.00","14.32","0.00","0.00","0 kg","","","","02.07.2012","","","","","","09.08.2007","nein","0.00","0.00","0.00","","","","","","","","","","","","",""
"","","","","","","","","","","","","","0.00","","0.00","","","0.00","","","","","","","","","","","","","","","","","","","","","","","","","","","",""
"P7","W","Arbeitsspeicher 2 GB DDR2 So-Dimm zusätzlich (Total: 4GB)","","Hardwareteile Occasion","","","","","0","0","Stck","0.00","0.00","30.00","0.00","14.32","0.00","0.00","0 kg","","","","29.08.2017","","","","","","09.08.2007","nein","0.00","0.00","0.00","","","","","","","","","","","","",""
"P7","W","Arbeitsspeicher 2 GB DDR2 So-Dimm zusätzlich (Total: 4GB)","","Hardwareteile Occasion","","","","","0","0","Stck","0.00","0.00","30.00","0.00","14.32","0.00","0.00","0 kg","","","","31.08.2017","","","","","","09.08.2007","nein","0.00","0.00","0.00","","","","","","","","","","","","",""
"","","","","","","","","","","","","","0.00","","0.00","","","0.00","","","","","","","","","","","","","","","","","","","","","","","","","","","",""
"P7","W","Arbeitsspeicher 2GB DDR3","","Hardwareteile Occasion","","","","","0","0","Stck","0.00","0.00","15.00","0.00","14.32","0.00","0.00","0 kg","","","","08.03.2017","","","","","","09.08.2007","nein","0.00","0.00","0.00","","","","","","","","","","","","",""
"","","","","","","","","","","","","","0.00","","0.00","","","0.00","","","","","","","","","","","","","","","","","","","","","","","","","","","",""
"000201","W","Arbeitsspeicher 2GB DDR3 Hynix","","","","","","","0","0","Stck","0.00","0.00","15.00","0.00","0.00","0.00","0.00","0 kg","","","","22.08.2025","","","","","","22.01.2015","ja","0.00","0.00","0.00","","diverse","0","0","0","","","","","","","",""
"","","","","","","","","","","","","","0.00","","0.00","","","0.00","","","","","","","","","","","","","","","","","","","","","","","","","","","",""
"P7","W","Arbeitsspeicher 2 GB DDR3 SoDimm","","Hardwareteile Occasion","","","","","0","0","Stck","0.00","0.00","20.00","0.00","14.32","0.00","0.00","0 kg","","","","21.07.2015","","","","","","09.08.2007","nein","0.00","0.00","0.00","","","","","","","","","","","","",""
"","","","","","","","","","","","","","0.00","","0.00","","","0.00","","","","","","","","","","","","","","","","","","","","","","","","","","","",""
"P7","W","Arbeitsspeicher 2GB DDR3 SoDimm","","Hardwareteile Occasion","","","","","0","0","Stck","0.00","0.00","15.00","0.00","14.32","0.00","0.00","0 kg","","","","22.05.2015","","","","","","09.08.2007","nein","0.00","0.00","0.00","","","","","","","","","","","","",""
"P7","W","Arbeitsspeicher 2GB DDR3 SoDimm","","Hardwareteile Occasion","","","","","0","0","Stck","0.00","0.00","15.00","0.00","14.32","0.00","0.00","0 kg","","","","30.06.2015","","","","","","09.08.2007","nein","0.00","0.00","0.00","","","","","","","","","","","","",""
"","","","","","","","","","","","","","0.00","","0.00","","","0.00","","","","","","","","","","","","","","","","","","","","","","","","","","","",""
"000201","W","Arbeitsspeicher 2 GB So-Dimm DDR2 667 MHz","","","","","","","0","0","Stck","0.00","0.00","15.00","0.00","0.00","0.00","0.00","0 kg","","","","06.03.2023","","","","","","22.01.2015","ja","0.00","0.00","0.00","","diverse","0","0","0","","","","","","","",""
"","","","","","","","","","","","","","0.00","","0.00","","","0.00","","","","","","","","","","","","","","","","","","","","","","","","","","","",""
"000201","W","Arbeitsspeicher 2 GB So-Dimm DDR3 PC3-10600 1333MHz","","","","","","","0","0","Stck","0.00","0.00","0.00","0.00","0.00","0.00","0.00","0 kg","","","","23.10.2020","","","","","","22.01.2015","ja","0.00","0.00","0.00","","diverse","0","0","0","","","","","","","",""
"","","","","","","","","","","","","","0.00","","0.00","","","0.00","","","","","","","","","","","","","","","","","","","","","","","","","","","",""
"P7","W","Arbeitsspeicher 2 x 2GB","","Hardwareteile Occasion","","","","","0","0","Stck","0.00","0.00","50.00","0.00","14.32","0.00","0.00","0 kg","","","","04.09.2013","","","","","","09.08.2007","nein","0.00","0.00","0.00","","","","","","","","","","","","",""
"","","","","","","","","","","","","","0.00","","0.00","","","0.00","","","","","","","","","","","","","","","","","","","","","","","","","","","",""
"P25","W","Arbeitsspeicher 2 x 2GB DDR2","","Hardwareteile neu","","","","","0","0","Stck","0.00","0.00","120.00","0.00","134.00","0.00","0.00","0 kg","","","","18.12.2009","","","","","","29.09.2007","nein","0.00","0.00","0.00","","","","","","","","","","","","",""
"","","","","","","","","","","","","","0.00","","0.00","","","0.00","","","","","","","","","","","","","","","","","","","","","","","","","","","",""
"P7","W","Arbeitsspeicher 2x512MB","","Hardwareteile Occasion","","","","","0","0","Stck","0.00","0.00","20.00","0.00","14.32","0.00","0.00","0 kg","","","","15.04.2016","","","","","","09.08.2007","nein","0.00","0.00","0.00","","","","","","","","","","","","",""
"","","","","","","","","","","","","","0.00","","0.00","","","0.00","","","","","","","","","","","","","","","","","","","","","","","","","","","",""
"P7","W","Arbeitsspeicher 2x512MB SDRAM","","Hardwareteile Occasion","","","","","0","0","Stck","0.00","0.00","20.00","0.00","14.32","0.00","0.00","0 kg","","","","22.04.2016","","","","","","09.08.2007","nein","0.00","0.00","0.00","","","","","","","","","","","","",""
"","","","","","","","","","","","","","0.00","","0.00","","","0.00","","","","","","","","","","","","","","","","","","","","","","","","","","","",""
"P7","W","Arbeitsspeicher 4 GB DDR2 Fully Buffered zu IBM X3650","","Hardwareteile Occasion","","","","","0","0","Stck","0.00","0.00","10.00","0.00","14.32","0.00","0.00","0 kg","","","","09.03.2016","","","","","","09.08.2007","nein","0.00","0.00","0.00","","","","","","","","","","","","",""
"P7","W","Arbeitsspeicher 4 GB DDR2 Fully Buffered zu IBM X3650","","Hardwareteile Occasion","","","","","0","0","Stck","0.00","0.00","10.00","0.00","14.32","0.00","0.00","0 kg","","","","31.12.2017","","","","","","09.08.2007","nein","0.00","0.00","0.00","","","","","","","","","","","","",""
"","","","","","","","","","","","","","0.00","","0.00","","","0.00","","","","","","","","","","","","","","","","","","","","","","","","","","","",""
"000201","W","Arbeitsspeicher 4 GB DDR3 Dimm","","","","","","","0","0","Stck","0.00","0.00","15.00","0.00","0.00","0.00","0.00","0 kg","","","","15.11.2018","","","","","","22.01.2015","ja","0.00","0.00","0.00","","diverse","0","0","0","","","","","","","",""
"000201","W","Arbeitsspeicher 4 GB DDR3 Dimm","","","","","","","0","0","Stck","0.00","0.00","20.00","0.00","0.00","0.00","0.00","0 kg","","","","28.05.2021","","","","","","22.01.2015","ja","0.00","0.00","0.00","","diverse","0","0","0","","","","","","","",""
"","","","","","","","","","","","","","0.00","","0.00","","","0.00","","","","","","","","","","","","","","","","","","","","","","","","","","","",""
"000201","W","Arbeitsspeicher 4GB DDR3 RAM DIMM, 1333MHz","","","","","","","0","0","Stck","0.00","0.00","20.00","0.00","0.00","0.00","0.00","0 kg","","","","28.02.2022","","","","","","22.01.2015","ja","0.00","0.00","0.00","","diverse","0","0","0","","","","","","","",""
"","","","","","","","","","","","","","0.00","","0.00","","","0.00","","","","","","","","","","","","","","","","","","","","","","","","","","","",""
"000201","W","Arbeitsspeicher 4 GB DDR3 SO-Dimm","","","","","","","0","0","Stck","0.00","0.00","7.20","0.00","0.00","0.00","0.00","0 kg","","","","31.12.2024","","","","","","22.01.2015","ja","0.00","0.00","0.00","","diverse","0","0","0","","","","","","","",""
"","","","","","","","","","","","","","0.00","","0.00","","","0.00","","","","","","","","","","","","","","","","","","","","","","","","","","","",""
"P7","W","Arbeitsspeicher 4 GB So-Dimm DDR 3","","Hardwareteile Occasion","","","","","0","0","Stck","0.00","0.00","35.00","0.00","14.32","0.00","0.00","0 kg","","","","09.04.2018","","","","","","09.08.2007","nein","0.00","0.00","0.00","","","","","","","","","","","","",""
"P7","W","Arbeitsspeicher 4 GB So-Dimm DDR 3","","Hardwareteile Occasion","","","","","0","0","Stck","0.00","0.00","35.00","0.00","14.32","0.00","0.00","0 kg","","","","13.04.2018","","","","","","09.08.2007","nein","0.00","0.00","0.00","","","","","","","","","","","","",""
"","","","","","","","","","","","","","0.00","","0.00","","","0.00","","","","","","","","","","","","","","","","","","","","","","","","","","","",""
"000201","W","Arbeitsspeicher 4 GB So-Dimm DDR3 1333 MHz","","","","","","","0","0","Stck","0.00","0.00","20.00","0.00","0.00","0.00","0.00","0 kg","","","","14.12.2020","","","","","","22.01.2015","ja","0.00","0.00","0.00","","diverse","0","0","0","","","","","","","",""
"","","","","","","","","","","","","","0.00","","0.00","","","0.00","","","","","","","","","","","","","","","","","","","","","","","","","","","",""
"P25","W","Arbeitsspeicher 4 GB statt 2 GB","","Hardwareteile neu","","","","","0","0","Stck","0.00","0.00","50.00","0.00","134.00","0.00","0.00","0 kg","","","","24.02.2009","","","","","","29.09.2007","nein","0.00","0.00","0.00","","","","","","","","","","","","",""
"","","","","","","","","","","","","","0.00","","0.00","","","0.00","","","","","","","","","","","","","","","","","","","","","","","","","","","",""
"000201","W","Arbeitsspeicher 4 MB","","","","","","","0","0","Stck","0.00","0.00","5.00","0.00","0.00","0.00","0.00","0 kg","","","","29.11.2023","","","","","","22.01.2015","ja","0.00","0.00","0.00","","diverse","0","0","0","","","","","","","",""
"","","","","","","","","","","","","","0.00","","0.00","","","0.00","","","","","","","","","","","","","","","","","","","","","","","","","","","",""
"000201","W","Arbeitsspeicher 4 x 1 GB DDR2 So-Dimm (Ersatz für 4 x 512 MB)","","","","","","","0","0","Stck","0.00","0.00","70.00","0.00","0.00","0.00","0.00","0 kg","","","","30.10.2020","","","","","","22.01.2015","ja","0.00","0.00","0.00","","diverse","0","0","0","","","","","","","",""
"000201","W","Arbeitsspeicher 4 x 1 GB DDR2 So-Dimm (Ersatz für 4 x 512 MB)","","","","","","","0","0","Stck","0.00","0.00","35.00","0.00","0.00","0.00","0.00","0 kg","","","","01.12.2020","","","","","","22.01.2015","ja","0.00","0.00","0.00","","diverse","0","0","0","","","","","","","",""
"","","","","","","","","","","","","","0.00","","0.00","","","0.00","","","","","","","","","","","","","","","","","","","","","","","","","","","",""
"000201","W","Arbeitsspeicher 4 x 4 GB DDR3","","","","","","","0","0","Stck","0.00","0.00","50.00","0.00","0.00","0.00","0.00","0 kg","","","","19.04.2021","","","","","","22.01.2015","ja","0.00","0.00","0.00","","diverse","0","0","0","","","","","","","",""
"","","","","","","","","","","","","","0.00","","0.00","","","0.00","","","","","","","","","","","","","","","","","","","","","","","","","","","",""
"P25","W","Arbeitsspeicher 512 MB DDR-Ram","","Hardwareteile neu","","","","","0","0","Stck","0.00","0.00","40.00","0.00","134.00","0.00","0.00","0 kg","","","","29.09.2007","","","","","","29.09.2007","nein","0.00","0.00","0.00","","","","","","","","","","","","",""
"","","","","","","","","","","","","","0.00","","0.00","","","0.00","","","","","","","","","","","","","","","","","","","","","","","","","","","",""
"P7","W","Arbeitsspeicher 512 MB DDR-Ram Occasion","","Hardwareteile Occasion","","","","","0","0","Stck","0.00","0.00","15.00","0.00","14.32","0.00","0.00","0 kg","","","","04.12.2009","","","","","","09.08.2007","nein","0.00","0.00","0.00","","","","","","","","","","","","",""
"","","","","","","","","","","","","","0.00","","0.00","","","0.00","","","","","","","","","","","","","","","","","","","","","","","","","","","",""
"P7","W","Arbeitsspeicher 512 MB SDRam","","Hardwareteile Occasion","","","","","0","0","Stck","0.00","0.00","40.00","0.00","14.32","0.00","0.00","0 kg","","","","31.07.2011","","","","","","09.08.2007","nein","0.00","0.00","0.00","","","","","","","","","","","","",""
"","","","","","","","","","","","","","0.00","","0.00","","","0.00","","","","","","","","","","","","","","","","","","","","","","","","","","","",""
"P7","W","Arbeitsspeicher 512 MB SDRAM 168 pin","","Hardwareteile Occasion","","","","","0","0","Stck","0.00","0.00","50.00","0.00","14.32","0.00","0.00","0 kg","","","","02.05.2008","","","","","","09.08.2007","nein","0.00","0.00","0.00","","","","","","","","","","","","",""
"","","","","","","","","","","","","","0.00","","0.00","","","0.00","","","","","","","","","","","","","","","","","","","","","","","","","","","",""
"P7","W","Arbeitsspeicher 512MB SDRAM 168 Pin","","Hardwareteile Occasion","","","","","0","0","Stck","0.00","0.00","50.00","0.00","14.32","0.00","0.00","0 kg","","","","30.12.2008","","","","","","09.08.2007","nein","0.00","0.00","0.00","","","","","","","","","","","","",""
"","","","","","","","","","","","","","0.00","","0.00","","","0.00","","","","","","","","","","","","","","","","","","","","","","","","","","","",""
"000201","W","Arbeitsspeicher 72-pin SIMM 32MB FPM","","","","","","","0","0","Stck","0.00","0.00","15.00","0.00","0.00","0.00","0.00","0 kg","","","","17.01.2024","","","","","","22.01.2015","ja","0.00","0.00","0.00","","diverse","0","0","0","","","","","","","",""
"","","","","","","","","","","","","","0.00","","0.00","","","0.00","","","","","","","","","","","","","","","","","","","","","","","","","","","",""
"P25","W","Arbeitsspeicher 8 GB DDR3 So-Dimm","","Hardwareteile neu","","","","","0","0","Stck","0.00","0.00","75.00","0.00","134.00","0.00","0.00","0 kg","","","","09.04.2018","","","","","","29.09.2007","nein","0.00","0.00","0.00","","","","","","","","","","","","",""
"000201","W","Arbeitsspeicher 8 GB DDR3 So-Dimm","","","","","","","0","0","Stck","0.00","0.00","45.00","0.00","0.00","0.00","0.00","0 kg","","","","27.04.2021","","","","","","22.01.2015","ja","0.00","0.00","0.00","","diverse","0","0","0","","","","","","","",""
"000201","W","Arbeitsspeicher 8 GB DDR3 So-Dimm","","","","","","","0","0","Stck","0.00","0.00","22.50","0.00","0.00","0.00","0.00","0 kg","","","","06.05.2021","","","","","","22.01.2015","ja","0.00","0.00","0.00","","diverse","0","0","0","","","","","","","",""
"000201","W","Arbeitsspeicher 8 GB DDR3 So-Dimm","","","","","","","0","0","Stck","0.00","0.00","25.00","0.00","0.00","0.00","0.00","0 kg","","","","03.09.2021","","","","","","22.01.2015","ja","0.00","0.00","0.00","","diverse","0","0","0","","","","","","","",""
"","","","","","","","","","","","","","0.00","","0.00","","","0.00","","","","","","","","","","","","","","","","","","","","","","","","","","","",""
"000201","W","Arbeitsspeicher 8 GB DDR3 SO-Dimm","","","","","","","0","0","Stck","0.00","0.00","10.60","0.00","0.00","0.00","0.00","0 kg","","","","31.12.2024","","","","","","22.01.2015","ja","0.00","0.00","0.00","","diverse","0","0","0","","","","","","","",""
"","","","","","","","","","","","","","0.00","","0.00","","","0.00","","","","","","","","","","","","","","","","","","","","","","","","","","","",""
"000201","W","Arbeitsspeicher 8 GB Dimm DDR3","","","","","","","0","0","Stck","0.00","0.00","15.00","0.00","0.00","0.00","0.00","0 kg","","","","30.12.2024","","","","","","22.01.2015","ja","0.00","0.00","0.00","","diverse","0","0","0","","","","","","","",""
"","","","","","","","","","","","","","0.00","","0.00","","","0.00","","","","","","","","","","","","","","","","","","","","","","","","","","","",""
"P7","W","Arbeitsspeicher Art. Nr. 321852663245 512MB Kit(2x 256 MB) für Compaq Armada V300","","Hardwareteile Occasion","","","","","0","0","Stck","0.00","0.00","14.32","0.00","14.32","0.00","0.00","0 kg","","","","26.02.2016","","","","","","09.08.2007","nein","0.00","0.00","0.00","","","","","","","","","","","","",""
"","","","","","","","","","","","","","0.00","","0.00","","","0.00","","","","","","","","","","","","","","","","","","","","","","","","","","","",""
"P7","W","Arbeitsspeicher DDR1 1 GB So-Dimm","","Hardwareteile Occasion","","","","","0","0","Stck","0.00","0.00","15.00","0.00","14.32","0.00","0.00","0 kg","","","","09.01.2018","","","","","","09.08.2007","nein","0.00","0.00","0.00","","","","","","","","","","","","",""
"P7","W","Arbeitsspeicher DDR1 1 GB So-Dimm","","Hardwareteile Occasion","","","","","0","0","Stck","0.00","0.00","15.00","0.00","14.32","0.00","0.00","0 kg","","","","22.01.2018","","","","","","09.08.2007","nein","0.00","0.00","0.00","","","","","","","","","","","","",""
"","","","","","","","","","","","","","0.00","","0.00","","","0.00","","","","","","","","","","","","","","","","","","","","","","","","","","","",""
"P7","W","Arbeitsspeicher DDR 1 512MB SO DIMM","","Hardwareteile Occasion","","","","","0","0","Stck","0.00","0.00","10.00","0.00","14.32","0.00","0.00","0 kg","","","","24.09.2015","","","","","","09.08.2007","nein","0.00","0.00","0.00","","","","","","","","","","","","",""
"","","","","","","","","","","","","","0.00","","0.00","","","0.00","","","","","","","","","","","","","","","","","","","","","","","","","","","",""
"P25","W","Arbeitsspeicher DDR2 1 GB","","Hardwareteile neu","","","","","0","0","Stck","0.00","0.00","20.00","0.00","134.00","0.00","0.00","0 kg","","","","17.06.2009","","","","","","29.09.2007","nein","0.00","0.00","0.00","","","","","","","","","","","","",""
"","","","","","","","","","","","","","0.00","","0.00","","","0.00","","","","","","","","","","","","","","","","","","","","","","","","","","","",""
"000201","W","Arbeitsspeicher DDR2 2x 2GB","","","","","","","0","0","Stck","0.00","0.00","20.00","0.00","0.00","0.00","0.00","0 kg","","","","25.03.2022","","","","","","22.01.2015","ja","0.00","0.00","0.00","","diverse","0","0","0","","","","","","","",""
"000201","W","Arbeitsspeicher DDR2 2x 2GB","","","","","","","0","0","Stck","0.00","0.00","20.00","0.00","0.00","0.00","0.00","0 kg","","","","30.03.2022","","","","","","22.01.2015","ja","0.00","0.00","0.00","","diverse","0","0","0","","","","","","","",""
"","","","","","","","","","","","","","0.00","","0.00","","","0.00","","","","","","","","","","","","","","","","","","","","","","","","","","","",""
"P7","W","Arbeitsspeicher DDR2 So-Dimm 1 GB","","Hardwareteile Occasion","","","","","0","0","Stck","0.00","0.00","15.00","0.00","14.32","0.00","0.00","0 kg","","","","10.08.2011","","","","","","09.08.2007","nein","0.00","0.00","0.00","","","","","","","","","","","","",""
"000201","W","Arbeitsspeicher DDR2 So-Dimm 1 GB","","","","","","","0","0","Stck","0.00","0.00","8.00","0.00","0.00","0.00","0.00","0 kg","","","","11.08.2021","","","","","","22.01.2015","ja","0.00","0.00","0.00","","diverse","0","0","0","","","","","","","",""
"","","","","","","","","","","","","","0.00","","0.00","","","0.00","","","","","","","","","","","","","","","","","","","","","","","","","","","",""
"000201","W","Arbeitsspeicher DDR2 So-Dimm 2 GB","","","","","","","0","0","Stck","0.00","0.00","20.00","0.00","0.00","0.00","0.00","0 kg","","","","10.11.2020","","","","","","22.01.2015","ja","0.00","0.00","0.00","","diverse","0","0","0","","","","","","","",""
"000201","W","Arbeitsspeicher DDR2 So-Dimm 2 GB","","","","","","","0","0","Stck","0.00","0.00","20.00","0.00","0.00","0.00","0.00","0 kg","","","","26.12.2020","","","","","","22.01.2015","ja","0.00","0.00","0.00","","diverse","0","0","0","","","","","","","",""
"","","","","","","","","","","","","","0.00","","0.00","","","0.00","","","","","","","","","","","","","","","","","","","","","","","","","","","",""
"000201","W","Arbeitsspeicher DDR4 So-Dimm PNY MN8GSD42666 8 GB","","","","","","","0","0","Stck","0.00","0.00","35.00","0.00","0.00","0.00","0.00","0 kg","","","","04.07.2022","","","","","","22.01.2015","ja","0.00","0.00","0.00","","diverse","0","0","0","","","","","","","",""
"","","","","","","","","","","","","","0.00","","0.00","","","0.00","","","","","","","","","","","","","","","","","","","","","","","","","","","",""
"P25","W","Arbeitsspeicher DDR SoDimm PC 2700 1 GB","","Hardwareteile neu","","","","","0","0","Stck","0.00","0.00","50.00","0.00","134.00","0.00","0.00","0 kg","","","","30.12.2008","","","","","","29.09.2007","nein","0.00","0.00","0.00","","","","","","","","","","","","",""
"","","","","","","","","","","","","","0.00","","0.00","","","0.00","","","","","","","","","","","","","","","","","","","","","","","","","","","",""
"P7","W","Arbeitsspeicher Dimm 168 pin 5V 64 MB pour PowerMac","","Hardwareteile Occasion","","","","","0","0","Stck","0.00","0.00","35.00","0.00","14.32","0.00","0.00","0 kg","","","","13.10.2023","","","","","","09.08.2007","nein","0.00","0.00","0.00","","","","","","","","","","","","",""
"","","","","","","","","","","","","","0.00","","0.00","","","0.00","","","","","","","","","","","","","","","","","","","","","","","","","","","",""
"000201","W","Arbeitsspeicher diverse","","","","","","","0","0","Stck","0.00","0.00","77.90","0.00","0.00","0.00","0.00","0 kg","","","","22.01.2015","","","","","","22.01.2015","ja","0.00","0.00","0.00","","diverse","0","0","0","","","","","","","",""
"000201","W","Arbeitsspeicher diverse","","","","","","","0","0","Stck","0.00","0.00","25.00","0.00","0.00","0.00","0.00","0 kg","","","","01.11.2019","","","","","","22.01.2015","ja","0.00","0.00","0.00","","diverse","0","0","0","","","","","","","",""
"000201","W","Arbeitsspeicher diverse","","","","","","","0","0","Stck","0.00","0.00","1.00","0.00","0.00","0.00","0.00","0 kg","","","","28.12.2022","","","","","","22.01.2015","ja","0.00","0.00","0.00","","diverse","0","0","0","","","","","","","",""
"000201","W","Arbeitsspeicher diverse","","","","","","","0","0","Stck","0.00","0.00","35.00","0.00","0.00","0.00","0.00","0 kg","","","","21.06.2023","","","","","","22.01.2015","ja","0.00","0.00","0.00","","diverse","0","0","0","","","","","","","",""
"000201","W","Arbeitsspeicher diverse","","","","","","","0","0","Stck","0.00","0.00","0.00","0.00","0.00","0.00","0.00","0 kg","","","","14.03.2025","","","","","","22.01.2015","ja","0.00","0.00","0.00","","diverse","0","0","0","","","","","","","",""
"","","","","","","","","","","","","","0.00","","0.00","","","0.00","","","","","","","","","","","","","","","","","","","","","","","","","","","",""
"000201","W","Arbeitsspeicher diverse","","","","","","","0","0","Stck","0.00","0.00","1.00","0.00","0.00","0.00","0.00","0 kg","","","","28.12.2022","","","","","","22.01.2015","ja","0.00","0.00","0.00","","diverse","0","0","0","","","","","","","",""
"","","","","","","","","","","","","","0.00","","0.00","","","0.00","","","","","","","","","","","","","","","","","","","","","","","","","","","",""
"P7","W","Arbeitsspeicher Erweiterung","","Hardwareteile Occasion","","","","","0","0","Stck","0.00","0.00","30.00","0.00","14.32","0.00","0.00","0 kg","","","","09.08.2007","","","","","","09.08.2007","nein","0.00","0.00","0.00","","","","","","","","","","","","",""
"","","","","","","","","","","","","","0.00","","0.00","","","0.00","","","","","","","","","","","","","","","","","","","","","","","","","","","",""
"P7","W","Arbeitsspeichererweiterung 128 MB SoDimm SDRam","","Hardwareteile Occasion","","","","","0","0","Stck","0.00","0.00","25.00","0.00","14.32","0.00","0.00","0 kg","","","","30.12.2010","","","","","","09.08.2007","nein","0.00","0.00","0.00","","","","","","","","","","","","",""
"","","","","","","","","","","","","","0.00","","0.00","","","0.00","","","","","","","","","","","","","","","","","","","","","","","","","","","",""
"P7","W","Arbeitsspeichererweiterung 2 GB","","Hardwareteile Occasion","","","","","0","0","Stck","0.00","0.00","30.00","0.00","14.32","0.00","0.00","0 kg","","","","24.03.2017","","","","","","09.08.2007","nein","0.00","0.00","0.00","","","","","","","","","","","","",""
"","","","","","","","","","","","","","0.00","","0.00","","","0.00","","","","","","","","","","","","","","","","","","","","","","","","","","","",""
"P7","W","Arbeitsspeicher Erweiterung auf 1 GB","","Hardwareteile Occasion","","","","","0","0","Stck","0.00","0.00","25.00","0.00","14.32","0.00","0.00","0 kg","","","","12.10.2017","","","","","","09.08.2007","nein","0.00","0.00","0.00","","","","","","","","","","","","",""
"P7","W","Arbeitsspeicher Erweiterung auf 1 GB","","Hardwareteile Occasion","","","","","0","0","Stck","0.00","0.00","25.00","0.00","14.32","0.00","0.00","0 kg","","","","25.01.2018","","","","","","09.08.2007","nein","0.00","0.00","0.00","","","","","","","","","","","","",""
"","","","","","","","","","","","","","0.00","","0.00","","","0.00","","","","","","","","","","","","","","","","","","","","","","","","","","","",""
"P25","W","Arbeitsspeichererweiterung für IBM T40 auf 1 GB","","Hardwareteile neu","","","","","0","0","Stck","0.00","0.00","30.00","0.00","134.00","0.00","0.00","0 kg","","","","30.04.2009","","","","","","29.09.2007","nein","0.00","0.00","0.00","","","","","","","","","","","","",""
"","","","","","","","","","","","","","0.00","","0.00","","","0.00","","","","","","","","","","","","","","","","","","","","","","","","","","","",""
"P7","W","Arbeitsspeicher für Compaq Armada 512MB Kit (2 x 256MB)","","Hardwareteile Occasion","","","","","0","0","Stck","0.00","0.00","15.34","0.00","14.32","0.00","0.00","0 kg","","","","26.02.2016","","","","","","09.08.2007","nein","0.00","0.00","0.00","","","","","","","","","","","","",""
"","","","","","","","","","","","","","0.00","","0.00","","","0.00","","","","","","","","","","","","","","","","","","","","","","","","","","","",""
"000201","W","Arbeitsspeicher für X61s","","","","","","","0","0","Stck","0.00","0.00","25.00","0.00","0.00","0.00","0.00","0 kg","","","","10.05.2024","","","","","","22.01.2015","ja","0.00","0.00","0.00","","diverse","0","0","0","","","","","","","",""
"","","","","","","","","","","","","","0.00","","0.00","","","0.00","","","","","","","","","","","","","","","","","","","","","","","","","","","",""
"P25","W","Arbeitsspeicher Kingston DDR2 2 GB PC2-6400, Non-ECC","","Hardwareteile neu","","","","","0","0","Stck","0.00","0.00","32.00","0.00","134.00","0.00","0.00","0 kg","","","","30.12.2008","","","","","","29.09.2007","nein","0.00","0.00","0.00","","","","","","","","","","","","",""
"","","","","","","","","","","","","","0.00","","0.00","","","0.00","","","","","","","","","","","","","","","","","","","","","","","","","","","",""
"P25","W","Arbeitsspeicher neu","","Hardwareteile neu","","","","","0","0","Stck","0.00","0.00","0.00","0.00","134.00","0.00","0.00","0 kg","","","","25.03.2013","","","","","","29.09.2007","nein","0.00","0.00","0.00","","","","","","","","","","","","",""
"","","","","","","","","","","","","","0.00","","0.00","","","0.00","","","","","","","","","","","","","","","","","","","","","","","","","","","",""
"P25","W","Arbeitsspeicher neu 1GB SoDimm DDR1","","Hardwareteile neu","","","","","0","0","Stck","0.00","0.00","40.00","0.00","134.00","0.00","0.00","0 kg","","","","26.02.2016","","","","","","29.09.2007","nein","0.00","0.00","0.00","","","","","","","","","","","","",""
"P25","W","Arbeitsspeicher neu 1GB SoDimm DDR1","","Hardwareteile neu","","","","","0","0","Stck","0.00","0.00","40.00","0.00","134.00","0.00","0.00","0 kg","","","","03.03.2016","","","","","","29.09.2007","nein","0.00","0.00","0.00","","","","","","","","","","","","",""
"","","","","","","","","","","","","","0.00","","0.00","","","0.00","","","","","","","","","","","","","","","","","","","","","","","","","","","",""
"P25","W","Arbeitsspeicher neu (512 MB DDR)","","Hardwareteile neu","","","","","0","0","Stck","0.00","0.00","20.00","0.00","134.00","0.00","0.00","0 kg","","","","25.04.2012","","","","","","29.09.2007","nein","0.00","0.00","0.00","","","","","","","","","","","","",""
"","","","","","","","","","","","","","0.00","","0.00","","","0.00","","","","","","","","","","","","","","","","","","","","","","","","","","","",""
"P25","W","Arbeitsspeicher neu 8GB DDR3 ECC für Server","","Hardwareteile neu","","","","","0","0","Stck","0.00","0.00","125.00","0.00","134.00","0.00","0.00","0 kg","","","","05.05.2014","","","","","","29.09.2007","nein","0.00","0.00","0.00","","","","","","","","","","","","",""
"P25","W","Arbeitsspeicher neu 8GB DDR3 ECC für Server","","Hardwareteile neu","","","","","0","0","Stck","0.00","0.00","125.00","0.00","134.00","0.00","0.00","0 kg","","","","07.05.2014","","","","","","29.09.2007","nein","0.00","0.00","0.00","","","","","","","","","","","","",""
"P25","W","Arbeitsspeicher neu 8GB DDR3 ECC für Server","","Hardwareteile neu","","","","","0","0","Stck","0.00","0.00","125.00","0.00","134.00","0.00","0.00","0 kg","","","","01.12.2014","","","","","","29.09.2007","nein","0.00","0.00","0.00","","","","","","","","","","","","",""
"","","","","","","","","","","","","","0.00","","0.00","","","0.00","","","","","","","","","","","","","","","","","","","","","","","","","","","",""
"P25","W","Arbeitsspeicher neu: Corsair DDR3 1066MHZ 8GB 2X204 SODIMM","","Hardwareteile neu","","","","","0","0","Stck","0.00","0.00","45.00","0.00","134.00","0.00","0.00","0 kg","","","","14.04.2016","161203823874914","","","","","29.09.2007","nein","0.00","0.00","0.00","","","","","","","","","","","","",""
"P25","W","Arbeitsspeicher neu: Corsair DDR3 1066MHZ 8GB 2X204 SODIMM","","Hardwareteile neu","","","","","0","0","Stck","0.00","0.00","50.00","0.00","134.00","0.00","0.00","0 kg","","","","19.04.2016","161203823874914","","","","","29.09.2007","nein","0.00","0.00","0.00","","","","","","","","","","","","",""
"","","","","","","","","","","","","","0.00","","0.00","","","0.00","","","","","","","","","","","","","","","","","","","","","","","","","","","",""
"P25","W","Arbeitsspeicher neu: Corsair Valueselect DDR PC2700 1GB 200 SODIMM MEM UNBUFFERED VS1GSDS333","","Hardwareteile neu","","","","","0","0","Stck","0.00","0.00","37.80","0.00","134.00","0.00","0.00","0 kg","","","","29.02.2016","","","","","","29.09.2007","nein","0.00","0.00","0.00","","","","","","","","","","","","",""
"P25","W","Arbeitsspeicher neu: Corsair Valueselect DDR PC2700 1GB 200 SODIMM MEM UNBUFFERED VS1GSDS333","","Hardwareteile neu","","","","","0","0","Stck","0.00","0.00","37.80","0.00","134.00","0.00","0.00","0 kg","","","","10.03.2016","","","","","","29.09.2007","nein","0.00","0.00","0.00","","","","","","","","","","","","",""
"","","","","","","","","","","","","","0.00","","0.00","","","0.00","","","","","","","","","","","","","","","","","","","","","","","","","","","",""
"P25","W","Arbeitsspeicher neu HP 2 GB DDR3-1333 MHz E","","Hardwareteile neu","","","","","0","0","Stck","0.00","0.00","55.00","0.00","134.00","0.00","0.00","0 kg","","","","24.12.2016","","","","","","29.09.2007","nein","0.00","0.00","0.00","","","","","","","","","","","","",""
"","","","","","","","","","","","","","0.00","","0.00","","","0.00","","","","","","","","","","","","","","","","","","","","","","","","","","","",""
"P7","W","Arbeitsspeicher Occ.","","Hardwareteile Occasion","","","","","0","0","Stck","0.00","0.00","30.00","0.00","14.32","0.00","0.00","0 kg","","","","06.01.2012","","","","","","09.08.2007","nein","0.00","0.00","0.00","","","","","","","","","","","","",""
"P7","W","Arbeitsspeicher Occ.","","Hardwareteile Occasion","","","","","0","0","Stck","0.00","0.00","15.00","0.00","14.32","0.00","0.00","0 kg","","","","11.01.2012","","","","","","09.08.2007","nein","0.00","0.00","0.00","","","","","","","","","","","","",""
"P7","W","Arbeitsspeicher Occ.","","Hardwareteile Occasion","","","","","0","0","Stck","0.00","0.00","22.50","0.00","14.32","0.00","0.00","0 kg","","","","31.07.2012","","","","","","09.08.2007","nein","0.00","0.00","0.00","","","","","","","","","","","","",""
"P7","W","Arbeitsspeicher Occ.","","Hardwareteile Occasion","","","","","0","0","Stck","0.00","0.00","10.00","0.00","14.32","0.00","0.00","0 kg","","","","11.06.2013","","","","","","09.08.2007","nein","0.00","0.00","0.00","","","","","","","","","","","","",""
"P7","W","Arbeitsspeicher Occ.","","Hardwareteile Occasion","","","","","0","0","Stck","0.00","0.00","20.00","0.00","14.32","0.00","0.00","0 kg","","","","26.06.2013","","","","","","09.08.2007","nein","0.00","0.00","0.00","","","","","","","","","","","","",""
"P7","W","Arbeitsspeicher Occ.","","Hardwareteile Occasion","","","","","0","0","Stck","0.00","0.00","19.00","0.00","14.32","0.00","0.00","0 kg","","","","17.10.2014","","","","","","09.08.2007","nein","0.00","0.00","0.00","","","","","","","","","","","","",""
"P7","W","Arbeitsspeicher Occ.","","Hardwareteile Occasion","","","","","0","0","Stck","0.00","0.00","19.00","0.00","14.32","0.00","0.00","0 kg","","","","21.10.2014","","","","","","09.08.2007","nein","0.00","0.00","0.00","","","","","","","","","","","","",""
"P7","W","Arbeitsspeicher Occ.","","Hardwareteile Occasion","","","","","0","0","Stck","0.00","0.00","15.00","0.00","14.32","0.00","0.00","0 kg","","","","10.03.2015","","","","","","09.08.2007","nein","0.00","0.00","0.00","","","","","","","","","","","","",""
"P7","W","Arbeitsspeicher Occ.","","Hardwareteile Occasion","","","","","0","0","Stck","0.00","0.00","25.00","0.00","14.32","0.00","0.00","0 kg","","","","03.06.2015","","","","","","09.08.2007","nein","0.00","0.00","0.00","","","","","","","","","","","","",""
"P7","W","Arbeitsspeicher Occ.","","Hardwareteile Occasion","","","","","0","0","Stck","0.00","0.00","25.00","0.00","14.32","0.00","0.00","0 kg","","","","04.06.2015","","","","","","09.08.2007","nein","0.00","0.00","0.00","","","","","","","","","","","","",""
"P7","W","Arbeitsspeicher Occ.","","Hardwareteile Occasion","","","","","0","0","Stck","0.00","0.00","40.00","0.00","14.32","0.00","0.00","0 kg","","","","31.07.2015","","","","","","09.08.2007","nein","0.00","0.00","0.00","","","","","","","","","","","","",""
"P7","W","Arbeitsspeicher Occ.","","Hardwareteile Occasion","","","","","0","0","Stck","0.00","0.00","15.00","0.00","14.32","0.00","0.00","0 kg","","","","21.09.2015","","","","","","09.08.2007","nein","0.00","0.00","0.00","","","","","","","","","","","","",""
"P7","W","Arbeitsspeicher Occ.","","Hardwareteile Occasion","","","","","0","0","Stck","0.00","0.00","10.00","0.00","14.32","0.00","0.00","0 kg","","","","15.03.2016","","","","","","09.08.2007","nein","0.00","0.00","0.00","","","","","","","","","","","","",""
"P7","W","Arbeitsspeicher Occ.","","Hardwareteile Occasion","","","","","0","0","Stck","0.00","0.00","20.00","0.00","14.32","0.00","0.00","0 kg","","","","31.03.2016","","","","","","09.08.2007","nein","0.00","0.00","0.00","","","","","","","","","","","","",""
"P7","W","Arbeitsspeicher Occ.","","Hardwareteile Occasion","","","","","0","0","Stck","0.00","0.00","10.00","0.00","14.32","0.00","0.00","0 kg","","","","04.07.2016","","","","","","09.08.2007","nein","0.00","0.00","0.00","","","","","","","","","","","","",""
"P7","W","Arbeitsspeicher Occ.","","Hardwareteile Occasion","","","","","0","0","Stck","0.00","0.00","6.75","0.00","14.32","0.00","0.00","0 kg","","","","25.09.2017","","","","","","09.08.2007","nein","0.00","0.00","0.00","","","","","","","","","","","","",""
"P7","W","Arbeitsspeicher Occ.","","Hardwareteile Occasion","","","","","0","0","Stck","0.00","0.00","70.00","0.00","14.32","0.00","0.00","0 kg","","","","15.03.2018","","","","","","09.08.2007","nein","0.00","0.00","0.00","","","","","","","","","","","","",""
"","","","","","","","","","","","","","0.00","","0.00","","","0.00","","","","","","","","","","","","","","","","","","","","","","","","","","","",""
"P7","W","Arbeitsspeicher Occ.128 MB 133 Mhz Sdram","","Hardwareteile Occasion","","","","","0","0","Stck","0.00","0.00","10.00","0.00","14.32","0.00","0.00","0 kg","","","","05.02.2014","","","","","","09.08.2007","nein","0.00","0.00","0.00","","","","","","","","","","","","",""
"","","","","","","","","","","","","","0.00","","0.00","","","0.00","","","","","","","","","","","","","","","","","","","","","","","","","","","",""
"P7","W","Arbeitsspeicher Occ. 128MB PC-133 SDRAM","","Hardwareteile Occasion","","","","","0","0","Stck","0.00","0.00","5.00","0.00","14.32","0.00","0.00","0 kg","","","","11.03.2014","","","","","","09.08.2007","nein","0.00","0.00","0.00","","","","","","","","","","","","",""
"","","","","","","","","","","","","","0.00","","0.00","","","0.00","","","","","","","","","","","","","","","","","","","","","","","","","","","",""
"P7","W","Arbeitsspeicher Occ. 1 GB","","Hardwareteile Occasion","","","","","0","0","Stck","0.00","0.00","15.00","0.00","14.32","0.00","0.00","0 kg","","","","01.03.2012","","","","","","09.08.2007","nein","0.00","0.00","0.00","","","","","","","","","","","","",""
"","","","","","","","","","","","","","0.00","","0.00","","","0.00","","","","","","","","","","","","","","","","","","","","","","","","","","","",""
"P7","W","Arbeitsspeicher Occ. 1 GB DDR","","Hardwareteile Occasion","","","","","0","0","Stck","0.00","0.00","15.00","0.00","14.32","0.00","0.00","0 kg","","","","23.07.2012","","","","","","09.08.2007","nein","0.00","0.00","0.00","","","","","","","","","","","","",""
"","","","","","","","","","","","","","0.00","","0.00","","","0.00","","","","","","","","","","","","","","","","","","","","","","","","","","","",""
"P7","W","Arbeitsspeicher Occ. 1GB DDR 1","","Hardwareteile Occasion","","","","","0","0","Stck","0.00","0.00","20.00","0.00","14.32","0.00","0.00","0 kg","","","","22.03.2012","","","","","","09.08.2007","nein","0.00","0.00","0.00","","","","","","","","","","","","",""
"","","","","","","","","","","","","","0.00","","0.00","","","0.00","","","","","","","","","","","","","","","","","","","","","","","","","","","",""
"P7","W","Arbeitsspeicher Occ.1 GB DDR1 266 MHZ","","Hardwareteile Occasion","","","","","0","0","Stck","0.00","0.00","25.00","0.00","14.32","0.00","0.00","0 kg","","","","17.03.2014","","","","","","09.08.2007","nein","0.00","0.00","0.00","","","","","","","","","","","","",""
"","","","","","","","","","","","","","0.00","","0.00","","","0.00","","","","","","","","","","","","","","","","","","","","","","","","","","","",""
"P7","W","Arbeitsspeicher Occ. 1 GB DDR1 Ram","","Hardwareteile Occasion","","","","","0","0","Stck","0.00","0.00","15.00","0.00","14.32","0.00","0.00","0 kg","","","","13.06.2016","","","","","","09.08.2007","nein","0.00","0.00","0.00","","","","","","","","","","","","",""
"P7","W","Arbeitsspeicher Occ. 1 GB DDR1 Ram","","Hardwareteile Occasion","","","","","0","0","Stck","0.00","0.00","15.00","0.00","14.32","0.00","0.00","0 kg","","","","05.08.2016","","","","","","09.08.2007","nein","0.00","0.00","0.00","","","","","","","","","","","","",""
"","","","","","","","","","","","","","0.00","","0.00","","","0.00","","","","","","","","","","","","","","","","","","","","","","","","","","","",""
"P7","W","Arbeitsspeicher Occ. 1 GB DDR1 So-Dimm","","Hardwareteile Occasion","","","","","0","0","Stck","0.00","0.00","30.00","0.00","14.32","0.00","0.00","0 kg","","","","27.10.2011","","","","","","09.08.2007","nein","0.00","0.00","0.00","","","","","","","","","","","","",""
"","","","","","","","","","","","","","0.00","","0.00","","","0.00","","","","","","","","","","","","","","","","","","","","","","","","","","","",""
"P7","W","Arbeitsspeicher Occ. 1GB DDR2","","Hardwareteile Occasion","","","","","0","0","Stck","0.00","0.00","15.00","0.00","14.32","0.00","0.00","0 kg","","","","05.06.2013","","","","","","09.08.2007","nein","0.00","0.00","0.00","","","","","","","","","","","","",""
"P7","W","Arbeitsspeicher Occ. 1GB DDR2","","Hardwareteile Occasion","","","","","0","0","Stck","0.00","0.00","18.00","0.00","14.32","0.00","0.00","0 kg","","","","18.03.2014","","","","","","09.08.2007","nein","0.00","0.00","0.00","","","","","","","","","","","","",""
"","","","","","","","","","","","","","0.00","","0.00","","","0.00","","","","","","","","","","","","","","","","","","","","","","","","","","","",""
"P7","W","Arbeitsspeicher Occ. 1GB DDR2 667MHz","","Hardwareteile Occasion","","","","","0","0","Stck","0.00","0.00","17.00","0.00","14.32","0.00","0.00","0 kg","","","","10.08.2013","","","","","","09.08.2007","nein","0.00","0.00","0.00","","","","","","","","","","","","",""
"P7","W","Arbeitsspeicher Occ. 1GB DDR2 667MHz","","Hardwareteile Occasion","","","","","0","0","Stck","0.00","0.00","17.00","0.00","14.32","0.00","0.00","0 kg","","","","14.10.2013","","","","","","09.08.2007","nein","0.00","0.00","0.00","","","","","","","","","","","","",""
"","","","","","","","","","","","","","0.00","","0.00","","","0.00","","","","","","","","","","","","","","","","","","","","","","","","","","","",""
"P7","W","Arbeitsspeicher Occ. 1GB DDR2 Dimm","","Hardwareteile Occasion","","","","","0","0","Stck","0.00","0.00","25.00","0.00","14.32","0.00","0.00","0 kg","","","","26.04.2012","","","","","","09.08.2007","nein","0.00","0.00","0.00","","","","","","","","","","","","",""
"","","","","","","","","","","","","","0.00","","0.00","","","0.00","","","","","","","","","","","","","","","","","","","","","","","","","","","",""
"P7","W","Arbeitsspeicher Occ. 1 GB DDR2-RAM","","Hardwareteile Occasion","","","","","0","0","Stck","0.00","0.00","20.00","0.00","14.32","0.00","0.00","0 kg","","","","30.01.2012","","","","","","09.08.2007","nein","0.00","0.00","0.00","","","","","","","","","","","","",""
"P7","W","Arbeitsspeicher Occ. 1 GB DDR2-RAM","","Hardwareteile Occasion","","","","","0","0","Stck","0.00","0.00","20.00","0.00","14.32","0.00","0.00","0 kg","","","","02.07.2012","","","","","","09.08.2007","nein","0.00","0.00","0.00","","","","","","","","","","","","",""
"","","","","","","","","","","","","","0.00","","0.00","","","0.00","","","","","","","","","","","","","","","","","","","","","","","","","","","",""
"P7","W","Arbeitsspeicher Occ. 1 GB DDR2 So-Dimm","","Hardwareteile Occasion","","","","","0","0","Stck","0.00","0.00","15.00","0.00","14.32","0.00","0.00","0 kg","","","","03.11.2011","","","","","","09.08.2007","nein","0.00","0.00","0.00","","","","","","","","","","","","",""
"","","","","","","","","","","","","","0.00","","0.00","","","0.00","","","","","","","","","","","","","","","","","","","","","","","","","","","",""
"P7","W","Arbeitsspeicher Occ. 1GB DDR Ram","","Hardwareteile Occasion","","","","","0","0","Stck","0.00","0.00","30.00","0.00","14.32","0.00","0.00","0 kg","","","","02.03.2011","","","","","","09.08.2007","nein","0.00","0.00","0.00","","","","","","","","","","","","",""
"","","","","","","","","","","","","","0.00","","0.00","","","0.00","","","","","","","","","","","","","","","","","","","","","","","","","","","",""
"P7","W","Arbeitsspeicher Occ. 1 GB ECC F-dimm","","Hardwareteile Occasion","","","","","0","0","Stck","0.00","0.00","30.00","0.00","14.32","0.00","0.00","0 kg","","","","09.10.2013","","","","","","09.08.2007","nein","0.00","0.00","0.00","","","","","","","","","","","","",""
"","","","","","","","","","","","","","0.00","","0.00","","","0.00","","","","","","","","","","","","","","","","","","","","","","","","","","","",""
"P7","W","Arbeitsspeicher Occ. 1GB SoDIMM","","Hardwareteile Occasion","","","","","0","0","Stck","0.00","0.00","40.00","0.00","14.32","0.00","0.00","0 kg","","","","26.01.2012","","","","","","09.08.2007","nein","0.00","0.00","0.00","","","","","","","","","","","","",""
"","","","","","","","","","","","","","0.00","","0.00","","","0.00","","","","","","","","","","","","","","","","","","","","","","","","","","","",""
"P7","W","Arbeitsspeicher Occ. 1x 1GB, 1x 512 MB DDR-So-Dimm","","Hardwareteile Occasion","","","","","0","0","Stck","0.00","0.00","55.00","0.00","14.32","0.00","0.00","0 kg","","","","22.02.2013","","","","","","09.08.2007","nein","0.00","0.00","0.00","","","","","","","","","","","","",""
"","","","","","","","","","","","","","0.00","","0.00","","","0.00","","","","","","","","","","","","","","","","","","","","","","","","","","","",""
"P7","W","Arbeitsspeicher Occ. 256 MB","","Hardwareteile Occasion","","","","","0","0","Stck","0.00","0.00","30.00","0.00","14.32","0.00","0.00","0 kg","","","","23.12.2009","","","","","","09.08.2007","nein","0.00","0.00","0.00","","","","","","","","","","","","",""
"","","","","","","","","","","","","","0.00","","0.00","","","0.00","","","","","","","","","","","","","","","","","","","","","","","","","","","",""
"P7","W","Arbeitsspeicher Occ.256 MB SDRam So-Dimm 133 MHZ","","Hardwareteile Occasion","","","","","0","0","Stck","0.00","0.00","10.00","0.00","14.32","0.00","0.00","0 kg","","","","29.04.2014","","","","","","09.08.2007","nein","0.00","0.00","0.00","","","","","","","","","","","","",""
"","","","","","","","","","","","","","0.00","","0.00","","","0.00","","","","","","","","","","","","","","","","","","","","","","","","","","","",""
"P7","W","Arbeitsspeicher Occ. 256 MB SoDimm SDRam 144pin","","Hardwareteile Occasion","","","","","0","0","Stck","0.00","0.00","30.00","0.00","14.32","0.00","0.00","0 kg","","","","03.11.2015","","","","","","09.08.2007","nein","0.00","0.00","0.00","","","","","","","","","","","","",""
"","","","","","","","","","","","","","0.00","","0.00","","","0.00","","","","","","","","","","","","","","","","","","","","","","","","","","","",""
"P7","W","Arbeitsspeicher Occ. 2GB","","Hardwareteile Occasion","","","","","0","0","Stck","0.00","0.00","30.00","0.00","14.32","0.00","0.00","0 kg","","","","01.03.2012","","","","","","09.08.2007","nein","0.00","0.00","0.00","","","","","","","","","","","","",""
"","","","","","","","","","","","","","0.00","","0.00","","","0.00","","","","","","","","","","","","","","","","","","","","","","","","","","","",""
"P7","W","Arbeitsspeicher Occ. 2 gb ddr 2 pc2-5300 so-dimm","","Hardwareteile Occasion","","","","","0","0","Stck","0.00","0.00","10.00","0.00","14.32","0.00","0.00","0 kg","","","","27.08.2018","","","","","","09.08.2007","nein","0.00","0.00","0.00","","","","","","","","","","","","",""
"P7","W","Arbeitsspeicher Occ. 2 gb ddr 2 pc2-5300 so-dimm","","Hardwareteile Occasion","","","","","0","0","Stck","0.00","0.00","20.00","0.00","14.32","0.00","0.00","0 kg","","","","27.08.2018","","","","","","09.08.2007","nein","0.00","0.00","0.00","","","","","","","","","","","","",""
"","","","","","","","","","","","","","0.00","","0.00","","","0.00","","","","","","","","","","","","","","","","","","","","","","","","","","","",""
"P7","W","Arbeitsspeicher Occ. 2GB DDR2 PC2-6400 800MHz","","Hardwareteile Occasion","","","","","0","0","Stck","0.00","0.00","10.00","0.00","14.32","0.00","0.00","0 kg","","","","09.01.2017","","","","","","09.08.2007","nein","0.00","0.00","0.00","","","","","","","","","","","","",""
"","","","","","","","","","","","","","0.00","","0.00","","","0.00","","","","","","","","","","","","","","","","","","","","","","","","","","","",""
"P7","W","Arbeitsspeicher Occ. 2 GB DDR2 So-Dimm","","Hardwareteile Occasion","","","","","0","0","Stck","0.00","0.00","25.00","0.00","14.32","0.00","0.00","0 kg","","","","06.08.2018","","","","","","09.08.2007","nein","0.00","0.00","0.00","","","","","","","","","","","","",""
"P7","W","Arbeitsspeicher Occ. 2 GB DDR2 So-Dimm","","Hardwareteile Occasion","","","","","0","0","Stck","0.00","0.00","25.00","0.00","14.32","0.00","0.00","0 kg","","","","08.08.2018","","","","","","09.08.2007","nein","0.00","0.00","0.00","","","","","","","","","","","","",""
"","","","","","","","","","","","","","0.00","","0.00","","","0.00","","","","","","","","","","","","","","","","","","","","","","","","","","","",""
"P7","W","Arbeitsspeicher Occ. 2 GB DDR3 So-Dimm","","Hardwareteile Occasion","","","","","0","0","Stck","0.00","0.00","10.00","0.00","14.32","0.00","0.00","0 kg","","","","30.06.2016","","","","","","09.08.2007","nein","0.00","0.00","0.00","","","","","","","","","","","","",""
"","","","","","","","","","","","","","0.00","","0.00","","","0.00","","","","","","","","","","","","","","","","","","","","","","","","","","","",""
"P7","W","Arbeitsspeicher Occ. (2 x 1GB DDR2)","","Hardwareteile Occasion","","","","","0","0","Stck","0.00","0.00","15.00","0.00","14.32","0.00","0.00","0 kg","","","","02.08.2011","","","","","","09.08.2007","nein","0.00","0.00","0.00","","","","","","","","","","","","",""
"","","","","","","","","","","","","","0.00","","0.00","","","0.00","","","","","","","","","","","","","","","","","","","","","","","","","","","",""
"P7","W","Arbeitsspeicher Occ. (2x256 MB)","","Hardwareteile Occasion","","","","","0","0","Stck","0.00","0.00","10.00","0.00","14.32","0.00","0.00","0 kg","","","","09.01.2012","","","","","","09.08.2007","nein","0.00","0.00","0.00","","","","","","","","","","","","",""
"","","","","","","","","","","","","","0.00","","0.00","","","0.00","","","","","","","","","","","","","","","","","","","","","","","","","","","",""
"P7","W","Arbeitsspeicher Occ. 2x4GB Kit DDR3 1333 MHZ","","Hardwareteile Occasion","","","","","0","0","Stck","0.00","0.00","70.00","0.00","14.32","0.00","0.00","0 kg","","","","19.12.2014","","","","","","09.08.2007","nein","0.00","0.00","0.00","","","","","","","","","","","","",""
"P7","W","Arbeitsspeicher Occ. 2x4GB Kit DDR3 1333 MHZ","","Hardwareteile Occasion","","","","","0","0","Stck","0.00","0.00","70.00","0.00","14.32","0.00","0.00","0 kg","","","","27.01.2015","","","","","","09.08.2007","nein","0.00","0.00","0.00","","","","","","","","","","","","",""
"","","","","","","","","","","","","","0.00","","0.00","","","0.00","","","","","","","","","","","","","","","","","","","","","","","","","","","",""
"P7","W","Arbeitsspeicher Occ. 3 x 2GB","","Hardwareteile Occasion","","","","","0","0","Stck","0.00","0.00","40.00","0.00","14.32","0.00","0.00","0 kg","","","","31.05.2016","","","","","","09.08.2007","nein","0.00","0.00","0.00","","","","","","","","","","","","",""
"","","","","","","","","","","","","","0.00","","0.00","","","0.00","","","","","","","","","","","","","","","","","","","","","","","","","","","",""
"P7","W","Arbeitsspeicher Occ. 4gb","","Hardwareteile Occasion","","","","","0","0","Stck","0.00","0.00","30.00","0.00","14.32","0.00","0.00","0 kg","","","","09.07.2018","","","","","","09.08.2007","nein","0.00","0.00","0.00","","","","","","","","","","","","",""
"","","","","","","","","","","","","","0.00","","0.00","","","0.00","","","","","","","","","","","","","","","","","","","","","","","","","","","",""
"P7","W","Arbeitsspeicher Occ. 4GB","","Hardwareteile Occasion","","","","","0","0","Stck","0.00","0.00","15.00","0.00","14.32","0.00","0.00","0 kg","","","","11.07.2018","","","","","","09.08.2007","nein","0.00","0.00","0.00","","","","","","","","","","","","",""
"","","","","","","","","","","","","","0.00","","0.00","","","0.00","","","","","","","","","","","","","","","","","","","","","","","","","","","",""
"P7","W","Arbeitsspeicher Occ. 4gb 4x1GB","","Hardwareteile Occasion","","","","","0","0","Stck","0.00","0.00","20.00","0.00","14.32","0.00","0.00","0 kg","","","","09.07.2018","","","","","","09.08.2007","nein","0.00","0.00","0.00","","","","","","","","","","","","",""
"P7","W","Arbeitsspeicher Occ. 4gb 4x1GB","","Hardwareteile Occasion","","","","","0","0","Stck","0.00","0.00","20.00","0.00","14.32","0.00","0.00","0 kg","","","","20.07.2018","","","","","","09.08.2007","nein","0.00","0.00","0.00","","","","","","","","","","","","",""
"","","","","","","","","","","","","","0.00","","0.00","","","0.00","","","","","","","","","","","","","","","","","","","","","","","","","","","",""
"P7","W","Arbeitsspeicher Occ. 4GB DDR3","","Hardwareteile Occasion","","","","","0","0","Stck","0.00","0.00","12.50","0.00","14.32","0.00","0.00","0 kg","","","","12.08.2019","","","","","","09.08.2007","nein","0.00","0.00","0.00","","","","","","","","","","","","",""
"","","","","","","","","","","","","","0.00","","0.00","","","0.00","","","","","","","","","","","","","","","","","","","","","","","","","","","",""
"P7","W","Arbeitsspeicher Occ. 4GB PC3 1600MHZ","","Hardwareteile Occasion","","","","","0","0","Stck","0.00","0.00","35.00","0.00","14.32","0.00","0.00","0 kg","","","","03.09.2018","","","","","","09.08.2007","nein","0.00","0.00","0.00","","","","","","","","","","","","",""
"P7","W","Arbeitsspeicher Occ. 4GB PC3 1600MHZ","","Hardwareteile Occasion","","","","","0","0","Stck","0.00","0.00","35.00","0.00","14.32","0.00","0.00","0 kg","","","","12.09.2018","","","","","","09.08.2007","nein","0.00","0.00","0.00","","","","","","","","","","","","",""
"","","","","","","","","","","","","","0.00","","0.00","","","0.00","","","","","","","","","","","","","","","","","","","","","","","","","","","",""
"P7","W","Arbeitsspeicher Occ. 512 MB","","Hardwareteile Occasion","","","","","0","0","Stck","0.00","0.00","20.00","0.00","14.32","0.00","0.00","0 kg","","","","26.06.2012","","","","","","09.08.2007","nein","0.00","0.00","0.00","","","","","","","","","","","","",""
"","","","","","","","","","","","","","0.00","","0.00","","","0.00","","","","","","","","","","","","","","","","","","","","","","","","","","","",""
"P7","W","Arbeitsspeicher Occ. 512MB","","Hardwareteile Occasion","","","","","0","0","Stck","0.00","0.00","15.00","0.00","14.32","0.00","0.00","0 kg","","","","20.03.2013","","","","","","09.08.2007","nein","0.00","0.00","0.00","","","","","","","","","","","","",""
"P7","W","Arbeitsspeicher Occ. 512MB","","Hardwareteile Occasion","","","","","0","0","Stck","0.00","0.00","15.00","0.00","14.32","0.00","0.00","0 kg","","","","24.10.2013","","","","","","09.08.2007","nein","0.00","0.00","0.00","","","","","","","","","","","","",""
"","","","","","","","","","","","","","0.00","","0.00","","","0.00","","","","","","","","","","","","","","","","","","","","","","","","","","","",""
"P7","W","Arbeitsspeicher Occ.512 MB DDR2 3200","","Hardwareteile Occasion","","","","","0","0","Stck","0.00","0.00","5.00","0.00","14.32","0.00","0.00","0 kg","","","","03.02.2014","","","","","","09.08.2007","nein","0.00","0.00","0.00","","","","","","","","","","","","",""
"","","","","","","","","","","","","","0.00","","0.00","","","0.00","","","","","","","","","","","","","","","","","","","","","","","","","","","",""
"P7","W","Arbeitsspeicher Occ. 512 MB SDRam","","Hardwareteile Occasion","","","","","0","0","Stck","0.00","0.00","15.00","0.00","14.32","0.00","0.00","0 kg","","","","02.05.2013","","","","","","09.08.2007","nein","0.00","0.00","0.00","","","","","","","","","","","","",""
"P7","W","Arbeitsspeicher Occ. 512 MB SDRam","","Hardwareteile Occasion","","","","","0","0","Stck","0.00","0.00","15.00","0.00","14.32","0.00","0.00","0 kg","","","","06.05.2013","","","","","","09.08.2007","nein","0.00","0.00","0.00","","","","","","","","","","","","",""
"","","","","","","","","","","","","","0.00","","0.00","","","0.00","","","","","","","","","","","","","","","","","","","","","","","","","","","",""
"P7","W","Arbeitsspeicher Occ. 512MB So-Dimm","","Hardwareteile Occasion","","","","","0","0","Stck","0.00","0.00","20.00","0.00","14.32","0.00","0.00","0 kg","","","","12.09.2011","","","","","","09.08.2007","nein","0.00","0.00","0.00","","","","","","","","","","","","",""
"","","","","","","","","","","","","","0.00","","0.00","","","0.00","","","","","","","","","","","","","","","","","","","","","","","","","","","",""
"P7","W","Arbeitsspeicher Occ. 512 MB SO-Dimm DDR2","","Hardwareteile Occasion","","","","","0","0","Stck","0.00","0.00","10.00","0.00","14.32","0.00","0.00","0 kg","","","","15.06.2018","","","","","","09.08.2007","nein","0.00","0.00","0.00","","","","","","","","","","","","",""
"P7","W","Arbeitsspeicher Occ. 512 MB SO-Dimm DDR2","","Hardwareteile Occasion","","","","","0","0","Stck","0.00","0.00","10.00","0.00","14.32","0.00","0.00","0 kg","","","","24.08.2018","","","","","","09.08.2007","nein","0.00","0.00","0.00","","","","","","","","","","","","",""
"","","","","","","","","","","","","","0.00","","0.00","","","0.00","","","","","","","","","","","","","","","","","","","","","","","","","","","",""
"P7","W","Arbeitsspeicher Occ. 8GB","","Hardwareteile Occasion","","","","","0","0","Stck","0.00","0.00","12.50","0.00","14.32","0.00","0.00","0 kg","","","","14.10.2019","","","","","","09.08.2007","nein","0.00","0.00","0.00","","","","","","","","","","","","",""
"","","","","","","","","","","","","","0.00","","0.00","","","0.00","","","","","","","","","","","","","","","","","","","","","","","","","","","",""
"P7","W","Arbeitsspeicher Occ. DDR1 1GB","","Hardwareteile Occasion","","","","","0","0","Stck","0.00","0.00","12.50","0.00","14.32","0.00","0.00","0 kg","","","","12.04.2012","","","","","","09.08.2007","nein","0.00","0.00","0.00","","","","","","","","","","","","",""
"","","","","","","","","","","","","","0.00","","0.00","","","0.00","","","","","","","","","","","","","","","","","","","","","","","","","","","",""
"P7","W","Arbeitsspeicher Occ. DDR2 1GB","","Hardwareteile Occasion","","","","","0","0","Stck","0.00","0.00","15.00","0.00","14.32","0.00","0.00","0 kg","","","","05.07.2016","","","","","","09.08.2007","nein","0.00","0.00","0.00","","","","","","","","","","","","",""
"","","","","","","","","","","","","","0.00","","0.00","","","0.00","","","","","","","","","","","","","","","","","","","","","","","","","","","",""
"P7","W","Arbeitsspeicher Occ. DDR2 2 GB","","Hardwareteile Occasion","","","","","0","0","Stck","0.00","0.00","15.00","0.00","14.32","0.00","0.00","0 kg","","","","17.06.2016","","","","","","09.08.2007","nein","0.00","0.00","0.00","","","","","","","","","","","","",""
"","","","","","","","","","","","","","0.00","","0.00","","","0.00","","","","","","","","","","","","","","","","","","","","","","","","","","","",""
"P7","W","Arbeitsspeicher Occ. DDR2 So-Dimm PC2-5300","","Hardwareteile Occasion","","","","","0","0","Stck","0.00","0.00","25.00","0.00","14.32","0.00","0.00","0 kg","","","","29.10.2018","","","","","","09.08.2007","nein","0.00","0.00","0.00","","","","","","","","","","","","",""
"","","","","","","","","","","","","","0.00","","0.00","","","0.00","","","","","","","","","","","","","","","","","","","","","","","","","","","",""
"P7","W","Arbeitsspeicher Occ. DDR3 So-Dimm 4 GB","","Hardwareteile Occasion","","","","","0","0","Stck","0.00","0.00","17.50","0.00","14.32","0.00","0.00","0 kg","","","","25.05.2018","","","","","","09.08.2007","nein","0.00","0.00","0.00","","","","","","","","","","","","",""
"","","","","","","","","","","","","","0.00","","0.00","","","0.00","","","","","","","","","","","","","","","","","","","","","","","","","","","",""
"P7","W","Arbeitsspeicher Occ. DDR Memory 128 MB","","Hardwareteile Occasion","","","","","0","0","Stck","0.00","0.00","5.00","0.00","14.32","0.00","0.00","0 kg","","","","02.09.2011","","","","","","09.08.2007","nein","0.00","0.00","0.00","","","","","","","","","","","","",""
"","","","","","","","","","","","","","0.00","","0.00","","","0.00","","","","","","","","","","","","","","","","","","","","","","","","","","","",""
"P7","W","Arbeitsspeicher Occ. DDR Memory 256 MB","","Hardwareteile Occasion","","","","","0","0","Stck","0.00","0.00","6.00","0.00","14.32","0.00","0.00","0 kg","","","","02.09.2011","","","","","","09.08.2007","nein","0.00","0.00","0.00","","","","","","","","","","","","",""
"","","","","","","","","","","","","","0.00","","0.00","","","0.00","","","","","","","","","","","","","","","","","","","","","","","","","","","",""
"P7","W","Arbeitsspeicher Occ. HP 2840 Drucker DIMM","","Hardwareteile Occasion","","","","","0","0","Stck","0.00","0.00","25.00","0.00","14.32","0.00","0.00","0 kg","","","","29.04.2015","","","","","","09.08.2007","nein","0.00","0.00","0.00","","","","","","","","","","","","",""
"","","","","","","","","","","","","","0.00","","0.00","","","0.00","","","","","","","","","","","","","","","","","","","","","","","","","","","",""
"P7","W","Arbeitsspeicher Occ. Kingston DDR2 So-Dimm 2 GB","","Hardwareteile Occasion","","","","","0","0","Stck","0.00","0.00","20.00","0.00","14.32","0.00","0.00","0 kg","","","","07.03.2018","","","","","","09.08.2007","nein","0.00","0.00","0.00","","","","","","","","","","","","",""
"","","","","","","","","","","","","","0.00","","0.00","","","0.00","","","","","","","","","","","","","","","","","","","","","","","","","","","",""
"P7","W","Arbeitsspeicher occ. Kit 2x2GB DDR2-800 Non-ECC unbuffered DELL / Hynix HYMP125U64CP8-S6 CAL 6","","Hardwareteile Occasion","","","","","0","0","Stck","0.00","0.00","34.00","0.00","14.32","0.00","0.00","0 kg","","","","13.07.2012","","","","","","09.08.2007","nein","0.00","0.00","0.00","","","","","","","","","","","","",""
"","","","","","","","","","","","","","0.00","","0.00","","","0.00","","","","","","","","","","","","","","","","","","","","","","","","","","","",""
"P7","W","Arbeitsspeicher Occ. So-DImm 512 MB DDR1 333 MHZ","","Hardwareteile Occasion","","","","","0","0","Stck","0.00","0.00","20.00","0.00","14.32","0.00","0.00","0 kg","","","","22.01.2014","","","","","","09.08.2007","nein","0.00","0.00","0.00","","","","","","","","","","","","",""
"","","","","","","","","","","","","","0.00","","0.00","","","0.00","","","","","","","","","","","","","","","","","","","","","","","","","","","",""
"P7","W","Arbeitsspeicher Occ. SO-DIMM 512 MB DDR1 333 MHZ (PC2700)","","Hardwareteile Occasion","","","","","0","0","Stck","0.00","0.00","20.00","0.00","14.32","0.00","0.00","0 kg","","","","05.02.2014","","","","","","09.08.2007","nein","0.00","0.00","0.00","","","","","","","","","","","","",""
"","","","","","","","","","","","","","0.00","","0.00","","","0.00","","","","","","","","","","","","","","","","","","","","","","","","","","","",""
"P7","W","Arbeitsspeicher Occ. SoDimm DDR2 2 GB","","Hardwareteile Occasion","","","","","0","0","Stck","0.00","0.00","20.00","0.00","14.32","0.00","0.00","0 kg","","","","01.12.2016","","","","","","09.08.2007","nein","0.00","0.00","0.00","","","","","","","","","","","","",""
"","","","","","","","","","","","","","0.00","","0.00","","","0.00","","","","","","","","","","","","","","","","","","","","","","","","","","","",""
"P7","W","Arbeitsspeicher Occ. SoDimm SDRam 256 MB","","Hardwareteile Occasion","","","","","0","0","Stck","0.00","0.00","10.00","0.00","14.32","0.00","0.00","0 kg","","","","21.10.2016","","","","","","09.08.2007","nein","0.00","0.00","0.00","","","","","","","","","","","","",""
"","","","","","","","","","","","","","0.00","","0.00","","","0.00","","","","","","","","","","","","","","","","","","","","","","","","","","","",""
"P7","W","Arbeitsspeicher Occ.SoDimm SDRAM 512MB 144pin","","Hardwareteile Occasion","","","","","0","0","Stck","0.00","0.00","75.00","0.00","14.32","0.00","0.00","0 kg","","","","29.11.2013","","","","","","09.08.2007","nein","0.00","0.00","0.00","","","","","","","","","","","","",""
"","","","","","","","","","","","","","0.00","","0.00","","","0.00","","","","","","","","","","","","","","","","","","","","","","","","","","","",""
"000201","W","Arbeitsspeicher sk hynix 4gb 2rx8 pc3l-12800s-11-12-f3","","","","","","","0","0","Stck","0.00","0.00","25.00","0.00","0.00","0.00","0.00","0 kg","","","","29.01.2021","","","","","","22.01.2015","ja","0.00","0.00","0.00","","diverse","0","0","0","","","","","","","",""
"","","","","","","","","","","","","","0.00","","0.00","","","0.00","","","","","","","","","","","","","","","","","","","","","","","","","","","",""
"000201","W","Arbeitsspeicher Sodimm 4 Gb DDR3","","","","","","","0","0","Stck","0.00","0.00","20.00","0.00","0.00","0.00","0.00","0 kg","","","","19.10.2023","","","","","","22.01.2015","ja","0.00","0.00","0.00","","diverse","0","0","0","","","","","","","",""
"000201","W","Arbeitsspeicher Sodimm 4 Gb DDR3","","","","","","","0","0","Stck","0.00","0.00","20.00","0.00","0.00","0.00","0.00","0 kg","","","","15.11.2023","","","","","","22.01.2015","ja","0.00","0.00","0.00","","diverse","0","0","0","","","","","","","",""
"","","","","","","","","","","","","","0.00","","0.00","","","0.00","","","","","","","","","","","","","","","","","","","","","","","","","","","",""
"P7","W","Arbeitsspeicher So-Dimm DDR3 2 GB","","Hardwareteile Occasion","","","","","0","0","Stck","0.00","0.00","7.70","0.00","14.32","0.00","0.00","0 kg","","","","16.10.2017","","","","","","09.08.2007","nein","0.00","0.00","0.00","","","","","","","","","","","","",""
"","","","","","","","","","","","","","0.00","","0.00","","","0.00","","","","","","","","","","","","","","","","","","","","","","","","","","","",""
"000201","W","Arbeitsspeicher SODimm DDR3 4 GB, Spezialpreis für Projekt in Brazzaville","","","","","","","0","0","Stck","0.00","0.00","5.00","0.00","0.00","0.00","0.00","0 kg","","","","27.10.2023","","","","","","22.01.2015","ja","0.00","0.00","0.00","","diverse","0","0","0","","","","","","","",""
"","","","","","","","","","","","","","0.00","","0.00","","","0.00","","","","","","","","","","","","","","","","","","","","","","","","","","","",""
"000201","W","Arbeitsspeicher So-Dimm DDR3 8 GB","","","","","","","0","0","Stck","0.00","0.00","30.00","0.00","0.00","0.00","0.00","0 kg","","","","25.06.2024","","","","","","22.01.2015","ja","0.00","0.00","0.00","","diverse","0","0","0","","","","","","","",""
"","","","","","","","","","","","","","0.00","","0.00","","","0.00","","","","","","","","","","","","","","","","","","","","","","","","","","","",""
"P7","W","Arbeitsspeicher SoDimm SDRam 128 MB Occasion","","Hardwareteile Occasion","","","","","0","0","Stck","0.00","0.00","15.00","0.00","14.32","0.00","0.00","0 kg","","","","26.02.2011","","","","","","09.08.2007","nein","0.00","0.00","0.00","","","","","","","","","","","","",""
"P7","W","Arbeitsspeicher SoDimm SDRam 128 MB Occasion","","Hardwareteile Occasion","","","","","0","0","Stck","0.00","0.00","15.00","0.00","14.32","0.00","0.00","0 kg","","","","24.07.2011","","","","","","09.08.2007","nein","0.00","0.00","0.00","","","","","","","","","","","","",""
"","","","","","","","","","","","","","0.00","","0.00","","","0.00","","","","","","","","","","","","","","","","","","","","","","","","","","","",""
"P7","W","Arbeitsspeicher Upgrade von 1 GB auf 2 GB","","Hardwareteile Occasion","","","","","0","0","Stck","0.00","0.00","100.00","0.00","14.32","0.00","0.00","0 kg","","","","02.07.2012","","","","","","09.08.2007","nein","0.00","0.00","0.00","","","","","","","","","","","","",""
"","","","","","","","","","","","","","0.00","","0.00","","","0.00","","","","","","","","","","","","","","","","","","","","","","","","","","","",""
"P7","W","Arbeitsspeicher Upgrade von 1 GB auf 2 GB","","Hardwareteile Occasion","","","","","0","0","Stck","0.00","0.00","100.00","0.00","14.32","0.00","0.00","0 kg","","","","31.07.2011","","","","","","09.08.2007","nein","0.00","0.00","0.00","","","","","","","","","","","","",""
"","","","","","","","","","","","","","0.00","","0.00","","","0.00","","","","","","","","","","","","","","","","","","","","","","","","","","","",""
"D11","D","Arbeitsweg","","Dienstleistung","","","","","0","0","psch","0.00","0.00","50.00","0.00","17.20","0.00","0.00","0 kg","","","","16.06.2009","","","","","","24.08.2007","nein","0.00","0.00","0.00","","","","","","","","","","","","",""
"","","","","","","","","","","","","","0.00","","0.00","","","0.00","","","","","","","","","","","","","","","","","","","","","","","","","","","",""
"D23","D","Arbeitsweg 6 x Hin- und Rückweg","","Dienstleistung","","","","","0","0","Std","0.00","0.00","70.00","0.00","0.00","0.00","0.00","0 kg","","","","27.11.2009","","","","","","28.03.2009","nein","0.00","0.00","0.00","","","","","","","","","","","","",""
"","","","","","","","","","","","","","0.00","","0.00","","","0.00","","","","","","","","","","","","","","","","","","","","","","","","","","","",""
"D11","D","Arbeitsweg (nur 1x verrechnet)","","Dienstleistung","","","","","0","0","psch","0.00","0.00","70.00","0.00","17.20","0.00","0.00","0 kg","","","","30.12.2008","","","","","","24.08.2007","nein","0.00","0.00","0.00","","","","","","","","","","","","",""
"","","","","","","","","","","","","","0.00","","0.00","","","0.00","","","","","","","","","","","","","","","","","","","","","","","","","","","",""
"D48","D","Arbeitszeit","","","","","","","0","0","Stck","0.00","0.00","70.00","0.00","50.00","0.00","0.00","0 kg","","","","06.03.2014","","","","","","30.04.2014","nein","70.00","0.00","0.00","","3Com","","","","","","","","","","",""
"D48","D","Arbeitszeit","","","","","","","0","0","Stck","0.00","0.00","70.00","0.00","50.00","0.00","0.00","0 kg","","","","05.05.2014","","","","","","30.04.2014","nein","70.00","0.00","0.00","","3Com","","","","","","","","","","",""
"D48","D","Arbeitszeit","","","","","","","0","0","Stck","0.00","0.00","70.00","0.00","50.00","0.00","0.00","0 kg","","","","02.02.2015","","","","","","30.04.2014","nein","70.00","0.00","0.00","","3Com","","","","","","","","","","",""
"D48","D","Arbeitszeit","","","","","","","0","0","Stck","0.00","0.00","8.00","0.00","50.00","0.00","0.00","0 kg","","","","24.09.2015","","","","","","30.04.2014","nein","70.00","0.00","0.00","","3Com","","","","","","","","","","",""
"D48","D","Arbeitszeit","","","","","","","0","0","Stck","0.00","0.00","8.00","0.00","50.00","0.00","0.00","0 kg","","","","26.10.2015","","","","","","30.04.2014","nein","70.00","0.00","0.00","","3Com","","","","","","","","","","",""
"D48","D","Arbeitszeit","","","","","","","0","0","Stck","0.00","0.00","50.00","0.00","50.00","0.00","0.00","0 kg","","","","25.01.2016","","","","","","30.04.2014","nein","70.00","0.00","0.00","","3Com","","","","","","","","","","",""
"D48","D","Arbeitszeit","","","","","","","0","0","Stck","0.00","0.00","70.00","0.00","50.00","0.00","0.00","0 kg","","","","16.03.2016","","","","","","30.04.2014","nein","70.00","0.00","0.00","","3Com","","","","","","","","","","",""
"D48","D","Arbeitszeit","","","","","","","0","0","Stck","0.00","0.00","70.00","0.00","50.00","0.00","0.00","0 kg","","","","06.04.2016","","","","","","30.04.2014","nein","70.00","0.00","0.00","","3Com","","","","","","","","","","",""
"D48","D","Arbeitszeit","","","","","","","0","0","Stck","0.00","0.00","70.00","0.00","50.00","0.00","0.00","0 kg","","","","03.10.2016","","","","","","30.04.2014","nein","70.00","0.00","0.00","","3Com","","","","","","","","","","",""
"D48","D","Arbeitszeit","","","","","","","0","0","Stck","0.00","0.00","70.00","0.00","50.00","0.00","0.00","0 kg","","","","21.11.2016","","","","","","30.04.2014","nein","70.00","0.00","0.00","","3Com","","","","","","","","","","",""
"D48","D","Arbeitszeit","","","","","","","0","0","Stck","0.00","0.00","35.00","0.00","50.00","0.00","0.00","0 kg","","","","22.12.2016","","","","","","30.04.2014","nein","70.00","0.00","0.00","","3Com","","","","","","","","","","",""
"D48","D","Arbeitszeit","","","","","","","0","0","Stck","0.00","0.00","70.00","0.00","50.00","0.00","0.00","0 kg","","","","04.01.2017","","","","","","30.04.2014","nein","70.00","0.00","0.00","","3Com","","","","","","","","","","",""
"D48","D","Arbeitszeit","","","","","","","0","0","Stck","0.00","0.00","35.00","0.00","50.00","0.00","0.00","0 kg","","","","18.01.2017","","","","","","30.04.2014","nein","70.00","0.00","0.00","","3Com","","","","","","","","","","",""
"D48","D","Arbeitszeit","","","","","","","0","0","Stck","0.00","0.00","70.00","0.00","50.00","0.00","0.00","0 kg","","","","20.02.2017","","","","","","30.04.2014","nein","70.00","0.00","0.00","","3Com","","","","","","","","","","",""
"D48","D","Arbeitszeit","","","","","","","0","0","Stck","0.00","0.00","35.00","0.00","50.00","0.00","0.00","0 kg","","","","27.03.2017","","","","","","30.04.2014","nein","70.00","0.00","0.00","","3Com","","","","","","","","","","",""
"D48","D","Arbeitszeit","","","","","","","0","0","Stck","0.00","0.00","70.00","0.00","50.00","0.00","0.00","0 kg","","","","29.03.2017","","","","","","30.04.2014","nein","70.00","0.00","0.00","","3Com","","","","","","","","","","",""
"D48","D","Arbeitszeit","","","","","","","0","0","Stck","0.00","0.00","70.00","0.00","50.00","0.00","0.00","0 kg","","","","17.05.2017","","","","","","30.04.2014","nein","70.00","0.00","0.00","","3Com","","","","","","","","","","",""
"D48","D","Arbeitszeit","","","","","","","0","0","Stck","0.00","0.00","70.00","0.00","50.00","0.00","0.00","0 kg","","","","22.05.2017","","","","","","30.04.2014","nein","70.00","0.00","0.00","","3Com","","","","","","","","","","",""
"D48","D","Arbeitszeit","","","","","","","0","0","Stck","0.00","0.00","70.00","0.00","50.00","0.00","0.00","0 kg","","","","07.06.2017","","","","","","30.04.2014","nein","70.00","0.00","0.00","","3Com","","","","","","","","","","",""
"D48","D","Arbeitszeit","","","","","","","0","0","Stck","0.00","0.00","70.00","0.00","50.00","0.00","0.00","0 kg","","","","13.06.2017","","","","","","30.04.2014","nein","70.00","0.00","0.00","","3Com","","","","","","","","","","",""
"D48","D","Arbeitszeit","","","","","","","0","0","Stck","0.00","0.00","70.00","0.00","50.00","0.00","0.00","0 kg","","","","20.06.2017","","","","","","30.04.2014","nein","70.00","0.00","0.00","","3Com","","","","","","","","","","",""
"D48","D","Arbeitszeit","","","","","","","0","0","Stck","0.00","0.00","70.00","0.00","50.00","0.00","0.00","0 kg","","","","10.07.2017","","","","","","30.04.2014","nein","70.00","0.00","0.00","","3Com","","","","","","","","","","",""
"D48","D","Arbeitszeit","","","","","","","0","0","Stck","0.00","0.00","20.00","0.00","50.00","0.00","0.00","0 kg","","","","21.08.2017","","","","","","30.04.2014","nein","70.00","0.00","0.00","","3Com","","","","","","","","","","",""
"D48","D","Arbeitszeit","","","","","","","0","0","Stck","0.00","0.00","70.00","0.00","50.00","0.00","0.00","0 kg","","","","21.08.2017","","","","","","30.04.2014","nein","70.00","0.00","0.00","","3Com","","","","","","","","","","",""
"D48","D","Arbeitszeit","","","","","","","0","0","Stck","0.00","0.00","20.00","0.00","50.00","0.00","0.00","0 kg","","","","13.09.2017","","","","","","30.04.2014","nein","70.00","0.00","0.00","","3Com","","","","","","","","","","",""
"D48","D","Arbeitszeit","","","","","","","0","0","Stck","0.00","0.00","70.00","0.00","50.00","0.00","0.00","0 kg","","","","13.09.2017","","","","","","30.04.2014","nein","70.00","0.00","0.00","","3Com","","","","","","","","","","",""
"D48","D","Arbeitszeit","","","","","","","0","0","Stck","0.00","0.00","70.00","0.00","50.00","0.00","0.00","0 kg","","","","13.10.2017","","","","","","30.04.2014","nein","70.00","0.00","0.00","","3Com","","","","","","","","","","",""
"D48","D","Arbeitszeit","","","","","","","0","0","Stck","0.00","0.00","70.00","0.00","50.00","0.00","0.00","0 kg","","","","25.10.2017","","","","","","30.04.2014","nein","70.00","0.00","0.00","","3Com","","","","","","","","","","",""
"D48","D","Arbeitszeit","","","","","","","0","0","Stck","0.00","0.00","0.00","0.00","50.00","0.00","0.00","0 kg","","","","13.11.2017","","","","","","30.04.2014","nein","70.00","0.00","0.00","","3Com","","","","","","","","","","",""
"D48","D","Arbeitszeit","","","","","","","0","0","Stck","0.00","0.00","70.00","0.00","50.00","0.00","0.00","0 kg","","","","30.11.2017","","","","","","30.04.2014","nein","70.00","0.00","0.00","","3Com","","","","","","","","","","",""
"D48","D","Arbeitszeit","","","","","","","0","0","Stck","0.00","0.00","35.00","0.00","50.00","0.00","0.00","0 kg","","","","05.02.2018","","","","","","30.04.2014","nein","70.00","0.00","0.00","","3Com","","","","","","","","","","",""
"D48","D","Arbeitszeit","","","","","","","0","0","Stck","0.00","0.00","70.00","0.00","50.00","0.00","0.00","0 kg","","","","07.02.2018","","","","","","30.04.2014","nein","70.00","0.00","0.00","","3Com","","","","","","","","","","",""
"D48","D","Arbeitszeit","","","","","","","0","0","Stck","0.00","0.00","70.00","0.00","50.00","0.00","0.00","0 kg","","","","12.02.2018","","","","","","30.04.2014","nein","70.00","0.00","0.00","","3Com","","","","","","","","","","",""
"D48","D","Arbeitszeit","","","","","","","0","0","Stck","0.00","0.00","70.00","0.00","50.00","0.00","0.00","0 kg","","","","09.07.2018","","","","","","30.04.2014","nein","70.00","0.00","0.00","","3Com","","","","","","","","","","",""
"D48","D","Arbeitszeit","","","","","","","0","0","Stck","0.00","0.00","35.00","0.00","50.00","0.00","0.00","0 kg","","","","11.07.2018","","","","","","30.04.2014","nein","70.00","0.00","0.00","","3Com","","","","","","","","","","",""
"D48","D","Arbeitszeit","","","","","","","0","0","Stck","0.00","0.00","70.00","0.00","50.00","0.00","0.00","0 kg","","","","01.10.2018","","","","","","30.04.2014","nein","70.00","0.00","0.00","","3Com","","","","","","","","","","",""
"D48","D","Arbeitszeit","","","","","","","0","0","Stck","0.00","0.00","20.00","0.00","50.00","0.00","0.00","0 kg","","","","05.11.2018","","","","","","30.04.2014","nein","70.00","0.00","0.00","","3Com","","","","","","","","","","",""
"D48","D","Arbeitszeit","","","","","","","0","0","Stck","0.00","0.00","70.00","0.00","50.00","0.00","0.00","0 kg","","","","07.11.2018","","","","","","30.04.2014","nein","70.00","0.00","0.00","","3Com","","","","","","","","","","",""
"D48","D","Arbeitszeit","","","","","","","0","0","Stck","0.00","0.00","20.00","0.00","50.00","0.00","0.00","0 kg","","","","21.11.2018","","","","","","30.04.2014","nein","70.00","0.00","0.00","","3Com","","","","","","","","","","",""
"D48","D","Arbeitszeit","","","","","","","0","0","Stck","0.00","0.00","35.00","0.00","50.00","0.00","0.00","0 kg","","","","23.11.2018","","","","","","30.04.2014","nein","70.00","0.00","0.00","","3Com","","","","","","","","","","",""
"D48","D","Arbeitszeit","","","","","","","0","0","Stck","0.00","0.00","70.00","0.00","50.00","0.00","0.00","0 kg","","","","15.01.2019","","","","","","30.04.2014","nein","70.00","0.00","0.00","","3Com","","","","","","","","","","",""
"D48","D","Arbeitszeit","","","","","","","0","0","Stck","0.00","0.00","70.00","0.00","50.00","0.00","0.00","0 kg","","","","16.01.2019","","","","","","30.04.2014","nein","70.00","0.00","0.00","","3Com","","","","","","","","","","",""
"D48","D","Arbeitszeit","","","","","","","0","0","Stck","0.00","0.00","70.00","0.00","50.00","0.00","0.00","0 kg","","","","17.01.2019","","","","","","30.04.2014","nein","70.00","0.00","0.00","","3Com","","","","","","","","","","",""
"D48","D","Arbeitszeit","","","","","","","0","0","Stck","0.00","0.00","40.00","0.00","50.00","0.00","0.00","0 kg","","","","21.01.2019","","","","","","30.04.2014","nein","70.00","0.00","0.00","","3Com","","","","","","","","","","",""
"D48","D","Arbeitszeit","","","","","","","0","0","Stck","0.00","0.00","70.00","0.00","50.00","0.00","0.00","0 kg","","","","21.01.2019","","","","","","30.04.2014","nein","70.00","0.00","0.00","","3Com","","","","","","","","","","",""
"D48","D","Arbeitszeit","","","","","","","0","0","Stck","0.00","0.00","70.00","0.00","50.00","0.00","0.00","0 kg","","","","06.02.2019","","","","","","30.04.2014","nein","70.00","0.00","0.00","","3Com","","","","","","","","","","",""
"D48","D","Arbeitszeit","","","","","","","0","0","Stck","0.00","0.00","70.00","0.00","50.00","0.00","0.00","0 kg","","","","11.02.2019","","","","","","30.04.2014","nein","70.00","0.00","0.00","","3Com","","","","","","","","","","",""
"D48","D","Arbeitszeit","","","","","","","0","0","Stck","0.00","0.00","70.00","0.00","50.00","0.00","0.00","0 kg","","","","20.02.2019","","","","","","30.04.2014","nein","70.00","0.00","0.00","","3Com","","","","","","","","","","",""
"D48","D","Arbeitszeit","","","","","","","0","0","Stck","0.00","0.00","70.00","0.00","50.00","0.00","0.00","0 kg","","","","27.02.2019","","","","","","30.04.2014","nein","70.00","0.00","0.00","","3Com","","","","","","","","","","",""
"D48","D","Arbeitszeit","","","","","","","0","0","Stck","0.00","0.00","30.00","0.00","50.00","0.00","0.00","0 kg","","","","15.04.2019","","","","","","30.04.2014","nein","70.00","0.00","0.00","","3Com","","","","","","","","","","",""
"D48","D","Arbeitszeit","","","","","","","0","0","Stck","0.00","0.00","30.00","0.00","50.00","0.00","0.00","0 kg","","","","22.05.2019","","","","","","30.04.2014","nein","70.00","0.00","0.00","","3Com","","","","","","","","","","",""
"D48","D","Arbeitszeit","","","","","","","0","0","Stck","0.00","0.00","30.00","0.00","50.00","0.00","0.00","0 kg","","","","27.05.2019","","","","","","30.04.2014","nein","70.00","0.00","0.00","","3Com","","","","","","","","","","",""
"D48","D","Arbeitszeit","","","","","","","0","0","Stck","0.00","0.00","70.00","0.00","50.00","0.00","0.00","0 kg","","","","16.08.2019","","","","","","30.04.2014","nein","70.00","0.00","0.00","","3Com","","","","","","","","","","",""
"D48","D","Arbeitszeit","","","","","","","0","0","Stck","0.00","0.00","70.00","0.00","50.00","0.00","0.00","0 kg","","","","11.09.2019","","","","","","30.04.2014","nein","70.00","0.00","0.00","","3Com","","","","","","","","","","",""
"D48","D","Arbeitszeit","","","","","","","0","0","Stck","0.00","0.00","70.00","0.00","50.00","0.00","0.00","0 kg","","","","16.09.2019","","","","","","30.04.2014","nein","70.00","0.00","0.00","","3Com","","","","","","","","","","",""
"D48","D","Arbeitszeit","","","","","","","0","0","Stck","0.00","0.00","35.00","0.00","50.00","0.00","0.00","0 kg","","","","25.09.2019","","","","","","30.04.2014","nein","70.00","0.00","0.00","","3Com","","","","","","","","","","",""
"D48","D","Arbeitszeit","","","","","","","0","0","Stck","0.00","0.00","35.00","0.00","50.00","0.00","0.00","0 kg","","","","03.10.2019","","","","","","30.04.2014","nein","70.00","0.00","0.00","","3Com","","","","","","","","","","",""
"D48","D","Arbeitszeit","","","","","","","0","0","Stck","0.00","0.00","70.00","0.00","50.00","0.00","0.00","0 kg","","","","03.10.2019","","","","","","30.04.2014","nein","70.00","0.00","0.00","","3Com","","","","","","","","","","",""
"D48","D","Arbeitszeit","","","","","","","0","0","Stck","0.00","0.00","70.00","0.00","50.00","0.00","0.00","0 kg","","","","22.11.2019","","","","","","30.04.2014","nein","70.00","0.00","0.00","","3Com","","","","","","","","","","",""
"D48","D","Arbeitszeit","","","","","","","0","0","Stck","0.00","0.00","20.00","0.00","50.00","0.00","0.00","0 kg","","","","28.11.2019","","","","","","30.04.2014","nein","70.00","0.00","0.00","","3Com","","","","","","","","","","",""
"D48","D","Arbeitszeit","","","","","","","0","0","Stck","0.00","0.00","0.00","0.00","50.00","0.00","0.00","0 kg","","","","07.04.2021","","","","","","30.04.2014","nein","70.00","0.00","0.00","","3Com","","","","","","","","","","",""
"D48","D","Arbeitszeit","","","","","","","0","0","Stck","0.00","0.00","70.00","0.00","50.00","0.00","0.00","0 kg","","","","26.04.2021","","","","","","30.04.2014","nein","70.00","0.00","0.00","","3Com","","","","","","","","","","",""
"D48","D","Arbeitszeit","","","","","","","0","0","Stck","0.00","0.00","70.00","0.00","50.00","0.00","0.00","0 kg","","","","02.06.2021","","","","","","30.04.2014","nein","70.00","0.00","0.00","","3Com","","","","","","","","","","",""
"D48","D","Arbeitszeit","","","","","","","0","0","Stck","0.00","0.00","70.00","0.00","50.00","0.00","0.00","0 kg","","","","24.06.2021","","","","","","30.04.2014","nein","70.00","0.00","0.00","","3Com","","","","","","","","","","",""
"D48","D","Arbeitszeit","","","","","","","0","0","Stck","0.00","0.00","70.00","0.00","50.00","0.00","0.00","0 kg","","","","09.07.2021","","","","","","30.04.2014","nein","70.00","0.00","0.00","","3Com","","","","","","","","","","",""
"D48","D","Arbeitszeit","","","","","","","0","0","Stck","0.00","0.00","70.00","0.00","50.00","0.00","0.00","0 kg","","","","05.08.2021","","","","","","30.04.2014","nein","70.00","0.00","0.00","","3Com","","","","","","","","","","",""
"D48","D","Arbeitszeit","","","","","","","0","0","Stck","0.00","0.00","70.00","0.00","50.00","0.00","0.00","0 kg","","","","01.09.2021","","","","","","30.04.2014","nein","70.00","0.00","0.00","","3Com","","","","","","","","","","",""
"D48","D","Arbeitszeit","","","","","","","0","0","Stck","0.00","0.00","70.00","0.00","50.00","0.00","0.00","0 kg","","","","03.09.2021","","","","","","30.04.2014","nein","70.00","0.00","0.00","","3Com","","","","","","","","","","",""
"D48","D","Arbeitszeit","","","","","","","0","0","Stck","0.00","0.00","70.00","0.00","50.00","0.00","0.00","0 kg","","","","06.09.2021","","","","","","30.04.2014","nein","70.00","0.00","0.00","","3Com","","","","","","","","","","",""
"D48","D","Arbeitszeit","","","","","","","0","0","Stck","0.00","0.00","70.00","0.00","50.00","0.00","0.00","0 kg","","","","10.09.2021","","","","","","30.04.2014","nein","70.00","0.00","0.00","","3Com","","","","","","","","","","",""
"D48","D","Arbeitszeit","","","","","","","0","0","Stck","0.00","0.00","70.00","0.00","50.00","0.00","0.00","0 kg","","","","22.09.2021","","","","","","30.04.2014","nein","70.00","0.00","0.00","","3Com","","","","","","","","","","",""
"D48","D","Arbeitszeit","","","","","","","0","0","Stck","0.00","0.00","70.00","0.00","50.00","0.00","0.00","0 kg","","","","25.09.2021","","","","","","30.04.2014","nein","70.00","0.00","0.00","","3Com","","","","","","","","","","",""
"D48","D","Arbeitszeit","","","","","","","0","0","Stck","0.00","0.00","70.00","0.00","50.00","0.00","0.00","0 kg","","","","27.09.2021","","","","","","30.04.2014","nein","70.00","0.00","0.00","","3Com","","","","","","","","","","",""
"D48","D","Arbeitszeit","","","","","","","0","0","Stck","0.00","0.00","70.00","0.00","50.00","0.00","0.00","0 kg","","","","29.09.2021","","","","","","30.04.2014","nein","70.00","0.00","0.00","","3Com","","","","","","","","","","",""
"D48","D","Arbeitszeit","","","","","","","0","0","Stck","0.00","0.00","35.00","0.00","50.00","0.00","0.00","0 kg","","","","12.10.2021","","","","","","30.04.2014","nein","70.00","0.00","0.00","","3Com","","","","","","","","","","",""
"D48","D","Arbeitszeit","","","","","","","0","0","Stck","0.00","0.00","70.00","0.00","50.00","0.00","0.00","0 kg","","","","12.10.2021","","","","","","30.04.2014","nein","70.00","0.00","0.00","","3Com","","","","","","","","","","",""
"D48","D","Arbeitszeit","","","","","","","0","0","Stck","0.00","0.00","70.00","0.00","50.00","0.00","0.00","0 kg","","","","12.10.2021","","","","","","30.04.2014","nein","70.00","0.00","0.00","","3Com","","","","","","","","","","",""
"D48","D","Arbeitszeit","","","","","","","0","0","Stck","0.00","0.00","70.00","0.00","50.00","0.00","0.00","0 kg","","","","13.10.2021","","","","","","30.04.2014","nein","70.00","0.00","0.00","","3Com","","","","","","","","","","",""
"D48","D","Arbeitszeit","","","","","","","0","0","Stck","0.00","0.00","70.00","0.00","50.00","0.00","0.00","0 kg","","","","14.10.2021","","","","","","30.04.2014","nein","70.00","0.00","0.00","","3Com","","","","","","","","","","",""
"D48","D","Arbeitszeit","","","","","","","0","0","Stck","0.00","0.00","70.00","0.00","50.00","0.00","0.00","0 kg","","","","13.01.2022","","","","","","30.04.2014","nein","70.00","0.00","0.00","","3Com","","","","","","","","","","",""
"D48","D","Arbeitszeit","","","","","","","0","0","Stck","0.00","0.00","0.00","0.00","50.00","0.00","0.00","0 kg","","","","13.01.2022","","","","","","30.04.2014","nein","70.00","0.00","0.00","","3Com","","","","","","","","","","",""
"D48","D","Arbeitszeit","","","","","","","0","0","Stck","0.00","0.00","70.00","0.00","50.00","0.00","0.00","0 kg","","","","04.03.2022","","","","","","30.04.2014","nein","70.00","0.00","0.00","","3Com","","","","","","","","","","",""
"D48","D","Arbeitszeit","","","","","","","0","0","Stck","0.00","0.00","70.00","0.00","50.00","0.00","0.00","0 kg","","","","08.03.2022","","","","","","30.04.2014","nein","70.00","0.00","0.00","","3Com","","","","","","","","","","",""
"D48","D","Arbeitszeit","","","","","","","0","0","Stck","0.00","0.00","70.00","0.00","50.00","0.00","0.00","0 kg","","","","18.03.2022","","","","","","30.04.2014","nein","70.00","0.00","0.00","","3Com","","","","","","","","","","",""
"D48","D","Arbeitszeit","","","","","","","0","0","Stck","0.00","0.00","50.00","0.00","50.00","0.00","0.00","0 kg","","","","08.04.2022","","","","","","30.04.2014","nein","70.00","0.00","0.00","","3Com","","","","","","","","","","",""
"D48","D","Arbeitszeit","","","","","","","0","0","Stck","0.00","0.00","70.00","0.00","50.00","0.00","0.00","0 kg","","","","10.05.2022","","","","","","30.04.2014","nein","70.00","0.00","0.00","","3Com","","","","","","","","","","",""
"D48","D","Arbeitszeit","","","","","","","0","0","Stck","0.00","0.00","70.00","0.00","50.00","0.00","0.00","0 kg","","","","17.05.2022","","","","","","30.04.2014","nein","70.00","0.00","0.00","","3Com","","","","","","","","","","",""
"D48","D","Arbeitszeit","","","","","","","0","0","Stck","0.00","0.00","50.00","0.00","50.00","0.00","0.00","0 kg","","","","08.07.2022","","","","","","30.04.2014","nein","70.00","0.00","0.00","","3Com","","","","","","","","","","",""
"D48","D","Arbeitszeit","","","","","","","0","0","Stck","0.00","0.00","70.00","0.00","50.00","0.00","0.00","0 kg","","","","18.07.2022","","","","","","30.04.2014","nein","70.00","0.00","0.00","","3Com","","","","","","","","","","",""
"D48","D","Arbeitszeit","","","","","","","0","0","Stck","0.00","0.00","70.00","0.00","50.00","0.00","0.00","0 kg","","","","09.08.2022","","","","","","30.04.2014","nein","70.00","0.00","0.00","","3Com","","","","","","","","","","",""
"D48","D","Arbeitszeit","","","","","","","0","0","Stck","0.00","0.00","70.00","0.00","50.00","0.00","0.00","0 kg","","","","11.08.2022","","","","","","30.04.2014","nein","70.00","0.00","0.00","","3Com","","","","","","","","","","",""
"D48","D","Arbeitszeit","","","","","","","0","0","Stck","0.00","0.00","70.00","0.00","50.00","0.00","0.00","0 kg","","","","17.08.2022","","","","","","30.04.2014","nein","70.00","0.00","0.00","","3Com","","","","","","","","","","",""
"D48","D","Arbeitszeit","","","","","","","0","0","Stck","0.00","0.00","35.00","0.00","50.00","0.00","0.00","0 kg","","","","29.08.2022","","","","","","30.04.2014","nein","70.00","0.00","0.00","","3Com","","","","","","","","","","",""
"D48","D","Arbeitszeit","","","","","","","0","0","Stck","0.00","0.00","70.00","0.00","50.00","0.00","0.00","0 kg","","","","30.08.2022","","","","","","30.04.2014","nein","70.00","0.00","0.00","","3Com","","","","","","","","","","",""
"D48","D","Arbeitszeit","","","","","","","0","0","Stck","0.00","0.00","40.00","0.00","50.00","0.00","0.00","0 kg","","","","12.09.2022","","","","","","30.04.2014","nein","70.00","0.00","0.00","","3Com","","","","","","","","","","",""
"D48","D","Arbeitszeit","","","","","","","0","0","Stck","0.00","0.00","40.00","0.00","50.00","0.00","0.00","0 kg","","","","13.09.2022","","","","","","30.04.2014","nein","70.00","0.00","0.00","","3Com","","","","","","","","","","",""
"D48","D","Arbeitszeit","","","","","","","0","0","Stck","0.00","0.00","70.00","0.00","50.00","0.00","0.00","0 kg","","","","16.09.2022","","","","","","30.04.2014","nein","70.00","0.00","0.00","","3Com","","","","","","","","","","",""
"D48","D","Arbeitszeit","","","","","","","0","0","Stck","0.00","0.00","70.00","0.00","50.00","0.00","0.00","0 kg","","","","28.09.2022","","","","","","30.04.2014","nein","70.00","0.00","0.00","","3Com","","","","","","","","","","",""
"D48","D","Arbeitszeit","","","","","","","0","0","Stck","0.00","0.00","30.00","0.00","50.00","0.00","0.00","0 kg","","","","06.10.2022","","","","","","30.04.2014","nein","70.00","0.00","0.00","","3Com","","","","","","","","","","",""
"D48","D","Arbeitszeit","","","","","","","0","0","Stck","0.00","0.00","70.00","0.00","50.00","0.00","0.00","0 kg","","","","25.11.2022","","","","","","30.04.2014","nein","70.00","0.00","0.00","","3Com","","","","","","","","","","",""
"D48","D","Arbeitszeit","","","","","","","0","0","Stck","0.00","0.00","70.00","0.00","50.00","0.00","0.00","0 kg","","","","25.11.2022","","","","","","30.04.2014","nein","70.00","0.00","0.00","","3Com","","","","","","","","","","",""
"D48","D","Arbeitszeit","","","","","","","0","0","Stck","0.00","0.00","70.00","0.00","50.00","0.00","0.00","0 kg","","","","01.12.2022","","","","","","30.04.2014","nein","70.00","0.00","0.00","","3Com","","","","","","","","","","",""
"D48","D","Arbeitszeit","","","","","","","0","0","Stck","0.00","0.00","70.00","0.00","50.00","0.00","0.00","0 kg","","","","07.12.2022","","","","","","30.04.2014","nein","70.00","0.00","0.00","","3Com","","","","","","","","","","",""
"D48","D","Arbeitszeit","","","","","","","0","0","Stck","0.00","0.00","70.00","0.00","50.00","0.00","0.00","0 kg","","","","19.12.2022","","","","","","30.04.2014","nein","70.00","0.00","0.00","","3Com","","","","","","","","","","",""
"D48","D","Arbeitszeit","","","","","","","0","0","Stck","0.00","0.00","70.00","0.00","50.00","0.00","0.00","0 kg","","","","04.01.2023","","","","","","30.04.2014","nein","70.00","0.00","0.00","","3Com","","","","","","","","","","",""
"D48","D","Arbeitszeit","","","","","","","0","0","Stck","0.00","0.00","70.00","0.00","50.00","0.00","0.00","0 kg","","","","06.02.2023","","","","","","30.04.2014","nein","70.00","0.00","0.00","","3Com","","","","","","","","","","",""
"D48","D","Arbeitszeit","","","","","","","0","0","Stck","0.00","0.00","70.00","0.00","50.00","0.00","0.00","0 kg","","","","13.02.2023","","","","","","30.04.2014","nein","70.00","0.00","0.00","","3Com","","","","","","","","","","",""
"D48","D","Arbeitszeit","","","","","","","0","0","Stck","0.00","0.00","70.00","0.00","50.00","0.00","0.00","0 kg","","","","14.02.2023","","","","","","30.04.2014","nein","70.00","0.00","0.00","","3Com","","","","","","","","","","",""
"D48","D","Arbeitszeit","","","","","","","0","0","Stck","0.00","0.00","70.00","0.00","50.00","0.00","0.00","0 kg","","","","16.02.2023","","","","","","30.04.2014","nein","70.00","0.00","0.00","","3Com","","","","","","","","","","",""
"D48","D","Arbeitszeit","","","","","","","0","0","Stck","0.00","0.00","70.00","0.00","50.00","0.00","0.00","0 kg","","","","17.02.2023","","","","","","30.04.2014","nein","70.00","0.00","0.00","","3Com","","","","","","","","","","",""
"D48","D","Arbeitszeit","","","","","","","0","0","Stck","0.00","0.00","70.00","0.00","50.00","0.00","0.00","0 kg","","","","17.03.2023","","","","","","30.04.2014","nein","70.00","0.00","0.00","","3Com","","","","","","","","","","",""
"D48","D","Arbeitszeit","","","","","","","0","0","Stck","0.00","0.00","70.00","0.00","50.00","0.00","0.00","0 kg","","","","17.03.2023","","","","","","30.04.2014","nein","70.00","0.00","0.00","","3Com","","","","","","","","","","",""
"D48","D","Arbeitszeit","","","","","","","0","0","Stck","0.00","0.00","70.00","0.00","50.00","0.00","0.00","0 kg","","","","24.03.2023","","","","","","30.04.2014","nein","70.00","0.00","0.00","","3Com","","","","","","","","","","",""
"D48","D","Arbeitszeit","","","","","","","0","0","Stck","0.00","0.00","70.00","0.00","50.00","0.00","0.00","0 kg","","","","28.03.2023","","","","","","30.04.2014","nein","70.00","0.00","0.00","","3Com","","","","","","","","","","",""
"D48","D","Arbeitszeit","","","","","","","0","0","Stck","0.00","0.00","70.00","0.00","50.00","0.00","0.00","0 kg","","","","30.03.2023","","","","","","30.04.2014","nein","70.00","0.00","0.00","","3Com","","","","","","","","","","",""
"D48","D","Arbeitszeit","","","","","","","0","0","Stck","0.00","0.00","70.00","0.00","50.00","0.00","0.00","0 kg","","","","21.04.2023","","","","","","30.04.2014","nein","70.00","0.00","0.00","","3Com","","","","","","","","","","",""
"D48","D","Arbeitszeit","","","","","","","0","0","Stck","0.00","0.00","70.00","0.00","50.00","0.00","0.00","0 kg","","","","06.06.2023","","","","","","30.04.2014","nein","70.00","0.00","0.00","","3Com","","","","","","","","","","",""
"D48","D","Arbeitszeit","","","","","","","0","0","Stck","0.00","0.00","70.00","0.00","50.00","0.00","0.00","0 kg","","","","16.06.2023","","","","","","30.04.2014","nein","70.00","0.00","0.00","","3Com","","","","","","","","","","",""
"D48","D","Arbeitszeit","","","","","","","0","0","Stck","0.00","0.00","70.00","0.00","50.00","0.00","0.00","0 kg","","","","05.07.2023","","","","","","30.04.2014","nein","70.00","0.00","0.00","","3Com","","","","","","","","","","",""
"D48","D","Arbeitszeit","","","","","","","0","0","Stck","0.00","0.00","50.00","0.00","50.00","0.00","0.00","0 kg","","","","29.08.2023","","","","","","30.04.2014","nein","70.00","0.00","0.00","","3Com","","","","","","","","","","",""
"D48","D","Arbeitszeit","","","","","","","0","0","Stck","0.00","0.00","70.00","0.00","50.00","0.00","0.00","0 kg","","","","31.08.2023","","","","","","30.04.2014","nein","70.00","0.00","0.00","","3Com","","","","","","","","","","",""
"D48","D","Arbeitszeit","","","","","","","0","0","Stck","0.00","0.00","70.00","0.00","50.00","0.00","0.00","0 kg","","","","01.09.2023","","","","","","30.04.2014","nein","70.00","0.00","0.00","","3Com","","","","","","","","","","",""
"D48","D","Arbeitszeit","","","","","","","0","0","Stck","0.00","0.00","10.00","0.00","50.00","0.00","0.00","0 kg","","","","02.10.2023","","","","","","30.04.2014","nein","70.00","0.00","0.00","","3Com","","","","","","","","","","",""
"D48","D","Arbeitszeit","","","","","","","0","0","Stck","0.00","0.00","70.00","0.00","50.00","0.00","0.00","0 kg","","","","03.10.2023","","","","","","30.04.2014","nein","70.00","0.00","0.00","","3Com","","","","","","","","","","",""
"D48","D","Arbeitszeit","","","","","","","0","0","Stck","0.00","0.00","60.00","0.00","50.00","0.00","0.00","0 kg","","","","17.10.2023","","","","","","30.04.2014","nein","70.00","0.00","0.00","","3Com","","","","","","","","","","",""
"D48","D","Arbeitszeit","","","","","","","0","0","Stck","0.00","0.00","70.00","0.00","50.00","0.00","0.00","0 kg","","","","26.01.2024","","","","","","30.04.2014","nein","70.00","0.00","0.00","","3Com","","","","","","","","","","",""
"D48","D","Arbeitszeit","","","","","","","0","0","Stck","0.00","0.00","30.00","0.00","50.00","0.00","0.00","0 kg","","","","02.02.2024","","","","","","30.04.2014","nein","70.00","0.00","0.00","","3Com","","","","","","","","","","",""
"D48","D","Arbeitszeit","","","","","","","0","0","Stck","0.00","0.00","70.00","0.00","50.00","0.00","0.00","0 kg","","","","29.02.2024","","","","","","30.04.2014","nein","70.00","0.00","0.00","","3Com","","","","","","","","","","",""
"D48","D","Arbeitszeit","","","","","","","0","0","Stck","0.00","0.00","70.00","0.00","50.00","0.00","0.00","0 kg","","","","15.04.2024","","","","","","30.04.2014","nein","70.00","0.00","0.00","","3Com","","","","","","","","","","",""
"D48","D","Arbeitszeit","","","","","","","0","0","Stck","0.00","0.00","70.00","0.00","50.00","0.00","0.00","0 kg","","","","08.05.2024","","","","","","30.04.2014","nein","70.00","0.00","0.00","","3Com","","","","","","","","","","",""
"D48","D","Arbeitszeit","","","","","","","0","0","Stck","0.00","0.00","70.00","0.00","50.00","0.00","0.00","0 kg","","","","07.06.2024","","","","","","30.04.2014","nein","70.00","0.00","0.00","","3Com","","","","","","","","","","",""
"D48","D","Arbeitszeit","","","","","","","0","0","Stck","0.00","0.00","70.00","0.00","50.00","0.00","0.00","0 kg","","","","26.06.2024","","","","","","30.04.2014","nein","70.00","0.00","0.00","","3Com","","","","","","","","","","",""
"D48","D","Arbeitszeit","","","","","","","0","0","Stck","0.00","0.00","70.00","0.00","50.00","0.00","0.00","0 kg","","","","14.08.2024","","","","","","30.04.2014","nein","70.00","0.00","0.00","","3Com","","","","","","","","","","",""
"D48","D","Arbeitszeit","","","","","","","0","0","Stck","0.00","0.00","70.00","0.00","50.00","0.00","0.00","0 kg","","","","19.09.2024","","","","","","30.04.2014","nein","70.00","0.00","0.00","","3Com","","","","","","","","","","",""
"D48","D","Arbeitszeit","","","","","","","0","0","Stck","0.00","0.00","70.00","0.00","50.00","0.00","0.00","0 kg","","","","27.11.2024","","","","","","30.04.2014","nein","70.00","0.00","0.00","","3Com","","","","","","","","","","",""
"D48","D","Arbeitszeit","","","","","","","0","0","Stck","0.00","0.00","100.00","0.00","50.00","0.00","0.00","0 kg","","","","27.11.2024","","","","","","30.04.2014","nein","70.00","0.00","0.00","","3Com","","","","","","","","","","",""
"D48","D","Arbeitszeit","","","","","","","0","0","Stck","0.00","0.00","70.00","0.00","50.00","0.00","0.00","0 kg","","","","27.11.2024","","","","","","30.04.2014","nein","70.00","0.00","0.00","","3Com","","","","","","","","","","",""
"D48","D","Arbeitszeit","","","","","","","0","0","Stck","0.00","0.00","100.00","0.00","50.00","0.00","0.00","0 kg","","","","27.11.2024","","","","","","30.04.2014","nein","70.00","0.00","0.00","","3Com","","","","","","","","","","",""
"D48","D","Arbeitszeit","","","","","","","0","0","Stck","0.00","0.00","70.00","0.00","50.00","0.00","0.00","0 kg","","","","29.11.2024","","","","","","30.04.2014","nein","70.00","0.00","0.00","","3Com","","","","","","","","","","",""
"D48","D","Arbeitszeit","","","","","","","0","0","Stck","0.00","0.00","70.00","0.00","50.00","0.00","0.00","0 kg","","","","30.12.2024","","","","","","30.04.2014","nein","70.00","0.00","0.00","","3Com","","","","","","","","","","",""
"D48","D","Arbeitszeit","","","","","","","0","0","Stck","0.00","0.00","70.00","0.00","50.00","0.00","0.00","0 kg","","","","03.02.2025","","","","","","30.04.2014","nein","70.00","0.00","0.00","","3Com","","","","","","","","","","",""
"D48","D","Arbeitszeit","","","","","","","0","0","Stck","0.00","0.00","60.00","0.00","50.00","0.00","0.00","0 kg","","","","13.02.2025","","","","","","30.04.2014","nein","70.00","0.00","0.00","","3Com","","","","","","","","","","",""
"D48","D","Arbeitszeit","","","","","","","0","0","Stck","0.00","0.00","40.00","0.00","50.00","0.00","0.00","0 kg","","","","19.02.2025","","","","","","30.04.2014","nein","70.00","0.00","0.00","","3Com","","","","","","","","","","",""
"D48","D","Arbeitszeit","","","","","","","0","0","Stck","0.00","0.00","70.00","0.00","50.00","0.00","0.00","0 kg","","","","19.02.2025","","","","","","30.04.2014","nein","70.00","0.00","0.00","","3Com","","","","","","","","","","",""
"D48","D","Arbeitszeit","","","","","","","0","0","Stck","0.00","0.00","40.00","0.00","50.00","0.00","0.00","0 kg","","","","19.02.2025","","","","","","30.04.2014","nein","70.00","0.00","0.00","","3Com","","","","","","","","","","",""
"D48","D","Arbeitszeit","","","","","","","0","0","Stck","0.00","0.00","70.00","0.00","50.00","0.00","0.00","0 kg","","","","20.02.2025","","","","","","30.04.2014","nein","70.00","0.00","0.00","","3Com","","","","","","","","","","",""
"D48","D","Arbeitszeit","","","","","","","0","0","Stck","0.00","0.00","70.00","0.00","50.00","0.00","0.00","0 kg","","","","26.02.2025","","","","","","30.04.2014","nein","70.00","0.00","0.00","","3Com","","","","","","","","","","",""
"D48","D","Arbeitszeit","","","","","","","0","0","Stck","0.00","0.00","35.00","0.00","50.00","0.00","0.00","0 kg","","","","28.02.2025","","","","","","30.04.2014","nein","70.00","0.00","0.00","","3Com","","","","","","","","","","",""
"D48","D","Arbeitszeit","","","","","","","0","0","Stck","0.00","0.00","70.00","0.00","50.00","0.00","0.00","0 kg","","","","11.03.2025","","","","","","30.04.2014","nein","70.00","0.00","0.00","","3Com","","","","","","","","","","",""
"D48","D","Arbeitszeit","","","","","","","0","0","Stck","0.00","0.00","70.00","0.00","50.00","0.00","0.00","0 kg","","","","14.03.2025","","","","","","30.04.2014","nein","70.00","0.00","0.00","","3Com","","","","","","","","","","",""
"D48","D","Arbeitszeit","","","","","","","0","0","Stck","0.00","0.00","70.00","0.00","50.00","0.00","0.00","0 kg","","","","15.03.2025","","","","","","30.04.2014","nein","70.00","0.00","0.00","","3Com","","","","","","","","","","",""
"D48","D","Arbeitszeit","","","","","","","0","0","Stck","0.00","0.00","70.00","0.00","50.00","0.00","0.00","0 kg","","","","20.03.2025","","","","","","30.04.2014","nein","70.00","0.00","0.00","","3Com","","","","","","","","","","",""
"D48","D","Arbeitszeit","","","","","","","0","0","Stck","0.00","0.00","70.00","0.00","50.00","0.00","0.00","0 kg","","","","15.05.2025","","","","","","30.04.2014","nein","70.00","0.00","0.00","","3Com","","","","","","","","","","",""
"D48","D","Arbeitszeit","","","","","","","0","0","Stck","0.00","0.00","70.00","0.00","50.00","0.00","0.00","0 kg","","","","27.05.2025","","","","","","30.04.2014","nein","70.00","0.00","0.00","","3Com","","","","","","","","","","",""
"D48","D","Arbeitszeit","","","","","","","0","0","Stck","0.00","0.00","70.00","0.00","50.00","0.00","0.00","0 kg","","","","28.05.2025","","","","","","30.04.2014","nein","70.00","0.00","0.00","","3Com","","","","","","","","","","",""
"D48","D","Arbeitszeit","","","","","","","0","0","Stck","0.00","0.00","70.00","0.00","50.00","0.00","0.00","0 kg","","","","03.06.2025","","","","","","30.04.2014","nein","70.00","0.00","0.00","","3Com","","","","","","","","","","",""
"D48","D","Arbeitszeit","","","","","","","0","0","Stck","0.00","0.00","70.00","0.00","50.00","0.00","0.00","0 kg","","","","04.06.2025","","","","","","30.04.2014","nein","70.00","0.00","0.00","","3Com","","","","","","","","","","",""
"D48","D","Arbeitszeit","","","","","","","0","0","Stck","0.00","0.00","70.00","0.00","50.00","0.00","0.00","0 kg","","","","06.06.2025","","","","","","30.04.2014","nein","70.00","0.00","0.00","","3Com","","","","","","","","","","",""
"D48","D","Arbeitszeit","","","","","","","0","0","Stck","0.00","0.00","70.00","0.00","50.00","0.00","0.00","0 kg","","","","13.06.2025","","","","","","30.04.2014","nein","70.00","0.00","0.00","","3Com","","","","","","","","","","",""
"D48","D","Arbeitszeit","","","","","","","0","0","Stck","0.00","0.00","30.00","0.00","50.00","0.00","0.00","0 kg","","","","03.07.2025","","","","","","30.04.2014","nein","70.00","0.00","0.00","","3Com","","","","","","","","","","",""
"D48","D","Arbeitszeit","","","","","","","0","0","Stck","0.00","0.00","70.00","0.00","50.00","0.00","0.00","0 kg","","","","05.08.2025","","","","","","30.04.2014","nein","70.00","0.00","0.00","","3Com","","","","","","","","","","",""
"D48","D","Arbeitszeit","","","","","","","0","0","Stck","0.00","0.00","20.00","0.00","50.00","0.00","0.00","0 kg","","","","06.08.2025","","","","","","30.04.2014","nein","70.00","0.00","0.00","","3Com","","","","","","","","","","",""
"D48","D","Arbeitszeit","","","","","","","0","0","Stck","0.00","0.00","35.00","0.00","50.00","0.00","0.00","0 kg","","","","12.08.2025","","","","","","30.04.2014","nein","70.00","0.00","0.00","","3Com","","","","","","","","","","",""
"D48","D","Arbeitszeit","","","","","","","0","0","Stck","0.00","0.00","20.00","0.00","50.00","0.00","0.00","0 kg","","","","19.08.2025","","","","","","30.04.2014","nein","70.00","0.00","0.00","","3Com","","","","","","","","","","",""
"D48","D","Arbeitszeit","","","","","","","0","0","Stck","0.00","0.00","70.00","0.00","50.00","0.00","0.00","0 kg","","","","26.08.2025","","","","","","30.04.2014","nein","70.00","0.00","0.00","","3Com","","","","","","","","","","",""
"D48","D","Arbeitszeit","","","","","","","0","0","Stck","0.00","0.00","35.00","0.00","50.00","0.00","0.00","0 kg","","","","04.09.2025","","","","","","30.04.2014","nein","70.00","0.00","0.00","","3Com","","","","","","","","","","",""
"D48","D","Arbeitszeit","","","","","","","0","0","Stck","0.00","0.00","100.00","0.00","50.00","0.00","0.00","0 kg","","","","09.09.2025","","","","","","30.04.2014","nein","70.00","0.00","0.00","","3Com","","","","","","","","","","",""
"D48","D","Arbeitszeit","","","","","","","0","0","Stck","0.00","0.00","35.00","0.00","50.00","0.00","0.00","0 kg","","","","22.09.2025","","","","","","30.04.2014","nein","70.00","0.00","0.00","","3Com","","","","","","","","","","",""
"D48","D","Arbeitszeit","","","","","","","0","0","Stck","0.00","0.00","70.00","0.00","50.00","0.00","0.00","0 kg","","","","22.09.2025","","","","","","30.04.2014","nein","70.00","0.00","0.00","","3Com","","","","","","","","","","",""
"D48","D","Arbeitszeit","","","","","","","0","0","Stck","0.00","0.00","70.00","0.00","50.00","0.00","0.00","0 kg","","","","26.09.2025","","","","","","30.04.2014","nein","70.00","0.00","0.00","","3Com","","","","","","","","","","",""
"D48","D","Arbeitszeit","","","","","","","0","0","Stck","0.00","0.00","70.00","0.00","50.00","0.00","0.00","0 kg","","","","30.09.2025","","","","","","30.04.2014","nein","70.00","0.00","0.00","","3Com","","","","","","","","","","",""
"D48","D","Arbeitszeit","","","","","","","0","0","Stck","0.00","0.00","100.00","0.00","50.00","0.00","0.00","0 kg","","","","30.09.2025","","","","","","30.04.2014","nein","70.00","0.00","0.00","","3Com","","","","","","","","","","",""
"D48","D","Arbeitszeit","","","","","","","0","0","Stck","0.00","0.00","70.00","0.00","50.00","0.00","0.00","0 kg","","","","08.10.2025","","","","","","30.04.2014","nein","70.00","0.00","0.00","","3Com","","","","","","","","","","",""
"D48","D","Arbeitszeit","","","","","","","0","0","Stck","0.00","0.00","20.00","0.00","50.00","0.00","0.00","0 kg","","","","14.10.2025","","","","","","30.04.2014","nein","70.00","0.00","0.00","","3Com","","","","","","","","","","",""
"D48","D","Arbeitszeit","","","","","","","0","0","Stck","0.00","0.00","70.00","0.00","50.00","0.00","0.00","0 kg","","","","15.10.2025","","","","","","30.04.2014","nein","70.00","0.00","0.00","","3Com","","","","","","","","","","",""
"D48","D","Arbeitszeit","","","","","","","0","0","Stck","0.00","0.00","70.00","0.00","50.00","0.00","0.00","0 kg","","","","23.10.2025","","","","","","30.04.2014","nein","70.00","0.00","0.00","","3Com","","","","","","","","","","",""
"D48","D","Arbeitszeit","","","","","","","0","0","Stck","0.00","0.00","70.00","0.00","50.00","0.00","0.00","0 kg","","","","24.10.2025","","","","","","30.04.2014","nein","70.00","0.00","0.00","","3Com","","","","","","","","","","",""
"D48","D","Arbeitszeit","","","","","","","0","0","Stck","0.00","0.00","70.00","0.00","50.00","0.00","0.00","0 kg","","","","27.10.2025","","","","","","30.04.2014","nein","70.00","0.00","0.00","","3Com","","","","","","","","","","",""
"D48","D","Arbeitszeit","","","","","","","0","0","Stck","0.00","0.00","70.00","0.00","50.00","0.00","0.00","0 kg","","","","27.10.2025","","","","","","30.04.2014","nein","70.00","0.00","0.00","","3Com","","","","","","","","","","",""
"D48","D","Arbeitszeit","","","","","","","0","0","Stck","0.00","0.00","30.00","0.00","50.00","0.00","0.00","0 kg","","","","03.11.2025","","","","","","30.04.2014","nein","70.00","0.00","0.00","","3Com","","","","","","","","","","",""
"D48","D","Arbeitszeit","","","","","","","0","0","Stck","0.00","0.00","50.00","0.00","50.00","0.00","0.00","0 kg","","","","27.11.2025","","","","","","30.04.2014","nein","70.00","0.00","0.00","","3Com","","","","","","","","","","",""
"D48","D","Arbeitszeit","","","","","","","0","0","Stck","0.00","0.00","15.00","0.00","50.00","0.00","0.00","0 kg","","","","28.11.2025","","","","","","30.04.2014","nein","70.00","0.00","0.00","","3Com","","","","","","","","","","",""
"D48","D","Arbeitszeit","","","","","","","0","0","Stck","0.00","0.00","35.00","0.00","50.00","0.00","0.00","0 kg","","","","28.11.2025","","","","","","30.04.2014","nein","70.00","0.00","0.00","","3Com","","","","","","","","","","",""
"D48","D","Arbeitszeit","","","","","","","0","0","Stck","0.00","0.00","35.00","0.00","50.00","0.00","0.00","0 kg","","","","01.12.2025","","","","","","30.04.2014","nein","70.00","0.00","0.00","","3Com","","","","","","","","","","",""
"D48","D","Arbeitszeit","","","","","","","0","0","Stck","0.00","0.00","15.00","0.00","50.00","0.00","0.00","0 kg","","","","04.12.2025","","","","","","30.04.2014","nein","70.00","0.00","0.00","","3Com","","","","","","","","","","",""
"D48","D","Arbeitszeit","","","","","","","0","0","Stck","0.00","0.00","40.00","0.00","50.00","0.00","0.00","0 kg","","","","08.12.2025","","","","","","30.04.2014","nein","70.00","0.00","0.00","","3Com","","","","","","","","","","",""
"D48","D","Arbeitszeit","","","","","","","0","0","Stck","0.00","0.00","30.00","0.00","50.00","0.00","0.00","0 kg","","","","16.12.2025","","","","","","30.04.2014","nein","70.00","0.00","0.00","","3Com","","","","","","","","","","",""
"D48","D","Arbeitszeit","","","","","","","0","0","Stck","0.00","0.00","30.00","0.00","50.00","0.00","0.00","0 kg","","","","08.01.2026","","","","","","30.04.2014","nein","70.00","0.00","0.00","","3Com","","","","","","","","","","",""
"D48","D","Arbeitszeit","","","","","","","0","0","Stck","0.00","0.00","70.00","0.00","50.00","0.00","0.00","0 kg","","","","09.01.2026","","","","","","30.04.2014","nein","70.00","0.00","0.00","","3Com","","","","","","","","","","",""
"D48","D","Arbeitszeit","","","","","","","0","0","Stck","0.00","0.00","100.00","0.00","50.00","0.00","0.00","0 kg","","","","14.01.2026","","","","","","30.04.2014","nein","70.00","0.00","0.00","","3Com","","","","","","","","","","",""
"D48","D","Arbeitszeit","","","","","","","0","0","Stck","0.00","0.00","100.00","0.00","50.00","0.00","0.00","0 kg","","","","16.01.2026","","","","","","30.04.2014","nein","70.00","0.00","0.00","","3Com","","","","","","","","","","",""
"D48","D","Arbeitszeit","","","","","","","0","0","Stck","0.00","0.00","70.00","0.00","50.00","0.00","0.00","0 kg","","","","22.01.2026","","","","","","30.04.2014","nein","70.00","0.00","0.00","","3Com","","","","","","","","","","",""
"D48","D","Arbeitszeit","","","","","","","0","0","Stck","0.00","0.00","70.00","0.00","50.00","0.00","0.00","0 kg","","","","23.01.2026","","","","","","30.04.2014","nein","70.00","0.00","0.00","","3Com","","","","","","","","","","",""
"D48","D","Arbeitszeit","","","","","","","0","0","Stck","0.00","0.00","17.50","0.00","50.00","0.00","0.00","0 kg","","","","29.01.2026","","","","","","30.04.2014","nein","70.00","0.00","0.00","","3Com","","","","","","","","","","",""
"D48","D","Arbeitszeit","","","","","","","0","0","Stck","0.00","0.00","35.00","0.00","50.00","0.00","0.00","0 kg","","","","29.01.2026","","","","","","30.04.2014","nein","70.00","0.00","0.00","","3Com","","","","","","","","","","",""
"D48","D","Arbeitszeit","","","","","","","0","0","Stck","0.00","0.00","30.00","0.00","50.00","0.00","0.00","0 kg","","","","30.01.2026","","","","","","30.04.2014","nein","70.00","0.00","0.00","","3Com","","","","","","","","","","",""
"D48","D","Arbeitszeit","","","","","","","0","0","Stck","0.00","0.00","70.00","0.00","50.00","0.00","0.00","0 kg","","","","03.02.2026","","","","","","30.04.2014","nein","70.00","0.00","0.00","","3Com","","","","","","","","","","",""
"D48","D","Arbeitszeit","","","","","","","0","0","Stck","0.00","0.00","100.00","0.00","50.00","0.00","0.00","0 kg","","","","03.02.2026","","","","","","30.04.2014","nein","70.00","0.00","0.00","","3Com","","","","","","","","","","",""
"","","","","","","","","","","","","","0.00","","0.00","","","0.00","","","","","","","","","","","","","","","","","","","","","","","","","","","",""
"D48","D","Arbeitszeit","","","","","","","0","0","Stck","0.00","0.00","40.00","0.00","50.00","0.00","0.00","0 kg","","","","07.02.2025","","","","","","30.04.2014","nein","70.00","0.00","0.00","","3Com","","","","","","","","","","",""
"D48","D","Arbeitszeit","","","","","","","0","0","Stck","0.00","0.00","40.00","0.00","50.00","0.00","0.00","0 kg","","","","19.02.2025","","","","","","30.04.2014","nein","70.00","0.00","0.00","","3Com","","","","","","","","","","",""
"","","","","","","","","","","","","","0.00","","0.00","","","0.00","","","","","","","","","","","","","","","","","","","","","","","","","","","",""
"D48","D","Arbeitszeit& Ersatzteil","","","","","","","0","0","Stck","0.00","0.00","60.00","0.00","50.00","0.00","0.00","0 kg","","","","28.11.2025","","","","","","30.04.2014","nein","70.00","0.00","0.00","","3Com","","","","","","","","","","",""
"D48","D","Arbeitszeit& Ersatzteil","","","","","","","0","0","Stck","0.00","0.00","60.00","0.00","50.00","0.00","0.00","0 kg","","","","09.12.2025","","","","","","30.04.2014","nein","70.00","0.00","0.00","","3Com","","","","","","","","","","",""
"","","","","","","","","","","","","","0.00","","0.00","","","0.00","","","","","","","","","","","","","","","","","","","","","","","","","","","",""
"D48","D","Arbeitszeit inkl. Kleinmaterial","","","","","","","0","0","Stck","0.00","0.00","70.00","0.00","50.00","0.00","0.00","0 kg","","","","26.01.2024","","","","","","30.04.2014","nein","70.00","0.00","0.00","","3Com","","","","","","","","","","",""
"","","","","","","","","","","","","","0.00","","0.00","","","0.00","","","","","","","","","","","","","","","","","","","","","","","","","","","",""
"D48","D","Arbeitszeit - Linux installation","","","","","","","0","0","Stck","0.00","0.00","70.00","0.00","50.00","0.00","0.00","0 kg","","","","12.08.2015","","","","","","30.04.2014","nein","70.00","0.00","0.00","","3Com","","","","","","","","","","",""
"D48","D","Arbeitszeit - Linux installation","","","","","","","0","0","Stck","0.00","0.00","70.00","0.00","50.00","0.00","0.00","0 kg","","","","10.09.2015","","","","","","30.04.2014","nein","70.00","0.00","0.00","","3Com","","","","","","","","","","",""
"","","","","","","","","","","","","","0.00","","0.00","","","0.00","","","","","","","","","","","","","","","","","","","","","","","","","","","",""
"D48","D","Arbeitszeit Linux reparatur","","","","","","","0","0","Stck","0.00","0.00","70.00","0.00","50.00","0.00","0.00","0 kg","","","","21.01.2019","","","","","","30.04.2014","nein","70.00","0.00","0.00","","3Com","","","","","","","","","","",""
"","","","","","","","","","","","","","0.00","","0.00","","","0.00","","","","","","","","","","","","","","","","","","","","","","","","","","","",""
"D48","D","Arbeitszeit, Reinigung + Toner Wechsel","","","","","","","0","0","Stck","0.00","0.00","50.00","0.00","50.00","0.00","0.00","0 kg","","","","14.06.2017","","","","","","30.04.2014","nein","70.00","0.00","0.00","","3Com","","","","","","","","","","",""
"","","","","","","","","","","","","","0.00","","0.00","","","0.00","","","","","","","","","","","","","","","","","","","","","","","","","","","",""
"D48","D","Arbeitszeit Reparatur","","","","","","","0","0","Stck","0.00","0.00","40.00","0.00","50.00","0.00","0.00","0 kg","","","","21.01.2019","","","","","","30.04.2014","nein","70.00","0.00","0.00","","3Com","","","","","","","","","","",""
"","","","","","","","","","","","","","0.00","","0.00","","","0.00","","","","","","","","","","","","","","","","","","","","","","","","","","","",""
"D48","D","Arbeitszeit, Service, Wartung","","","","","","","0","0","Stck","0.00","0.00","70.00","0.00","50.00","0.00","0.00","0 kg","","","","02.03.2021","","","","","","30.04.2014","nein","70.00","0.00","0.00","","3Com","","","","","","","","","","",""
"D48","D","Arbeitszeit, Service, Wartung","","","","","","","0","0","Stck","0.00","0.00","70.00","0.00","50.00","0.00","0.00","0 kg","","","","15.03.2021","","","","","","30.04.2014","nein","70.00","0.00","0.00","","3Com","","","","","","","","","","",""
"","","","","","","","","","","","","","0.00","","0.00","","","0.00","","","","","","","","","","","","","","","","","","","","","","","","","","","",""
"D48","D","Arbeitszeit support android smartphone erklährungen","","","","","","","0","0","Stck","0.00","0.00","70.00","0.00","50.00","0.00","0.00","0 kg","","","","14.02.2019","","","","","","30.04.2014","nein","70.00","0.00","0.00","","3Com","","","","","","","","","","",""
"","","","","","","","","","","","","","0.00","","0.00","","","0.00","","","","","","","","","","","","","","","","","","","","","","","","","","","",""
"D14","D","Arbeitszeittabelle Erstellen","","Dienstleistung","","","","","0","0","Std","0.00","0.00","50.00","0.00","0.00","0.00","0.00","0 kg","","","","30.12.2013","","","","","","29.09.2007","nein","0.00","0.00","0.00","","","","","","","","","","","","",""
"D14","D","Arbeitszeittabelle Erstellen","","Dienstleistung","","","","","0","0","Std","0.00","0.00","50.00","0.00","0.00","0.00","0.00","0 kg","","","","31.12.2013","","","","","","29.09.2007","nein","0.00","0.00","0.00","","","","","","","","","","","","",""
"","","","","","","","","","","","","","0.00","","0.00","","","0.00","","","","","","","","","","","","","","","","","","","","","","","","","","","",""
"D48","D","Arbeitszeit, Test, Einbau, CD entfernen","","","","","","","0","0","Stck","0.00","0.00","70.00","0.00","50.00","0.00","0.00","0 kg","","","","11.08.2020","","","","","","30.04.2014","nein","70.00","0.00","0.00","","3Com","","","","","","","","","","",""
"","","","","","","","","","","","","","0.00","","0.00","","","0.00","","","","","","","","","","","","","","","","","","","","","","","","","","","",""
"D48","D","Arbeitszeit Thunderbird","","","","","","","0","0","Stck","0.00","0.00","70.00","0.00","50.00","0.00","0.00","0 kg","","","","14.01.2019","","","","","","30.04.2014","nein","70.00","0.00","0.00","","3Com","","","","","","","","","","",""
"","","","","","","","","","","","","","0.00","","0.00","","","0.00","","","","","","","","","","","","","","","","","","","","","","","","","","","",""
"D48","D","Arbeitszeit Thunderbird und installation Cloud","","","","","","","0","0","Stck","0.00","0.00","70.00","0.00","50.00","0.00","0.00","0 kg","","","","21.01.2019","","","","","","30.04.2014","nein","70.00","0.00","0.00","","3Com","","","","","","","","","","",""
"","","","","","","","","","","","","","0.00","","0.00","","","0.00","","","","","","","","","","","","","","","","","","","","","","","","","","","",""
"D48","D","Arbeitszeit Update und Anpassungen Homepage","","","","","","","0","0","Stck","0.00","0.00","70.00","0.00","50.00","0.00","0.00","0 kg","","","","14.11.2022","","","","","","30.04.2014","nein","70.00","0.00","0.00","","3Com","","","","","","","","","","",""
"","","","","","","","","","","","","","0.00","","0.00","","","0.00","","","","","","","","","","","","","","","","","","","","","","","","","","","",""
"001743","WV","Arc Desktop Gehäuse","","","","","","","0","0","Stck","30.00","0.00","30.00","0.00","0.00","0.00","0.00","4.1 kg","","","","27.02.2019","","","","","","27.02.2019","ja","0.00","0.00","0.00","","ARC","325","400","95","","","","","","","",""
"","","","","","","","","","","","","","0.00","","0.00","","","0.00","","","","","","","","","","","","","","","","","","","","","","","","","","","",""
"001040","W","ARC Nettop","","","","","","","28","0","Stck","100.00","2'800.00","50.00","1'400.00","0.00","0.00","0.00","2.05 kg","","","","15.10.2015","","","","","","14.10.2015","ja","0.00","0.00","0.00","","ARC","180","230","40","","","","","","","",""
"001040","W","ARC Nettop","","","","","","","28","0","Stck","100.00","2'800.00","50.00","1'400.00","0.00","0.00","0.00","2.05 kg","","","","18.03.2016","","","","","","14.10.2015","ja","0.00","0.00","0.00","","ARC","180","230","40","","","","","","","",""
"001040","W","ARC Nettop","","","","","","","28","0","Stck","100.00","2'800.00","100.00","2'800.00","0.00","0.00","0.00","2.05 kg","","","","26.09.2017","","","","","","14.10.2015","ja","0.00","0.00","0.00","","ARC","180","230","40","","","","","","","",""
"001040","W","ARC Nettop","","","","","","","28","0","Stck","100.00","2'800.00","50.00","1'400.00","0.00","0.00","0.00","2.05 kg","","","","16.02.2018","","","","","","14.10.2015","ja","0.00","0.00","0.00","","ARC","180","230","40","","","","","","","",""
"001040","W","ARC Nettop","","","","","","","28","0","Stck","100.00","2'800.00","0.00","0.00","0.00","0.00","0.00","2.05 kg","","","","15.07.2019","","","","","","14.10.2015","ja","0.00","0.00","0.00","","ARC","180","230","40","","","","","","","",""
"","","","","","","","","","","","","","14'000.00","","7'000.00","","","0.00","","","","","","","","","","","","","","","","","","","","","","","","","","","",""
"001066","W","Arc Nettop GE2","","","","","","","0","0","Stck","0.00","0.00","0.00","0.00","0.00","0.00","0.00","0 kg","","","","","","","","","","06.11.2019","ja","0.00","0.00","0.00","","unbekannt","0","0","0","","","","","","","",""
"","","","","","","","","","","","","","0.00","","0.00","","","0.00","","","","","","","","","","","","","","","","","","","","","","","","","","","",""
"001040","W","ARC Nettop GE3","","","","","","","28","0","Stck","100.00","2'800.00","100.00","2'800.00","0.00","0.00","0.00","2.05 kg","","","","02.11.2021","8P9211958","","","","","14.10.2015","ja","0.00","0.00","0.00","","ARC","180","230","40","","","","","","","",""
"001040","W","ARC Nettop GE3","","","","","","","28","0","Stck","100.00","2'800.00","100.00","2'800.00","0.00","0.00","0.00","2.05 kg","","","","17.12.2021","8P9211958","","","","","14.10.2015","ja","0.00","0.00","0.00","","ARC","180","230","40","","","","","","","",""
"","","","","","","","","","","","","","5'600.00","","5'600.00","","","0.00","","","","","","","","","","","","","","","","","","","","","","","","","","","",""
"001040","W","ARC Nettop inkl. Netzteil mit MX Linux 17.1 Installation (user/user root/root)","","","","","","","28","0","Stck","100.00","2'800.00","0.00","0.00","0.00","0.00","0.00","2.05 kg","","","","04.12.2018","8P8604285, 8P8900779","","","","","14.10.2015","ja","0.00","0.00","0.00","","ARC","180","230","40","","","","","","","",""
"001040","W","ARC Nettop inkl. Netzteil mit MX Linux 17.1 Installation (user/user root/root)","","","","","","","28","0","Stck","100.00","2'800.00","0.00","0.00","0.00","0.00","0.00","2.05 kg","","","","12.12.2018","8P8604285, 8P8900779","","","","","14.10.2015","ja","0.00","0.00","0.00","","ARC","180","230","40","","","","","","","",""
"","","","","","","","","","","","","","5'600.00","","0.00","","","0.00","","","","","","","","","","","","","","","","","","","","","","","","","","","",""
"001040","W","ARC Nettop MiniPC","","","","","","","28","0","Stck","100.00","2'800.00","100.00","2'800.00","0.00","0.00","0.00","2.05 kg","","","","30.10.2021","","","","","","14.10.2015","ja","0.00","0.00","0.00","","ARC","180","230","40","","","","","","","",""
"001040","W","ARC Nettop MiniPC","","","","","","","28","0","Stck","100.00","2'800.00","100.00","2'800.00","0.00","0.00","0.00","2.05 kg","","","","01.11.2021","","","","","","14.10.2015","ja","0.00","0.00","0.00","","ARC","180","230","40","","","","","","","",""
"","","","","","","","","","","","","","5'600.00","","5'600.00","","","0.00","","","","","","","","","","","","","","","","","","","","","","","","","","","",""
"K0827","W","ARC Nettop, Mini PC","ARC Nettop, Mini PC, 001040","","","","","","0","0","Stck","0.00","0.00","0.00","0.00","0.00","0.00","0.00","0 kg","","","","","","","","","","03.11.2021","nein","0.00","0.00","0.00","","","","","","","","","","","","",""
"","","","","","","","","","","","","","0.00","","0.00","","","0.00","","","","","","","","","","","","","","","","","","","","","","","","","","","",""
"001040","W","ARC Nettop Mini-PC als Voice-Over-IP Telefonserver","","","","","","","28","0","Stck","100.00","2'800.00","100.00","2'800.00","0.00","0.00","0.00","2.05 kg","","","","31.12.2017","","","","","","14.10.2015","ja","0.00","0.00","0.00","","ARC","180","230","40","","","","","","","",""
"","","","","","","","","","","","","","2'800.00","","2'800.00","","","0.00","","","","","","","","","","","","","","","","","","","","","","","","","","","",""
"001040","W","ARC Nettop mit Linux MX15","","","","","","","28","0","Stck","100.00","2'800.00","100.00","2'800.00","0.00","0.00","0.00","2.05 kg","","","","26.01.2016","","","","","","14.10.2015","ja","0.00","0.00","0.00","","ARC","180","230","40","","","","","","","",""
"001040","W","ARC Nettop mit Linux MX15","","","","","","","28","0","Stck","100.00","2'800.00","100.00","2'800.00","0.00","0.00","0.00","2.05 kg","","","","09.02.2016","","","","","","14.10.2015","ja","0.00","0.00","0.00","","ARC","180","230","40","","","","","","","",""
"","","","","","","","","","","","","","5'600.00","","5'600.00","","","0.00","","","","","","","","","","","","","","","","","","","","","","","","","","","",""
"000733","W","Arctic Cooling Freezer Pro 64","","","","","","","0","0","Stck","0.00","0.00","0.00","0.00","0.00","0.00","0.00","0.53 kg","","","","","","","","","","06.11.2019","ja","0.00","0.00","0.00","","diverse","127","107","97","","","","","","","",""
"","","","","","","","","","","","","","0.00","","0.00","","","0.00","","","","","","","","","","","","","","","","","","","","","","","","","","","",""
"17078","W","Armageddon Cpu Cooler for Intel Socket 1366/1156 Motherboards","","","","","","","1","0","Stck","0.00","0.00","0.00","0.00","0.00","0.00","0.00","0.9 kg","","","","","","","","","","11.11.2025","nein","0.00","0.00","0.00","","unbekannt","160","190","90","","Megahalems was Prolimatech’s first ever CPU heatsink and it quickly became the one to beat and paved the road for all others to follow. Months have passed and competition has once again heated up. One noticible thing is that size has become larger and larger in these heatsinks. This may not be practical as clearance becomes an issue. With Armageddon, strap on a 14cm fan and let Prolimatech show you that brawn can overcome size.","","Kühlung","","Kühlkörper","",""
"","","","","","","","","","","","","","0.00","","0.00","","","0.00","","","","","","","","","","","","","","","","","","","","","","","","","","","",""
"002237","W","ARP Datacon AS-251P","","","","","","","0","0","Stck","0.00","0.00","0.00","0.00","0.00","0.00","0.00","0.114 kg","","","","","","","","","","06.11.2019","ja","0.00","0.00","0.00","","","85","100","25","","","","","","","",""
"","","","","","","","","","","","","","0.00","","0.00","","","0.00","","","","","","","","","","","","","","","","","","","","","","","","","","","",""
"002233","W","ARP Datacon AS-401PII","","","","","","","0","0","Stck","0.00","0.00","25.00","0.00","0.00","0.00","0.00","1.5 kg","","","","","","","","","","06.11.2019","ja","0.00","0.00","0.00","","ARP","145","265","40","","","","","","","",""
"","","","","","","","","","","","","","0.00","","0.00","","","0.00","","","","","","","","","","","","","","","","","","","","","","","","","","","",""
"002202","W","ARP Datacon AS-4025","","","","","","","0","0","Stck","0.00","0.00","0.00","0.00","0.00","0.00","0.00","0.85 kg","","","","","","","","","","06.11.2019","ja","0.00","0.00","0.00","","","145","265","40","","","","","","","",""
"","","","","","","","","","","","","","0.00","","0.00","","","0.00","","","","","","","","","","","","","","","","","","","","","","","","","","","",""
"002127","W","ARP Datacon Data Switch Box","","","","","","","0","0","Stck","0.00","0.00","0.00","0.00","0.00","0.00","0.00","0.86 kg","","","","","","","","","","06.11.2019","ja","0.00","0.00","0.00","","","130","180","65","","","","","","","",""
"002183","W","ARP Datacon Data Switch Box","","","","","","","0","0","Stck","0.00","0.00","0.00","0.00","0.00","0.00","0.00","0.86 kg","","","","","","","","","","06.11.2019","ja","0.00","0.00","0.00","","","130","180","65","","","","","","","",""
"","","","","","","","","","","","","","0.00","","0.00","","","0.00","","","","","","","","","","","","","","","","","","","","","","","","","","","",""
"002119","W","ARP Datacon Master View","","","","","","","0","0","Stck","0.00","0.00","0.00","0.00","0.00","0.00","0.00","1.25 kg","","","","","","","","","","06.11.2019","ja","0.00","0.00","0.00","","","150","225","55","","","","","","","",""
"","","","","","","","","","","","","","0.00","","0.00","","","0.00","","","","","","","","","","","","","","","","","","","","","","","","","","","",""
"002359","W","ARP Datacon SXP-325","","","","","","","0","0","Stck","0.00","0.00","0.00","0.00","0.00","0.00","0.00","0.09 kg","","","","","","","","","","06.11.2019","ja","0.00","0.00","0.00","","","100","60","25","","","","","","","",""
"","","","","","","","","","","","","","0.00","","0.00","","","0.00","","","","","","","","","","","","","","","","","","","","","","","","","","","",""
"003326","W","ARRIS TM602B/220 Kabelrouter","","","","","","","0","0","Stck","0.00","0.00","0.00","0.00","0.00","0.00","0.00","0.55 kg","","","","","","","","","","06.11.2019","ja","0.00","0.00","0.00","","ARRIS","175","150","45","","","","","","","",""
"","","","","","","","","","","","","","0.00","","0.00","","","0.00","","","","","","","","","","","","","","","","","","","","","","","","","","","",""
"004793","W","ARRIS Touchstone Tm722b Kabelmodem","","","","","","","1","0","Stck","0.00","0.00","0.00","0.00","0.00","0.00","0.00","1.5 kg","","","","","","","","","","11.05.2022","ja","0.00","0.00","0.00","","ARRIS","210","180","45","","","","","","","",""
"","","","","","","","","","","","","","0.00","","0.00","","","0.00","","","","","","","","","","","","","","","","","","","","","","","","","","","",""
"005139","W","ARRIS VIP1113M","","","","","","","1","0","Stck","0.00","0.00","0.00","0.00","0.00","0.00","0.00","300 kg","","","","","","","","","","17.12.2022","ja","0.00","0.00","0.00","","ARRIS","0","0","0","","","","","","","",""
"","","","","","","","","","","","","","0.00","","0.00","","","0.00","","","","","","","","","","","","","","","","","","","","","","","","","","","",""
"005398","W","ARTICONA KVM-Switch DP DualHead 2-Port (4297729)","","","","","","","1","0","Stck","0.00","0.00","0.00","0.00","0.00","0.00","0.00","0.9 kg","","","","","","","","","","03.06.2023","ja","0.00","0.00","0.00","","Articona","100","160","65","","","","","","","",""
"","","","","","","","","","","","","","0.00","","0.00","","","0.00","","","","","","","","","","","","","","","","","","","","","","","","","","","",""
"D15","D","Artikelimport handpuppen.ch und ritterspielzeug.ch","","Dienstleistung","","","","","0","0","psch","0.00","0.00","300.00","0.00","0.00","0.00","0.00","0 kg","","","","21.08.2010","","","","","","29.09.2007","nein","0.00","0.00","0.00","","","","","","","","","","","","",""
"","","","","","","","","","","","","","0.00","","0.00","","","0.00","","","","","","","","","","","","","","","","","","","","","","","","","","","",""
"D15","D","Artikelimport kasperli.ch, Eingabe der Kategorien plus weitere individuelle Anpassungen","","Dienstleistung","","","","","0","0","psch","0.00","0.00","200.00","0.00","0.00","0.00","0.00","0 kg","","","","19.12.2010","","","","","","29.09.2007","nein","0.00","0.00","0.00","","","","","","","","","","","","",""
"","","","","","","","","","","","","","0.00","","0.00","","","0.00","","","","","","","","","","","","","","","","","","","","","","","","","","","",""
"D15","D","Artikelimport ritterspielzeug.ch, Eingabe der Kategorien plus individuelle Anpassungen","","Dienstleistung","","","","","0","0","psch","0.00","0.00","150.00","0.00","0.00","0.00","0.00","0 kg","","","","19.12.2010","","","","","","29.09.2007","nein","0.00","0.00","0.00","","","","","","","","","","","","",""
"","","","","","","","","","","","","","0.00","","0.00","","","0.00","","","","","","","","","","","","","","","","","","","","","","","","","","","",""
"17032","W","ARTOP ATP9200 vesa scsi-2","","","","","","","1","0","Stck","0.00","0.00","0.00","0.00","0.00","0.00","0.00","0.4 kg","","","","","","","","","","11.11.2025","nein","0.00","0.00","0.00","","unbekannt","150","400","7","","The adress length of ARTOP ATP9200 BIOS is 32k. The first 16KB can be shadowed. It will improve your performance, but the second 16KB can´t be shadowed.","","Steckkarten","","Multifunktionskarte","",""
"","","","","","","","","","","","","","0.00","","0.00","","","0.00","","","","","","","","","","","","","","","","","","","","","","","","","","","",""
"002215","W","AS-401P II","","","","","","","0","0","Stck","0.00","0.00","25.00","0.00","0.00","0.00","0.00","0.6 kg","","","","","","","","","","06.11.2019","ja","0.00","0.00","0.00","","","150","100","35","","","","","","","",""
"","","","","","","","","","","","","","0.00","","0.00","","","0.00","","","","","","","","","","","","","","","","","","","","","","","","","","","",""
"006353","W","ASANTE 10T HUB/8","","","","","","","1","0","Stck","0.00","0.00","0.00","0.00","0.00","0.00","0.00","0.9 kg","","","","","","","","","","20.03.2024","ja","0.00","0.00","0.00","","Asanté","211","130","34","","","","","","","",""
"","","","","","","","","","","","","","0.00","","0.00","","","0.00","","","","","","","","","","","","","","","","","","","","","","","","","","","",""
"001543","W","Asante EN/SC","","","","","","","0","0","Stck","0.00","0.00","20.00","0.00","0.00","0.00","0.00","0.692 kg","","","","01.11.2016","","","","","","01.11.2016","ja","0.00","0.00","0.00","","Asanté","117","201","39","","","","","","","",""
"","","","","","","","","","","","","","0.00","","0.00","","","0.00","","","","","","","","","","","","","","","","","","","","","","","","","","","",""
"002419","W","Asanté FriendlyNET","","","","","","","0","0","Stck","0.00","0.00","15.00","0.00","0.00","0.00","0.00","0.26 kg","","","","","","","","","","06.11.2019","ja","0.00","0.00","0.00","","Asanté","100","185","30","","","","","","","",""
"","","","","","","","","","","","","","0.00","","0.00","","","0.00","","","","","","","","","","","","","","","","","","","","","","","","","","","",""
"004014","W","Asanté Micro AsantéPrint","","","","","","","0","0","Stck","0.00","0.00","30.02","0.00","0.00","0.00","0.00","0.8 kg","","","","01.09.2022","","","","","","22.03.2021","ja","0.00","0.00","0.00","","Asanté","120","88","29","","","","","","","",""
"","","","","","","","","","","","","","0.00","","0.00","","","0.00","","","","","","","","","","","","","","","","","","","","","","","","","","","",""
"004271","W","Asante, MINI EN/SC","","","","","","","0","0","Stck","0.00","0.00","80.02","0.00","0.00","0.00","0.00","0.7 kg","","","","09.09.2022","","","","","","08.07.2021","ja","0.00","0.00","0.00","","Asanté","135","76","28","","","","","","","",""
"","","","","","","","","","","","","","0.00","","0.00","","","0.00","","","","","","","","","","","","","","","","","","","","","","","","","","","",""
"001575","W","Ascend P50-1SBRI-E","","","","","","","0","0","Stck","0.00","0.00","5.00","0.00","0.00","0.00","0.00","1.13 kg","","","","","","","","","","06.11.2019","ja","0.00","0.00","0.00","","Ascend Communications, Inc.","157","220","32","","","","","","","",""
"","","","","","","","","","","","","","0.00","","0.00","","","0.00","","","","","","","","","","","","","","","","","","","","","","","","","","","",""
"005324","W","Ascom Aura 11","","","","","","","1","0","Stck","0.00","0.00","30.00","30.00","0.00","0.00","0.00","0.57 kg","","","","19.05.2025","","","","","","06.04.2023","ja","0.00","0.00","0.00","","Ascom","220","155","80","","","","","","","",""
"","","","","","","","","","","","","","0.00","","30.00","","","0.00","","","","","","","","","","","","","","","","","","","","","","","","","","","",""
"005964","W","Ascom EyeSpeed USB","","","","","","","1","0","Stck","0.00","0.00","0.00","0.00","0.00","0.00","0.00","0.08 kg","","","","","","","","","","30.09.2023","ja","0.00","0.00","0.00","","Ascom","66","45","20","","","","","","","",""
"","","","","","","","","","","","","","0.00","","0.00","","","0.00","","","","","","","","","","","","","","","","","","","","","","","","","","","",""
"P39","W","Ascom Tritel ELM2","","Peripheriegeräte Occasion","","","","","0","0","Stck","0.00","0.00","20.00","0.00","0.00","0.00","0.00","0 kg","","","","16.10.2019","","","","","","01.02.2008","nein","0.00","0.00","0.00","","","","","","","","","","","","",""
"003226","WV","Ascom Tritel ELM2","","","","","","","1","0","Stck","0.00","0.00","20.00","20.00","0.00","0.00","0.00","1.3 kg","","","","25.09.2019","","","","","","25.09.2019","ja","0.00","0.00","0.00","","Ascom","165","250","90","","","","","","","",""
"003226","WV","Ascom Tritel ELM2","","","","","","","1","0","Stck","0.00","0.00","20.00","20.00","0.00","0.00","0.00","1.3 kg","","","","07.10.2019","","","","","","25.09.2019","ja","0.00","0.00","0.00","","Ascom","165","250","90","","","","","","","",""
"","","","","","","","","","","","","","0.00","","40.00","","","0.00","","","","","","","","","","","","","","","","","","","","","","","","","","","",""
"004664","W","Aspire 1362LC , 15 Zoll","","","","","","","1","0","Stck","0.00","0.00","0.00","0.00","0.00","0.00","0.00","5.6 kg","","","","","","","","","","04.05.2022","ja","0.00","0.00","0.00","","Acer","290","360","50","","","","","","","",""
"","","","","","","","","","","","","","0.00","","0.00","","","0.00","","","","","","","","","","","","","","","","","","","","","","","","","","","",""
"K0137","W","Aspire 6930G","","Kundengerät","","","","","0","0","Stck","0.00","0.00","0.00","0.00","0.00","0.00","0.00","0 kg","","","","06.07.2015","","","","","","06.07.2015","nein","0.00","0.00","0.00","","","","","","","","","","","","",""
"K0137","W","Aspire 6930G","","Kundengerät","","","","","0","0","Stck","0.00","0.00","0.00","0.00","0.00","0.00","0.00","0 kg","","","","07.08.2015","","","","","","06.07.2015","nein","0.00","0.00","0.00","","","","","","","","","","","","",""
"","","","","","","","","","","","","","0.00","","0.00","","","0.00","","","","","","","","","","","","","","","","","","","","","","","","","","","",""
"006518","W","Aspire E 15","","","","","","","0","0","Stck","0.00","0.00","0.00","0.00","0.00","0.00","0.00","0 kg","","","","","","","","","","23.05.2024","ja","0.00","0.00","0.00","","Acer","380","252","28","","","","","","","",""
"","","","","","","","","","","","","","0.00","","0.00","","","0.00","","","","","","","","","","","","","","","","","","","","","","","","","","","",""
"003601","W","Aspire One kav10","","","","","","","0","0","Stck","0.00","0.00","0.00","0.00","0.00","0.00","0.00","1.7 kg","","","","","","","","","","06.11.2019","ja","0.00","0.00","0.00","","Acer","260","190","33","","","","","","","",""
"","","","","","","","","","","","","","0.00","","0.00","","","0.00","","","","","","","","","","","","","","","","","","","","","","","","","","","",""
"000727","W","Aspire ONE ZG5","","","","","","","1","0","Stck","200.00","200.00","200.00","200.00","0.00","0.00","0.00","0.0014 kg","","","","19.11.2013","","","","","","21.11.2013","ja","0.00","0.00","0.00","","Acer","250","170","33","","","","","","","",""
"000727","W","Aspire ONE ZG5","","","","","","","1","0","Stck","200.00","200.00","200.00","200.00","0.00","0.00","0.00","0.0014 kg","","","","21.11.2013","","","","","","21.11.2013","ja","0.00","0.00","0.00","","Acer","250","170","33","","","","","","","",""
"","","","","","","","","","","","","","400.00","","400.00","","","0.00","","","","","","","","","","","","","","","","","","","","","","","","","","","",""
"005276","W","Aspire T136-T97Z","","","","","","","1","0","Stck","0.00","0.00","0.00","0.00","0.00","0.00","0.00","14 kg","","","","","","","","","","22.02.2023","ja","0.00","0.00","0.00","","Acer","455","185","360","","","","","","","",""
"","","","","","","","","","","","","","0.00","","0.00","","","0.00","","","","","","","","","","","","","","","","","","","","","","","","","","","",""
"17101","W","Aspire V5-123","","","","","","","1","0","Stck","0.00","0.00","0.00","0.00","0.00","0.00","0.00","1.2 kg","","","","","","","","","","11.11.2025","nein","0.00","0.00","0.00","","Acer","280","200","27","","Das Acer Aspire V5-123 ist ein 11,6-Zoll-Laptop mit einem AMD E1-2100 Prozessor, 4 GB RAM und einer 500 GB Festplatte, der für grundlegende Aufgaben wie Web-Browsing und Büroarbeiten konzipiert wurde. Diese Laptops, die oft mit Windows 8.1 ausgeliefert wurden, sind relativ alt und die Modelle weisen unterschiedliche Konfigurationen auf.","","Laptop_und_Zubehör","","Laptop","",""
"","","","","","","","","","","","","","0.00","","0.00","","","0.00","","","","","","","","","","","","","","","","","","","","","","","","","","","",""
"002543","W","ASROCK-ION 330HT 1.6","","","","","","","0","0","Stck","0.00","0.00","50.00","0.00","0.00","0.00","0.00","2 kg","","","","","","","","","","06.11.2019","ja","0.00","0.00","0.00","","ASRock","200","190","75","","","","","","","",""
"","","","","","","","","","","","","","0.00","","0.00","","","0.00","","","","","","","","","","","","","","","","","","","","","","","","","","","",""
"003203","W","AST 118465-003 REV.A","","","","","","","0","0","Stck","0.00","0.00","80.00","0.00","0.00","0.00","0.00","2.8 kg","","","","","","","","","","06.11.2019","ja","0.00","0.00","0.00","","diverse","500","200","20","","","","","","","",""
"","","","","","","","","","","","","","0.00","","0.00","","","0.00","","","","","","","","","","","","","","","","","","","","","","","","","","","",""
"002030","W","astaro Security Gateway 110/120","","","","","","","0","0","Stck","0.00","0.00","0.00","0.00","0.00","0.00","0.00","1.75 kg","","","","","","","","","","06.11.2019","ja","0.00","0.00","0.00","","astaro","193","270","45","","","","","","","",""
"","","","","","","","","","","","","","0.00","","0.00","","","0.00","","","","","","","","","","","","","","","","","","","","","","","","","","","",""
"002003","W","Asus","","","","","","","0","0","Stck","0.00","0.00","55.00","0.00","0.00","0.00","0.00","6.5 kg","","","","","","","","","","06.11.2019","ja","0.00","0.00","0.00","","Asus","410","190","410","","","","","","","",""
"","","","","","","","","","","","","","0.00","","0.00","","","0.00","","","","","","","","","","","","","","","","","","","","","","","","","","","",""
"004716","W","Asus 08G17018270, 512MB","","","","","","","1","0","Stck","0.00","0.00","0.00","0.00","0.00","0.00","0.00","500 kg","","","","","","","","","","04.05.2022","ja","0.00","0.00","0.00","","Asus","190","120","40","","","","","","","",""
"","","","","","","","","","","","","","0.00","","0.00","","","0.00","","","","","","","","","","","","","","","","","","","","","","","","","","","",""
"005185","W","Asus 210-SL-TC1GD3-L","","","","","","","1","0","Stck","0.00","0.00","0.00","0.00","0.00","0.00","0.00","0.25 kg","","","","","","","","","","06.01.2023","ja","0.00","0.00","0.00","","Asus","173","82","37","","","","","","","",""
"","","","","","","","","","","","","","0.00","","0.00","","","0.00","","","","","","","","","","","","","","","","","","","","","","","","","","","",""
"002642","W","Asus A1000","","","","","","","0","0","Stck","0.00","0.00","120.00","0.00","0.00","0.00","0.00","3.8 kg","","","","","","","","","","06.11.2019","ja","0.00","0.00","0.00","","Asus","310","245","45","","","","","","","",""
"","","","","","","","","","","","","","0.00","","0.00","","","0.00","","","","","","","","","","","","","","","","","","","","","","","","","","","",""
"003855","W","Asus A2000H","","","","","","","0","0","Stck","0.00","0.00","180.00","0.00","0.00","0.00","0.00","4.2 kg","","","","","","","","","","06.11.2019","ja","0.00","0.00","0.00","","Asus","337","270","50","","","","","","","",""
"","","","","","","","","","","","","","0.00","","0.00","","","0.00","","","","","","","","","","","","","","","","","","","","","","","","","","","",""
"K0262","W","Asus A3A","Asus Notebook A3A mit Netzteil","Kundengerät","","","","","0","0","Stck","0.00","0.00","0.00","0.00","0.00","0.00","0.00","0 kg","","","","09.09.2016","","","","","","09.09.2016","nein","0.00","0.00","0.00","","","","","","","","","","","","",""
"","","","","","","","","","","","","","0.00","","0.00","","","0.00","","","","","","","","","","","","","","","","","","","","","","","","","","","",""
"003857","W","Asus A6R- B002H","","","","","","","0","0","Stck","0.00","0.00","180.00","0.00","0.00","0.00","0.00","4.9 kg","","","","","","","","","","06.11.2019","ja","0.00","0.00","0.00","","Asus","358","270","38","","","","","","","",""
"","","","","","","","","","","","","","0.00","","0.00","","","0.00","","","","","","","","","","","","","","","","","","","","","","","","","","","",""
"004745","W","Asus A88XM-E, m-ITX","","","","","","","1","0","Stck","0.00","0.00","0.00","0.00","0.00","0.00","0.00","1'500 kg","","","","","","","","","","04.05.2022","ja","0.00","0.00","0.00","","Asus","190","225","80","","","","","","","",""
"","","","","","","","","","","","","","0.00","","0.00","","","0.00","","","","","","","","","","","","","","","","","","","","","","","","","","","",""
"004631","W","Asus A9200SE / 128M","","","","","","","1","0","Stck","0.00","0.00","30.00","30.00","0.00","0.00","0.00","0.2 kg","","","","02.03.2022","","","","","","02.03.2022","ja","0.00","0.00","0.00","","Asus","180","120","20","","","","","","","",""
"","","","","","","","","","","","","","0.00","","30.00","","","0.00","","","","","","","","","","","","","","","","","","","","","","","","","","","",""
"006653","W","ASUS A9250GE/TD/256M","","","","","","","1","0","Stck","0.00","0.00","0.00","0.00","0.00","0.00","0.00","0.2 kg","","","","","","","","","","13.08.2024","ja","0.00","0.00","0.00","","Asus","185","125","20","","","","","","","",""
"","","","","","","","","","","","","","0.00","","0.00","","","0.00","","","","","","","","","","","","","","","","","","","","","","","","","","","",""
"a003531","W","Asus AB-P2800","","","","","","","0","0","Stck","0.00","0.00","25.00","0.00","0.00","0.00","0.00","10.5 kg","","","","","","","","","","06.11.2019","ja","0.00","0.00","0.00","","Asus","36.0000","9.0000","29.0000","","","","","","","",""
"","","","","","","","","","","","","","0.00","","0.00","","","0.00","","","","","","","","","","","","","","","","","","","","","","","","","","","",""
"001923","W","Asus Adapter ADP-40PH AB 19V/2.1A","","","","","","","0","0","Stck","0.00","0.00","0.00","0.00","0.00","0.00","0.00","0 kg","","","","","","","","","","14.02.2017","ja","0.00","0.00","0.00","","","0","0","0","","","","","","","",""
"","","","","","","","","","","","","","0.00","","0.00","","","0.00","","","","","","","","","","","","","","","","","","","","","","","","","","","",""
"001904","W","Asus Akku","","","","","","","0","0","Stck","0.00","0.00","0.00","0.00","0.00","0.00","0.00","0 kg","","","","","","","","","","27.01.2017","ja","0.00","0.00","0.00","","Asus","0","0","0","","","","","","","",""
"","","","","","","","","","","","","","0.00","","0.00","","","0.00","","","","","","","","","","","","","","","","","","","","","","","","","","","",""
"005391","W","Asus All in one, i3-550 3.20GHz, 24""","","","","","","","1","0","Stck","0.00","0.00","0.00","0.00","0.00","0.00","0.00","0 kg","","","","","","","","","","02.06.2023","ja","0.00","0.00","0.00","","Asus","0","0","0","","","","","","","",""
"","","","","","","","","","","","","","0.00","","0.00","","","0.00","","","","","","","","","","","","","","","","","","","","","","","","","","","",""
"K0738","W","ASUS All-in-one-PC ET2301INTH","s/N: D9PTCY019106","Kundengerät","","","","","0","0","Stck","0.00","0.00","0.00","0.00","0.00","0.00","0.00","0 kg","","","","30.10.2020","D9PTCY019106","","","","","03.11.2020","nein","0.00","0.00","0.00","Kuhn Roger","","","","","","","","","","","",""
"","","","","","","","","","","","","","0.00","","0.00","","","0.00","","","","","","","","","","","","","","","","","","","","","","","","","","","",""
"004717","W","Asus Ati 102A9150100, 512MB","","","","","","","1","0","Stck","0.00","0.00","0.00","0.00","0.00","0.00","0.00","2'500 kg","","","","","","","","","","04.05.2022","ja","0.00","0.00","0.00","","ATI","240","125","40","","","","","","","",""
"","","","","","","","","","","","","","0.00","","0.00","","","0.00","","","","","","","","","","","","","","","","","","","","","","","","","","","",""
"7051","W","Asus Barebone P6-P7H55E","","","","","","","1","0","Stck","0.00","0.00","0.00","0.00","0.00","0.00","0.00","1.5 kg","","","","","","","","","","02.10.2025","ja","0.00","0.00","0.00","","Asus","185","180","38","","ASUS Booksize P6-P7H55E. Prozessorsockel: LGA 1156 (Socket H). RAM-Speicher maximal: 8 GB. Anzahl Ethernet-LAN-Anschlüsse (RJ-45): 1. Stromversorgung: 200 W (Dimm slot b1 broken)","","Computer_und_Komplettsysteme","yes","Barebones, Mini-PC","",""
"","","","","","","","","","","","","","0.00","","0.00","","","0.00","","","","","","","","","","","","","","","","","","","","","","","","","","","",""
"004324","W","ASUS C1T61U-B02","","","","","","","0","0","Stck","0.00","0.00","15.00","0.00","0.00","0.00","0.00","0.1 kg","","","","04.07.2023","","","","","","15.03.2022","ja","0.00","0.00","0.00","","Asus","27","120","22","","","","","","","",""
"","","","","","","","","","","","","","0.00","","0.00","","","0.00","","","","","","","","","","","","","","","","","","","","","","","","","","","",""
"006625","W","Asus Cooler Master","","","","","","","1","0","Stck","0.00","0.00","0.00","0.00","0.00","0.00","0.00","7.8 kg","","","","","","","","","","13.07.2024","ja","0.00","0.00","0.00","","Asus","220","500","490","","","","","","","",""
"","","","","","","","","","","","","","0.00","","0.00","","","0.00","","","","","","","","","","","","","","","","","","","","","","","","","","","",""
"002570","W","Asus CUR-DLS","","","","","","","0","0","Stck","0.00","0.00","30.00","0.00","0.00","0.00","0.00","1.5 kg","","","","","","","","","","06.11.2019","ja","0.00","0.00","0.00","","Asus","260","310","140","","","","","","","",""
"","","","","","","","","","","","","","0.00","","0.00","","","0.00","","","","","","","","","","","","","","","","","","","","","","","","","","","",""
"005090","W","ASUS CUV4X","","","","","","","0","0","Stck","0.00","0.00","40.00","0.00","0.00","0.00","0.00","0 kg","","","","08.10.2022","","","","","","27.10.2022","ja","0.00","0.00","0.00","","Asus","0","0","0","disableit_children","","","","","","",""
"","","","","","","","","","","","","","0.00","","0.00","","","0.00","","","","","","","","","","","","","","","","","","","","","","","","","","","",""
"001743","WV","Asus Display Gehäuse","","","","","","","0","0","Stck","30.00","0.00","50.00","0.00","0.00","0.00","0.00","4.1 kg","","","","17.08.2022","","","","","","27.02.2019","ja","0.00","0.00","0.00","","ARC","325","400","95","","","","","","","",""
"001743","WV","Asus Display Gehäuse","","","","","","","0","0","Stck","30.00","0.00","50.00","0.00","0.00","0.00","0.00","4.1 kg","","","","28.09.2022","","","","","","27.02.2019","ja","0.00","0.00","0.00","","ARC","325","400","95","","","","","","","",""
"","","","","","","","","","","","","","0.00","","0.00","","","0.00","","","","","","","","","","","","","","","","","","","","","","","","","","","",""
"002646","W","ASUS DRW-1604P-D","","","","","","","0","0","Stck","20.00","0.00","20.00","0.00","20.00","0.00","0.00","0 kg","","","","25.07.2018","","","","","","25.07.2018","ja","0.00","0.00","0.00","","Asus","0","0","0","","","","","","","",""
"","","","","","","","","","","","","","0.00","","0.00","","","0.00","","","","","","","","","","","","","","","","","","","","","","","","","","","",""
"003692","W","Asus DRW-24D5MT interner 24x DVD Brenner (DVD+-RW, E-Green Silent) schwarz","","","","","","","0","0","Stck","0.00","0.00","15.00","0.00","0.00","0.00","0.00","0.88 kg","","","","","","","","","","06.11.2019","ja","0.00","0.00","0.00","","Asus","210","180","70","","","","","","","",""
"","","","","","","","","","","","","","0.00","","0.00","","","0.00","","","","","","","","","","","","","","","","","","","","","","","","","","","",""
"K0549","W","ASUS E402M","","Kundengerät","","","","","0","-1","Stck","0.00","0.00","0.00","0.00","0.00","0.00","0.00","0 kg","","","","08.10.2018","","","","","","10.10.2018","nein","0.00","0.00","0.00","","","","","","","","","","","","",""
"K0549","W","ASUS E402M","","Kundengerät","","","","","0","-1","Stck","0.00","0.00","0.00","0.00","0.00","0.00","0.00","0 kg","","","","23.10.2018","","","","","","10.10.2018","nein","0.00","0.00","0.00","","","","","","","","","","","","",""
"","","","","","","","","","","","","","0.00","","0.00","","","0.00","","","","","","","","","","","","","","","","","","","","","","","","","","","",""
"004863","W","Asus EAH3450/DI/256M/A Radeon HD 3450","","","","","","","1","0","Stck","0.00","0.00","0.00","0.00","0.00","0.00","0.00","1 kg","","","","","","","","","","17.06.2022","ja","0.00","0.00","0.00","","Asus","190","50","85","","","","","","","",""
"","","","","","","","","","","","","","0.00","","0.00","","","0.00","","","","","","","","","","","","","","","","","","","","","","","","","","","",""
"3879","W","Asus EAH5450 SILENT/DI/1GD3(LP)","","","","","","","0","0","Stck","0.00","0.00","0.00","0.00","0.00","0.00","0.00","0.2 kg","","","","","","","","","","07.01.2026","ja","0.00","0.00","0.00","","Asus","170","120","60","","Die Asus EAH5450 SILENT/DI/1GD3(LP) ist eine leise Grafikkarte, die für den Einsatz in PCs und heimischen Multimedia-Setups konzipiert ist. Sie bietet 1 GB GDDR3-Speicher und unterstützt eine maximale Auflösung von 2560 x 1600 Pixeln. Die Karte ist ideal für Anwendungen, die eine ruhige Umgebung erfordern, durch ihre passiv gekühlte Konstruktion.","- **Grafikspeicher [MB]** 1024 - **Speicherschnittstelle** 64 bit - **Speichertakt [MHz]** 800 - **Schnittstelle** PCI Express 2.1 - **Videoausgänge** HDMI,DVI-I - **Max. Auflösung** 2560 x 1600 - **API Unterstützung** DirectX 11,OpenGL - **Qualität** Ok","Steckkarten","false","Graphikkarte","",""
"","","","","","","","","","","","","","0.00","","0.00","","","0.00","","","","","","","","","","","","","","","","","","","","","","","","","","","",""
"003879","W","Asus EAH5450 SILENT/DI/1GD3(LP)","","","","","","","3","0","Stck","0.00","0.00","35.00","105.00","0.00","0.00","0.00","0.2 kg","","","","09.09.2024","","","","","","06.11.2019","ja","0.00","0.00","0.00","","Asus","170","120","60","","","","","","","",""
"","","","","","","","","","","","","","0.00","","105.00","","","0.00","","","","","","","","","","","","","","","","","","","","","","","","","","","",""
"003911","W","ASUS EAH5570/DI/1GD3(LP)","","","","","","","0","0","Stck","0.00","0.00","0.00","0.00","0.00","0.00","0.00","0.22 kg","","","","","","","","","","06.11.2019","ja","0.00","0.00","0.00","","Asus","180","130","20","","","","","","","",""
"","","","","","","","","","","","","","0.00","","0.00","","","0.00","","","","","","","","","","","","","","","","","","","","","","","","","","","",""
"001206","W","ASUS EAH 5870 1GB Ram","","","","","","","0","0","Stck","0.00","0.00","50.00","0.00","0.00","0.00","0.00","1.5 kg","","","","03.04.2018","","","","","","03.04.2018","ja","0.00","0.00","0.00","","Asus","260","40","130","","","","","","","",""
"","","","","","","","","","","","","","0.00","","0.00","","","0.00","","","","","","","","","","","","","","","","","","","","","","","","","","","",""
"003909","W","ASUS EAH6450 SILENT/DI/","","","","","","","3","0","Stck","0.00","0.00","0.00","0.00","0.00","0.00","0.00","0.22 kg","","","","","","","","","","06.11.2019","ja","0.00","0.00","0.00","","Asus","180","130","20","","","","","","","",""
"","","","","","","","","","","","","","0.00","","0.00","","","0.00","","","","","","","","","","","","","","","","","","","","","","","","","","","",""
"001710","W","ASUS EAH6450 SILENT/DI/512MD3(LP)","","","","","","","27","0","Stck","0.00","0.00","30.00","810.00","0.00","0.00","0.00","0.22 kg","","","","","","","","","","06.11.2019","ja","0.00","0.00","0.00","","Asus","185","80","23","","","","","","","",""
"","","","","","","","","","","","","","0.00","","810.00","","","0.00","","","","","","","","","","","","","","","","","","","","","","","","","","","",""
"003952","W","ASUS EAX1950PRO/HTDP/256M /A","","","","","","","1","0","Stck","0.00","0.00","0.00","0.00","0.00","0.00","0.00","0.7 kg","","","","","","","","","","30.11.2019","ja","0.00","0.00","0.00","","Asus","240","120","35","","","","","","","",""
"","","","","","","","","","","","","","0.00","","0.00","","","0.00","","","","","","","","","","","","","","","","","","","","","","","","","","","",""
"P11","W","Asus EEC-1001HA Netbook","","Computer neu","","","","","0","0","Stck","0.00","0.00","380.00","0.00","0.00","0.00","0.00","0 kg","","","","26.09.2010","","","","","","17.08.2007","nein","0.00","0.00","0.00","","","","","","","","","","","","",""
"","","","","","","","","","","","","","0.00","","0.00","","","0.00","","","","","","","","","","","","","","","","","","","","","","","","","","","",""
"K0450","W","Asus EEC PC","reserviert","Kundengerät","","","","","0","1","Stck","0.00","0.00","100.00","0.00","0.00","0.00","0.00","0 kg","","","","12.02.2018","","","","","","12.02.2018","nein","0.00","0.00","0.00","Mohi Tarig","","","","","","","","","","","",""
"","","","","","","","","","","","","","0.00","","0.00","","","0.00","","","","","","","","","","","","","","","","","","","","","","","","","","","",""
"001776","W","Asus EeeBox","","","","","","","0","0","Stck","0.00","0.00","300.00","0.00","0.00","0.00","0.00","0 kg","","","","","","","","","","27.09.2016","ja","0.00","0.00","0.00","","Asus","0","0","0","","","","","","","",""
"","","","","","","","","","","","","","0.00","","0.00","","","0.00","","","","","","","","","","","","","","","","","","","","","","","","","","","",""
"003096","W","Asus EeeBox PC EB1501","","","","","","","9","0","Stck","0.00","0.00","80.00","720.00","0.00","0.00","0.00","1.8 kg","","","","","","","","","","06.11.2019","ja","0.00","0.00","0.00","","Asus","195","195","40","","","","","","","",""
"","","","","","","","","","","","","","0.00","","720.00","","","0.00","","","","","","","","","","","","","","","","","","","","","","","","","","","",""
"002785","W","Asus EeeBox PC EB1501P","","","","","","","8","0","Stck","70.00","560.00","50.00","400.00","0.00","0.00","0.00","1.8 kg","","","","12.04.2023","A8ESAS002304","","","","","30.01.2019","ja","0.00","0.00","0.00","","Asus","195","195","40","","","","","","","",""
"002785","W","Asus EeeBox PC EB1501P","","","","","","","8","0","Stck","70.00","560.00","100.00","800.00","0.00","0.00","0.00","1.8 kg","","","","21.05.2023","","","","","","30.01.2019","ja","0.00","0.00","0.00","","Asus","195","195","40","","","","","","","",""
"","","","","","","","","","","","","","1'120.00","","1'200.00","","","0.00","","","","","","","","","","","","","","","","","","","","","","","","","","","",""
"003553","W","Asus EeeBox PC EB1501U","","","","","","","2","0","Stck","0.00","0.00","65.00","130.00","0.00","0.00","0.00","1.8 kg","","","","16.03.2021","","","","","","16.01.2019","ja","0.00","0.00","0.00","","Asus","195","195","40","","","","","","","",""
"a003553","W","Asus EeeBox PC EB1501U","","","","","","","0","0","Stck","0.00","0.00","65.00","0.00","0.00","0.00","0.00","1.8 kg","","","","","","","","","","06.11.2019","ja","0.00","0.00","0.00","","Asus","19.5000","19.5000","4.0000","","","","","","","",""
"","","","","","","","","","","","","","0.00","","130.00","","","0.00","","","","","","","","","","","","","","","","","","","","","","","","","","","",""
"003553","W","Asus EeeBox PC EB1501U Linux MX","","","","","","","2","0","Stck","0.00","0.00","120.00","240.00","0.00","0.00","0.00","1.8 kg","","","","08.03.2022","","","","","","16.01.2019","ja","0.00","0.00","0.00","","Asus","195","195","40","","","","","","","",""
"003553","W","Asus EeeBox PC EB1501U Linux MX","","","","","","","2","0","Stck","0.00","0.00","120.00","240.00","0.00","0.00","0.00","1.8 kg","","","","14.03.2022","A3ESAS022371","","","","","16.01.2019","ja","0.00","0.00","0.00","","Asus","195","195","40","","","","","","","",""
"","","","","","","","","","","","","","0.00","","480.00","","","0.00","","","","","","","","","","","","","","","","","","","","","","","","","","","",""
"003553","W","Asus EeeBox PC EB1501U (ohne HDD)","","","","","","","2","0","Stck","0.00","0.00","50.00","100.00","0.00","0.00","0.00","1.8 kg","","","","16.01.2019","","","","","","16.01.2019","ja","0.00","0.00","0.00","","Asus","195","195","40","","","","","","","",""
"","","","","","","","","","","","","","0.00","","100.00","","","0.00","","","","","","","","","","","","","","","","","","","","","","","","","","","",""
"004111","W","Asus EeePad Transformer Prime TF201","","","","","","","1","0","Stck","0.00","0.00","150.00","150.00","0.00","0.00","0.00","0.585 kg","","","","","","","","","","20.05.2021","ja","0.00","0.00","0.00","","Asus","181","263","8.3","","","","","","","",""
"","","","","","","","","","","","","","0.00","","150.00","","","0.00","","","","","","","","","","","","","","","","","","","","","","","","","","","",""
"K1115","W","Asus Eee PC 1000H","Akku und MicroSD-Adapter Tasche","","","","","","0","0","Stck","0.00","0.00","0.00","0.00","0.00","0.00","0.00","0 kg","","","","05.12.2024","","","","","","05.12.2024","nein","0.00","0.00","0.00","","3Com","","","","","","","","","","",""
"","","","","","","","","","","","","","0.00","","0.00","","","0.00","","","","","","","","","","","","","","","","","","","","","","","","","","","",""
"004813","W","ASUS Eee PC 1001PX - 10.1""""","","","","","","","1","0","Stck","0.00","0.00","0.00","0.00","0.00","0.00","0.00","3.5 kg","","","","","","","","","","26.05.2022","ja","0.00","0.00","0.00","","Asus","270","180","45","","","","","","","",""
"","","","","","","","","","","","","","0.00","","0.00","","","0.00","","","","","","","","","","","","","","","","","","","","","","","","","","","",""
"002056","W","ASUS Eee PC 1011CX","","","","","","","1","0","Stck","0.00","0.00","200.00","200.00","0.00","0.00","0.00","1.9 kg","","","","","","","","","","06.11.2019","ja","0.00","0.00","0.00","","Asus","180","260","35","","","","","","","",""
"","","","","","","","","","","","","","0.00","","200.00","","","0.00","","","","","","","","","","","","","","","","","","","","","","","","","","","",""
"003011","W","Asus Eee PC 1015PE 2GB Ram","","","","","","","0","0","Stck","0.00","0.00","50.00","0.00","0.00","0.00","0.00","3 kg","","","","23.01.2020","A60AAS125810","","","","","06.11.2019","ja","0.00","0.00","0.00","","Asus","240","180","50","","","","","","","",""
"","","","","","","","","","","","","","0.00","","0.00","","","0.00","","","","","","","","","","","","","","","","","","","","","","","","","","","",""
"001959","W","Asus Eee PC 1015PX","","","","","","","0","0","Stck","0.00","0.00","170.00","0.00","0.00","0.00","0.00","1.8 kg","","","","","","","","","","06.11.2019","ja","0.00","0.00","0.00","","Asus","178","262","36","","","","","","","",""
"","","","","","","","","","","","","","0.00","","0.00","","","0.00","","","","","","","","","","","","","","","","","","","","","","","","","","","",""
"003010","W","Asus Eee PC 1101HA","","","","","","","0","0","Stck","0.00","0.00","120.00","0.00","0.00","0.00","0.00","3 kg","","","","","","","","","","06.11.2019","ja","0.00","0.00","0.00","","Asus","300","200","30","","","","","","","",""
"","","","","","","","","","","","","","0.00","","0.00","","","0.00","","","","","","","","","","","","","","","","","","","","","","","","","","","",""
"003011","W","Asus Eee PC 4G","","","","","","","0","0","Stck","0.00","0.00","50.00","0.00","0.00","0.00","0.00","3 kg","","","","23.01.2020","","","","","","06.11.2019","ja","0.00","0.00","0.00","","Asus","240","180","50","","","","","","","",""
"","","","","","","","","","","","","","0.00","","0.00","","","0.00","","","","","","","","","","","","","","","","","","","","","","","","","","","",""
"003094","W","Asus EeePC 900","","","","","","","2","0","Stck","0.00","0.00","50.00","100.00","0.00","0.00","0.00","3 kg","","","","23.07.2021","86OAAQ026615","","","","","06.11.2019","ja","0.00","0.00","0.00","","Asus","300","200","30","","","","","","","",""
"003094","W","Asus EeePC 900","","","","","","","2","0","Stck","0.00","0.00","100.00","200.00","0.00","0.00","0.00","3 kg","","","","20.10.2024","","","","","","06.11.2019","ja","0.00","0.00","0.00","","Asus","300","200","30","","","","","","","",""
"","","","","","","","","","","","","","0.00","","300.00","","","0.00","","","","","","","","","","","","","","","","","","","","","","","","","","","",""
"003050","W","Asus EeeTop PC 2203T","","","","","","","0","0","Stck","0.00","0.00","95.00","0.00","0.00","0.00","0.00","0 kg","","","","16.08.2019","","","","","","16.08.2019","ja","0.00","0.00","0.00","","Asus","0","0","0","","","","","","","",""
"","","","","","","","","","","","","","0.00","","0.00","","","0.00","","","","","","","","","","","","","","","","","","","","","","","","","","","",""
"002311","W","ASUS EN210","","","","","","","0","0","Stck","0.00","0.00","25.00","0.00","0.00","0.00","0.00","0.2 kg","","","","","","","","","","06.11.2019","ja","0.00","0.00","0.00","","Asus","185","50","125","","","","","","","",""
"","","","","","","","","","","","","","0.00","","0.00","","","0.00","","","","","","","","","","","","","","","","","","","","","","","","","","","",""
"003934","W","ASUS EN8400GS Silent/HTP/512M/A","","","","","","","0","0","Stck","0.00","0.00","25.00","0.00","0.00","0.00","0.00","0.2 kg","","","","16.11.2019","91C0AD038064","","","","","16.11.2019","ja","0.00","0.00","0.00","","Asus","180","120","22","","","","","","","",""
"","","","","","","","","","","","","","0.00","","0.00","","","0.00","","","","","","","","","","","","","","","","","","","","","","","","","","","",""
"005307","W","Asus EN8500GT SILENT/HTD/256M","","","","","","","1","0","Stck","0.00","0.00","0.00","0.00","0.00","0.00","0.00","0.5 kg","","","","","","","","","","28.03.2023","ja","0.00","0.00","0.00","","Asus","170","110","15","","","","","","","",""
"","","","","","","","","","","","","","0.00","","0.00","","","0.00","","","","","","","","","","","","","","","","","","","","","","","","","","","",""
"004860","W","Asus en9600gt silent/htdi/512m/a","","","","","","","1","0","Stck","0.00","0.00","0.00","0.00","0.00","0.00","0.00","1.5 kg","","","","","","","","","","17.06.2022","ja","0.00","0.00","0.00","","Asus","230","160","50","","","","","","","",""
"","","","","","","","","","","","","","0.00","","0.00","","","0.00","","","","","","","","","","","","","","","","","","","","","","","","","","","",""
"003880","W","ASUS -ENGT430/DI/1GD3(LP)","","","","","","","0","0","Stck","0.00","0.00","40.00","0.00","0.00","0.00","0.00","0.23 kg","","","","19.02.2021","","","","","","06.11.2019","ja","0.00","0.00","0.00","","Asus","170","122","30","","","","","","","",""
"","","","","","","","","","","","","","0.00","","0.00","","","0.00","","","","","","","","","","","","","","","","","","","","","","","","","","","",""
"005183","W","Asus ENGT440,NVIDIA Geforce GT 440","","","","","","","1","0","Stck","0.00","0.00","0.00","0.00","0.00","0.00","0.00","0.25 kg","","","","","","","","","","06.01.2023","ja","0.00","0.00","0.00","","Asus","210","121","43","","","","","","","",""
"","","","","","","","","","","","","","0.00","","0.00","","","0.00","","","","","","","","","","","","","","","","","","","","","","","","","","","",""
"003908","W","ASUS EN GTX460 DIRECTCU/2DI","","","","","","","2","0","Stck","0.00","0.00","45.00","90.00","0.00","0.00","0.00","0.8 kg","","","","","","","","","","06.11.2019","ja","0.00","0.00","0.00","","Asus","250","130","52","","","","","","","",""
"","","","","","","","","","","","","","0.00","","90.00","","","0.00","","","","","","","","","","","","","","","","","","","","","","","","","","","",""
"003976","W","Asus F3SE Laptop","","","","","","","0","0","Stck","0.00","0.00","0.00","0.00","0.00","0.00","0.00","3 kg","","","","","","","","","","20.12.2019","ja","0.00","0.00","0.00","","Asus","275","370","45","","","","","","","",""
"","","","","","","","","","","","","","0.00","","0.00","","","0.00","","","","","","","","","","","","","","","","","","","","","","","","","","","",""
"005221","W","Asus F453M, 15""","","","","","","","1","0","Stck","0.00","0.00","0.00","0.00","0.00","0.00","0.00","2.5 kg","","","","","","","","","","24.01.2023","ja","0.00","0.00","0.00","","Asus","240","350","26","","","","","","","",""
"","","","","","","","","","","","","","0.00","","0.00","","","0.00","","","","","","","","","","","","","","","","","","","","","","","","","","","",""
"004766","W","Asus F82Q, Pentium Dualcore T4200","","","","","","","0","0","Stck","0.00","0.00","60.00","0.00","0.00","0.00","0.00","4.4 kg","","","","21.03.2024","","","","","","04.05.2022","ja","0.00","0.00","0.00","","Asus","345","250","35","","","","","","","",""
"","","","","","","","","","","","","","0.00","","0.00","","","0.00","","","","","","","","","","","","","","","","","","","","","","","","","","","",""
"D12","D","ASUS Firmware Update und Windows Update deaktiviert, um Abstürze zu verhindern","","Dienstleistung (Stunden)","","","","","0","0","Std","0.00","0.00","70.00","0.00","0.00","0.00","0.00","0 kg","","","","17.06.2011","","","","","","29.09.2007","nein","0.00","0.00","0.00","","","","","","","","","","","","",""
"D12","D","ASUS Firmware Update und Windows Update deaktiviert, um Abstürze zu verhindern","","Dienstleistung (Stunden)","","","","","0","0","Std","0.00","0.00","70.00","0.00","0.00","0.00","0.00","0 kg","","","","20.06.2011","","","","","","29.09.2007","nein","0.00","0.00","0.00","","","","","","","","","","","","",""
"","","","","","","","","","","","","","0.00","","0.00","","","0.00","","","","","","","","","","","","","","","","","","","","","","","","","","","",""
"006230","W","ASUS G11CD-K","","","","","","","1","0","Stck","0.00","0.00","0.00","0.00","0.00","0.00","0.00","10 kg","","","","","","","","","","09.02.2024","ja","0.00","0.00","0.00","","Asus","400","180","430","","","","","","","",""
"","","","","","","","","","","","","","0.00","","0.00","","","0.00","","","","","","","","","","","","","","","","","","","","","","","","","","","",""
"006228","W","ASUS G30AB","","","","","","","1","0","Stck","0.00","0.00","0.00","0.00","0.00","0.00","0.00","13.5 kg","","","","","","","","","","09.02.2024","ja","0.00","0.00","0.00","","Asus","460","200","430","","","","","","","",""
"","","","","","","","","","","","","","0.00","","0.00","","","0.00","","","","","","","","","","","","","","","","","","","","","","","","","","","",""
"000551","W","ASUS GeForce 6200","","","","","","","1","0","Stck","0.00","0.00","0.00","0.00","0.00","0.00","0.00","0 kg","","","","","","","","","","06.11.2019","ja","0.00","0.00","0.00","","Asus","0","0","0","","","","","","","",""
"","","","","","","","","","","","","","0.00","","0.00","","","0.00","","","","","","","","","","","","","","","","","","","","","","","","","","","",""
"004715","W","ASUS GeForce 8600GT, 512MB","","","","","","","1","0","Stck","0.00","0.00","0.00","0.00","0.00","0.00","0.00","500 kg","","","","","","","","","","04.05.2022","ja","0.00","0.00","0.00","","Asus","180","120","20","","","","","","","",""
"","","","","","","","","","","","","","0.00","","0.00","","","0.00","","","","","","","","","","","","","","","","","","","","","","","","","","","",""
"003116","W","Asus GeForce 8800 GT","","","","","","","1","0","Stck","0.00","0.00","20.00","20.00","0.00","0.00","0.00","1 kg","","","","","","","","","","06.11.2019","ja","0.00","0.00","0.00","","Asus","242","125","35","","","","","","","",""
"","","","","","","","","","","","","","0.00","","20.00","","","0.00","","","","","","","","","","","","","","","","","","","","","","","","","","","",""
"001212","W","Asus GeForce 8800 GTS","","","","","","","0","0","Stck","0.00","0.00","20.00","0.00","0.00","0.00","0.00","0.9 kg","","","","","","","","","","06.11.2019","ja","0.00","0.00","0.00","","Asus","242","125","42","","","","","","","",""
"","","","","","","","","","","","","","0.00","","0.00","","","0.00","","","","","","","","","","","","","","","","","","","","","","","","","","","",""
"001201","W","ASUS GeForce 9600GT","","","","","","","0","0","Stck","0.00","0.00","25.00","0.00","0.00","0.00","0.00","1.5 kg","","","","","","","","","","06.11.2019","ja","0.00","0.00","0.00","","Asus","240","40","150","","","","","","","",""
"","","","","","","","","","","","","","0.00","","0.00","","","0.00","","","","","","","","","","","","","","","","","","","","","","","","","","","",""
"004084","W","ASUS Geforce GT 730","","","","","","","0","0","Stck","0.00","0.00","85.00","0.00","0.00","0.00","0.00","0.464 kg","","","","25.09.2021","G6YVCM044536","","","","","29.04.2021","ja","0.00","0.00","0.00","","Nvidia","137","69","30","disableit_children","","","","","","",""
"","","","","","","","","","","","","","0.00","","0.00","","","0.00","","","","","","","","","","","","","","","","","","","","","","","","","","","",""
"006262","W","ASUS GeForce GT 730","","","","","","","1","0","Stck","0.00","0.00","0.00","0.00","0.00","0.00","0.00","0.22 kg","","","","","","","","","","24.02.2024","ja","0.00","0.00","0.00","","Asus","140","70","0","","","","","","","",""
"","","","","","","","","","","","","","0.00","","0.00","","","0.00","","","","","","","","","","","","","","","","","","","","","","","","","","","",""
"001218","W","ASUS GeForce GTS250 OC","","","","","","","0","0","Stck","0.00","0.00","30.00","0.00","0.00","0.00","0.00","0 kg","","","","","","","","","","06.11.2019","ja","0.00","0.00","0.00","","","0","0","0","","","","","","","",""
"","","","","","","","","","","","","","0.00","","0.00","","","0.00","","","","","","","","","","","","","","","","","","","","","","","","","","","",""
"004144","W","Asus GeForce GTX 260","","","","","","","0","0","Stck","0.00","0.00","60.00","0.00","0.00","0.00","0.00","1.1 kg","","","","","","","","","","03.06.2021","ja","0.00","0.00","0.00","","Nvidia","280","125","40","","","","","","","",""
"","","","","","","","","","","","","","0.00","","0.00","","","0.00","","","","","","","","","","","","","","","","","","","","","","","","","","","",""
"006627","W","Asus GeForce GTX 460 (PCI-E) 768MD","","","","","","","1","0","Stck","0.00","0.00","0.00","0.00","0.00","0.00","0.00","0.55 kg","","","","","","","","","","23.07.2024","ja","0.00","0.00","0.00","","Asus","225","125","40","","","","","","","",""
"","","","","","","","","","","","","","0.00","","0.00","","","0.00","","","","","","","","","","","","","","","","","","","","","","","","","","","",""
"006572","W","ASUS GT625","","","","","","","1","0","Stck","0.00","0.00","0.00","0.00","0.00","0.00","0.00","0.4 kg","","","","","","","","","","13.06.2024","ja","0.00","0.00","0.00","","Asus","165","125","35","","","","","","","",""
"","","","","","","","","","","","","","0.00","","0.00","","","0.00","","","","","","","","","","","","","","","","","","","","","","","","","","","",""
"004080","W","Asus GT630 - 2GD3 - 2GB","","","","","","","0","0","Stck","0.00","0.00","30.00","0.00","0.00","0.00","0.00","0.45 kg","","","","04.08.2021","","","","","","04.08.2021","ja","0.00","0.00","0.00","","Nvidia","193","135","40","","","","","","","",""
"004080","W","Asus GT630 - 2GD3 - 2GB","","","","","","","0","0","Stck","0.00","0.00","30.00","0.00","0.00","0.00","0.00","0.45 kg","","","","10.08.2021","","","","","","04.08.2021","ja","0.00","0.00","0.00","","Nvidia","193","135","40","","","","","","","",""
"","","","","","","","","","","","","","0.00","","0.00","","","0.00","","","","","","","","","","","","","","","","","","","","","","","","","","","",""
"005404","W","Asus GTX680, 2GB","","","","","","","0","0","Stck","0.00","0.00","40.00","0.00","0.00","0.00","0.00","2.5 kg","","","","30.06.2023","","","","","","06.06.2023","ja","0.00","0.00","0.00","","Asus","0","0","0","","","","","","","",""
"","","","","","","","","","","","","","0.00","","0.00","","","0.00","","","","","","","","","","","","","","","","","","","","","","","","","","","",""
"004091","W","ASUS K50IN","","","","","","","2","0","Stck","0.00","0.00","150.00","300.00","0.00","0.00","0.00","2.66 kg","","","","","","","","","","06.05.2021","ja","0.00","0.00","0.00","","Asus","265","380","39","","","","","","","",""
"","","","","","","","","","","","","","0.00","","300.00","","","0.00","","","","","","","","","","","","","","","","","","","","","","","","","","","",""
"003920","W","Asus K55D Laptop","","","","","","","0","0","Stck","0.00","0.00","250.00","0.00","0.00","0.00","0.00","3.4 kg","","","","","","","","","","06.11.2019","ja","0.00","0.00","0.00","","Asus","240","345","32.1","","","","","","","",""
"","","","","","","","","","","","","","0.00","","0.00","","","0.00","","","","","","","","","","","","","","","","","","","","","","","","","","","",""
"K0163","W","ASUS K701J","","Kundengerät","","","","","0","0","Stck","0.00","0.00","0.00","0.00","0.00","0.00","0.00","0 kg","","","","30.09.2015","","","","","","22.09.2015","nein","0.00","0.00","0.00","","","","","","","","","","","","",""
"K0163","W","ASUS K701J","","Kundengerät","","","","","0","0","Stck","0.00","0.00","0.00","0.00","0.00","0.00","0.00","0 kg","","","","07.10.2015","","","","","","22.09.2015","nein","0.00","0.00","0.00","","","","","","","","","","","","",""
"","","","","","","","","","","","","","0.00","","0.00","","","0.00","","","","","","","","","","","","","","","","","","","","","","","","","","","",""
"003856","W","Asus L3800C","","","","","","","0","0","Stck","0.00","0.00","180.00","0.00","0.00","0.00","0.00","4.8 kg","","","","","","","","","","06.11.2019","ja","0.00","0.00","0.00","","Asus","337","270","42","","","","","","","",""
"","","","","","","","","","","","","","0.00","","0.00","","","0.00","","","","","","","","","","","","","","","","","","","","","","","","","","","",""
"K0203","W","Asus Laptop X501A","","Kundengerät","","","","","0","0","Stck","0.00","0.00","0.00","0.00","0.00","0.00","0.00","0 kg","","","","24.02.2016","","","","","","24.02.2016","nein","0.00","0.00","0.00","","","","","","","","","","","","",""
"K0203","W","Asus Laptop X501A","","Kundengerät","","","","","0","0","Stck","0.00","0.00","0.00","0.00","0.00","0.00","0.00","0 kg","","","","24.03.2016","","","","","","24.02.2016","nein","0.00","0.00","0.00","","","","","","","","","","","","",""
"K0203","W","Asus Laptop X501A","","Kundengerät","","","","","0","0","Stck","0.00","0.00","100.00","0.00","0.00","0.00","0.00","0 kg","","","","03.05.2021","","","","","","24.02.2016","nein","0.00","0.00","0.00","","","","","","","","","","","","",""
"","","","","","","","","","","","","","0.00","","0.00","","","0.00","","","","","","","","","","","","","","","","","","","","","","","","","","","",""
"006237","W","ASUS M11AD","","","","","","","0","0","Stck","0.00","0.00","190.00","0.00","0.00","0.00","0.00","9 kg","","","","04.01.2026","","","","","","14.02.2024","ja","0.00","0.00","0.00","","Asus","","400","170","","","","","","","",""
"","","","","","","","","","","","","","0.00","","0.00","","","0.00","","","","","","","","","","","","","","","","","","","","","","","","","","","",""
"K0631","W","ASUS M6000","SN: 49NP008016","","","","","","0","0","Stck","0.00","0.00","0.00","0.00","0.00","0.00","0.00","0 kg","","","","14.05.2019","","","","","","14.05.2019","nein","0.00","0.00","0.00","","","","","","","","","","","","",""
"K0631","W","ASUS M6000","SN: 49NP008016","","","","","","0","0","Stck","0.00","0.00","0.00","0.00","0.00","0.00","0.00","0 kg","","","","26.06.2019","","","","","","14.05.2019","nein","0.00","0.00","0.00","","","","","","","","","","","","",""
"","","","","","","","","","","","","","0.00","","0.00","","","0.00","","","","","","","","","","","","","","","","","","","","","","","","","","","",""
"001196","W","ASUS Matrix GTX285","","","","","","","0","0","Stck","0.00","0.00","70.00","0.00","0.00","0.00","0.00","1.5 kg","","","","","","","","","","06.11.2019","ja","0.00","0.00","0.00","","Asus","280","40","130","","","","","","","",""
"001205","W","ASUS Matrix GTX285","","","","","","","0","0","Stck","0.00","0.00","75.00","0.00","0.00","0.00","0.00","1.5 kg","","","","","","","","","","06.11.2019","ja","0.00","0.00","0.00","","Asus","280","40","130","","","","","","","",""
"","","","","","","","","","","","","","0.00","","0.00","","","0.00","","","","","","","","","","","","","","","","","","","","","","","","","","","",""
"005224","W","Asus Midi Tower Case","","","","","","","1","0","Stck","0.00","0.00","0.00","0.00","0.00","0.00","0.00","3 kg","","","","","","","","","","27.01.2023","ja","0.00","0.00","0.00","","Asus","445","180","425","","","","","","","",""
"","","","","","","","","","","","","","0.00","","0.00","","","0.00","","","","","","","","","","","","","","","","","","","","","","","","","","","",""
"004487","W","Asus motherboard","","","","","","","1","0","Stck","0.00","0.00","50.00","50.00","0.00","0.00","0.00","0 kg","","","","17.11.2022","","","","","","15.03.2022","ja","0.00","0.00","0.00","","","170","160","43","","","","","","","",""
"","","","","","","","","","","","","","0.00","","50.00","","","0.00","","","","","","","","","","","","","","","","","","","","","","","","","","","",""
"003946","W","Asus - MS2137""15""","","","","","","","0","0","Stck","0.00","0.00","0.00","0.00","0.00","0.00","0.00","4 kg","","","","","","","","","","23.11.2019","ja","0.00","0.00","0.00","","Asus","340","270","29.5","","","","","","","",""
"","","","","","","","","","","","","","0.00","","0.00","","","0.00","","","","","","","","","","","","","","","","","","","","","","","","","","","",""
"004964","W","Asus MW221","","","","","","","1","0","Stck","0.00","0.00","0.00","0.00","0.00","0.00","0.00","8'100 kg","","","","","","","","","","16.08.2022","ja","0.00","0.00","0.00","","Asus","240","510","400","","","","","","","",""
"","","","","","","","","","","","","","0.00","","0.00","","","0.00","","","","","","","","","","","","","","","","","","","","","","","","","","","",""
"004940","W","Asus MX 279H","","","","","","","2","0","Stck","0.00","0.00","240.00","480.00","0.00","0.00","0.00","7.2 kg","","","","","","","","","","04.08.2022","ja","0.00","0.00","0.00","","Asus","230","620","440","","","","","","","",""
"","","","","","","","","","","","","","0.00","","480.00","","","0.00","","","","","","","","","","","","","","","","","","","","","","","","","","","",""
"001721","W","ASUS N10J-HV035E","","","","","","","0","0","Stck","250.00","0.00","150.00","0.00","0.00","0.00","0.00","1.6 kg","","","","","","","","","","24.08.2016","ja","0.00","0.00","0.00","","Asus","195","276","30","","","","","","","",""
"","","","","","","","","","","","","","0.00","","0.00","","","0.00","","","","","","","","","","","","","","","","","","","","","","","","","","","",""
"002065","W","Asus N55S","","","","","","","0","0","Stck","0.00","0.00","0.00","0.00","0.00","0.00","0.00","0.271 kg","","","","30.08.2019","","","","","","30.11.2017","ja","0.00","0.00","0.00","","Asus","170","145","30","","","","","","","",""
"","","","","","","","","","","","","","0.00","","0.00","","","0.00","","","","","","","","","","","","","","","","","","","","","","","","","","","",""
"K0901","W","ASUS N580G","S/N: JBN0CV394144E Zubehör: Netzteil","Kundengerät","","","","","0","0","Stck","0.00","0.00","0.00","0.00","0.00","0.00","0.00","0 kg","","","","24.08.2022","JBN0CV394144E","","","","","25.08.2022","nein","0.00","0.00","0.00","","","","","","","","","","","","",""
"","","","","","","","","","","","","","0.00","","0.00","","","0.00","","","","","","","","","","","","","","","","","","","","","","","","","","","",""
"006771","W","asus N6 Mini","","","","","","","0","0","Stck","0.00","0.00","0.00","0.00","0.00","0.00","0.00","0 kg","","","","","","","","","","26.09.2024","ja","0.00","0.00","0.00","","","0.0","0.0","0.0","","","","","","","",""
"","","","","","","","","","","","","","0.00","","0.00","","","0.00","","","","","","","","","","","","","","","","","","","","","","","","","","","",""
"K0597","W","Asus Notebook F3M-AP052C","S/N: 74N0AS002610 mit Netzteil","Kundengerät","","","","","0","-1","Stck","0.00","0.00","0.00","0.00","0.00","0.00","0.00","0 kg","","","","20.12.2018","74N0AS002610","","","","","20.12.2018","nein","0.00","0.00","0.00","Weidmann Alfred","","","","","","","","","","","",""
"K0597","W","Asus Notebook F3M-AP052C","S/N: 74N0AS002610 mit Netzteil","Kundengerät","","","","","0","-1","Stck","0.00","0.00","0.00","0.00","0.00","0.00","0.00","0 kg","","","","15.01.2019","74N0AS002610","","","","","20.12.2018","nein","0.00","0.00","0.00","Weidmann Alfred","","","","","","","","","","","",""
"","","","","","","","","","","","","","0.00","","0.00","","","0.00","","","","","","","","","","","","","","","","","","","","","","","","","","","",""
"K0376","W","Asus Notebook UX32L","","Kundengerät","","","","","0","0","Stck","0.00","0.00","0.00","0.00","0.00","0.00","0.00","0 kg","","","","19.07.2017","","","","","","19.07.2017","nein","0.00","0.00","0.00","Ideen von A-Z - Urs Ambühl","","","","","","","","","","","",""
"","","","","","","","","","","","","","0.00","","0.00","","","0.00","","","","","","","","","","","","","","","","","","","","","","","","","","","",""
"004867","W","ASUS NVIDIA GeForce ASUS V9950 Ultra","","","","","","","0","0","Stck","0.00","0.00","50.00","0.00","0.00","0.00","0.00","1.5 kg","","","","05.02.2023","","","","","","23.06.2022","ja","0.00","0.00","0.00","","Asus","220","125","40","","","","","","","",""
"","","","","","","","","","","","","","0.00","","0.00","","","0.00","","","","","","","","","","","","","","","","","","","","","","","","","","","",""
"002763","W","ASUS P1-P5945GC","","","","","","","0","0","Stck","0.00","0.00","55.00","0.00","0.00","0.00","0.00","6.9 kg","","","","","","","","","","06.11.2019","ja","0.00","0.00","0.00","","Asus","355","95","290","","","","","","","",""
"","","","","","","","","","","","","","0.00","","0.00","","","0.00","","","","","","","","","","","","","","","","","","","","","","","","","","","",""
"003175","W","ASUS P4PE","","","","","","","0","0","Stck","0.00","0.00","15.00","0.00","0.00","0.00","0.00","1.7 kg","","","","","","","","","","06.11.2019","ja","0.00","0.00","0.00","","Asus","305","235","40","","","","","","","",""
"","","","","","","","","","","","","","0.00","","0.00","","","0.00","","","","","","","","","","","","","","","","","","","","","","","","","","","",""
"89m7038161","W","Asus P5A Super Socket7","","","","","","","0","0","Stck","0.00","0.00","40.00","0.00","0.00","0.00","0.00","0 kg","","","","15.11.2017","","","","","","15.11.2017","nein","0.00","0.00","0.00","","","","","","","","","","","","",""
"","","","","","","","","","","","","","0.00","","0.00","","","0.00","","","","","","","","","","","","","","","","","","","","","","","","","","","",""
"001155","W","Asus P8B75-M","","","","","","","0","0","Stck","43.00","0.00","43.00","0.00","0.00","0.00","0.00","1 kg","","","","04.12.2015","","","","","","05.12.2015","ja","0.00","0.00","0.00","","Asus","244","198","40","","","","","","","",""
"","","","","","","","","","","","","","0.00","","0.00","","","0.00","","","","","","","","","","","","","","","","","","","","","","","","","","","",""
"002089","W","Asus P8B WS","","","","","","","0","0","Stck","0.00","0.00","0.00","0.00","0.00","0.00","0.00","1.6 kg","","","","","","","","","","06.11.2019","ja","0.00","0.00","0.00","","Asus","270","340","80","","","","","","","",""
"","","","","","","","","","","","","","0.00","","0.00","","","0.00","","","","","","","","","","","","","","","","","","","","","","","","","","","",""
"004352","W","Asus PB248","","","","","","","1","0","Stck","0.00","0.00","0.00","0.00","0.00","0.00","0.00","6.6 kg","","","","10.02.2022","D4LMQS096776","","","","","10.02.2022","ja","0.00","0.00","0.00","","Asus","230","560","420","","","","","","","",""
"","","","","","","","","","","","","","0.00","","0.00","","","0.00","","","","","","","","","","","","","","","","","","","","","","","","","","","",""
"K1090","W","ASUS PC SABERTOOTH Z97 MARK","","","","","","","0","0","Stck","0.00","0.00","0.00","0.00","0.00","0.00","0.00","0 kg","","","","30.09.2024","","","","","","30.09.2024","nein","0.00","0.00","0.00","","","","","","","","","","","","",""
"K1090","W","ASUS PC SABERTOOTH Z97 MARK","","","","","","","0","0","Stck","0.00","0.00","0.00","0.00","0.00","0.00","0.00","0 kg","","","","11.10.2024","","","","","","30.09.2024","nein","0.00","0.00","0.00","","","","","","","","","","","","",""
"","","","","","","","","","","","","","0.00","","0.00","","","0.00","","","","","","","","","","","","","","","","","","","","","","","","","","","",""
"K0774","W","ASUS Pentium D","","Kundengerät","","","","","0","0","Stck","0.00","0.00","0.00","0.00","0.00","0.00","0.00","0 kg","","","","19.04.2021","","","","","","19.04.2021","nein","0.00","0.00","0.00","","","","","","","","","","","","",""
"","","","","","","","","","","","","","0.00","","0.00","","","0.00","","","","","","","","","","","","","","","","","","","","","","","","","","","",""
"004956","W","Asus PG221 Monitor","","","","","","","1","0","Stck","0.00","0.00","0.00","0.00","0.00","0.00","0.00","14 kg","","","","","","","","","","16.08.2022","ja","0.00","0.00","0.00","","Asus","520","410","0","","","","","","","",""
"","","","","","","","","","","","","","0.00","","0.00","","","0.00","","","","","","","","","","","","","","","","","","","","","","","","","","","",""
"005313","W","Asus Prime H270-Plus","","","","","","","0","0","Stck","0.00","0.00","40.00","0.00","0.00","0.00","0.00","2 kg","","","","03.05.2023","","","","","","01.04.2023","ja","0.00","0.00","0.00","","Asus","0","0","0","","","","","","","",""
"","","","","","","","","","","","","","0.00","","0.00","","","0.00","","","","","","","","","","","","","","","","","","","","","","","","","","","",""
"001046","W","Asus PRO66IC-JX131V","","","","","","","0","0","Stck","0.00","0.00","200.00","0.00","0.00","0.00","0.00","0 kg","","","","","","","","","","06.11.2019","ja","0.00","0.00","0.00","","Asus","0","0","0","","","","","","","",""
"","","","","","","","","","","","","","0.00","","0.00","","","0.00","","","","","","","","","","","","","","","","","","","","","","","","","","","",""
"P2","W","Asus Pundit","Barebone plus zusätzlich eingebaute Komponenten","Computer neu","","","","","0","0","Stck","0.00","0.00","780.00","0.00","0.00","0.00","0.00","0 kg","","","","13.03.2007","","","","","","17.07.2007","nein","0.00","0.00","0.00","","","","","","","","","","","","",""
"P2","W","Asus Pundit","Barebone plus zusätzlich eingebaute Komponenten","Computer neu","","","","","0","0","Stck","0.00","0.00","1'170.00","0.00","0.00","0.00","0.00","0 kg","","","","18.07.2007","","","","","","17.07.2007","nein","0.00","0.00","0.00","","","","","","","","","","","","",""
"","","","","","","","","","","","","","0.00","","0.00","","","0.00","","","","","","","","","","","","","","","","","","","","","","","","","","","",""
"000432","W","Asus Pundit AB-P 2600 Barbone-PC Celeron 2.6 GHz , 2GB Ram, Interne SIS Grafik, USB 2.0, Firewire 400, 80 GB Festplatte, DVD-Brenner, Memory Card Reader, PC-Card-Slot, VGA, DVI Gehäusefarbe: silber oder schwarz, Linux Mepis 12 installiert","","","","","","","0","0","Stck","140.00","0.00","150.00","0.00","0.00","0.00","0.00","0.0073 kg","","","","29.03.2014","","","","","","29.03.2014","ja","0.00","0.00","0.00","","Asus","357","91","275","","","","","","","",""
"","","","","","","","","","","","","","0.00","","0.00","","","0.00","","","","","","","","","","","","","","","","","","","","","","","","","","","",""
"003531","W","Asus Pundit AB-P2800","","","","","","","0","0","Stck","0.00","0.00","25.00","0.00","0.00","0.00","0.00","10.5 kg","","","","","","","","","","22.03.2021","ja","0.00","0.00","0.00","","Asus","360","90","290","","","","","","","",""
"","","","","","","","","","","","","","0.00","","0.00","","","0.00","","","","","","","","","","","","","","","","","","","","","","","","","","","",""
"P2","W","Asus Pundit P1 AH2, AMD X2 Dual Core 4000+, 1 GB Ram, 160 GB Harddisk, DVDRW Labelflash, Dualboot WindowsXP, Linux Mepis 7.0","Barebone plus zusätzlich eingebaute Komponenten","Computer neu","","","","","0","0","Stck","0.00","0.00","680.00","0.00","0.00","0.00","0.00","0 kg","","","","04.10.2007","","","","","","17.07.2007","nein","0.00","0.00","0.00","","","","","","","","","","","","",""
"","","","","","","","","","","","","","0.00","","0.00","","","0.00","","","","","","","","","","","","","","","","","","","","","","","","","","","",""
"000832","W","Asus Pundit P3-PH4 Barebone-PC Intel Pentium D 3.4 GHz, 2 GB Ram, 160 GB Festplatte, Intel GMA 950 Graphik, USB 2.0; Firewire 400, DVD-Brenner DL, Card-Reader, Linux Mepis 12 installiert","","","","","","","1","0","Stck","170.00","170.00","170.00","170.00","0.00","0.00","0.00","0.0084 kg","","","","29.03.2014","","","","","","30.03.2014","ja","0.00","0.00","0.00","","Asus","357","95","398","","","","","","","",""
"","","","","","","","","","","","","","170.00","","170.00","","","0.00","","","","","","","","","","","","","","","","","","","","","","","","","","","",""
"003342","W","Asus PUNDIT-R350 Pentium 4, 256MB RAM","","","","","","","0","0","Stck","0.00","0.00","0.00","0.00","0.00","0.00","0.00","0 kg","","","","","","","","","","06.11.2019","ja","0.00","0.00","0.00","","Asus","91","357","275","","","","","","","",""
"","","","","","","","","","","","","","0.00","","0.00","","","0.00","","","","","","","","","","","","","","","","","","","","","","","","","","","",""
"K0648","W","ASUS R2070N (Notebook) inkl. Kabel","Linux startet ohne GUI. Apps wurden aktualisiert, und danach ging nichts mehr. Es kann aber auch ein HW-Problem sein. Gerät ist erst zwei Jahre alt.","Kundengerät","","","","","0","0","Stck","0.00","0.00","0.00","0.00","0.00","0.00","0.00","0 kg","","","","19.06.2019","","","","","","19.06.2019","nein","0.00","0.00","0.00","","","","","","","","","","","","",""
"","","","","","","","","","","","","","0.00","","0.00","","","0.00","","","","","","","","","","","","","","","","","","","","","","","","","","","",""
"K0566","W","Asus R207N","mit Netzteil","Kundengerät","","","","","0","0","Stck","0.00","0.00","0.00","0.00","0.00","0.00","0.00","0 kg","","","","29.10.2018","","","","","","29.10.2018","nein","0.00","0.00","0.00","Lusenti Patric","","","","","","","","","","","",""
"","","","","","","","","","","","","","0.00","","0.00","","","0.00","","","","","","","","","","","","","","","","","","","","","","","","","","","",""
"K0626","W","Asus R752L (Laptop)","Asus R752L","Kundengerät","","","","","0","0","Stck","0.00","0.00","0.00","0.00","0.00","0.00","0.00","0 kg","","","","29.04.2019","","","","","","29.04.2019","nein","0.00","0.00","0.00","Bortolussi, Elisa","","","","","","","","","","","",""
"","","","","","","","","","","","","","0.00","","0.00","","","0.00","","","","","","","","","","","","","","","","","","","","","","","","","","","",""
"000723","W","ASUS Radeon A9550/TD/128M AGP","","","","","","","0","0","Stck","0.00","0.00","0.00","0.00","0.00","0.00","0.00","0 kg","","","","","","","","","","06.11.2019","ja","0.00","0.00","0.00","","Asus","180","125","20","","","","","","","",""
"","","","","","","","","","","","","","0.00","","0.00","","","0.00","","","","","","","","","","","","","","","","","","","","","","","","","","","",""
"000841","W","Asus Radeon HD 4670 1GB","","","","","","","0","0","Stck","0.00","0.00","0.00","0.00","0.00","0.00","0.00","0.25 kg","","","","","","","","","","06.11.2019","ja","0.00","0.00","0.00","","Asus","180","130","40","","","","","","","",""
"","","","","","","","","","","","","","0.00","","0.00","","","0.00","","","","","","","","","","","","","","","","","","","","","","","","","","","",""
"001199","W","Asus Radeon HD4870 x2","","","","","","","0","0","Stck","0.00","0.00","60.00","0.00","0.00","0.00","0.00","1.5 kg","","","","06.11.2019","","","","","","06.11.2019","ja","0.00","0.00","0.00","","Sapphire","260","40","140","","","","","","","",""
"","","","","","","","","","","","","","0.00","","0.00","","","0.00","","","","","","","","","","","","","","","","","","","","","","","","","","","",""
"004617","W","Asus Radeon HD EAH4350 Silent, 512MB","","","","","","","0","0","Stck","0.00","0.00","20.00","0.00","0.00","0.00","0.00","0.4 kg","","","","12.07.2023","","","","","","15.03.2022","ja","0.00","0.00","0.00","","Asus","180","120","40","","","","","","","",""
"","","","","","","","","","","","","","0.00","","0.00","","","0.00","","","","","","","","","","","","","","","","","","","","","","","","","","","",""
"005423","W","Asus Rampage IV Formula, ATX, +CPU+RAM","","","","","","","0","0","Stck","0.00","0.00","260.00","0.00","0.00","0.00","0.00","2 kg","","","","","","","","","","13.06.2023","ja","0.00","0.00","0.00","","Asus","245","40","310","","","","","","","",""
"","","","","","","","","","","","","","0.00","","0.00","","","0.00","","","","","","","","","","","","","","","","","","","","","","","","","","","",""
"005403","W","Asus Rog Strix Z390-F Gaming (ATX)","","","","","","","1","0","Stck","0.00","0.00","300.00","300.00","0.00","0.00","0.00","0 kg","","","","","","","","","","06.06.2023","ja","0.00","0.00","0.00","","Asus","0","0","0","","","","","","","",""
"","","","","","","","","","","","","","0.00","","300.00","","","0.00","","","","","","","","","","","","","","","","","","","","","","","","","","","",""
"005997","W","ASUS RT-AC66U","","","","","","","1","0","Stck","0.00","0.00","0.00","0.00","0.00","0.00","0.00","0.73 kg","","","","","","","","","","11.10.2023","ja","0.00","0.00","0.00","","Asus","210","150","40","","","","","","","",""
"","","","","","","","","","","","","","0.00","","0.00","","","0.00","","","","","","","","","","","","","","","","","","","","","","","","","","","",""
"002065","W","Asus RT-N56U","","","","","","","0","0","Stck","0.00","0.00","10.00","0.00","0.00","0.00","0.00","0.271 kg","","","","30.11.2017","","","","","","30.11.2017","ja","0.00","0.00","0.00","","Asus","170","145","30","","","","","","","",""
"","","","","","","","","","","","","","0.00","","0.00","","","0.00","","","","","","","","","","","","","","","","","","","","","","","","","","","",""
"006014","W","ASUS RT-N66U","","","","","","","3","0","Stck","0.00","0.00","60.00","180.00","0.00","0.00","0.00","0.9 kg","","","","","","","","","","13.10.2023","ja","0.00","0.00","0.00","","Asus","183","207","35","","","","","","","",""
"","","","","","","","","","","","","","0.00","","180.00","","","0.00","","","","","","","","","","","","","","","","","","","","","","","","","","","",""
"003564","W","Asus SL500 Internet Security Router","","","","","","","0","0","Stck","0.00","0.00","0.00","0.00","0.00","0.00","0.00","1.5 kg","","","","","","","","","","22.03.2021","ja","0.00","0.00","0.00","","Asus","0","0","0","","","","","","","",""
"","","","","","","","","","","","","","0.00","","0.00","","","0.00","","","","","","","","","","","","","","","","","","","","","","","","","","","",""
"P59","W","ASUS Transformer Pad TF300T","","Computer Occasion","","","","","0","0","Stck","0.00","0.00","150.00","0.00","129.00","0.00","0.00","0 kg","","","","12.07.2022","","","","","","29.01.2009","nein","0.00","0.00","0.00","","","","","","","","","","","","",""
"","","","","","","","","","","","","","0.00","","0.00","","","0.00","","","","","","","","","","","","","","","","","","","","","","","","","","","",""
"K0684","W","Asus Ultra Slim UX31E","Läuft nicht, lässt sich nicht richtig laden. Mit Netzteil","","","","","","0","0","Stck","0.00","0.00","0.00","0.00","0.00","0.00","0.00","0 kg","","","","10.09.2019","","","","","","10.09.2019","nein","0.00","0.00","0.00","","","","","","","","","","","","",""
"","","","","","","","","","","","","","0.00","","0.00","","","0.00","","","","","","","","","","","","","","","","","","","","","","","","","","","",""
"001937","W","ASUS USB2.0_HZ-1 DOCKING-STATION","","","","","","","2","0","Stck","0.00","0.00","20.00","40.00","0.00","0.00","0.00","4.127691 kg","","","","","","","","","","06.11.2019","ja","0.00","0.00","0.00","","Asus","86.36","264.16","22.86","","","","","","","",""
"","","","","","","","","","","","","","0.00","","40.00","","","0.00","","","","","","","","","","","","","","","","","","","","","","","","","","","",""
"K0279","W","Asus UX302L Notebook PC","Netzgerät mitgeliefert","Kundengerät","","","","","0","-1","Stck","0.00","0.00","0.00","0.00","0.00","0.00","0.00","0 kg","","","","24.10.2016","","","","","","01.11.2016","nein","0.00","0.00","0.00","","","","","","","","","","","","",""
"","","","","","","","","","","","","","0.00","","0.00","","","0.00","","","","","","","","","","","","","","","","","","","","","","","","","","","",""
"K0900","W","ASUS UX303L","S/N F9NOCJ04159E3","Kundengerät","","","","","0","0","Stck","0.00","0.00","0.00","0.00","0.00","0.00","0.00","0 kg","","","","17.08.2022","F9NOCJ04159E3","","","","","17.08.2022","nein","0.00","0.00","0.00","","","","","","","","","","","","",""
"K0900","W","ASUS UX303L","S/N F9NOCJ04159E3","Kundengerät","","","","","0","0","Stck","0.00","0.00","0.00","0.00","0.00","0.00","0.00","0 kg","","","","28.09.2022","F9NOCJ04159E3","","","","","17.08.2022","nein","0.00","0.00","0.00","","","","","","","","","","","","",""
"","","","","","","","","","","","","","0.00","","0.00","","","0.00","","","","","","","","","","","","","","","","","","","","","","","","","","","",""
"K0356","W","ASUS UX305F","SN:F3N0CJ080060124 24M Mit Hülle, ohne Netzteil","Kundengerät","","","","","0","0","Stck","0.00","0.00","0.00","0.00","0.00","0.00","0.00","0 kg","","","","19.05.2017","","","","","","19.05.2017","nein","0.00","0.00","0.00","","","","","","","","","","","","",""
"K0356","W","ASUS UX305F","SN:F3N0CJ080060124 24M Mit Hülle, ohne Netzteil","Kundengerät","","","","","0","0","Stck","0.00","0.00","0.00","0.00","0.00","0.00","0.00","0 kg","","","","26.02.2018","","","","","","19.05.2017","nein","0.00","0.00","0.00","","","","","","","","","","","","",""
"","","","","","","","","","","","","","0.00","","0.00","","","0.00","","","","","","","","","","","","","","","","","","","","","","","","","","","",""
"K0192","W","asus UX32A","IC: 1000M-6235ANH FCC ID: PD96235ANH","Kundengerät","","","","","0","0","Stck","0.00","0.00","0.00","0.00","0.00","0.00","0.00","0 kg","","","","17.11.2015","","","","","","08.12.2015","nein","0.00","0.00","0.00","","","","","","","","","","","","",""
"K0192","W","asus UX32A","IC: 1000M-6235ANH FCC ID: PD96235ANH","Kundengerät","","","","","0","0","Stck","0.00","0.00","0.00","0.00","0.00","0.00","0.00","0 kg","","","","11.12.2015","","","","","","08.12.2015","nein","0.00","0.00","0.00","","","","","","","","","","","","",""
"","","","","","","","","","","","","","0.00","","0.00","","","0.00","","","","","","","","","","","","","","","","","","","","","","","","","","","",""
"K0687","W","Asus UX32A","","","","","","","0","0","Stck","0.00","0.00","0.00","0.00","0.00","0.00","0.00","0 kg","","","","16.09.2019","","","","","","16.09.2019","nein","0.00","0.00","0.00","","","","","","","","","","","","",""
"","","","","","","","","","","","","","0.00","","0.00","","","0.00","","","","","","","","","","","","","","","","","","","","","","","","","","","",""
"K0565","W","Asus UX32V","mit Ladegerät und Mäppli S/N: PD96235ANH","Kundengerät","","","","","0","0","Stck","0.00","0.00","0.00","0.00","0.00","0.00","0.00","0 kg","","","","24.10.2018","PD96235ANH","","","","","24.10.2018","nein","0.00","0.00","0.00","Kälin Michael","","","","","","","","","","","",""
"K0565","W","Asus UX32V","mit Ladegerät und Mäppli S/N: PD96235ANH","Kundengerät","","","","","0","0","Stck","0.00","0.00","0.00","0.00","0.00","0.00","0.00","0 kg","","","","14.12.2018","PD96235ANH","","","","","24.10.2018","nein","0.00","0.00","0.00","Kälin Michael","","","","","","","","","","","",""
"","","","","","","","","","","","","","0.00","","0.00","","","0.00","","","","","","","","","","","","","","","","","","","","","","","","","","","",""
"006542","W","ASUS UX32V","","","","","","","1","0","Stck","0.00","0.00","0.00","0.00","0.00","0.00","0.00","1.4 kg","","","","","","","","","","30.05.2024","ja","0.00","0.00","0.00","","Asus","320","220","20","","","","","","","",""
"","","","","","","","","","","","","","0.00","","0.00","","","0.00","","","","","","","","","","","","","","","","","","","","","","","","","","","",""
"004248","W","Asus UX32V Notebook pc, 14""","","","","","","","1","0","Stck","0.00","0.00","0.00","0.00","0.00","0.00","0.00","3.5 kg","","","","","","","","","","30.06.2021","ja","0.00","0.00","0.00","","Asus","220","325","20","","","","","","","",""
"","","","","","","","","","","","","","0.00","","0.00","","","0.00","","","","","","","","","","","","","","","","","","","","","","","","","","","",""
"IPC-112284","W","ASUS UX330UA Tastatur SF","","","","","","","0","0","Stck","0.00","0.00","97.00","0.00","0.00","0.00","0.00","0 kg","","","","29.09.2020","","","","","","29.09.2020","nein","0.00","0.00","0.00","","","","","","","","","","","","",""
"IPC-112284","W","ASUS UX330UA Tastatur SF","","","","","","","0","0","Stck","0.00","0.00","97.00","0.00","0.00","0.00","0.00","0 kg","","","","13.10.2020","","","","","","29.09.2020","nein","0.00","0.00","0.00","","","","","","","","","","","","",""
"","","","","","","","","","","","","","0.00","","0.00","","","0.00","","","","","","","","","","","","","","","","","","","","","","","","","","","",""
"K0733","W","ASUS UX330U Notebook PC","S/N: H1N0WU008123018 Mit Laptophülle und Netzteil mit Kabel","Kundengerät","","","","","0","0","Stck","0.00","0.00","0.00","0.00","0.00","0.00","0.00","0 kg","","","","29.09.2020","H1N0WU008123018","","","","","12.10.2020","nein","0.00","0.00","0.00","Studer Lea","","","","","","","","","","","",""
"K0733","W","ASUS UX330U Notebook PC","S/N: H1N0WU008123018 Mit Laptophülle und Netzteil mit Kabel","Kundengerät","","","","","0","0","Stck","0.00","0.00","0.00","0.00","0.00","0.00","0.00","0 kg","","","","13.10.2020","H1N0WU008123018","","","","","12.10.2020","nein","0.00","0.00","0.00","Studer Lea","","","","","","","","","","","",""
"","","","","","","","","","","","","","0.00","","0.00","","","0.00","","","","","","","","","","","","","","","","","","","","","","","","","","","",""
"17081","W","Asus V8420/128M","","","","","","","1","0","Stck","0.00","0.00","0.00","0.00","0.00","0.00","0.00","0.7 kg","","","","","","","","","","11.11.2025","nein","0.00","0.00","0.00","","Asus","170","110","20","","ASUS V8420 TD 128 MB (part number V8420/TD/128M) is a desktop Graphics Processing Unit, based on NVIDIA GeForce4 Ti 4200, and built on 150 nm manufacturing process. The GPU was introduced in February 2002. The card has 260 MHz graphics clock frequency. Furthermore, it has 4 pixel shaders, 4 ROPs, together with 8 texture units. The V8420 TD 128 MB embeds 128 MB of DDR memory. Because the memory is clocked at 275 MHz, and utilizes 128 bit interface, the effective memory bandwidth is 8.8 GB/s. The GPU supports AGP 4x interface, and needs 1 motherboard slot.","","Steckkarten","","Graphikkarte","",""
"","","","","","","","","","","","","","0.00","","0.00","","","0.00","","","","","","","","","","","","","","","","","","","","","","","","","","","",""
"004869","W","ASUS V9180 SE","","","","","","","1","0","Stck","0.00","0.00","20.00","20.00","0.00","0.00","0.00","0.2 kg","","","","15.09.2023","","","","","","23.06.2022","ja","0.00","0.00","0.00","","Asus","175","125","25","","","","","","","",""
"","","","","","","","","","","","","","0.00","","20.00","","","0.00","","","","","","","","","","","","","","","","","","","","","","","","","","","",""
"000023","W","ASUS V9520/TD","","","","","","","0","0","Stck","0.00","0.00","20.00","0.00","0.00","0.00","0.00","0.15 kg","","","","12.04.2012","","","","","","12.04.2012","ja","0.00","0.00","0.00","","Asus","18.2","10.8","1.7","","","","","","","",""
"","","","","","","","","","","","","","0.00","","0.00","","","0.00","","","","","","","","","","","","","","","","","","","","","","","","","","","",""
"005184","W","Asus V9560/TD","","","","","","","1","0","Stck","0.00","0.00","25.00","25.00","0.00","0.00","0.00","0.25 kg","","","","22.05.2025","","","","","","06.01.2023","ja","0.00","0.00","0.00","","Asus","190","125","45","","","","","","","",""
"","","","","","","","","","","","","","0.00","","25.00","","","0.00","","","","","","","","","","","","","","","","","","","","","","","","","","","",""
"004610","W","Asus VE276","","","","","","","1","0","Stck","0.00","0.00","90.00","90.00","0.00","0.00","0.00","9.2 kg","","","","03.02.2025","","","","","","15.03.2022","ja","0.00","0.00","0.00","","Asus","230","640","440","","","","","","","",""
"","","","","","","","","","","","","","0.00","","90.00","","","0.00","","","","","","","","","","","","","","","","","","","","","","","","","","","",""
"7077","W","Asus VE278Q","","","","","","","1","0","Stck","0.00","0.00","0.00","0.00","0.00","0.00","0.00","6.5 kg","","","","","","","","","","02.10.2025","ja","0.00","0.00","0.00","","Asus","643","220","446","","Screen size 27"" Maximum resolution Full HD (1920 x 1080) Brightness 300 cd/m2 Contrast ratio 1000 : 1 Response time 5 ms","","Monitor_Beamer_Kamera","yes","","",""
"","","","","","","","","","","","","","0.00","","0.00","","","0.00","","","","","","","","","","","","","","","","","","","","","","","","","","","",""
"003990","W","ASUS VE728Q 27"" HDMI, DP, DVI-I, VGA","","","","","","","0","0","Stck","0.00","0.00","80.00","0.00","0.00","0.00","0.00","8.5 kg","","","","28.07.2020","B4LMTF117746","","","","","28.07.2020","ja","0.00","0.00","0.00","","Asus","220","643","446","","","","","","","",""
"","","","","","","","","","","","","","0.00","","0.00","","","0.00","","","","","","","","","","","","","","","","","","","","","","","","","","","",""
"002075","W","Asus Vento A2","","","","","","","0","0","Stck","0.00","0.00","55.00","0.00","0.00","0.00","0.00","0 kg","","","","","","","","","","06.11.2019","ja","0.00","0.00","0.00","","Asus","460","190","430","","","","","","","",""
"003028","W","Asus Vento A2","","","","","","","0","0","Stck","0.00","0.00","145.00","0.00","0.00","0.00","0.00","12 kg","","","","","","","","","","06.11.2019","ja","0.00","0.00","0.00","","Asus","445","190","430","","","","","","","",""
"","","","","","","","","","","","","","0.00","","0.00","","","0.00","","","","","","","","","","","","","","","","","","","","","","","","","","","",""
"001627","W","ASUS Vento A2 Core i7 2.93 GHz, 8192 MB RAM, Ati/Radeon EAH6450 Graphikkarte, Festplatten: 1 TB und 500 GB, Midi-Tower","","","","","","","1","0","Stck","0.00","0.00","170.00","170.00","0.00","0.00","0.00","0 kg","","","","31.01.2017","","","","","","31.01.2017","ja","0.00","0.00","0.00","","Asus","0","0","0","","","","","","","",""
"","","","","","","","","","","","","","0.00","","170.00","","","0.00","","","","","","","","","","","","","","","","","","","","","","","","","","","",""
"003112","W","ASUS Vento A2 P5Q-E","","","","","","","1","0","Stck","0.00","0.00","135.00","135.00","0.00","0.00","0.00","11 kg","","","","03.11.2023","","","","","","06.11.2019","ja","0.00","0.00","0.00","","Asus","455","195","435","","","","","","","",""
"","","","","","","","","","","","","","0.00","","135.00","","","0.00","","","","","","","","","","","","","","","","","","","","","","","","","","","",""
"K0379","W","Asus Vento A8 IntelCore2Duo","Fertig","Kundengerät","","","","","0","0","Stck","0.00","0.00","0.00","0.00","0.00","0.00","0.00","0 kg","","","","18.08.2017","","","","","","18.08.2017","nein","0.00","0.00","0.00","","","","","","","","","","","","",""
"K0379","W","Asus Vento A8 IntelCore2Duo","Fertig","Kundengerät","","","","","0","0","Stck","0.00","0.00","0.00","0.00","0.00","0.00","0.00","0 kg","","","","24.08.2017","","","","","","18.08.2017","nein","0.00","0.00","0.00","","","","","","","","","","","","",""
"","","","","","","","","","","","","","0.00","","0.00","","","0.00","","","","","","","","","","","","","","","","","","","","","","","","","","","",""
"002562","W","Asus Vento M2","","","","","","","0","0","Stck","0.00","0.00","55.00","0.00","0.00","0.00","0.00","7 kg","","","","","","","","","","06.11.2019","ja","0.00","0.00","0.00","","Asus","400","170","360","","","","","","","",""
"","","","","","","","","","","","","","0.00","","0.00","","","0.00","","","","","","","","","","","","","","","","","","","","","","","","","","","",""
"004002","W","ASUS VH242","","","","","","","4","0","Stck","0.00","0.00","120.00","480.00","0.00","0.00","0.00","8.2 kg","","","","06.01.2021","","","","","","15.02.2021","ja","0.00","0.00","0.00","","Asus","220","562","416","","","","","","","",""
"004002","W","ASUS VH242","","","","","","","4","0","Stck","0.00","0.00","96.00","384.00","0.00","0.00","0.00","8.2 kg","","","","25.03.2021","","","","","","15.02.2021","ja","0.00","0.00","0.00","","Asus","220","562","416","","","","","","","",""
"004002","W","ASUS VH242","","","","","","","4","0","Stck","0.00","0.00","60.00","240.00","0.00","0.00","0.00","8.2 kg","","","","15.07.2021","93LMTF028736","","","","","15.02.2021","ja","0.00","0.00","0.00","","Asus","220","562","416","","","","","","","",""
"004002","W","ASUS VH242","","","","","","","4","0","Stck","0.00","0.00","60.00","240.00","0.00","0.00","0.00","8.2 kg","","","","21.03.2022","A3LMIZ062381","","","","","15.02.2021","ja","0.00","0.00","0.00","","Asus","220","562","416","","","","","","","",""
"","","","","","","","","","","","","","0.00","","1'344.00","","","0.00","","","","","","","","","","","","","","","","","","","","","","","","","","","",""
"17105","W","Asus VS228H","","","","","","","1","0","Stck","0.00","0.00","0.00","0.00","0.00","0.00","0.00","3.1 kg","","","","","","","","","","11.11.2025","nein","0.00","0.00","0.00","","Asus","510","380","200","","Der ASUS VS228H Full HD LED-Bildschirm bietet mit seinem hohen Kontrastverhältnis von 50.000.000:1 und der HDCP-Unterstützung die höchste Bild- und Farbqualität. Der stabile Standfuß sowie das schlanke Profil fügen sich nahtlos in das elegante Design ein und bieten absolute Zuverlässigkeit und Stabilität.","","Monitor_Beamer_Kamera","","Flachbildschirm","",""
"","","","","","","","","","","","","","0.00","","0.00","","","0.00","","","","","","","","","","","","","","","","","","","","","","","","","","","",""
"004286","W","Asus VS247, 24""","","","","","","","2","0","Stck","0.00","0.00","120.00","240.00","0.00","0.00","0.00","6.4 kg","","","","","","","","","","15.03.2022","ja","0.00","0.00","0.00","","Asus","210","560","345","","","","","","","",""
"","","","","","","","","","","","","","0.00","","240.00","","","0.00","","","","","","","","","","","","","","","","","","","","","","","","","","","",""
"000802","W","Asus VW192s","Flachbildschirm Asus VW192s","","","","","","0","0","Stck","0.00","0.00","40.00","0.00","0.00","0.00","0.00","4.3 kg","","","","","","","","","","28.01.2014","ja","0.00","0.00","0.00","","Asus","207","458","368","","","","","","","",""
"","","","","","","","","","","","","","0.00","","0.00","","","0.00","","","","","","","","","","","","","","","","","","","","","","","","","","","",""
"001240","W","ASUS VW198S","","","","","","","0","0","Stck","0.00","0.00","40.00","0.00","0.00","0.00","0.00","4.3 kg","","","","02.06.2018","82LMTN000133","","","","","02.06.2018","ja","0.00","0.00","0.00","","Asus","444.5","210","368.3","","","","","","","",""
"","","","","","","","","","","","","","0.00","","0.00","","","0.00","","","","","","","","","","","","","","","","","","","","","","","","","","","",""
"005021","W","Asus VW222U, 22"" HD","","","","","","","1","0","Stck","0.00","0.00","0.00","0.00","0.00","0.00","0.00","6'800 kg","","","","","","","","","","13.09.2022","ja","0.00","0.00","0.00","","Asus","210","510","405","","","","","","","",""
"","","","","","","","","","","","","","0.00","","0.00","","","0.00","","","","","","","","","","","","","","","","","","","","","","","","","","","",""
"004654","W","Asus VW223","","","","","","","1","0","Stck","0.00","0.00","0.00","0.00","0.00","0.00","0.00","6'800 kg","","","","","","","","","","15.03.2022","ja","0.00","0.00","0.00","","Asus","0","0","0","","","","","","","",""
"","","","","","","","","","","","","","0.00","","0.00","","","0.00","","","","","","","","","","","","","","","","","","","","","","","","","","","",""
"003023","W","Asus VW224","","","","","","","1","0","Stck","0.00","0.00","90.00","90.00","0.00","0.00","0.00","6.1 kg","","","","","","","","","","06.11.2019","ja","0.00","0.00","0.00","","Asus","508","210","402","","","","","","","",""
"","","","","","","","","","","","","","0.00","","90.00","","","0.00","","","","","","","","","","","","","","","","","","","","","","","","","","","",""
"001633","W","ASUS WL-100g","","","","","","","1","0","Stck","0.00","0.00","15.00","15.00","0.00","0.00","0.00","0.044 kg","","","","","","","","","","06.11.2019","ja","0.00","0.00","0.00","","Asus","115","55","0","","","","","","","",""
"","","","","","","","","","","","","","0.00","","15.00","","","0.00","","","","","","","","","","","","","","","","","","","","","","","","","","","",""
"K1145","W","ASUS X53U","S/N:C1N0CJ79524801A Netzteil mit dabei","Kundengerät","","","","","0","0","Stck","0.00","0.00","0.00","0.00","0.00","0.00","0.00","0 kg","","","","14.03.2025","","","","","","14.03.2025","nein","0.00","0.00","0.00","","3Com","","","","","","","","","","",""
"","","","","","","","","","","","","","0.00","","0.00","","","0.00","","","","","","","","","","","","","","","","","","","","","","","","","","","",""
"003787","W","ASUS X79-DULUXE","","","","","","","0","0","Stck","0.00","0.00","0.00","0.00","0.00","0.00","0.00","9 kg","","","","","","","","","","06.11.2019","ja","0.00","0.00","0.00","","Asus","390","195","370","","","","","","","",""
"","","","","","","","","","","","","","0.00","","0.00","","","0.00","","","","","","","","","","","","","","","","","","","","","","","","","","","",""
"K1168","W","ASUS XG43U","SN: MALMTF254076 inkl. Netzteil","","","","","","0","0","Stck","0.00","0.00","0.00","0.00","0.00","0.00","0.00","0 kg","","","","24.06.2025","","","","","","24.06.2025","nein","0.00","0.00","0.00","","","","","","","","","","","","",""
"K1168","W","ASUS XG43U","SN: MALMTF254076 inkl. Netzteil","","","","","","0","0","Stck","0.00","0.00","0.00","0.00","0.00","0.00","0.00","0 kg","","","","28.11.2025","","","","","","24.06.2025","nein","0.00","0.00","0.00","","","","","","","","","","","","",""
"","","","","","","","","","","","","","0.00","","0.00","","","0.00","","","","","","","","","","","","","","","","","","","","","","","","","","","",""
"K1168","W","ASUS XG43U, S/N: MALMTF254076","SN: MALMTF254076 inkl. Netzteil","","","","","","0","0","Stck","0.00","0.00","0.00","0.00","0.00","0.00","0.00","0 kg","","","","07.08.2025","","","","","","24.06.2025","nein","0.00","0.00","0.00","","","","","","","","","","","","",""
"","","","","","","","","","","","","","0.00","","0.00","","","0.00","","","","","","","","","","","","","","","","","","","","","","","","","","","",""
"17109","W","ASUS XONAR DX/XD/A Dolby Home-Theater-Technology Gaming Sound Card","","","","","","","1","0","Stck","0.00","0.00","0.00","0.00","0.00","0.00","0.00","0.2 kg","","","","","","","","","","11.11.2025","nein","0.00","0.00","0.00","","Asus","180","120","20","","Type / GerätetypSound CardFormfaktorLow-profileInterfaces / Schnittstellen4 x 3.5mm Jacks (Front, Side, Center/Subwoofer, Back)1 x 3.5mm Jack (S/PDIF Out, Line/Mic In)Bus InterfacePCI-Express x1Audio PerformanceInput: 112dB, Output: 116dBFrequency Response<10Hz to 48KHzAudio ProcessorASUS AV100 High-Definition Sound ProcessorDelivery / Lieferumfang1 x Asus Xonar DX Sound Card1 x Power Supply Cable","","Steckkarten","","Multifunktionskarte","",""
"","","","","","","","","","","","","","0.00","","0.00","","","0.00","","","","","","","","","","","","","","","","","","","","","","","","","","","",""
"000897","W","ASUS Z7000","","","","","","","0","0","Stck","0.00","0.00","120.00","0.00","0.00","0.00","0.00","0 kg","","","","","","","","","","06.11.2019","ja","0.00","0.00","0.00","","Asus","0","0","0","","","","","","","",""
"","","","","","","","","","","","","","0.00","","0.00","","","0.00","","","","","","","","","","","","","","","","","","","","","","","","","","","",""
"K1225","W","Asus Zephyrus GA401Q","","Kundengerät","","","","","0","0","Stck","0.00","0.00","0.00","0.00","0.00","0.00","0.00","0 kg","","","","27.01.2026","","","M3NRKD00852409B","","","27.01.2026","nein","0.00","0.00","0.00","","","","","","","","","","","","",""
"","","","","","","","","","","","","","0.00","","0.00","","","0.00","","","","","","","","","","","","","","","","","","","","","","","","","","","",""
"004692","W","Aszs VH242, 23.6""","","","","","","","1","0","Stck","0.00","0.00","0.00","0.00","0.00","0.00","0.00","7'800 kg","","","","","","","","","","04.05.2022","ja","0.00","0.00","0.00","","Asus","220","560","415","","","","","","","",""
"","","","","","","","","","","","","","0.00","","0.00","","","0.00","","","","","","","","","","","","","","","","","","","","","","","","","","","",""
"004923","W","ATA IB-168SK-B, 5.25","","","","","","","3","0","Stck","0.00","0.00","10.00","30.00","0.00","0.00","0.00","300 kg","","","","23.09.2022","","","","","","28.07.2022","ja","0.00","0.00","0.00","","","182","150","43","","","","","","","",""
"","","","","","","","","","","","","","0.00","","30.00","","","0.00","","","","","","","","","","","","","","","","","","","","","","","","","","","",""
"004284","W","ATARI, Mouse","","","","","","","1","0","Stck","0.00","0.00","35.00","35.00","0.00","0.00","0.00","0.3 kg","","","","","","","","","","15.03.2022","ja","0.00","0.00","0.00","","","120","63","35","","","","","","","",""
"","","","","","","","","","","","","","0.00","","35.00","","","0.00","","","","","","","","","","","","","","","","","","","","","","","","","","","",""
"P59","W","Atari PC5 mit Combo-Diskettenlaufwerk 5.25"" 3.5""","","Computer Occasion","","","","","0","0","Stck","0.00","0.00","200.00","0.00","129.00","0.00","0.00","0 kg","","","","21.06.2023","","","","","","29.01.2009","nein","0.00","0.00","0.00","","","","","","","","","","","","",""
"","","","","","","","","","","","","","0.00","","0.00","","","0.00","","","","","","","","","","","","","","","","","","","","","","","","","","","",""
"001069","W","Aten 2 Port KVM Switch","","","","","","","2","0","Stck","0.00","0.00","2.00","4.00","0.00","0.00","0.00","0 kg","","","","18.11.2015","","","","","","18.11.2015","ja","0.00","0.00","0.00","","Maxtor","0","0","0","","","","","","","",""
"","","","","","","","","","","","","","0.00","","4.00","","","0.00","","","","","","","","","","","","","","","","","","","","","","","","","","","",""
"002136","W","Aten 2-Port KVM Switch","","","","","","","0","0","Stck","0.00","0.00","0.00","0.00","0.00","0.00","0.00","0.35 kg","","","","","","","","","","06.11.2019","ja","0.00","0.00","0.00","","","0","0","0","","","","","","","",""
"","","","","","","","","","","","","","0.00","","0.00","","","0.00","","","","","","","","","","","","","","","","","","","","","","","","","","","",""
"001033","W","Aten CS-1004","","","","","","","0","0","Stck","0.00","0.00","50.00","0.00","0.00","0.00","0.00","3.3 kg","","","","","","","","","","06.11.2019","ja","0.00","0.00","0.00","","Aten","160","485","44","","","","","","","",""
"","","","","","","","","","","","","","0.00","","0.00","","","0.00","","","","","","","","","","","","","","","","","","","","","","","","","","","",""
"001049","W","Aten CS-114A","","","","","","","0","0","Stck","0.00","0.00","30.00","0.00","0.00","0.00","0.00","1.97 kg","","","","","","","","","","06.11.2019","ja","0.00","0.00","0.00","","Aten","155","223","60","","","","","","","",""
"","","","","","","","","","","","","","0.00","","0.00","","","0.00","","","","","","","","","","","","","","","","","","","","","","","","","","","",""
"001480","W","Aten CS-62A","","","","","","","0","0","Stck","0.00","0.00","30.00","0.00","0.00","0.00","0.00","0.56 kg","","","","19.02.2021","","","","","","06.11.2019","ja","0.00","0.00","0.00","","Aten","50","120","25","","","","","","","",""
"","","","","","","","","","","","","","0.00","","0.00","","","0.00","","","","","","","","","","","","","","","","","","","","","","","","","","","",""
"005356","W","Aten CS682, KVM Switch","","","","","","","1","0","Stck","0.00","0.00","0.00","0.00","0.00","0.00","0.00","0.3 kg","","","","","","","","","","03.05.2023","ja","0.00","0.00","0.00","","Aten","75","165","235","","","","","","","",""
"","","","","","","","","","","","","","0.00","","0.00","","","0.00","","","","","","","","","","","","","","","","","","","","","","","","","","","",""
"005232","W","Aten IC250U, USB 2.0 PCI, 4+1","","","","","","","1","0","Stck","0.00","0.00","15.00","15.00","0.00","0.00","0.00","0.15 kg","","","","30.01.2023","","","","","","28.01.2023","ja","0.00","0.00","0.00","","Aten","135","120","20","","","","","","","",""
"","","","","","","","","","","","","","0.00","","15.00","","","0.00","","","","","","","","","","","","","","","","","","","","","","","","","","","",""
"002198","W","Aten Master View CPU Switch CS-102","","","","","","","0","0","Stck","0.00","0.00","15.00","0.00","0.00","0.00","0.00","1.8 kg","","","","","","","","","","06.11.2019","ja","0.00","0.00","0.00","","Aten","150","225","55","","","","","","","",""
"","","","","","","","","","","","","","0.00","","0.00","","","0.00","","","","","","","","","","","","","","","","","","","","","","","","","","","",""
"002194","W","Aten Master View CS-102U","","","","","","","0","0","Stck","0.00","0.00","20.00","0.00","0.00","0.00","0.00","0.8 kg","","","","","","","","","","06.11.2019","ja","0.00","0.00","0.00","","Aten","65","115","45","","","","","","","",""
"","","","","","","","","","","","","","0.00","","0.00","","","0.00","","","","","","","","","","","","","","","","","","","","","","","","","","","",""
"001018","W","Aten Master View CS-102U 2-Port USB KVM Switch","","","","","","","0","0","Stck","0.00","0.00","25.00","0.00","0.00","0.00","0.00","1 kg","","","","","","","","","","26.08.2015","ja","0.00","0.00","0.00","","unbekannt","60","120","50","","","","","","","",""
"","","","","","","","","","","","","","0.00","","0.00","","","0.00","","","","","","","","","","","","","","","","","","","","","","","","","","","",""
"002145","W","Aten Master View CS-104","","","","","","","0","0","Stck","0.00","0.00","20.00","0.00","0.00","0.00","0.00","3.1 kg","","","","","","","","","","06.11.2019","ja","0.00","0.00","0.00","","Aten","180","250","80","","","","","","","",""
"","","","","","","","","","","","","","0.00","","0.00","","","0.00","","","","","","","","","","","","","","","","","","","","","","","","","","","",""
"002146","W","Aten Master View CS-104U","","","","","","","0","0","Stck","0.00","0.00","30.00","0.00","0.00","0.00","0.00","2.1 kg","","","","","","","","","","06.11.2019","ja","0.00","0.00","0.00","","Aten","150","220","50","","","","","","","",""
"","","","","","","","","","","","","","0.00","","0.00","","","0.00","","","","","","","","","","","","","","","","","","","","","","","","","","","",""
"002147","W","Aten Master View CS-114","","","","","","","0","0","Stck","0.00","0.00","25.00","0.00","0.00","0.00","0.00","3.3 kg","","","","","","","","","","06.11.2019","ja","0.00","0.00","0.00","","Aten","180","250","80","","","","","","","",""
"","","","","","","","","","","","","","0.00","","0.00","","","0.00","","","","","","","","","","","","","","","","","","","","","","","","","","","",""
"002126","W","Aten Master View CS-172","","","","","","","0","0","Stck","0.00","0.00","20.00","0.00","0.00","0.00","0.00","0.7 kg","","","","","","","","","","06.11.2019","ja","0.00","0.00","0.00","","Aten","100","130","35","","","","","","","",""
"","","","","","","","","","","","","","0.00","","0.00","","","0.00","","","","","","","","","","","","","","","","","","","","","","","","","","","",""
"001019","W","Aten Master View CS1774 4-Port USB KVM Switch","","","","","","","0","0","Stck","0.00","0.00","100.00","0.00","0.00","0.00","0.00","3.5 kg","","","","26.08.2015","","","","","","26.08.2015","ja","0.00","0.00","0.00","","Aten","90","260","70","","","","","","","",""
"","","","","","","","","","","","","","0.00","","0.00","","","0.00","","","","","","","","","","","","","","","","","","","","","","","","","","","",""
"002162","W","Aten Master View CS-92","","","","","","","0","0","Stck","0.00","0.00","15.00","0.00","0.00","0.00","0.00","0.8 kg","","","","","","","","","","06.11.2019","ja","0.00","0.00","0.00","","Aten","60","120","45","","","","","","","",""
"","","","","","","","","","","","","","0.00","","0.00","","","0.00","","","","","","","","","","","","","","","","","","","","","","","","","","","",""
"002141","W","Aten MasterView KVM","","","","","","","0","0","Stck","0.00","0.00","0.00","0.00","0.00","0.00","0.00","0.93 kg","","","","","","","","","","06.11.2019","ja","0.00","0.00","0.00","","","85","260","55","","","","","","","",""
"","","","","","","","","","","","","","0.00","","0.00","","","0.00","","","","","","","","","","","","","","","","","","","","","","","","","","","",""
"002164","W","Aten MasterView KVM CS-82A","","","","","","","0","0","Stck","0.00","0.00","0.00","0.00","0.00","0.00","0.00","0.53 kg","","","","","","","","","","06.11.2019","ja","0.00","0.00","0.00","","","85","135","55","","","","","","","",""
"","","","","","","","","","","","","","0.00","","0.00","","","0.00","","","","","","","","","","","","","","","","","","","","","","","","","","","",""
"002155","W","Aten MasterView KVM CS-84A","","","","","","","0","0","Stck","0.00","0.00","0.00","0.00","0.00","0.00","0.00","0.37 kg","","","","","","","","","","06.11.2019","ja","0.00","0.00","0.00","","","90","205","50","","","","","","","",""
"","","","","","","","","","","","","","0.00","","0.00","","","0.00","","","","","","","","","","","","","","","","","","","","","","","","","","","",""
"006005","W","ATEN USB Externder","","","","","","","1","0","Stck","0.00","0.00","0.00","0.00","0.00","0.00","0.00","0.075 kg","","","","","","","","","","12.10.2023","ja","0.00","0.00","0.00","","Aten","0","0","0","","","","","","","",""
"","","","","","","","","","","","","","0.00","","0.00","","","0.00","","","","","","","","","","","","","","","","","","","","","","","","","","","",""
"002120","W","Aten USB KVM Switch","","","","","","","0","0","Stck","0.00","0.00","0.00","0.00","0.00","0.00","0.00","0.17 kg","","","","","","","","","","06.11.2019","ja","0.00","0.00","0.00","","","70","120","45","","","","","","","",""
"","","","","","","","","","","","","","0.00","","0.00","","","0.00","","","","","","","","","","","","","","","","","","","","","","","","","","","",""
"002770","W","Aten VS182","","","","","","","0","0","Stck","0.00","0.00","40.00","0.00","0.00","0.00","0.00","0.8 kg","","","","","","","","","","06.11.2019","ja","0.00","0.00","0.00","","Aten","80","120","30","","","","","","","",""
"","","","","","","","","","","","","","0.00","","0.00","","","0.00","","","","","","","","","","","","","","","","","","","","","","","","","","","",""
"000636","W","AT-FS708 8 Port Ethernet Switch","","","","","","","2","0","Stck","0.00","0.00","15.00","30.00","0.00","0.00","0.00","0.9 kg","","","","28.03.2018","","","","","","28.03.2018","ja","0.00","0.00","0.00","","Allied Telesyn","249","116","36","","","","","","","",""
"","","","","","","","","","","","","","0.00","","30.00","","","0.00","","","","","","","","","","","","","","","","","","","","","","","","","","","",""
"P9","W","at-fs708 8-port switch Ethernet, plus 2xRJ-45 Kabel","","Hardwareteile neu","","","","","0","0","Stck","0.00","0.00","20.00","0.00","0.00","0.00","0.00","0 kg","","","","16.10.2017","","","","","","09.08.2007","nein","0.00","0.00","0.00","","","","","","","","","","","","",""
"","","","","","","","","","","","","","0.00","","0.00","","","0.00","","","","","","","","","","","","","","","","","","","","","","","","","","","",""
"000191","W","AT Gehäuse Microspot mit Netzteil","","","","","","","0","0","Stck","0.00","0.00","40.00","0.00","0.00","0.00","0.00","0 kg","","","","08.10.2022","","","","","","06.11.2019","ja","0.00","0.00","0.00","","diverse","0","0","0","","","","","","","",""
"","","","","","","","","","","","","","0.00","","0.00","","","0.00","","","","","","","","","","","","","","","","","","","","","","","","","","","",""
"000126","W","Athlon MP 2200+ AMSN2200DKT3Camd","","","","","","","10","0","Stck","0.00","0.00","20.00","200.00","0.00","0.00","0.00","0.1 kg","","","","29.08.2017","","","","","","29.08.2017","ja","0.00","0.00","0.00","","AMD","50","50","6","","","","","","","",""
"","","","","","","","","","","","","","0.00","","200.00","","","0.00","","","","","","","","","","","","","","","","","","","","","","","","","","","",""
"003950","W","ATI 102 A520 (B)","","","","","","","0","0","Stck","0.00","0.00","120.00","0.00","0.00","0.00","0.00","0.8 kg","","","","","","","","","","28.11.2019","ja","0.00","0.00","0.00","","ATI","240","135","32","disableit","","","","","","",""
"","","","","","","","","","","","","","0.00","","0.00","","","0.00","","","","","","","","","","","","","","","","","","","","","","","","","","","",""
"004685","W","ATI 102-A771, 256MB","","","","","","","0","0","Stck","0.00","0.00","0.00","0.00","0.00","0.00","0.00","500 kg","","","","","","","","","","04.05.2022","ja","0.00","0.00","0.00","","ATI","18.0000","8.0000","2.0000","","","","","","","",""
"004685","W","ATI 102-A771, 256MB","","","","","","","1","0","Stck","0.00","0.00","0.00","0.00","0.00","0.00","0.00","500 kg","","","","","","","","","","24.06.2023","ja","0.00","0.00","0.00","","ATI","180","80","20","","","","","","","",""
"","","","","","","","","","","","","","0.00","","0.00","","","0.00","","","","","","","","","","","","","","","","","","","","","","","","","","","",""
"003888","W","ATI-102-A924(B)","","","","","","","0","0","Stck","0.00","0.00","0.00","0.00","0.00","0.00","0.00","0.25 kg","","","","","","","","","","06.11.2019","ja","0.00","0.00","0.00","","ATI","178","57","90","","","","","","","",""
"","","","","","","","","","","","","","0.00","","0.00","","","0.00","","","","","","","","","","","","","","","","","","","","","","","","","","","",""
"006259","W","ATI-102-B17002(B)","","","","","","","1","0","Stck","0.00","0.00","0.00","0.00","0.00","0.00","0.00","0.155 kg","","","","","","","","","","22.02.2024","ja","0.00","0.00","0.00","","ATI","180","70","0","","","","","","","",""
"","","","","","","","","","","","","","0.00","","0.00","","","0.00","","","","","","","","","","","","","","","","","","","","","","","","","","","",""
"003883","W","ATI-102-B40306(B)2260","","","","","","","0","0","Stck","0.00","0.00","0.00","0.00","0.00","0.00","0.00","0.2 kg","","","","","","","","","","06.11.2019","ja","0.00","0.00","0.00","","ATI","175","120","25","","","","","","","",""
"","","","","","","","","","","","","","0.00","","0.00","","","0.00","","","","","","","","","","","","","","","","","","","","","","","","","","","",""
"006255","W","ATI-102-C24602(B)","","","","","","","2","0","Stck","0.00","0.00","0.00","0.00","0.00","0.00","0.00","0.19 kg","","","","","","","","","","22.02.2024","ja","0.00","0.00","0.00","","ATI","170","115","0","","","","","","","",""
"","","","","","","","","","","","","","0.00","","0.00","","","0.00","","","","","","","","","","","","","","","","","","","","","","","","","","","",""
"006253","W","ATI-102-c33402-b","","","","","","","1","0","Stck","0.00","0.00","0.00","0.00","0.00","0.00","0.00","160 kg","","","","","","","","","","20.02.2024","ja","0.00","0.00","0.00","","ATI","170","70","0","","","","","","","",""
"","","","","","","","","","","","","","0.00","","0.00","","","0.00","","","","","","","","","","","","","","","","","","","","","","","","","","","",""
"006287","W","ATI 109-30200-00 mach64","","","","","","","1","0","Stck","0.00","0.00","20.00","20.00","0.00","0.00","0.00","0.15 kg","","","","","","","","","","29.02.2024","ja","0.00","0.00","0.00","","ATI","180","110","22","","","","","","","",""
"","","","","","","","","","","","","","0.00","","20.00","","","0.00","","","","","","","","","","","","","","","","","","","","","","","","","","","",""
"006657","W","ATi 264-VT4","","","","","","","1","0","Stck","0.00","0.00","0.00","0.00","0.00","0.00","0.00","0.2 kg","","","","","","","","","","13.08.2024","ja","0.00","0.00","0.00","","ATI","150","120","20","","","","","","","",""
"","","","","","","","","","","","","","0.00","","0.00","","","0.00","","","","","","","","","","","","","","","","","","","","","","","","","","","",""
"004640","W","ATi AGP Rage 128 pro w/32Mb","","","","","","","2","0","Stck","0.00","0.00","0.00","0.00","0.00","0.00","0.00","550 kg","","","","","","","","","","15.03.2022","ja","0.00","0.00","0.00","","ATI","170","120","20","","","","","","","",""
"","","","","","","","","","","","","","0.00","","0.00","","","0.00","","","","","","","","","","","","","","","","","","","","","","","","","","","",""
"006481","W","ATI ATI-102-A676 Radeon X1300 Pro 256MB PCIe","","","","","","","1","0","Stck","0.00","0.00","0.00","0.00","0.00","0.00","0.00","1 kg","","","","","","","","","","23.05.2024","ja","0.00","0.00","0.00","","ATI","180","130","25","","","","","","","",""
"","","","","","","","","","","","","","0.00","","0.00","","","0.00","","","","","","","","","","","","","","","","","","","","","","","","","","","",""
"003985","W","ATI ATI 102 -C26405(B)","","","","","","","3","0","Stck","0.00","0.00","0.00","0.00","0.00","0.00","0.00","0.2 kg","","","","","","","","","","28.01.2020","ja","0.00","0.00","0.00","","AMD","180","80","22","","","","","","","",""
"","","","","","","","","","","","","","0.00","","0.00","","","0.00","","","","","","","","","","","","","","","","","","","","","","","","","","","",""
"006573","W","ATI B403","","","","","","","1","0","Stck","0.00","0.00","0.00","0.00","0.00","0.00","0.00","0.3 kg","","","","","","","","","","13.06.2024","ja","0.00","0.00","0.00","","ATI","170","120","20","","","","","","","",""
"","","","","","","","","","","","","","0.00","","0.00","","","0.00","","","","","","","","","","","","","","","","","","","","","","","","","","","",""
"005257","W","ATI CW16800-A/ATI vesa","","","","","","","0","0","Stck","0.00","0.00","40.00","0.00","0.00","0.00","0.00","0.5 kg","","","","22.03.2023","","","","","","17.02.2023","ja","0.00","0.00","0.00","","ATI","140","20","130","","","","","","","",""
"","","","","","","","","","","","","","0.00","","0.00","","","0.00","","","","","","","","","","","","","","","","","","","","","","","","","","","",""
"004686","W","AT i FireGL V3100, 128MB","","","","","","","1","0","Stck","0.00","0.00","0.00","0.00","0.00","0.00","0.00","500 kg","","","","","","","","","","04.05.2022","ja","0.00","0.00","0.00","","ATI","180","120","20","","","","","","","",""
"","","","","","","","","","","","","","0.00","","0.00","","","0.00","","","","","","","","","","","","","","","","","","","","","","","","","","","",""
"004008","W","ATI FireGL V3350","","","","","","","3","0","Stck","0.00","0.00","20.00","60.00","0.00","0.00","0.00","0.45 kg","","","","","","","","","","22.03.2021","ja","0.00","0.00","0.00","","ATI","180","125","22","","","","","","","",""
"","","","","","","","","","","","","","0.00","","60.00","","","0.00","","","","","","","","","","","","","","","","","","","","","","","","","","","",""
"001174","W","ATI FireGL V3400","","","","","","","0","0","Stck","0.00","0.00","20.00","0.00","0.00","0.00","0.00","0.45 kg","","","","","","","","","","06.11.2019","ja","0.00","0.00","0.00","","ATI","180","125","22","","","","","","","",""
"","","","","","","","","","","","","","0.00","","0.00","","","0.00","","","","","","","","","","","","","","","","","","","","","","","","","","","",""
"004082","W","ATI FirePro V5700 Grafikkarte (PCI-e, 512MB GDDR3 Speicher, 256 Bit, 2X DVI-I, 1 GPU)","","","","","","","0","0","Stck","0.00","0.00","30.00","0.00","0.00","0.00","0.00","0.55 kg","","","","","","","","","","29.04.2021","ja","0.00","0.00","0.00","","ATI","183","128","24","","","","","","","",""
"","","","","","","","","","","","","","0.00","","0.00","","","0.00","","","","","","","","","","","","","","","","","","","","","","","","","","","",""
"006245","W","ATI Graphics Ultra Pro VLB","","","","","","","0","0","Stck","0.00","0.00","85.00","0.00","0.00","0.00","0.00","0.4 kg","","","","13.03.2024","","","","","","17.02.2024","ja","0.00","0.00","0.00","","ATI","245","105","22","","","","","","","",""
"","","","","","","","","","","","","","0.00","","0.00","","","0.00","","","","","","","","","","","","","","","","","","","","","","","","","","","",""
"004020","W","ATI Graphics Xpression Mach64 ISA 16bit","","","","","","","0","0","Stck","0.00","0.00","50.00","0.00","0.00","0.00","0.00","0 kg","","","","15.02.2021","","","","","","15.02.2021","ja","0.00","0.00","0.00","","ATI","0","0","0","","","","","","","",""
"004020","W","ATI Graphics Xpression Mach64 ISA 16bit","","","","","","","0","0","Stck","0.00","0.00","50.00","0.00","0.00","0.00","0.00","0 kg","","","","16.02.2021","","","","","","15.02.2021","ja","0.00","0.00","0.00","","ATI","0","0","0","","","","","","","",""
"","","","","","","","","","","","","","0.00","","0.00","","","0.00","","","","","","","","","","","","","","","","","","","","","","","","","","","",""
"004019","W","ATI Mach32 1090019340 ISA 16 bit","","","","","","","0","0","Stck","0.00","0.00","30.00","0.00","0.00","0.00","0.00","0 kg","","","","15.02.2021","","","","","","15.02.2021","ja","0.00","0.00","0.00","","ATI","0","0","0","","","","","","","",""
"004019","W","ATI Mach32 1090019340 ISA 16 bit","","","","","","","0","0","Stck","0.00","0.00","30.00","0.00","0.00","0.00","0.00","0 kg","","","","16.02.2021","","","","","","15.02.2021","ja","0.00","0.00","0.00","","ATI","0","0","0","","","","","","","",""
"","","","","","","","","","","","","","0.00","","0.00","","","0.00","","","","","","","","","","","","","","","","","","","","","","","","","","","",""
"006288","W","ATI MACH64 109-25500-40","","","","","","","1","0","Stck","0.00","0.00","20.00","20.00","0.00","0.00","0.00","0.15 kg","","","","23.01.2025","","","","","","29.02.2024","ja","0.00","0.00","0.00","","ATI","180","20","130","","","","","","","",""
"","","","","","","","","","","","","","0.00","","20.00","","","0.00","","","","","","","","","","","","","","","","","","","","","","","","","","","",""
"006286","W","ATI Mach 64 VT","","","","","","","1","0","Stck","0.00","0.00","20.00","20.00","0.00","0.00","0.00","0.15 kg","","","","09.03.2024","","","","","","29.02.2024","ja","0.00","0.00","0.00","","ATI","160","120","20","","","","","","","",""
"","","","","","","","","","","","","","0.00","","20.00","","","0.00","","","","","","","","","","","","","","","","","","","","","","","","","","","",""
"004022","W","ATI Mach8 Graphics Ultra","","","","","","","0","0","Stck","0.00","0.00","35.00","0.00","0.00","0.00","0.00","0.2 kg","","","","15.02.2021","","","","","","16.02.2021","ja","0.00","0.00","0.00","","ATI","170","125","22","","","","","","","",""
"","","","","","","","","","","","","","0.00","","0.00","","","0.00","","","","","","","","","","","","","","","","","","","","","","","","","","","",""
"004684","W","ATi Radeon 102A7710400, 256MB","","","","","","","1","0","Stck","0.00","0.00","0.00","0.00","0.00","0.00","0.00","500 kg","","","","","","","","","","04.05.2022","ja","0.00","0.00","0.00","","ATI","180","120","20","","","","","","","",""
"","","","","","","","","","","","","","0.00","","0.00","","","0.00","","","","","","","","","","","","","","","","","","","","","","","","","","","",""
"000558","W","ATI Radeon 3902C069, AGP, DVI","","","","","","","0","0","Stck","0.00","0.00","0.50","0.00","0.00","0.00","0.00","0 kg","","","","11.05.2021","","","","","","06.11.2019","ja","0.00","0.00","0.00","","ATI","0","0","0","","","","","","","",""
"","","","","","","","","","","","","","0.00","","0.00","","","0.00","","","","","","","","","","","","","","","","","","","","","","","","","","","",""
"004639","W","ATi Radeon 7000DDR 1027850900","","","","","","","1","0","Stck","0.00","0.00","0.00","0.00","0.00","0.00","0.00","550 kg","","","","","","","","","","15.03.2022","ja","0.00","0.00","0.00","","ATI","180","120","20","","","","","","","",""
"","","","","","","","","","","","","","0.00","","0.00","","","0.00","","","","","","","","","","","","","","","","","","","","","","","","","","","",""
"006251","W","Ati Radeon 7500 D33011","","","","","","","1","0","Stck","0.00","0.00","20.00","20.00","0.00","0.00","0.00","0.23 kg","","","","09.03.2024","","","","","","20.02.2024","ja","0.00","0.00","0.00","","ATI","180","110","22","","","","","","","",""
"","","","","","","","","","","","","","0.00","","20.00","","","0.00","","","","","","","","","","","","","","","","","","","","","","","","","","","",""
"000003","W","ATI Radeon 9000","","","","","","","0","0","Stck","0.00","0.00","40.00","0.00","0.00","0.00","0.00","0 kg","","","","","","","","","","05.11.2019","ja","0.00","0.00","0.00","","ATI","0","0","0","","","","","","","",""
"","","","","","","","","","","","","","0.00","","0.00","","","0.00","","","","","","","","","","","","","","","","","","","","","","","","","","","",""
"000732","W","ATI Radeon 9200LE für Mac","","","","","","","0","0","Stck","0.00","0.00","0.00","0.00","0.00","0.00","0.00","0.2 kg","","","","","","","","","","06.11.2019","ja","0.00","0.00","0.00","","ATI","180","130","20","","","","","","","",""
"","","","","","","","","","","","","","0.00","","0.00","","","0.00","","","","","","","","","","","","","","","","","","","","","","","","","","","",""
"004872","W","ATI Radeon 9200 SE","","","","","","","1","0","Stck","0.00","0.00","0.00","0.00","0.00","0.00","0.00","1 kg","","","","","","","","","","23.06.2022","ja","0.00","0.00","0.00","","ATI","175","120","25","","","","","","","",""
"","","","","","","","","","","","","","0.00","","0.00","","","0.00","","","","","","","","","","","","","","","","","","","","","","","","","","","",""
"004887","W","ATI RADEON 9200 SE 128MB","","","","","","","1","0","Stck","0.00","0.00","0.00","0.00","0.00","0.00","0.00","0.4 kg","","","","","","","","","","28.06.2022","ja","0.00","0.00","0.00","","ATI","140","60","30","","","","","","","",""
"","","","","","","","","","","","","","0.00","","0.00","","","0.00","","","","","","","","","","","","","","","","","","","","","","","","","","","",""
"004886","W","ATI Radeon 9600 128MB DDR","","","","","","","1","0","Stck","0.00","0.00","45.00","45.00","0.00","0.00","0.00","0.4 kg","","","","","","","","","","28.06.2022","ja","0.00","0.00","0.00","","ATI","180","100","30","","","","","","","",""
"","","","","","","","","","","","","","0.00","","45.00","","","0.00","","","","","","","","","","","","","","","","","","","","","","","","","","","",""
"005859","W","ATI Radeon 9600 256MB DDR","","","","","","","1","0","Stck","0.00","0.00","50.00","50.00","0.00","0.00","0.00","0.4 kg","","","","29.08.2024","","","","","","29.08.2023","ja","0.00","0.00","0.00","","ATI","180","100","30","","","","","","","",""
"","","","","","","","","","","","","","0.00","","50.00","","","0.00","","","","","","","","","","","","","","","","","","","","","","","","","","","",""
"004083","W","ATI Radeon 9600 XT 109-A58503-20 für Apple Powermac G5","","","","","","","2","0","Stck","0.00","0.00","70.00","140.00","0.00","0.00","0.00","0.25 kg","","","","27.07.2023","","","","","","29.04.2021","ja","0.00","0.00","0.00","","ATI","180","130","23","","","","","","","",""
"","","","","","","","","","","","","","0.00","","140.00","","","0.00","","","","","","","","","","","","","","","","","","","","","","","","","","","",""
"004637","W","ATi Radeon 9800 pro, 102A0751600","","","","","","","1","0","Stck","0.00","0.00","60.00","60.00","0.00","0.00","0.00","550 kg","","","","03.09.2023","","","","","","15.03.2022","ja","0.00","0.00","0.00","","ATI","200","130","20","","","","","","","",""
"","","","","","","","","","","","","","0.00","","60.00","","","0.00","","","","","","","","","","","","","","","","","","","","","","","","","","","",""
"004683","W","ATI Radeon HD 2400 Pro 102B1701300","","","","","","","1","0","Stck","0.00","0.00","0.00","0.00","0.00","0.00","0.00","500 kg","","","","","","","","","","04.05.2022","ja","0.00","0.00","0.00","","Aten","180","120","20","","","","","","","",""
"","","","","","","","","","","","","","0.00","","0.00","","","0.00","","","","","","","","","","","","","","","","","","","","","","","","","","","",""
"001192","W","ATI Radeon HD2400XT","","","","","","","0","0","Stck","0.00","0.00","15.00","0.00","0.00","0.00","0.00","0.3 kg","","","","","","","","","","06.11.2019","ja","0.00","0.00","0.00","","Dell","280","20","80","","","","","","","",""
"","","","","","","","","","","","","","0.00","","0.00","","","0.00","","","","","","","","","","","","","","","","","","","","","","","","","","","",""
"004679","W","ATi Radeon HD3640, 256MB","","","","","","","1","0","Stck","0.00","0.00","0.00","0.00","0.00","0.00","0.00","500 kg","","","","","","","","","","04.05.2022","ja","0.00","0.00","0.00","","ATI","180","130","25","","","","","","","",""
"","","","","","","","","","","","","","0.00","","0.00","","","0.00","","","","","","","","","","","","","","","","","","","","","","","","","","","",""
"000722","W","ATI Radeon HD3850 AGP","","","","","","","0","0","Stck","0.00","0.00","0.00","0.00","0.00","0.00","0.00","0.6 kg","","","","","","","","","","06.11.2019","ja","0.00","0.00","0.00","","ATI","240","115","20","","","","","","","",""
"","","","","","","","","","","","","","0.00","","0.00","","","0.00","","","","","","","","","","","","","","","","","","","","","","","","","","","",""
"004855","W","ATI Radeon HD 4350","","","","","","","1","0","Stck","0.00","0.00","0.00","0.00","0.00","0.00","0.00","1.5 kg","","","","","","","","","","17.06.2022","ja","0.00","0.00","0.00","","ATI","175","120","30","","","","","","","",""
"","","","","","","","","","","","","","0.00","","0.00","","","0.00","","","","","","","","","","","","","","","","","","","","","","","","","","","",""
"004689","W","ATI Radeon HD4650 Delp Hinus, 1GB","","","","","","","1","0","Stck","0.00","0.00","0.00","0.00","0.00","0.00","0.00","500 kg","","","","","","","","","","04.05.2022","ja","0.00","0.00","0.00","","ATI","180","125","20","","","","","","","",""
"","","","","","","","","","","","","","0.00","","0.00","","","0.00","","","","","","","","","","","","","","","","","","","","","","","","","","","",""
"004302","W","ATI Radeon N625","","","","","","","1","0","Stck","0.00","0.00","0.00","0.00","0.00","0.00","0.00","0 kg","","","","","","","","","","15.03.2022","ja","0.00","0.00","0.00","","ATI","180","120","20","","","","","","","",""
"","","","","","","","","","","","","","0.00","","0.00","","","0.00","","","","","","","","","","","","","","","","","","","","","","","","","","","",""
"004117","W","ATI,Radeon PN 109_76800_11","","","","","","","0","0","Stck","0.00","0.00","15.00","0.00","0.00","0.00","0.00","180 kg","","","","","","","","","","22.05.2021","ja","0.00","0.00","0.00","","ATI","180","122","20","","","","","","","",""
"","","","","","","","","","","","","","0.00","","0.00","","","0.00","","","","","","","","","","","","","","","","","","","","","","","","","","","",""
"003927","W","ATI Radeon R710R/730 -HD4650","","","","","","","0","0","Stck","0.00","0.00","0.00","0.00","0.00","0.00","0.00","0.4 kg","","","","","","","","","","14.11.2019","ja","0.00","0.00","0.00","","ATI","180","130","23","","","","","","","",""
"","","","","","","","","","","","","","0.00","","0.00","","","0.00","","","","","","","","","","","","","","","","","","","","","","","","","","","",""
"001193","W","ATI Radeon X1300","","","","","","","0","0","Stck","0.00","0.00","10.00","0.00","0.00","0.00","0.00","0.3 kg","","","","","","","","","","06.11.2019","ja","0.00","0.00","0.00","","Dell","170","20","120","","","","","","","",""
"","","","","","","","","","","","","","0.00","","0.00","","","0.00","","","","","","","","","","","","","","","","","","","","","","","","","","","",""
"000561","W","ATI Radeon X1300 ATI-102-A771(B) DVI Video Card","","","","","","","0","0","Stck","0.00","0.00","0.00","0.00","0.00","0.00","0.00","0 kg","","","","","","","","","","06.11.2019","ja","0.00","0.00","0.00","","ATI","0","0","0","","","","","","","",""
"","","","","","","","","","","","","","0.00","","0.00","","","0.00","","","","","","","","","","","","","","","","","","","","","","","","","","","",""
"001214","W","ATI Radeon X1900XT","","","","","","","0","0","Stck","0.00","0.00","10.00","0.00","0.00","0.00","0.00","0 kg","","","","01.12.2016","","","","","","01.12.2016","ja","0.00","0.00","0.00","","","0","0","0","","","","","","","",""
"001214","W","ATI Radeon X1900XT","","","","","","","0","0","Stck","0.00","0.00","10.00","0.00","0.00","0.00","0.00","0 kg","","","","15.12.2016","","","","","","01.12.2016","ja","0.00","0.00","0.00","","","0","0","0","","","","","","","",""
"","","","","","","","","","","","","","0.00","","0.00","","","0.00","","","","","","","","","","","","","","","","","","","","","","","","","","","",""
"000004","W","ATI Radeon X600","","","","","","","0","0","Stck","0.00","0.00","30.00","0.00","0.00","0.00","0.00","0 kg","","","","","","","","","","05.11.2019","ja","0.00","0.00","0.00","","ATI","0","0","0","","","","","","","",""
"","","","","","","","","","","","","","0.00","","0.00","","","0.00","","","","","","","","","","","","","","","","","","","","","","","","","","","",""
"006796","W","ATI RAGE 128 1998","","","","","","","1","0","Stck","0.00","0.00","0.00","0.00","0.00","0.00","0.00","0.3 kg","","","","","","","","","","09.10.2024","ja","0.00","0.00","0.00","","ATI","160","100","30","","","","","","","",""
"","","","","","","","","","","","","","0.00","","0.00","","","0.00","","","","","","","","","","","","","","","","","","","","","","","","","","","",""
"004298","W","Ati Rage 128 PCI","","","","","","","1","0","Stck","0.00","0.00","20.00","20.00","0.00","0.00","0.00","0 kg","","","","07.12.2023","","","","","","15.03.2022","ja","0.00","0.00","0.00","","ATI","180","120","22","","","","","","","",""
"","","","","","","","","","","","","","0.00","","20.00","","","0.00","","","","","","","","","","","","","","","","","","","","","","","","","","","",""
"004634","W","ATi Rage 128 Pro, 1025-B4020 00030","","","","","","","1","0","Stck","0.00","0.00","0.00","0.00","0.00","0.00","0.00","550 kg","","","","","","","","","","15.03.2022","ja","0.00","0.00","0.00","","ATI","165","120","20","","","","","","","",""
"","","","","","","","","","","","","","0.00","","0.00","","","0.00","","","","","","","","","","","","","","","","","","","","","","","","","","","",""
"003533","W","ATI Rage Pro 128","","","","","","","0","0","Stck","0.00","0.00","20.00","0.00","0.00","0.00","0.00","0.3 kg","","","","03.12.2020","","","","","","03.12.2020","ja","0.00","0.00","0.00","","ATI","0","0","0","","","","","","","",""
"","","","","","","","","","","","","","0.00","","0.00","","","0.00","","","","","","","","","","","","","","","","","","","","","","","","","","","",""
"004632","W","ATi Rage XL 1026670201","","","","","","","2","0","Stck","0.00","0.00","25.00","50.00","0.00","0.00","0.00","0.1 kg","","","","25.09.2024","","","","","","15.03.2022","ja","0.00","0.00","0.00","","ATI","180","120","20","","","","","","","",""
"","","","","","","","","","","","","","0.00","","50.00","","","0.00","","","","","","","","","","","","","","","","","","","","","","","","","","","",""
"003953","W","ATI Rv770 -Radeon HD 4870","","","","","","","0","0","Stck","0.00","0.00","0.00","0.00","0.00","0.00","0.00","1 kg","","","","","","","","","","30.11.2019","ja","0.00","0.00","0.00","","ATI","330","120","50","","","","","","","",""
"","","","","","","","","","","","","","0.00","","0.00","","","0.00","","","","","","","","","","","","","","","","","","","","","","","","","","","",""
"001197","W","ATI Sapphire Radeon HD 4890","","","","","","","0","0","Stck","50.00","0.00","50.00","0.00","0.00","0.00","0.00","1.5 kg","","","","09.03.2018","","","","","","09.03.2018","ja","0.00","0.00","0.00","","Sapphire","250","40","120","","","","","","","",""
"","","","","","","","","","","","","","0.00","","0.00","","","0.00","","","","","","","","","","","","","","","","","","","","","","","","","","","",""
"001176","W","ATI X300SE","","","","","","","0","0","Stck","0.00","0.00","10.00","0.00","0.00","0.00","0.00","0 kg","","","","","","","","","","06.11.2019","ja","0.00","0.00","0.00","","","0","0","0","","","","","","","",""
"","","","","","","","","","","","","","0.00","","0.00","","","0.00","","","","","","","","","","","","","","","","","","","","","","","","","","","",""
"002698","W","ATON CL103 (Festnetz-Telefon)","","","","","","","0","0","Stck","0.00","0.00","5.00","0.00","0.00","0.00","0.00","0.27 kg","","","","","","","","","","06.11.2019","ja","0.00","0.00","0.00","","Swisscom","130","100","160","","","","","","","",""
"","","","","","","","","","","","","","0.00","","0.00","","","0.00","","","","","","","","","","","","","","","","","","","","","","","","","","","",""
"17027","W","ATOP SCSI VESA BUS","","","","","","","1","0","Stck","0.00","0.00","0.00","0.00","0.00","0.00","0.00","0.3 kg","","","","","","","","","","02.10.2025","ja","0.00","0.00","0.00","","unbekannt","150","300","7","","24x8 Channel Bonding EuroDOCSIS 3.0 Dual Mode DOCSIS / EuroDOCSIS Abwärtskompatibel mit (Euro)DOCSIS 2.0 (und älter) Voice EuroPacketCable 1.5 konform 4 GbE LAN Ports Wireless Networking on Board IEEE 802.11n 2,4 GHz (2x2) IEEE 802.11ac 5 GHz (3x3) 2 FXS Ports für Telefon und Fax 1 USB 2.0 Master Port IPv4 und IPv6 DS-Lite Support","","Steckkarten","yes","Multifunktionskarte","",""
"","","","","","","","","","","","","","0.00","","0.00","","","0.00","","","","","","","","","","","","","","","","","","","","","","","","","","","",""
"P128","W","AT Router 5 Port","","","","","","","0","0","Stck","0.00","0.00","10.00","0.00","0.00","0.00","0.00","0.3 kg","","","","22.10.2014","","","","","","22.10.2014","nein","0.00","0.00","0.00","","","","","","","","","","","","",""
"","","","","","","","","","","","","","0.00","","0.00","","","0.00","","","","","","","","","","","","","","","","","","","","","","","","","","","",""
"P47","W","ATX- Big Tower-Gehäuse ohne PSU Occasion","","Hardwareteile Occasion","","","","","0","0","Stck","25.00","0.00","10.00","0.00","25.00","0.00","0.00","1 kg","","","","09.10.2012","","","","","","22.10.2008","nein","0.00","0.00","0.00","","","","","","","","","","","","",""
"","","","","","","","","","","","","","0.00","","0.00","","","0.00","","","","","","","","","","","","","","","","","","","","","","","","","","","",""
"002411","W","ATX Enermax Phoenix Neo","","","","","","","0","0","Stck","0.00","0.00","30.00","0.00","0.00","0.00","0.00","8 kg","","","","15.05.2023","","","","","","06.11.2019","ja","0.00","0.00","0.00","","","500","220","460","","","","","","","",""
"","","","","","","","","","","","","","0.00","","0.00","","","0.00","","","","","","","","","","","","","","","","","","","","","","","","","","","",""
"000101","W","ATX Netzteil 300W 20+4 pin","","","","","","","0","0","Stck","30.00","0.00","30.00","0.00","0.00","0.00","0.00","2 kg","","","","25.02.2014","","","","","","12.12.2011","ja","0.00","0.00","0.00","","diverse","250","240","90","","","","","","","",""
"000101","W","ATX Netzteil 300W 20+4 pin","","","","","","","0","0","Stck","30.00","0.00","30.00","0.00","0.00","0.00","0.00","2 kg","","","","08.07.2014","","","","","","12.12.2011","ja","0.00","0.00","0.00","","diverse","250","240","90","","","","","","","",""
"000101","W","ATX Netzteil 300W 20+4 pin","","","","","","","0","0","Stck","30.00","0.00","30.00","0.00","0.00","0.00","0.00","2 kg","","","","25.10.2016","","","","","","12.12.2011","ja","0.00","0.00","0.00","","diverse","250","240","90","","","","","","","",""
"000101","W","ATX Netzteil 300W 20+4 pin","","","","","","","0","0","Stck","30.00","0.00","30.00","0.00","0.00","0.00","0.00","2 kg","","","","26.10.2016","","","","","","12.12.2011","ja","0.00","0.00","0.00","","diverse","250","240","90","","","","","","","",""
"000101","W","ATX Netzteil 300W 20+4 pin","","","","","","","0","0","Stck","30.00","0.00","30.00","0.00","0.00","0.00","0.00","2 kg","","","","21.04.2023","","","","","","12.12.2011","ja","0.00","0.00","0.00","","diverse","250","240","90","","","","","","","",""
"","","","","","","","","","","","","","0.00","","0.00","","","0.00","","","","","","","","","","","","","","","","","","","","","","","","","","","",""
"000102","W","ATX Netzteil 350W 20+4 pin","","","","","","","0","0","Stck","0.00","0.00","35.00","0.00","0.00","0.00","0.00","2 kg","","","","","","","","","","06.11.2019"