"Datum","Buchungsnummer","Typ","Rechnung","Auftrag","Lieferant","Betrag","Steuer","Summe","bezahlt","Zahlungsdatum","Betrag fällig","Fälligkeitsdatum","Vorgangsbezeichnung","Bemerkungen","Interne Bemerkungen","Bearbeiter","Projektnummer des Belegs","Abteilung","Lieferantennummer","Land","USt-IdNr.","Steuersatz","Zahlungsbedingungen","Buchungskonto","Sollkonto","Lastschrifteinzug","Erfassungsdatum","Positionen"
"25.01.2008","564","K","564","","JVC Construction AG","350.00","0.00","350.00","350.00","25.01.2008","0.00","25.01.2008","","","","Michel Stoeckli","","","011","","","Inland","","2000 -- Allgemeine Kreditoren","6000 -- Miete","nein","16.02.2010",""
"30.01.2008","566","K","566","","Swisscom (Schweiz) AG, Bern","166.25","0.00","166.25","166.25","30.01.2008","0.00","30.01.2008","","","","Michel Stoeckli","","","2","","","Inland","","2000 -- Allgemeine Kreditoren","6510 -- Telefon","nein","16.02.2010",""
"31.01.2008","567","K","567","","Postfinance","36.00","0.00","36.00","36.00","31.01.2008","0.00","31.01.2008","","","","Michel Stoeckli","","","3","","","Inland","","2000 -- Allgemeine Kreditoren","6900 -- Kontospesen und Finanzaufwand","nein","16.02.2010",""
"04.02.2008","570","K","570","","Wyscha Computer","94.25","0.00","94.25","94.25","04.02.2008","0.00","04.02.2008","","","","Michel Stoeckli","","","004","","","Inland","","2000 -- Allgemeine Kreditoren","4000 -- Material-Einkauf","nein","16.02.2010",""
"04.02.2008","569","K","569","","SWICO","134.50","0.00","134.50","134.50","04.02.2008","0.00","04.02.2008","","","","Michel Stoeckli","","","006","","","Inland","","2000 -- Allgemeine Kreditoren","6700 -- Übriger Betriebsaufwand","nein","16.02.2010",""
"04.02.2008","568","K","568","","Farbax Vertriebs AG","180.60","0.00","180.60","180.60","04.02.2008","0.00","04.02.2008","","","","Michel Stoeckli","","","003","","","Inland","","2000 -- Allgemeine Kreditoren","4000 -- Material-Einkauf","nein","16.02.2010",""
"15.02.2008","1148","S","Storno-572","","Utilis Occasions-Computer GmbH","-2.00","0.00","-2.00","-2.00","15.02.2008","0.00","15.02.2008","","","","Michel Stoeckli","","","4","","","Inland","","2000 -- Allgemeine Kreditoren","4000 -- Material-Einkauf","nein","07.01.2012",""
"15.02.2008","572","K(S)","572","","Utilis Occasions-Computer GmbH","2.00","0.00","2.00","4.00","15.02.2008","-2.00","15.02.2008","","","","Michel Stoeckli","","","4","","","Inland","","2000 -- Allgemeine Kreditoren","4000 -- Material-Einkauf","nein","16.02.2010",""
"15.02.2008","573","K","573","","Benno-Shop, IT Ankauf.ch","3'580.00","0.00","3'580.00","3'580.00","15.02.2008","0.00","15.02.2008","","","","Michel Stoeckli","","","007","","","Inland","","2000 -- Allgemeine Kreditoren","4000 -- Material-Einkauf","nein","16.02.2010",""
"15.02.2008","571","K","571","","Utilis Occasions-Computer GmbH","3'560.00","0.00","3'560.00","3'560.00","15.02.2008","0.00","15.02.2008","","","","Michel Stoeckli","","","4","","","Inland","","2000 -- Allgemeine Kreditoren","4000 -- Material-Einkauf","nein","16.02.2010",""
"19.02.2008","574","K","574","","Digitec","2'027.93","0.00","2'027.93","2'027.93","19.02.2008","0.00","19.02.2008","","","","Michel Stoeckli","","","001","","","Inland","","2000 -- Allgemeine Kreditoren","4000 -- Material-Einkauf","nein","16.02.2010",""
"19.02.2008","575","K","575","","jET Schweiz IT AG","77.05","0.00","77.05","77.05","19.02.2008","0.00","19.02.2008","","","","Michel Stoeckli","","","002","","","Inland","","2000 -- Allgemeine Kreditoren","4000 -- Material-Einkauf","nein","16.02.2010",""
"20.02.2008","577","K","577","","Digitec","27.13","0.00","27.13","27.13","20.02.2008","0.00","20.02.2010","","","","Michel Stoeckli","","","001","","","Inland","","2000 -- Allgemeine Kreditoren","4000 -- Material-Einkauf","nein","16.02.2010",""
"20.02.2008","578","K","578","","Microspot.ch","1'437.10","0.00","1'437.10","1'437.10","20.02.2008","0.00","20.02.2008","","","","Michel Stoeckli","","","7","","","Inland","","2000 -- Allgemeine Kreditoren","4000 -- Material-Einkauf","nein","16.02.2010",""
"20.02.2008","576","K","576","","Digitec","1'248.53","0.00","1'248.53","1'248.53","20.02.2008","0.00","20.02.2008","","","","Michel Stoeckli","","","001","","","Inland","","2000 -- Allgemeine Kreditoren","4000 -- Material-Einkauf","nein","16.02.2010",""
"22.02.2008","1147","K","1147","","Alltron AG","3'011.20","0.00","3'011.20","3'011.20","01.04.2008","0.00","07.03.2012","","Rechnung Nr. 1'279'332 22.Feb2008 WebOrder 640780, 10:31:12","","Paul Aeberli","","","013","","","Inland","","2000 -- Allgemeine Kreditoren","4000 -- Material-Einkauf","nein","07.01.2012",""
"25.02.2008","579","K","579","","JVC Construction AG","350.00","0.00","350.00","350.00","25.02.2008","0.00","25.02.2008","","","","Michel Stoeckli","","","011","","","Inland","","2000 -- Allgemeine Kreditoren","6000 -- Miete","nein","16.02.2010",""
"25.02.2008","580","K","580","","Digitec","2'328.38","0.00","2'328.38","2'328.38","25.02.2008","0.00","25.02.2008","","","","Michel Stoeckli","","","001","","","Inland","","2000 -- Allgemeine Kreditoren","4000 -- Material-Einkauf","nein","16.02.2010",""
"25.02.2008","582","K","582","","Publifon","0.90","0.00","0.90","0.90","25.02.2008","0.00","25.02.2008","","","","Michel Stoeckli","","","8","","","Inland","","2000 -- Allgemeine Kreditoren","6510 -- Telefon","nein","16.02.2010",""
"25.02.2008","581","K","581","","Digitec","258.50","0.00","258.50","258.50","25.02.2008","0.00","25.02.2010","","","","Michel Stoeckli","","","001","","","Inland","","2000 -- Allgemeine Kreditoren","4000 -- Material-Einkauf","nein","16.02.2010",""
"28.02.2008","583","K","583","","Swisscom (Schweiz) AG, Bern","241.25","0.00","241.25","241.25","28.02.2008","0.00","28.02.2008","","","","Michel Stoeckli","","","2","","","Inland","","2000 -- Allgemeine Kreditoren","6510 -- Telefon","nein","16.02.2010",""
"29.02.2008","586","K","586","","Abbo Informatique SA","360.00","0.00","360.00","360.00","29.02.2008","0.00","29.02.2008","","Bargeldbezug vom 29.02.2008","","Michel Stoeckli","","","10","","","Inland","","2000 -- Allgemeine Kreditoren","4000 -- Material-Einkauf","nein","16.02.2010",""
"29.02.2008","591","K","591","","Postfinance","3.00","0.00","3.00","3.00","29.02.2008","0.00","29.02.2008","","Für Express Dienstleistungen","","Michel Stoeckli","","","3","","","Inland","","2000 -- Allgemeine Kreditoren","6900 -- Kontospesen und Finanzaufwand","nein","16.02.2010",""
"29.02.2008","590","K","590","","Abbo Informatique SA","15.00","0.00","15.00","15.00","29.02.2008","0.00","29.02.2008","","Für Kartenersatz","","Michel Stoeckli","","","10","","","Inland","","2000 -- Allgemeine Kreditoren","4000 -- Material-Einkauf","nein","16.02.2010",""
"29.02.2008","588","K","588","","Abbo Informatique SA","30.00","0.00","30.00","30.00","29.02.2008","0.00","29.02.2008","","Kartensperrung für Karte Nr. 25236367","","Michel Stoeckli","","","10","","","Inland","","2000 -- Allgemeine Kreditoren","4000 -- Material-Einkauf","nein","16.02.2010",""
"29.02.2008","592","K","592","","Abbo Informatique SA","7.00","0.00","7.00","7.00","29.02.2008","0.00","29.02.2008","","Für Bargeldbezug mit Postfinance Card am Postschalter","","Michel Stoeckli","","","10","","","Inland","","2000 -- Allgemeine Kreditoren","6900 -- Kontospesen und Finanzaufwand","nein","16.02.2010",""
"03.03.2008","585","K","585","","Evang. Ref. Kirchgemeinde","1'500.00","0.00","1'500.00","1'500.00","03.03.2008","0.00","03.03.2008","","","","Michel Stoeckli","","","9","","","Inland","","2000 -- Allgemeine Kreditoren","4000 -- Material-Einkauf","nein","16.02.2010",""
"03.03.2008","584","K","584","","Benno-Shop, IT Ankauf.ch","1'510.00","0.00","1'510.00","1'510.00","03.03.2008","0.00","03.03.2008","","","","Michel Stoeckli","","","007","","","Inland","","2000 -- Allgemeine Kreditoren","4000 -- Material-Einkauf","nein","16.02.2010",""
"10.03.2008","593","K","593","","Abbo Informatique SA","6.00","0.00","6.00","6.00","10.03.2008","0.00","10.03.2008","","","","Michel Stoeckli","","","10","","","Inland","","2000 -- Allgemeine Kreditoren","4000 -- Material-Einkauf","nein","16.02.2010",""
"25.03.2008","594","K","594","","JVC Construction AG","350.00","0.00","350.00","350.00","25.03.2008","0.00","25.03.2008","","","","Michel Stoeckli","","","011","","","Inland","","2000 -- Allgemeine Kreditoren","6000 -- Miete","nein","16.02.2010",""
"27.03.2008","595","K","595","","Alltron AG","558.80","0.00","558.80","558.80","27.03.2008","0.00","27.03.2008","","","","Michel Stoeckli","","","013","","","Inland","","2000 -- Allgemeine Kreditoren","4000 -- Material-Einkauf","nein","16.02.2010",""
"31.03.2008","598","K","598","","Abbo Informatique SA","500.00","0.00","500.00","500.00","31.03.2008","0.00","31.03.2008","","","","Michel Stoeckli","","","10","","","Inland","","2000 -- Allgemeine Kreditoren","4000 -- Material-Einkauf","nein","16.02.2010",""
"31.03.2008","597","K","597","","Abbo Informatique SA","11.40","0.00","11.40","11.40","31.03.2008","0.00","31.03.2008","","","","Michel Stoeckli","","","10","","","Inland","","2000 -- Allgemeine Kreditoren","","nein","16.02.2010",""
"31.03.2008","596","K","596","","Swisscom (Schweiz) AG, Bern","181.65","0.00","181.65","181.65","31.03.2008","0.00","31.03.2008","","","","Michel Stoeckli","","","2","","","Inland","","2000 -- Allgemeine Kreditoren","6510 -- Telefon","nein","16.02.2010",""
"01.04.2008","599","K","599","","Alltron AG","3'011.20","0.00","3'011.20","3'011.20","01.04.2008","0.00","01.04.2008","","Rechnung 1279332","","Michel Stoeckli","","","013","","","Inland","","2000 -- Allgemeine Kreditoren","4000 -- Material-Einkauf","nein","16.02.2010",""
"04.04.2008","600","K","600","","jET Schweiz IT AG","241.00","0.00","241.00","241.00","04.04.2008","0.00","04.04.2008","","Rechnung 615065 6.03.08","","Michel Stoeckli","","","002","","","Inland","","2000 -- Allgemeine Kreditoren","4000 -- Material-Einkauf","nein","16.02.2010",""
"10.04.2008","601","K","601","","Farbax Vertriebs AG","408.25","0.00","408.25","408.25","10.04.2008","0.00","10.04.2008","","","","Michel Stoeckli","","","003","","","Inland","","2000 -- Allgemeine Kreditoren","4000 -- Material-Einkauf","nein","16.02.2010",""
"21.04.2008","602","K","602","","Benno-Shop, IT Ankauf.ch","93.00","0.00","93.00","93.00","21.04.2008","0.00","21.04.2008","","","","Michel Stoeckli","","","007","","","Inland","","2000 -- Allgemeine Kreditoren","4000 -- Material-Einkauf","nein","16.02.2010",""
"25.04.2008","603","K","603","","Abbo Informatique SA","507.35","0.00","507.35","507.35","25.04.2008","0.00","25.04.2008","","","","Michel Stoeckli","","","10","","","Inland","","2000 -- Allgemeine Kreditoren","4000 -- Material-Einkauf","nein","16.02.2010",""
"28.04.2008","604","K","604","","JVC Construction AG","350.00","0.00","350.00","350.00","28.04.2008","0.00","28.04.2008","","","","Michel Stoeckli","","","011","","","Inland","","2000 -- Allgemeine Kreditoren","6000 -- Miete","nein","16.02.2010",""
"30.04.2008","605","K","605","","Postfinance","3.00","0.00","3.00","3.00","30.04.2008","0.00","30.04.2008","","","","Michel Stoeckli","","","3","","","Inland","","2000 -- Allgemeine Kreditoren","6900 -- Kontospesen und Finanzaufwand","nein","16.02.2010",""
"05.05.2008","606","K","606","","Swisscom (Schweiz) AG, Bern","127.65","0.00","127.65","127.65","05.05.2008","0.00","05.05.2008","","","","Michel Stoeckli","","","2","","","Inland","","2000 -- Allgemeine Kreditoren","6510 -- Telefon","nein","16.02.2010",""
"06.05.2008","609","K","609","","Distrelec","67.10","0.00","67.10","67.10","06.05.2008","0.00","06.05.2008","","","","Michel Stoeckli","","","11","","","Inland","","2000 -- Allgemeine Kreditoren","4000 -- Material-Einkauf","nein","16.02.2010",""
"06.05.2008","610","K","610","","Alltron AG","122.95","0.00","122.95","122.95","06.05.2008","0.00","06.05.2008","","RE.1351130 21.4.08","","Michel Stoeckli","","","013","","","Inland","","2000 -- Allgemeine Kreditoren","4000 -- Material-Einkauf","nein","16.02.2010",""
"06.05.2008","608","K","608","","Distrelec","568.55","0.00","568.55","568.55","06.05.2008","0.00","06.05.2008","","RG 8021160","","Michel Stoeckli","","","11","","","Inland","","2000 -- Allgemeine Kreditoren","4000 -- Material-Einkauf","nein","16.02.2010",""
"06.05.2008","607","K","607","","Postfinance","800.00","0.00","800.00","800.00","06.05.2008","0.00","06.05.2008","","Bargeldbezug vom 05.05.2008","","Michel Stoeckli","","","3","","","Inland","","2000 -- Allgemeine Kreditoren","4000 -- Material-Einkauf","nein","16.02.2010",""
"06.05.2008","611","K","611","","Alltron AG","124.65","0.00","124.65","124.65","06.05.2008","0.00","06.05.2008","","RE. 1355086","","Michel Stoeckli","","","013","","","Inland","","2000 -- Allgemeine Kreditoren","4000 -- Material-Einkauf","nein","16.02.2010",""
"13.05.2008","612","K","612","","Postfinance","20.60","0.00","20.60","20.60","13.05.2008","0.00","13.05.2008","","Billettautomat SBB","","Michel Stoeckli","","","3","","","Inland","","2000 -- Allgemeine Kreditoren","4000 -- Material-Einkauf","nein","16.02.2010",""
"22.05.2008","613","K","613","","Postfinance","300.00","0.00","300.00","300.00","22.05.2008","0.00","22.05.2008","","Postomat: Zürich Wipkingen","","Michel Stoeckli","","","3","","","Inland","","2000 -- Allgemeine Kreditoren","4000 -- Material-Einkauf","nein","16.02.2010",""
"23.05.2008","614","K","614","","JVC Construction AG","350.00","0.00","350.00","350.00","23.05.2008","0.00","23.05.2008","","","","Michel Stoeckli","","","011","","","Inland","","2000 -- Allgemeine Kreditoren","6000 -- Miete","nein","16.02.2010",""
"26.05.2008","615","K","615","","Digitec","118.08","0.00","118.08","118.08","26.05.2008","0.00","26.05.2008","","","","Michel Stoeckli","","","001","","","Inland","","2000 -- Allgemeine Kreditoren","4000 -- Material-Einkauf","nein","16.02.2010",""
"03.06.2008","616","K","616","","Swisscom (Schweiz) AG, Bern","215.15","0.00","215.15","215.15","03.06.2008","0.00","03.06.2008","","","","Michel Stoeckli","","","2","","","Inland","","2000 -- Allgemeine Kreditoren","6510 -- Telefon","nein","16.02.2010",""
"03.06.2008","617","K","617","","jET Schweiz IT AG","65.95","0.00","65.95","65.95","03.06.2008","0.00","03.06.2008","","","","Michel Stoeckli","","","002","","","Inland","","2000 -- Allgemeine Kreditoren","4000 -- Material-Einkauf","nein","16.02.2010",""
"11.06.2008","618","K","618","","Digitec","76.38","0.00","76.38","76.38","11.06.2008","0.00","11.06.2008","","","","Michel Stoeckli","","","001","","","Inland","","2000 -- Allgemeine Kreditoren","4000 -- Material-Einkauf","nein","16.02.2010",""
"13.06.2008","620","K","620","","Publifon","0.80","0.00","0.80","0.80","13.06.2008","0.00","13.06.2008","","","","Michel Stoeckli","","","8","","","Inland","","2000 -- Allgemeine Kreditoren","6510 -- Telefon","nein","16.02.2010",""
"13.06.2008","619","K","619","","Publifon","0.60","0.00","0.60","0.60","13.06.2008","0.00","13.06.2008","","","","Michel Stoeckli","","","8","","","Inland","","2000 -- Allgemeine Kreditoren","6510 -- Telefon","nein","16.02.2010",""
"25.06.2008","622","K","622","","Alltron AG","1'039.80","0.00","1'039.80","1'039.80","25.06.2008","0.00","25.06.2008","","Rechnung 1386250 vom 21.5.08","","Michel Stoeckli","","","013","","","Inland","","2000 -- Allgemeine Kreditoren","4000 -- Material-Einkauf","nein","16.02.2010",""
"25.06.2008","621","K","621","","Distrelec","133.00","0.00","133.00","133.00","25.06.2008","0.00","25.06.2008","","","","Michel Stoeckli","","","11","","","Inland","","2000 -- Allgemeine Kreditoren","4000 -- Material-Einkauf","nein","16.02.2010",""
"25.06.2008","626","K","626","","Postfinance","11.40","0.00","11.40","11.40","25.06.2008","0.00","25.06.2008","","Billetautomat SBB","","Michel Stoeckli","","","3","","","Inland","","2000 -- Allgemeine Kreditoren","4000 -- Material-Einkauf","nein","16.02.2010",""
"25.06.2008","625","K","625","","Distrelec","20.00","0.00","20.00","20.00","25.06.2008","0.00","25.06.2008","","","","Michel Stoeckli","","","11","","","Inland","","2000 -- Allgemeine Kreditoren","4000 -- Material-Einkauf","nein","16.02.2010",""
"25.06.2008","623","K","623","","Distrelec","19.60","0.00","19.60","19.60","25.06.2008","0.00","25.06.2008","","","","Michel Stoeckli","","","11","","","Inland","","2000 -- Allgemeine Kreditoren","4000 -- Material-Einkauf","nein","16.02.2010",""
"25.06.2008","624","K","624","","SVA Zürich","1'473.05","0.00","1'473.05","1'473.05","25.06.2008","0.00","25.06.2008","","","","Michel Stoeckli","","","010","","","Inland","","2000 -- Allgemeine Kreditoren","5700 -- AHV, IV, EO, ALV, FAK","nein","16.02.2010",""
"25.06.2008","627","K","627","","JVC Construction AG","350.00","0.00","350.00","350.00","25.06.2008","0.00","25.06.2008","","","","Michel Stoeckli","","","011","","","Inland","","2000 -- Allgemeine Kreditoren","6000 -- Miete","nein","16.02.2010",""
"30.06.2008","628","K","628","","Swisscom (Schweiz) AG, Bern","122.35","0.00","122.35","122.35","30.06.2008","0.00","30.06.2008","","","","Michel Stoeckli","","","2","","","Inland","","2000 -- Allgemeine Kreditoren","6510 -- Telefon","nein","16.02.2010",""
"07.07.2008","629","K","629","","Benno-Shop, IT Ankauf.ch","300.00","0.00","300.00","300.00","07.07.2008","0.00","07.07.2008","","","","Michel Stoeckli","","","007","","","Inland","","2000 -- Allgemeine Kreditoren","4000 -- Material-Einkauf","nein","16.02.2010",""
"21.07.2008","1140","K","1140","","Alltron AG","303.55","0.00","303.55","303.55","20.08.2008","0.00","04.08.2012","","Rechnung Nr. 1'464'601 21.Juli2008 WebOrder 773282, 16:01:55","","Paul Aeberli","","","013","","","Inland","","2000 -- Allgemeine Kreditoren","4000 -- Material-Einkauf","nein","06.01.2012",""
"22.07.2008","926","K","926","","Alltron AG","129.32","0.00","129.32","129.32","26.09.2008","0.00","05.08.2008","","","","Paul Aeberli","","","013","","","Inland","","2000 -- Allgemeine Kreditoren","6900 -- Kontospesen und Finanzaufwand","nein","24.12.2011",""
"23.07.2008","630","K","630","","Postfinance","368.00","0.00","368.00","368.00","23.07.2008","0.00","23.07.2008","","E-Finance 17-466558-1 1000 Ordi SA","","Michel Stoeckli","","","3","","","Inland","","2000 -- Allgemeine Kreditoren","4000 -- Material-Einkauf","nein","16.02.2010",""
"25.07.2008","631","K","631","","JVC Construction AG","350.00","0.00","350.00","350.00","25.07.2008","0.00","25.07.2008","","","","Michel Stoeckli","","","011","","","Inland","","2000 -- Allgemeine Kreditoren","6000 -- Miete","nein","16.02.2010",""
"25.07.2008","632","K","632","","Digitec","50.33","0.00","50.33","50.33","25.07.2008","0.00","25.07.2008","","","","Michel Stoeckli","","","001","","","Inland","","2000 -- Allgemeine Kreditoren","4000 -- Material-Einkauf","nein","16.02.2010",""
"30.07.2008","633","K","633","","Swisscom (Schweiz) AG, Bern","156.75","0.00","156.75","156.75","30.07.2008","0.00","30.07.2008","","","","Michel Stoeckli","","","2","","","Inland","","2000 -- Allgemeine Kreditoren","6510 -- Telefon","nein","16.02.2010",""
"05.08.2008","634","K","634","","Publifon","0.80","0.00","0.80","0.80","05.08.2008","0.00","05.08.2008","","","","Michel Stoeckli","","","8","","","Inland","","2000 -- Allgemeine Kreditoren","6510 -- Telefon","nein","16.02.2010",""
"08.08.2008","635","K","635","","Publifon","1.10","0.00","1.10","1.10","08.08.2008","0.00","08.08.2008","","","","Michel Stoeckli","","","8","","","Inland","","2000 -- Allgemeine Kreditoren","6510 -- Telefon","nein","16.02.2010",""
"08.08.2008","636","K","636","","Publifon","0.80","0.00","0.80","0.80","08.08.2008","0.00","08.08.2008","","","","Michel Stoeckli","","","8","","","Inland","","2000 -- Allgemeine Kreditoren","6510 -- Telefon","nein","16.02.2010",""
"12.08.2008","637","K","637","","green.ch ag","428.00","0.00","428.00","428.00","12.08.2008","0.00","12.08.2008","","ADSL 1.7. bis 31.12.08","","Michel Stoeckli","","","012","","","Inland","","2000 -- Allgemeine Kreditoren","6511 -- Internet und Serverhousing","nein","16.02.2010",""
"14.08.2008","638","K","638","","Publifon","0.60","0.00","0.60","0.60","14.08.2008","0.00","14.08.2008","","","","Michel Stoeckli","","","8","","","Inland","","2000 -- Allgemeine Kreditoren","6510 -- Telefon","nein","16.02.2010",""
"15.08.2008","915","K","915","","jET Schweiz IT AG","470.20","0.00","470.20","470.20","26.09.2008","0.00","25.08.2008","","","","Paul Aeberli","","","002","","","Inland","","2000 -- Allgemeine Kreditoren","","nein","24.12.2011",""
"18.08.2008","639","K","639","","Benno-Shop, IT Ankauf.ch","250.00","0.00","250.00","250.00","18.08.2008","0.00","18.08.2008","","","","Michel Stoeckli","","","007","","","Inland","","2000 -- Allgemeine Kreditoren","4000 -- Material-Einkauf","nein","16.02.2010",""
"19.08.2008","641","K","641","","Distrelec","37.70","0.00","37.70","37.70","19.08.2008","0.00","19.08.2008","","RE 2781668 070708","","Michel Stoeckli","","","11","","","Inland","","2000 -- Allgemeine Kreditoren","4000 -- Material-Einkauf","nein","16.02.2010",""
"19.08.2008","640","K","640","","Distrelec","177.65","0.00","177.65","177.65","19.08.2008","0.00","19.08.2008","","","","Michel Stoeckli","","","11","","","Inland","","2000 -- Allgemeine Kreditoren","4000 -- Material-Einkauf","nein","16.02.2010",""
"19.08.2008","642","K","642","","Blum Raphael","51.00","0.00","51.00","51.00","19.08.2008","0.00","19.08.2008","","","","Michel Stoeckli","","","12","","","Inland","","2000 -- Allgemeine Kreditoren","6511 -- Internet und Serverhousing","nein","16.02.2010",""
"20.08.2008","644","K","644","","jET Schweiz IT AG","1'354.70","0.00","1'354.70","1'354.70","20.08.2008","0.00","20.08.2008","","RE. 619928 10.07.08","","Michel Stoeckli","","","002","","","Inland","","2000 -- Allgemeine Kreditoren","","nein","16.02.2010",""
"20.08.2008","645","K(S)","645","","Alltron AG","303.55","0.00","303.55","607.10","20.08.2008","-303.55","20.08.2008","","RE. 1464601 21.7.08","","Michel Stoeckli","","","013","","","Inland","","2000 -- Allgemeine Kreditoren","4000 -- Material-Einkauf","nein","16.02.2010",""
"20.08.2008","643","K","643","","Digitec","37.48","0.00","37.48","37.48","20.08.2008","0.00","20.08.2008","","Auftrag 1065169 23.7.08","","Michel Stoeckli","","","001","","","Inland","","2000 -- Allgemeine Kreditoren","4000 -- Material-Einkauf","nein","16.02.2010",""
"20.08.2008","1141","S","Storno-645","","Alltron AG","-303.55","0.00","-303.55","-303.55","20.08.2008","0.00","20.08.2008","","RE. 1464601 21.7.08","","Michel Stoeckli","","","013","","","Inland","","2000 -- Allgemeine Kreditoren","4000 -- Material-Einkauf","nein","06.01.2012",""
"21.08.2008","916","K","916","","jET Schweiz IT AG","487.85","0.00","487.85","487.85","26.09.2008","0.00","31.08.2008","","","","Paul Aeberli","","","002","","","Inland","","2000 -- Allgemeine Kreditoren","","nein","24.12.2011",""
"22.08.2008","646","K","646","","Blum Raphael","154.85","0.00","154.85","154.85","22.08.2008","0.00","22.08.2008","","","","Michel Stoeckli","","","12","","","Inland","","2000 -- Allgemeine Kreditoren","4000 -- Material-Einkauf","nein","16.02.2010",""
"25.08.2008","647","K","647","","JVC Construction AG","350.00","0.00","350.00","350.00","25.08.2008","0.00","25.08.2008","","","","Michel Stoeckli","","","011","","","Inland","","2000 -- Allgemeine Kreditoren","6000 -- Miete","nein","16.02.2010",""
"25.08.2008","648","K","648","","Postfinance","160.00","0.00","160.00","160.00","25.08.2008","0.00","25.08.2008","","","","Michel Stoeckli","","","3","","","Inland","","2000 -- Allgemeine Kreditoren","4000 -- Material-Einkauf","nein","16.02.2010",""
"27.08.2008","649","K","649","","Blum Raphael","1'500.00","0.00","1'500.00","3'000.00","27.08.2008","-1'500.00","27.08.2008","","","","Michel Stoeckli","","","12","","","Inland","","2000 -- Allgemeine Kreditoren","5900 -- Arbeitsleistungen anderer Firmen","nein","16.02.2010",""
"28.08.2008","650","K","650","","Swisscom (Schweiz) AG, Bern","126.75","0.00","126.75","126.75","28.08.2008","0.00","28.08.2008","","","","Michel Stoeckli","","","2","","","Inland","","2000 -- Allgemeine Kreditoren","6510 -- Telefon","nein","16.02.2010",""
"29.09.2008","918","K","918","","Swisscom (Schweiz) AG, Bern","198.35","0.00","198.35","198.35","29.09.2008","0.00","29.09.2008","","","","Paul Aeberli","","","2","","","Inland","","2000 -- Allgemeine Kreditoren","6510 -- Telefon","nein","24.12.2011",""
"01.10.2008","979","K","979","","Init7 (Schweiz) AG","645.60","0.00","645.60","645.60","05.12.2008","0.00","01.11.2008","","","","Paul Aeberli","","","13","CH","","Inland","","2000 -- Allgemeine Kreditoren","6511 -- Internet und Serverhousing","nein","29.12.2011",""
"14.10.2008","928","K","928","","Tech Data (Schweiz) GmbH","-448.95","0.00","-448.95","-448.95","14.10.2008","0.00","14.10.2008","","Auszahlung Guthaben (081014CH91976557)","","Paul Aeberli","","","008","","","Inland","","2000 -- Allgemeine Kreditoren","4000 -- Material-Einkauf","nein","24.12.2011",""
"14.10.2008","927","K","927","","Digitec","250.47","0.00","250.47","250.47","14.10.2008","0.00","14.10.2008","","","","Paul Aeberli","","","001","","","Inland","","2000 -- Allgemeine Kreditoren","","nein","24.12.2011",""
"15.10.2008","964","K","964","","Alltron AG","697.35","0.00","697.35","697.35","01.12.2008","0.00","08.11.2008","","Rechnung Nr. 1'573'543 15.Okt.2011 WebOrder 27138, 09:09:53","","Paul Aeberli","","","013","","","Inland","","2000 -- Allgemeine Kreditoren","4000 -- Material-Einkauf","nein","28.12.2011",""
"21.10.2008","969","K","969","","Alltron AG","691.20","0.00","691.20","691.20","01.12.2008","0.00","04.11.2008","","Rechnung Nr. 1'581'667 21.Okt.2011 WebOrder 32838, 14:18:40","","Paul Aeberli","","","013","","","Inland","","2000 -- Allgemeine Kreditoren","4000 -- Material-Einkauf","nein","28.12.2011",""
"22.10.2008","966","K","966","","Alltron AG","208.65","0.00","208.65","208.65","01.12.2008","0.00","05.11.2008","","Rechnung Nr. 1'583'702 22.Okt.2011 WebOrder 32838, 14:18:40","","Paul Aeberli","","","013","","","Inland","","2000 -- Allgemeine Kreditoren","4000 -- Material-Einkauf","nein","28.12.2011",""
"27.10.2008","939","K","939","","Digitec","624.24","0.00","624.24","624.24","27.10.2008","0.00","27.10.2008","","","","Paul Aeberli","","","001","","","Inland","","2000 -- Allgemeine Kreditoren","","nein","25.12.2011",""
"05.11.2008","943","K","943","","Abbo Informatique SA","281.75","0.00","281.75","281.75","05.11.2008","0.00","05.11.2008","","","","Paul Aeberli","","","10","","","Inland","","2000 -- Allgemeine Kreditoren","","nein","25.12.2011",""
"08.12.2008","985","K","985","","Digitec","1'108.59","0.00","1'108.59","1'108.59","08.12.2008","0.00","08.12.2008","","","","Paul Aeberli","","","001","","","Inland","","2000 -- Allgemeine Kreditoren","4000 -- Material-Einkauf","nein","29.12.2011",""
"16.05.2010","657","R","Benno160510","","Benno-Shop, IT Ankauf.ch","1'100.00","0.00","1'100.00","1'100.00","31.12.2015","0.00","17.05.2010","","","","Andreas Rudin","","","007","","","Inland","","2000 -- Allgemeine Kreditoren","4000 -- Material-Einkauf","nein","17.05.2010","Position Artikelnummer Beschreibung Menge Einheit 1 P19 Flachbildschirm Occasion -30.00 Stck … ⏷","Position","Artikelnummer","Beschreibung","Menge","Einheit","1","P19","Flachbildschirm Occasion","-30.00","Stck","2","P12","Zubehör","-1.00","Stck"
"Position","Artikelnummer","Beschreibung","Menge","Einheit"
"1","P19","Flachbildschirm Occasion","-30.00","Stck"
"2","P12","Zubehör","-1.00","Stck"
"01.02.2012","1612","R","1478160","","IPC-Computer Deutschland GmbH","80.00","0.00","80.00","80.00","01.02.2012","0.00","01.02.2012","","","","Andreas Rudin","","","16","Deutschland","","Inland","","2000 -- Allgemeine Kreditoren","4000 -- Material-Einkauf","nein","09.03.2013","Position Artikelnummer Beschreibung Menge Einheit 1 P79 Ersatzakku neu für Laptop ADP399 für HP PavilionZX5000 -1.00 Stck … ⏷","Position","Artikelnummer","Beschreibung","Menge","Einheit","1","P79","Ersatzakku neu für Laptop ADP399 für HP PavilionZX5000","-1.00","Stck","2","D16","Versandspesen","-1.00","psch"
"Position","Artikelnummer","Beschreibung","Menge","Einheit"
"1","P79","Ersatzakku neu für Laptop ADP399 für HP PavilionZX5000","-1.00","Stck"
"2","D16","Versandspesen","-1.00","psch"
"15.02.2012","1204","K","1204","","Inkolor.ch GmbH","81.55","0.00","81.55","81.55","15.02.2012","0.00","15.02.2012","","","","Andreas Rudin","","","14","","","Inland","","2000 -- Allgemeine Kreditoren","4000 -- Material-Einkauf","nein","16.02.2012",""
"02.01.2013","2463","K","48325","","Init7 (Schweiz) AG","324.00","0.00","324.00","324.00","14.01.2013","0.00","01.01.2013","","","","Andreas Rudin","","","13","CH","","Inland","","2000 -- Allgemeine Kreditoren","6511 -- Internet und Serverhousing","nein","24.04.2015",""
"03.01.2013","2260","K","Mietvertrag","","STIFTUNG HOLZ UND KORB","9'371.00","0.00","9'371.00","9'371.00","03.01.2013","0.00","03.01.2013","","/archiv/home_data_ALT/revamp_allgemein/Postkonto revamp 2013/rep300609027_20130103_p3362.pdf","","Rolf Flühmann","","","995","CH","","Inland","","2000 -- Allgemeine Kreditoren","6000 -- Miete","nein","07.04.2015",""
"07.01.2013","1593","R","w40893","","PC Engines GmbH","940.14","0.00","940.14","940.14","02.01.2014","0.00","17.01.2013","","","","Andreas Rudin","","","15","Schweiz","","Inland","","2000 -- Allgemeine Kreditoren","4000 -- Material-Einkauf","nein","18.01.2013","Position Artikelnummer Beschreibung Menge Einheit 1 P14 ALIX.1D system board -9.00 Stck … ⏷","Position","Artikelnummer","Beschreibung","Menge","Einheit","1","P14","ALIX.1D system board","-9.00","Stck","2","P28","AC Adapter 12V euro for IT equipment","-10.00","Stck"
"Position","Artikelnummer","Beschreibung","Menge","Einheit"
"1","P14","ALIX.1D system board","-9.00","Stck"
"2","P28","AC Adapter 12V euro for IT equipment","-10.00","Stck"
"12.01.2013","2495","K","#9de3b85235064dfbb485ee20e48a2488#","","e-CyclePro3","143.31","0.00","143.31","143.31","12.01.2013","0.00","12.01.2013","","Sun 9940B StorageTek Tape Drive Artikelnr. 130833659999 US$ 50.- Transport US$ 102.15","","Andreas Rudin","","","18","USA","","Inland","","2000 -- Allgemeine Kreditoren","4000 -- Material-Einkauf","nein","11.05.2015",""
"14.01.2013","2266","K","4710920","","Alltron AG","501.40","0.00","501.40","501.40","14.01.2013","0.00","14.01.2013","","","","Rolf Flühmann","","","013","","","Inland","","2000 -- Allgemeine Kreditoren","4000 -- Material-Einkauf","nein","08.04.2015",""
"14.01.2013","2269","K","RE001027","","Baumann Peter","10.00","0.00","10.00","10.00","14.01.2013","0.00","14.01.2013","","","","Rolf Flühmann","","","999","","","Inland","","2000 -- Allgemeine Kreditoren","4710 -- Transporte zu uns","nein","08.04.2015",""
"14.01.2013","2270","K","622417865","","SWISS POST SOLUTIONS AG","50.00","0.00","50.00","50.00","15.01.2013","0.00","15.01.2013","","KAUF/ONLINE SHOPPING","","Rolf Flühmann","","","1000","CH","","Inland","","2000 -- Allgemeine Kreditoren","4000 -- Material-Einkauf","nein","08.04.2015",""
"16.01.2013","2496","K","4141","","screen-shop.net","77.13","0.00","77.13","77.13","16.01.2013","0.00","16.01.2013","","Display Asus EeePC R101D, 10,0"", LED, matt, neu! 41.09 EUR, Versand DHL 18.90 EUR","","Andreas Rudin","","","1023","Deutschland","","Inland","","2000 -- Allgemeine Kreditoren","4000 -- Material-Einkauf","nein","11.05.2015",""
"16.01.2013","2272","K","RE5105166","","green.ch ag","419.50","0.00","419.50","419.50","16.01.2013","0.00","16.01.2013","","1.1. BIS 30.06.2013","","Rolf Flühmann","","","012","","","Inland","","2000 -- Allgemeine Kreditoren","6511 -- Internet und Serverhousing","nein","08.04.2015",""
"25.01.2013","2498","K","#71cc736692f24fd8b16609bf7365661e#","","Kohlmeyer Rolf","71.12","0.00","71.12","71.12","25.01.2013","0.00","25.01.2013","","AMD Phenom X4 9500 4 Cores 2.2GHz Sockel AM2+ HD9500WCJ4BGD EUR 49.99 plus EUR 5.00 Versand","","Andreas Rudin","","","1018","","","Inland","","2000 -- Allgemeine Kreditoren","4000 -- Material-Einkauf","nein","11.05.2015",""
"31.01.2013","2289","K","unbekannt","","Postfinance","38.35","0.00","38.35","38.35","31.01.2013","0.00","31.01.2013","","FÜR DIE KONTOFÜHRUNG JANUAR 2012 BIS DEZEMBER 2012 FÜR EINZAHLUNGEN AM SCHALTER ES","","Rolf Flühmann","","","3","","","Inland","","2000 -- Allgemeine Kreditoren","6900 -- Kontospesen und Finanzaufwand","nein","10.04.2015",""
"01.02.2013","2281","K","unbekannt","","AXA Versicherungen AG","868.00","0.00","868.00","868.00","01.02.2013","0.00","01.02.2013","","","","Rolf Flühmann","","","009","","","Inland","","2270 -- Verbindlichkeiten Sozialversicherungen und Vorsorgeeinrichtungen","5740 -- Krankentaggeldversicherung","nein","09.04.2015",""
"05.02.2013","2312","K","4949342","","Alltron AG","787.75","0.00","787.75","787.75","12.04.2013","0.00","12.04.2013","","","","Rolf Flühmann","","","013","","","Inland","","2000 -- Allgemeine Kreditoren","4000 -- Material-Einkauf","nein","13.04.2015",""
"08.02.2013","2286","K","77488437","","SBB","226.60","0.00","226.60","226.60","08.02.2013","0.00","08.02.2013","","ZÜRICH HB SBB","","Rolf Flühmann","","","1003","CH","","Inland","","2000 -- Allgemeine Kreditoren","6700 -- Übriger Betriebsaufwand","nein","10.04.2015",""
"12.02.2013","2499","K","switch12022013","","Switch","34.00","0.00","34.00","34.00","12.02.2013","0.00","12.02.2013","","","","Andreas Rudin","","","1024","","","Inland","","2000 -- Allgemeine Kreditoren","6511 -- Internet und Serverhousing","nein","11.05.2015",""
"28.02.2013","2291","K","unbekannt","","Postfinance","2.35","0.00","2.35","2.35","28.02.2013","0.00","28.02.2013","","FÜR EINZAHLUNGEN AM SCHALTER ES","","Rolf Flühmann","","","3","","","Inland","","2000 -- Allgemeine Kreditoren","6900 -- Kontospesen und Finanzaufwand","nein","10.04.2015",""
"06.03.2013","2500","K","#56e71355daa04e7c843d28ef0c01a923#","","Cornerstone Software","102.14","0.00","102.14","102.14","06.03.2013","0.00","06.03.2013","","OEM Panasonic PT-LB20U Projector Lamp Ballast Item# 390432960766 $75.00 US$, Versand 29.99 US$","","Andreas Rudin","","","1025","","","Inland","","2000 -- Allgemeine Kreditoren","4000 -- Material-Einkauf","nein","11.05.2015",""
"06.03.2013","2501","K","#aa8b0ef5b3a5414c82946b1cc18adde0#","","raminselectronicandcomputers","68.67","0.00","68.67","68.67","06.03.2013","0.00","06.03.2013","","2 Stück Intel® Xeon® Processor E5345 SLAEJ 2.33GHZ/8M/1333 Item# 181095220457 £29.98 plus Versandkosten £16.50","","Andreas Rudin","","","1026","Grossbritannien","","Inland","","2000 -- Allgemeine Kreditoren","4000 -- Material-Einkauf","nein","11.05.2015",""
"06.03.2013","2305","K","RE.216453","","Farbax Vertriebs AG","88.15","0.00","88.15","88.15","08.04.2013","0.00","08.04.2013","","","","Rolf Flühmann","","","003","","","Inland","","2000 -- Allgemeine Kreditoren","4000 -- Material-Einkauf","nein","13.04.2015",""
"11.03.2013","2310","K","4961873","","Alltron AG","334.10","0.00","334.10","334.10","12.04.2013","0.00","12.04.2013","","","","Rolf Flühmann","","","013","","","Inland","","2000 -- Allgemeine Kreditoren","4000 -- Material-Einkauf","nein","13.04.2015",""
"20.03.2013","2436","K","unbekannt","","SVA Zürich","103.55","0.00","103.55","103.55","20.03.2013","0.00","20.03.2013","","AUSGLEICHSKASSE 1.3 8087 ZÜRICH SVA VERZUGSZINS","","Rolf Flühmann","","","010","","","Inland","","2270 -- Verbindlichkeiten Sozialversicherungen und Vorsorgeeinrichtungen","5700 -- AHV, IV, EO, ALV, FAK","nein","21.04.2015",""
"20.03.2013","2439","K","unbekannt","","Post CH AG","10.00","0.00","10.00","10.00","25.03.2013","0.00","20.03.2013","","KAUF/DIENSTLEISTUNG VOM 25.03.2013 KARTEN NR. 13685807","","Rolf Flühmann","","","927","","","Inland","","2000 -- Allgemeine Kreditoren","6700 -- Übriger Betriebsaufwand","nein","21.04.2015",""
"31.03.2013","2444","K","unbekannt","","Postfinance","5.00","0.00","5.00","5.00","31.03.2013","0.00","31.03.2013","","BEZÜGE AM SCHALTER OHNE KARTE","","Rolf Flühmann","","","3","","","Inland","","2000 -- Allgemeine Kreditoren","","nein","21.04.2015",""
"03.04.2013","2298","K","unbekannt","","STIFTUNG HOLZ UND KORB","9'371.00","0.00","9'371.00","9'371.00","03.04.2013","0.00","03.04.2013","","MIETE APRIL, MAI, JUNI 2013","","Rolf Flühmann","","","995","CH","","Inland","","2000 -- Allgemeine Kreditoren","6000 -- Miete","nein","10.04.2015",""
"04.04.2013","2300","K","14245176","","Post CH AG","50.00","0.00","50.00","50.00","04.04.2013","0.00","04.04.2013","","","","Rolf Flühmann","","","927","","","Inland","","2000 -- Allgemeine Kreditoren","4000 -- Material-Einkauf","nein","10.04.2015",""
"12.04.2013","2313","K","unbekannt","","SWICO","270.00","0.00","270.00","270.00","12.04.2013","0.00","12.04.2013","","BEITRAG 2.SEMESTER 2012","","Rolf Flühmann","","","006","","","Inland","","2000 -- Allgemeine Kreditoren","6700 -- Übriger Betriebsaufwand","nein","13.04.2015",""
"12.04.2013","2308","K","48325","","Init7 (Schweiz) AG","324.00","0.00","324.00","324.00","12.04.2013","0.00","12.04.2013","","APRI. BIS JUNI 2013","","Rolf Flühmann","","","13","CH","","Inland","","2000 -- Allgemeine Kreditoren","6511 -- Internet und Serverhousing","nein","13.04.2015",""
"15.04.2013","2319","K","53001 54332 55691 57102","","Backbone Solutions AG","228.78","0.00","228.78","228.78","15.04.2013","0.00","15.04.2013","","","","Rolf Flühmann","","","1006","CH","","Inland","","2000 -- Allgemeine Kreditoren","6510 -- Telefon","nein","13.04.2015",""
"15.04.2013","2324","K","unbekannt","","SVA Zürich","40.00","0.00","40.00","40.00","22.04.2013","0.00","15.04.2013","","AUSGLEICHSKASSE 1.3","","Rolf Flühmann","","","010","","","Inland","","2270 -- Verbindlichkeiten Sozialversicherungen und Vorsorgeeinrichtungen","5700 -- AHV, IV, EO, ALV, FAK","nein","13.04.2015",""
"25.04.2013","2325","K","unbekannt","","SBB","49.00","0.00","49.00","49.00","26.04.2013","0.00","26.04.2013","","","","Rolf Flühmann","","","1003","CH","","Inland","","2000 -- Allgemeine Kreditoren","6700 -- Übriger Betriebsaufwand","nein","13.04.2015",""
"30.04.2013","2328","K","unbekannt","","Postfinance","1.50","0.00","1.50","1.50","30.04.2013","0.00","30.04.2013","","FÜR EINZAHLUNGEN AM SCHALTER ES","","Rolf Flühmann","","","3","","","Inland","","2000 -- Allgemeine Kreditoren","6900 -- Kontospesen und Finanzaufwand","nein","13.04.2015",""
"30.04.2013","2335","K","unbekannt","","Online-Shopping","100.00","0.00","100.00","100.00","04.06.2013","0.00","14.04.2015","","ONLINE-SHOPPING YELLOWPAY / ONLINE-SHOPPING WWW.POST.CH 04.06.2013 PAYMENTID 14867635","","Rolf Flühmann","","","1008","","","Inland","","2000 -- Allgemeine Kreditoren","4000 -- Material-Einkauf","nein","14.04.2015",""
"30.04.2013","2334","K","unbekannt","","Online-Shopping","100.00","0.00","100.00","100.00","04.06.2013","0.00","30.04.2013","","ONLINE-SHOPPING YELLOWPAY / ONLINE-SHOPPING WWW.POST.CH 04.06.2013 PAYMENTID 14867490","","Rolf Flühmann","","","1008","","","Inland","","2000 -- Allgemeine Kreditoren","4000 -- Material-Einkauf","nein","14.04.2015",""
"18.05.2013","2453","K","unbekannt","","Online-Shopping","85.00","0.00","85.00","85.00","19.05.2013","0.00","19.05.2013","","YELLOWPAY / ONLINE-SHOPPING NIC.SWITCH.CH PAYMENTID 14687240","","Rolf Flühmann","","","1008","","","Inland","","2000 -- Allgemeine Kreditoren","4000 -- Material-Einkauf","nein","21.04.2015",""
"18.05.2013","2452","K","unbekannt","","Online-Shopping","17.00","0.00","17.00","17.00","19.05.2013","0.00","19.05.2013","","YELLOWPAY / ONLINE-SHOPPING NIC.SWITCH.CH PAYMENTID 14687242","","Rolf Flühmann","","","1008","","","Inland","","2000 -- Allgemeine Kreditoren","4000 -- Material-Einkauf","nein","21.04.2015",""
"18.05.2013","2503","K","#74c72ea6e0854933b2fceedea8ac056b#","","Recycle-IT","64.32","0.00","64.32","64.32","18.05.2013","0.00","18.05.2013","","ACER ASPIRE 7520 LAPTOP LCD GLOSSY SCREEN LP171WP4 (TL)(B1) LG PHILIPS Artikel-Nummer 121111828289 £29.99 plus Versandspesen £12.00","","Andreas Rudin","","","1027","Grossbritannien","","Inland","","2000 -- Allgemeine Kreditoren","4000 -- Material-Einkauf","nein","11.05.2015",""
"19.05.2013","2464","K","708540900","","Axone SA","58.50","0.00","58.50","58.50","21.05.2013","0.00","21.05.2013","","","","Andreas Rudin","","","1016","","","Inland","","2000 -- Allgemeine Kreditoren","4000 -- Material-Einkauf","nein","24.04.2015",""
"27.05.2013","2456","K","unbekannt","","SBB","16.60","0.00","16.60","16.60","28.05.2013","0.00","28.05.2013","","","","Rolf Flühmann","","","1003","CH","","Inland","","2000 -- Allgemeine Kreditoren","6700 -- Übriger Betriebsaufwand","nein","21.04.2015",""
"28.05.2013","2458","K","unbekannt","","SBB","10.40","0.00","10.40","10.40","30.05.2103","0.00","30.04.2015","","","","Rolf Flühmann","","","1003","CH","","Inland","","","","nein","21.04.2015",""
"28.05.2013","2457","K","unbekannt","","SBB","12.00","0.00","12.00","12.00","30.05.2013","0.00","30.05.2015","","","","Rolf Flühmann","","","1003","CH","","Inland","","2000 -- Allgemeine Kreditoren","6700 -- Übriger Betriebsaufwand","nein","21.04.2015",""
"28.05.2013","2465","K","unbekannt","","SBB","10.40","0.00","10.40","10.40","30.05.2013","0.00","30.05.2013","","","","Andreas Rudin","","","1003","CH","","Inland","","2000 -- Allgemeine Kreditoren","6700 -- Übriger Betriebsaufwand","nein","24.04.2015",""
"31.05.2013","2459","K","unbekannt","","Postfinance","2.35","0.00","2.35","2.35","31.05.2013","0.00","31.05.2013","","FÜR EINZAHLUNGEN AM SCHALTER ES","","Rolf Flühmann","","","3","","","Inland","","2000 -- Allgemeine Kreditoren","6900 -- Kontospesen und Finanzaufwand","nein","21.04.2015",""
"06.06.2013","2339","K","unbekannt","","Online-Shopping","100.00","0.00","100.00","100.00","06.06.2013","0.00","06.06.2013","","ONLINE-SHOPPING YELLOWPAY / ONLINE-SHOPPING WWW.POST.CH 06.06.2013 PAYMENTID 14889991","","Rolf Flühmann","","","1008","","","Inland","","2000 -- Allgemeine Kreditoren","4000 -- Material-Einkauf","nein","14.04.2015",""
"14.06.2013","2258","K","503383","","Allegra Swiss GmbH","56.10","0.00","56.10","56.10","14.06.2013","0.00","14.06.2013","","/archiv/home_data_ALT/revamp_allgemein/Postkonto revamp 2013/cre300784722_20130614_p6836.pdf","","Rolf Flühmann","","","994","CH","","Inland","","2000 -- Allgemeine Kreditoren","4000 -- Material-Einkauf","nein","07.04.2015",""
"17.06.2013","2341","K","unbekannt","76252","Abbo Informatique SA","65.30","0.00","65.30","65.30","17.06.2013","0.00","17.06.2013","","","","Rolf Flühmann","","","10","","","Inland","","2000 -- Allgemeine Kreditoren","4000 -- Material-Einkauf","nein","14.04.2015",""
"17.06.2013","2342","K","unbekannt","","Cyprian Zydek","83.64","0.00","83.64","83.64","25.06.2013","0.00","14.04.2015","","MULTI-TECH24 17' DISPLAY","","Rolf Flühmann","","","1004","DE","","Inland","","2000 -- Allgemeine Kreditoren","4000 -- Material-Einkauf","nein","14.04.2015",""
"30.06.2013","2346","K","unbekannt","","Postfinance","3.85","0.00","3.85","3.85","30.06.2013","0.00","30.06.2013","","FÜR EINZAHLUNGEN AM SCHALTER ES","","Rolf Flühmann","","","3","","","Inland","","2000 -- Allgemeine Kreditoren","6900 -- Kontospesen und Finanzaufwand","nein","14.04.2015",""
"01.07.2013","2387","K","Mietvertrag","","STIFTUNG HOLZ UND KORB","9'371.00","0.00","9'371.00","9'371.00","01.07.2013","0.00","01.07.2013","","MIETE JULI, AUGUST, SEPTEMBER 2013","","Rolf Flühmann","","","995","CH","","Inland","","2000 -- Allgemeine Kreditoren","6000 -- Miete","nein","20.04.2015",""
"05.07.2013","2397","K","217013","","Farbax Vertriebs AG","164.65","0.00","164.65","164.65","17.07.2013","0.00","05.07.2013","","","","Rolf Flühmann","","","003","","","Inland","","2000 -- Allgemeine Kreditoren","4000 -- Material-Einkauf","nein","20.04.2015",""
"05.07.2013","2392","K","4600000300","","MarkIT Gmbh","32.38","0.00","32.38","32.38","05.07.2013","0.00","05.07.2013","","","","Rolf Flühmann","","","1010","CH","","Inland","","2000 -- Allgemeine Kreditoren","4000 -- Material-Einkauf","nein","20.04.2015",""
"17.07.2013","2398","K","49649","","Init7 (Schweiz) AG","324.00","0.00","324.00","324.00","17.07.2013","0.00","17.07.2013","","JULI BIS SEP. 2013","","Rolf Flühmann","","","13","CH","","Inland","","2000 -- Allgemeine Kreditoren","6511 -- Internet und Serverhousing","nein","20.04.2015",""
"22.07.2013","2407","K","RG20695","","Bürotechnik Kempf Gmbh","257.50","0.00","257.50","257.50","29.07.2013","0.00","29.07.2013","","","","Rolf Flühmann","","","1011","CH","","Inland","","2000 -- Allgemeine Kreditoren","4000 -- Material-Einkauf","nein","20.04.2015",""
"26.07.2013","2404","K","unbekannt","","SWICO","270.00","0.00","270.00","270.00","26.07.2013","0.00","26.07.2013","","BEITRAG 1.SEMESTER 2013","","Rolf Flühmann","","","006","","","Inland","","2000 -- Allgemeine Kreditoren","6700 -- Übriger Betriebsaufwand","nein","20.04.2015",""
"26.07.2013","2405","K","591722","","NEST","555.00","0.00","555.00","555.00","26.07.2103","0.00","26.07.2013","","1.Q.2013","","Rolf Flühmann","","","998","","","Inland","","2270 -- Verbindlichkeiten Sozialversicherungen und Vorsorgeeinrichtungen","5720 -- Berufliche Vorsorge","nein","20.04.2015",""
"26.07.2013","2403","K","unbekannt","","green.ch ag","419.50","0.00","419.50","419.50","26.07.2013","0.00","26.07.2013","","1.7. BIS 31.12.2013","","Rolf Flühmann","","","012","","","Inland","","2000 -- Allgemeine Kreditoren","6511 -- Internet und Serverhousing","nein","20.04.2015",""
"26.07.2013","2406","K","217201","","Farbax Vertriebs AG","118.20","0.00","118.20","118.20","26.07.2013","0.00","26.07.2013","","","","Rolf Flühmann","","","003","","","Inland","","2000 -- Allgemeine Kreditoren","4000 -- Material-Einkauf","nein","20.04.2015",""
"26.07.2013","2466","K","591722","","NEST","555.00","0.00","555.00","555.00","26.07.2013","0.00","28.05.2013","","","","Andreas Rudin","","","998","","","Inland","","","","nein","24.04.2015",""
"05.08.2013","2348","K","unbekannt","000000000001308045","Online-Shopping","51.00","0.00","51.00","51.00","05.08.2013","0.00","05.08.2013","","KAUF/ONLINE SHOPPING VOM 03.08.2013 KARTEN NR. 13685807 SWITCH-TELEINFORMATIKDIENSTE NIC.SWITCH.CH TRANSACTIONID 3016241200145386 ORDERID 000000000001308045","","Rolf Flühmann","","","1008","","","Inland","","2000 -- Allgemeine Kreditoren","4000 -- Material-Einkauf","nein","15.04.2015",""
"05.08.2013","2506","K","#e51db0552db34cc08f0b2589756a329c#","","QTC spares","185.97","0.00","185.97","185.97","05.08.2013","0.00","05.08.2013","","HP HDX18 HDX18-1010EA Motherboard DDR2 DA0UT7MB8F0 496871-001 £126.10","","Andreas Rudin","","","1028","","","Inland","","2000 -- Allgemeine Kreditoren","4000 -- Material-Einkauf","nein","11.05.2015",""
"20.08.2013","2502","K","diverse","","Online-Shopping","710.06","0.00","710.06","710.06","20.08.2013","0.00","20.08.2013","","Sammelbuchung Kreditkarteneinkäufe 4.5.2013 bis 20.08.2013","","Andreas Rudin","","","1008","","","Inland","","2000 -- Allgemeine Kreditoren","4000 -- Material-Einkauf","nein","11.05.2015",""
"22.08.2013","2350","K","unbekannt","","SBB","8.40","0.00","8.40","8.40","22.08.2013","0.00","22.08.2013","","","","Rolf Flühmann","","","1003","CH","","Inland","","2000 -- Allgemeine Kreditoren","6700 -- Übriger Betriebsaufwand","nein","15.04.2015",""
"30.08.2013","2352","K","unbekannt","","SBB","25.20","0.00","25.20","25.20","30.08.2013","0.00","30.08.2013","","","","Rolf Flühmann","","","1003","CH","","Inland","","2000 -- Allgemeine Kreditoren","6700 -- Übriger Betriebsaufwand","nein","15.04.2015",""
"30.08.2013","2365","K","RG1404805","","Swissparts AG","48.05","0.00","48.05","48.05","21.10.2013","0.00","21.10.2013","","","","Rolf Flühmann","","","1009","CH","","Inland","","2000 -- Allgemeine Kreditoren","4000 -- Material-Einkauf","nein","15.04.2015",""
"02.09.2013","2364","K","5410675","","Alltron AG","296.80","0.00","296.80","296.80","21.10.2013","0.00","21.10.2013","","","","Rolf Flühmann","","","013","","","Inland","","2000 -- Allgemeine Kreditoren","4000 -- Material-Einkauf","nein","15.04.2015",""
"03.09.2013","2410","K","unbekannt","","Allianz Suisse","82.60","0.00","82.60","82.60","05.09.2013","0.00","03.09.2013","","","","Rolf Flühmann","","","1012","","","Inland","","2000 -- Allgemeine Kreditoren","6300 -- Betriebsversicherungen","nein","21.04.2015",""
"03.09.2013","2409","K","unbekannt","000000000792021057","SWISS POST SOLUTIONS AG","100.00","0.00","100.00","100.00","04.09.2013","0.00","04.09.2013","","","","Rolf Flühmann","","","1000","CH","","Inland","","2000 -- Allgemeine Kreditoren","4000 -- Material-Einkauf","nein","21.04.2015",""
"05.09.2013","2415","K","unbekannt","","STIFTUNG HOLZ UND KORB","132.77","0.00","132.77","132.77","05.09.2013","0.00","05.09.2013","","BETRTIEBSKOSTENABRECH. BIS 30.11.12","","Rolf Flühmann","","","995","CH","","Inland","","2000 -- Allgemeine Kreditoren","6700 -- Übriger Betriebsaufwand","nein","21.04.2015",""
"05.09.2013","2416","K","unbekannt","","SVA Zürich","800.00","0.00","800.00","800.00","05.09.2013","0.00","05.09.2013","","AUSGLEICHSKASSE 1.3 8087 ZÜRICH SVA TEILZAHLUNG","","Rolf Flühmann","","","010","","","Inland","","2270 -- Verbindlichkeiten Sozialversicherungen und Vorsorgeeinrichtungen","5700 -- AHV, IV, EO, ALV, FAK","nein","21.04.2015",""
"05.09.2013","2413","K","unbekannt","","Ing Belgium","460.00","0.00","460.00","460.00","05.09.2013","0.00","05.09.2013","","LIEFERUNG DSV BERN-ZH FÜR LINUXOLA","","Rolf Flühmann","","","1013","BE","","Inland","","2000 -- Allgemeine Kreditoren","4000 -- Material-Einkauf","nein","21.04.2015",""
"27.09.2013","2423","K","unbekannt","","Postfinance","2.35","0.00","2.35","2.35","30.09.2013","0.00","27.09.2013","","FÜR EINZAHLUNGEN AM SCHALTER ES","","Rolf Flühmann","","","3","","","Inland","","2000 -- Allgemeine Kreditoren","6900 -- Kontospesen und Finanzaufwand","nein","21.04.2015",""
"27.09.2013","2420","K","29587-S","","Backbone Solutions AG","100.00","0.00","100.00","100.00","27.09.2013","0.00","27.09.2013","","SIPCALL RE 29587-S","","Rolf Flühmann","","","1006","CH","","Inland","","2000 -- Allgemeine Kreditoren","6510 -- Telefon","nein","21.04.2015",""
"03.10.2013","2355","K","Mietvertrag","","STIFTUNG HOLZ UND KORB","9'371.00","0.00","9'371.00","9'371.00","03.10.2013","0.00","03.10.2013","","MIETE OKT, NOV, DEZ. 2013","","Rolf Flühmann","","","995","CH","","Inland","","2000 -- Allgemeine Kreditoren","6000 -- Miete","nein","15.04.2015",""
"09.10.2013","2359","K","unbekannt","","SVA Zürich","800.00","0.00","800.00","800.00","09.10.2013","0.00","09.10.2013","","AUSGLEICHSKASSE 1.3 8087 ZÜRICH SVA TEILZAHLUNG","","Rolf Flühmann","","","010","","","Inland","","2270 -- Verbindlichkeiten Sozialversicherungen und Vorsorgeeinrichtungen","5700 -- AHV, IV, EO, ALV, FAK","nein","15.04.2015",""
"09.10.2013","2361","K","unbekannt","","SBB","12.40","0.00","12.40","12.40","11.10.2013","0.00","11.10.2013","","","","Rolf Flühmann","","","1003","CH","","Inland","","2000 -- Allgemeine Kreditoren","6700 -- Übriger Betriebsaufwand","nein","15.04.2015",""
"21.10.2013","2363","K","594263-98123","","NEST","661.50","0.00","661.50","661.50","21.10.2013","0.00","21.10.2013","","2.Q.2013","","Rolf Flühmann","","","998","","","Inland","","2270 -- Verbindlichkeiten Sozialversicherungen und Vorsorgeeinrichtungen","5720 -- Berufliche Vorsorge","nein","15.04.2015",""
"21.10.2013","2367","K","50262","","Init7 (Schweiz) AG","324.00","0.00","324.00","324.00","21.10.2013","0.00","21.10.2013","","OKT. BIS DEZ. 2013","","Rolf Flühmann","","","13","CH","","Inland","","2000 -- Allgemeine Kreditoren","6511 -- Internet und Serverhousing","nein","15.04.2015",""
"21.10.2013","2370","K","unbekannt","","Postfinance","7.35","0.00","7.35","7.35","31.10.2013","0.00","21.10.2013","","FÜR EXPRESS-DIENSTLEISTUNGEN FÜR EINZAHLUNGEN AM SCHALTER ES","","Rolf Flühmann","","","3","","","Inland","","2000 -- Allgemeine Kreditoren","6900 -- Kontospesen und Finanzaufwand","nein","15.04.2015",""
"11.11.2013","2426","K","RG21990","","Bürotechnik Kempf Gmbh","54.70","0.00","54.70","54.70","11.11.2013","0.00","11.11.2013","","","","Rolf Flühmann","","","1011","CH","","Inland","","2000 -- Allgemeine Kreditoren","4000 -- Material-Einkauf","nein","21.04.2015",""
"12.11.2013","2428","K","unbekannt","","SBB","71.00","0.00","71.00","71.00","13.11.2013","0.00","13.11.2013","","","","Rolf Flühmann","","","1003","CH","","Inland","","2000 -- Allgemeine Kreditoren","6700 -- Übriger Betriebsaufwand","nein","21.04.2015",""
"21.11.2013","2431","K","unbekannt","","Digitec","776.69","0.00","776.69","776.69","22.11.2013","0.00","22.11.2013","","","","Rolf Flühmann","","","001","","","Inland","","2000 -- Allgemeine Kreditoren","4000 -- Material-Einkauf","nein","21.04.2015",""
"25.11.2013","2433","K","RG1406749","","Swissparts AG","81.95","0.00","81.95","81.95","25.11.2013","0.00","25.11.2013","","","","Rolf Flühmann","","","1009","CH","","Inland","","2000 -- Allgemeine Kreditoren","4000 -- Material-Einkauf","nein","21.04.2015",""
"03.12.2013","2371","K","unbekannt","","SBB","12.40","0.00","12.40","12.40","05.12.2013","0.00","05.12.2013","","","","Rolf Flühmann","","","1003","CH","","Inland","","2000 -- Allgemeine Kreditoren","6700 -- Übriger Betriebsaufwand","nein","15.04.2015",""
"20.12.2013","2373","K","unbekannt","000000000035258421","SBB","293.00","0.00","293.00","293.00","23.12.2013","0.00","23.12.2013","","SBB TICKET SHOP BERN TRANSACTIONID 3034016405656461 ORDERID 000000000035258421","","Rolf Flühmann","","","1003","CH","","Inland","","2000 -- Allgemeine Kreditoren","6700 -- Übriger Betriebsaufwand","nein","15.04.2015",""
"27.12.2013","2511","K","diverse","","Online-Shopping","221.93","0.00","221.93","221.93","27.12.2013","0.00","27.12.2013","","Sammelbuchung 2013 Einkauf via Paypal","","Andreas Rudin","","","1008","","","Inland","","2000 -- Allgemeine Kreditoren","4000 -- Material-Einkauf","nein","11.05.2015",""
"30.12.2013","2378","K","unbekannt","","green.ch ag","419.50","0.00","419.50","419.50","30.12.2013","0.00","30.12.2013","","GREEN 1.1. BIS 30.6.2014","","Rolf Flühmann","","","012","","","Inland","","2000 -- Allgemeine Kreditoren","6511 -- Internet und Serverhousing","nein","16.04.2015",""
"30.12.2013","2377","K","Mietvertrag","","STIFTUNG HOLZ UND KORB","9'371.00","0.00","9'371.00","9'371.00","30.12.2013","0.00","30.12.2013","","MIETE JAN, FEB. MAERZ 2014","","Rolf Flühmann","","","995","CH","","Inland","","2000 -- Allgemeine Kreditoren","6000 -- Miete","nein","16.04.2015",""
"30.12.2013","2375","K","unbekannt","","AXA Versicherungen AG","861.00","0.00","861.00","861.00","30.12.2013","0.00","30.12.2013","","","","Rolf Flühmann","","","009","","","Inland","","2270 -- Verbindlichkeiten Sozialversicherungen und Vorsorgeeinrichtungen","5740 -- Krankentaggeldversicherung","nein","16.04.2015",""
"30.12.2013","2379","K","unbekannt","","Init7 (Schweiz) AG","324.00","0.00","324.00","324.00","30.12.2013","0.00","30.12.2013","","INIT7 RE. 48325 JAN. BIS MÄRZ 2014","","Rolf Flühmann","","","13","CH","","Inland","","2000 -- Allgemeine Kreditoren","6511 -- Internet und Serverhousing","nein","16.04.2015",""
"31.12.2013","2382","K","597262 - G598721","","NEST","48.10","0.00","48.10","48.10","31.12.2013","0.00","31.12.2013","","3.Q.2013","","Rolf Flühmann","","","998","","","Inland","","2270 -- Verbindlichkeiten Sozialversicherungen und Vorsorgeeinrichtungen","5720 -- Berufliche Vorsorge","nein","16.04.2015",""
"31.12.2013","2384","K","unbekannt","","Postfinance","28.35","0.00","28.35","28.35","31.12.2013","0.00","31.12.2013","","ZINSABSCHLUSS 010113 - 311213","","Rolf Flühmann","","","3","","","Inland","","2000 -- Allgemeine Kreditoren","6900 -- Kontospesen und Finanzaufwand","nein","16.04.2015",""
"31.12.2013","2383","K","BR1.246 2013 0002","","SVA Zürich","1'741.15","0.00","1'741.15","1'741.15","31.12.2013","0.00","31.12.2013","","AUSGLEICHSKASSE 1.3 SVA RESTZAHLUNG BR1.246 2013 0002","","Rolf Flühmann","","","010","","","Inland","","2270 -- Verbindlichkeiten Sozialversicherungen und Vorsorgeeinrichtungen","5700 -- AHV, IV, EO, ALV, FAK","nein","16.04.2015",""
"02.01.2014","3292","K","unbekannt","","Hotel Römerhof","161.55","0.00","161.55","161.55","02.01.2014","0.00","02.01.2014","","Übernachtung Kivitendo Treffen, Bonn","","Andreas Rudin","","","1219","Deutschland","","Inland","","2000 -- Allgemeine Kreditoren","6600 -- Werbeaufwand","nein","31.03.2016",""
"14.01.2014","2927","K","RE Nr. 654948","","jET Schweiz IT AG","544.55","0.00","544.55","544.55","17.01.2014","0.00","24.01.2014","","RE. JET 654948 ABZGL GUTH. 435.25","","René Hägi","","","002","","","Inland","","2000 -- Allgemeine Kreditoren","4000 -- Material-Einkauf","nein","30.11.2015",""
"16.01.2014","2606","K","RE Nr. 16894525","","Online-Shopping","200.00","0.00","200.00","200.00","16.01.2014","0.00","16.01.2014","","ONLINE-SHOPPING YELLOWPAY / ONLINE-SHOPPING WWW.POST.CH 16.01.2014 PAYMENTID 16894525","","Rolf Flühmann","","","1008","","","Inland","","2000 -- Allgemeine Kreditoren","4000 -- Material-Einkauf","nein","08.07.2015",""
"20.01.2014","2954","K","rep300609027_20150120_p8457.pdf","","SBB","8.60","0.00","8.60","8.60","20.01.2015","0.00","20.01.2014","","Kauf/Dienstleistung Bhf. Zürich Hardbrücke","","René Hägi","","","1003","CH","","Inland","","2000 -- Allgemeine Kreditoren","4000 -- Material-Einkauf","nein","10.12.2015",""
"23.01.2014","2608","K","SIPCALL RE 31847-S","","Backbone Solutions AG","400.00","0.00","400.00","400.00","23.01.2014","0.00","23.01.2014","","","","Rolf Flühmann","","","1006","CH","","Inland","","2000 -- Allgemeine Kreditoren","6510 -- Telefon","nein","08.07.2015",""
"27.01.2014","3294","R","800-511-3478","","Pearson VUE","188.45","0.00","188.45","188.45","27.01.2014","0.00","27.01.2014","","","","Andreas Rudin","","","1220","USA","","Inland","","2000 -- Allgemeine Kreditoren","8500 -- Ausserordentlicher Aufwand","nein","31.03.2016","Position Artikelnummer Beschreibung Menge Einheit 1 D6 LPI Prüfungsgebühr für Diego Wyler -1.00 psch","Position","Artikelnummer","Beschreibung","Menge","Einheit","1","D6","LPI Prüfungsgebühr für Diego Wyler","-1.00","psch"
"Position","Artikelnummer","Beschreibung","Menge","Einheit"
"1","D6","LPI Prüfungsgebühr für Diego Wyler","-1.00","psch"
"30.01.2014","2653","K","RE Nr. 5885644","","Alltron AG","265.70","0.00","265.70","265.70","17.02.2014","0.00","17.02.2014","","Maxflash Standard USB Drieve 4GB","","Urs Sonderegger","","","013","","","Inland","","2000 -- Allgemeine Kreditoren","4000 -- Material-Einkauf","nein","29.07.2015",""
"30.01.2014","2655","K","RE Nr. RG23791","","Bürotechnik Kempf Gmbh","147.00","0.00","147.00","147.00","17.02.2014","0.00","17.02.2014","","Einkauf Toner-Patronen","","Urs Sonderegger","","","1011","CH","","Inland","","2000 -- Allgemeine Kreditoren","4000 -- Material-Einkauf","nein","29.07.2015",""
"31.01.2014","2610","K","unbekannt","","Postfinance","60.00","0.00","60.00","60.00","31.01.2014","0.00","31.01.2014","","","","Urs Sonderegger","","","3","","","Inland","","2000 -- Allgemeine Kreditoren","6900 -- Kontospesen und Finanzaufwand","nein","09.07.2015",""
"03.02.2014","2609","K","unbekannt","","SVA Zürich","66.85","0.00","66.85","66.85","03.02.2014","0.00","03.02.2014","","SVA 2013 0003","","Rolf Flühmann","","","010","","","Inland","","2270 -- Verbindlichkeiten Sozialversicherungen und Vorsorgeeinrichtungen","5700 -- AHV, IV, EO, ALV, FAK","nein","08.07.2015",""
"03.02.2014","2623","K","R.20511","","SWISSOPENSYSTEMUSERGROUP","60.00","0.00","60.00","60.00","03.02.2014","0.00","03.02.2014","","","","Urs Sonderegger","","","20","","","Inland","","1141 -- Gutschriften von LieferantInnen","6700 -- Übriger Betriebsaufwand","nein","15.07.2015",""
"03.02.2014","2624","K","HOP R.2013","","HOP ZUERI","90.00","0.00","90.00","90.00","03.02.2014","0.00","03.02.2014","","LIFTBEN. JAN -JUNI 2014","","Urs Sonderegger","","","21","","","Inland","","2000 -- Allgemeine Kreditoren","6110 -- Liftbenutzung","nein","15.07.2015",""
"05.02.2014","2628","K","unbekannt","","SBB","6.20","0.00","6.20","6.20","05.02.2014","0.00","05.02.2014","","","","Urs Sonderegger","","","1003","CH","","Inland","","2000 -- Allgemeine Kreditoren","","nein","15.07.2015",""
"06.02.2014","2649","K","unbekannt","","Post CH AG","45.00","0.00","45.00","45.00","06.02.2014","0.00","06.02.2014","","","","Urs Sonderegger","","","927","","","Inland","","2000 -- Allgemeine Kreditoren","4000 -- Material-Einkauf","nein","29.07.2015",""
"06.02.2014","3295","R","800-511-3478","","Pearson VUE","188.00","0.00","188.00","188.00","06.02.2014","0.00","06.02.2014","","","","Andreas Rudin","","","1220","USA","","Inland","","2000 -- Allgemeine Kreditoren","8500 -- Ausserordentlicher Aufwand","nein","31.03.2016","Position Artikelnummer Beschreibung Menge Einheit 1 D6 LPI Prüfungsgebühr für Diego Wyler -1.00 psch","Position","Artikelnummer","Beschreibung","Menge","Einheit","1","D6","LPI Prüfungsgebühr für Diego Wyler","-1.00","psch"
"Position","Artikelnummer","Beschreibung","Menge","Einheit"
"1","D6","LPI Prüfungsgebühr für Diego Wyler","-1.00","psch"
"13.02.2014","2650","K","unbekannt","","SBB","3.30","0.00","3.30","3.30","13.02.2014","0.00","13.02.2014","","","","Urs Sonderegger","","","1003","CH","","Inland","","2000 -- Allgemeine Kreditoren","6700 -- Übriger Betriebsaufwand","nein","29.07.2015",""
"15.02.2014","2930","K","BETR.K.ABR. 1.7. - 31.12.2013","","STIFTUNG HOLZ UND KORB","804.00","0.00","804.00","804.00","20.03.2014","0.00","15.02.2014","","Betriebskostenrechnung vom 1. Juli 2013 bis 31. Dezember 2013","","René Hägi","","","995","CH","","Inland","","2000 -- Allgemeine Kreditoren","6700 -- Übriger Betriebsaufwand","nein","30.11.2015",""
"17.02.2014","2656","K","RE. 601314","","NEST","2'561.10","0.00","2'561.10","2'561.10","17.02.2014","0.00","17.02.2014","","","","Urs Sonderegger","","","998","","","Inland","","2270 -- Verbindlichkeiten Sozialversicherungen und Vorsorgeeinrichtungen","5720 -- Berufliche Vorsorge","nein","29.07.2015",""
"17.02.2014","2652","K","unbekannt","","SBB","3.40","0.00","3.40","3.40","17.02.2014","0.00","17.02.2014","","Billet BVB Basel","","Urs Sonderegger","","","1003","CH","","Inland","","2000 -- Allgemeine Kreditoren","6700 -- Übriger Betriebsaufwand","nein","29.07.2015",""
"17.02.2014","2657","K","unbekannt","","Axone SA","100.00","0.00","100.00","100.00","18.02.2014","0.00","17.02.2014","","","","Urs Sonderegger","","","1016","","","Inland","","2000 -- Allgemeine Kreditoren","","nein","29.07.2015",""
"17.02.2014","2651","K","unbekannt","","SBB","96.00","0.00","96.00","96.00","17.02.2014","0.00","17.02.2014","","","","Urs Sonderegger","","","1003","CH","","Inland","","2000 -- Allgemeine Kreditoren","6700 -- Übriger Betriebsaufwand","nein","29.07.2015",""
"24.02.2014","2660","K","unbekannt","","SBB","236.80","0.00","236.80","236.80","24.02.2014","0.00","24.02.2014","","","","Urs Sonderegger","","","1003","CH","","Inland","","2000 -- Allgemeine Kreditoren","6700 -- Übriger Betriebsaufwand","nein","29.07.2015",""
"27.02.2014","2928","K","RE Nr. 6065","","Init7 (Schweiz) AG","150.00","0.00","150.00","150.00","27.02.2014","0.00","27.02.2014","","","","René Hägi","","","13","CH","","Inland","","2000 -- Allgemeine Kreditoren","6511 -- Internet und Serverhousing","nein","30.11.2015",""
"27.02.2014","3298","K","9TD0212238540312A","","Paypal Pte. Ltd.","1.47","0.00","1.47","1.47","27.02.2014","0.00","27.02.2014","","Paypal-Spesen für R2014061","","Andreas Rudin","","","1223","Singapore","","Inland","","2000 -- Allgemeine Kreditoren","6900 -- Kontospesen und Finanzaufwand","nein","31.03.2016",""
"01.03.2014","2793","K","RE 51730","","Init7 (Schweiz) AG","324.00","0.00","324.00","324.00","25.04.2014","0.00","01.04.2014","","Rechnung Nr. 51730; 2. Quartal 2014","","René Hägi","","","13","CH","","Inland","","2000 -- Allgemeine Kreditoren","6511 -- Internet und Serverhousing","nein","04.11.2015",""
"04.03.2014","2682","K","3903429","","Digitec","31.00","0.00","31.00","0.00","04.03.2014","31.00","04.03.2014","","mini DisplayPort Adapter für Auftrag AU2015156","","Hanspeter Hug","","","001","","","Inland","","2000 -- Allgemeine Kreditoren","4000 -- Material-Einkauf","nein","20.08.2015",""
"04.03.2014","2662","K","unbekannt","","SBB","3.30","0.00","3.30","3.30","04.03.2014","0.00","04.03.2014","","","","Urs Sonderegger","","","1003","CH","","Inland","","2000 -- Allgemeine Kreditoren","6700 -- Übriger Betriebsaufwand","nein","30.07.2015",""
"06.03.2014","3299","K","1NF931822C965953N","","Paypal Pte. Ltd.","2.11","0.00","2.11","2.11","06.03.2014","0.00","06.03.2014","","Paypal-Spesen für R2014064","","Andreas Rudin","","","1223","Singapore","","Inland","","2000 -- Allgemeine Kreditoren","6900 -- Kontospesen und Finanzaufwand","nein","01.04.2016",""
"13.03.2014","3300","K","9TD0212238540312A","","Paypal Pte. Ltd.","-1.56","0.00","-1.56","-1.56","13.03.2014","0.00","13.03.2014","","Rückbuchung PayPal-Spesen zu R2014019 (Stornierte Rechnung)","","Andreas Rudin","","","1223","Singapore","","Inland","","2000 -- Allgemeine Kreditoren","6900 -- Kontospesen und Finanzaufwand","nein","01.04.2016",""
"20.03.2014","2929","K","RE Nr. 655043","","jET Schweiz IT AG","899.87","0.00","899.87","899.87","20.03.2014","0.00","20.03.2014","","Zwei Rechnungen JET R.655043 + 0.02 CS220412","","René Hägi","","","002","","","Inland","","2000 -- Allgemeine Kreditoren","4000 -- Material-Einkauf","nein","30.11.2015",""
"09.04.2014","2784","K","rep300609027_20140409_p3687.pdf","","SBB","444.00","0.00","444.00","444.00","09.04.2014","0.00","09.04.2014","","Reise nach Deutschland","","René Hägi","","","1003","CH","","Inland","","2000 -- Allgemeine Kreditoren","6700 -- Übriger Betriebsaufwand","nein","03.11.2015",""
"11.04.2014","2786","K","PAYMENTID 17681212","","Switch","15.50","0.00","15.50","15.50","11.04.2014","0.00","11.04.2014","","Zahlung an nic.switch.ch","","René Hägi","","","1024","","","Inland","","2000 -- Allgemeine Kreditoren","6511 -- Internet und Serverhousing","nein","03.11.2015",""
"22.04.2014","3302","R","135580","","Accupart Ltd","75.67","0.00","75.67","75.67","22.04.2014","0.00","22.04.2014","","","","Andreas Rudin","","","1224","Grossbritannien","","Inland","","2000 -- Allgemeine Kreditoren","4000 -- Material-Einkauf","nein","01.04.2016","Position Artikelnummer Beschreibung Menge Einheit 1 P57 B156XW04-V5 15.6"" LED Laptop Screen Acer -1.00 Stck","Position","Artikelnummer","Beschreibung","Menge","Einheit","1","P57","B156XW04-V5 15.6"" LED Laptop Screen Acer","-1.00","Stck"
"Position","Artikelnummer","Beschreibung","Menge","Einheit"
"1","P57","B156XW04-V5 15.6"" LED Laptop Screen Acer","-1.00","Stck"
"25.04.2014","2791","K","RE. 52062 2.HE BIS 30.6.2014","","Init7 (Schweiz) AG","744.00","0.00","744.00","744.00","25.04.2014","0.00","25.04.2014","","","","René Hägi","","","13","CH","","Inland","","2000 -- Allgemeine Kreditoren","6511 -- Internet und Serverhousing","nein","04.11.2015",""
"25.04.2014","2789","K","rep300609027_20140425_p0426.pdf","","SVA Zürich","40.00","0.00","40.00","40.00","25.04.2014","0.00","25.04.2014","","Mahnung SVA","","René Hägi","","","010","","","Inland","","2270 -- Verbindlichkeiten Sozialversicherungen und Vorsorgeeinrichtungen","5700 -- AHV, IV, EO, ALV, FAK","nein","04.11.2015",""
"25.04.2014","2802","K","RE. 486895","","Lieferant A","285.00","0.00","285.00","285.00","25.04.2014","0.00","25.04.2014","","Nord-Transport AG, Basel","","René Hägi","","","22","CH","","Inland","","2000 -- Allgemeine Kreditoren","4710 -- Transporte zu uns","nein","09.11.2015",""
"25.04.2014","2790","K","rep300609027_20140425_p0426.pdf","","Ing Belgium","618.85","0.00","618.85","618.85","25.04.2014","0.00","25.04.2014","","DDSV Logististics transport","","René Hägi","","","1013","BE","","Inland","","2000 -- Allgemeine Kreditoren","4710 -- Transporte zu uns","nein","04.11.2015",""
"25.04.2014","2794","K","PAYMENTID 17795575","","Switch","62.00","0.00","62.00","62.00","25.04.2014","0.00","25.04.2014","","Rechnung NIC.Switch.ch","","René Hägi","","","1024","","","Inland","","2000 -- Allgemeine Kreditoren","6511 -- Internet und Serverhousing","nein","04.11.2015",""
"25.04.2014","2803","K","rep300609027_20140425_p0426.pdf","","DHL","9.00","0.00","9.00","9.00","25.04.2014","0.00","25.04.2014","","Verzollungskosten CMN Hamburg","","René Hägi","","","993","","","Inland","","2000 -- Allgemeine Kreditoren","4710 -- Transporte zu uns","nein","09.11.2015",""
"25.04.2014","2933","K","rep300609027_20140425_p0426.pdf","","Switch","31.00","0.00","31.00","31.00","25.04.2014","0.00","25.04.2014","","Domain Museumhoengg.ch","","René Hägi","","","1024","","","Inland","","2000 -- Allgemeine Kreditoren","4000 -- Material-Einkauf","nein","30.11.2015",""
"25.04.2014","2792","K","rep300609027_20140425_p0426.pdf","","SWICO","270.00","0.00","270.00","270.00","25.04.2014","0.00","25.04.2014","","SWICO-Beitrag für das 2. Semester 2013","","René Hägi","","","006","","","Inland","","2000 -- Allgemeine Kreditoren","6700 -- Übriger Betriebsaufwand","nein","04.11.2015",""
"27.04.2014","3182","K","Abrechnung 27.4.2014","","Blum Raphael","609.95","0.00","609.95","609.95","05.01.2015","0.00","05.01.2015","","Abrechnung vom 27.4.2014","","René Hägi","","","12","","","Inland","","2000 -- Allgemeine Kreditoren","5000 -- Löhne und Gehälter","nein","09.02.2016",""
"12.05.2014","2812","K","6217401","","Alltron AG","170.70","0.00","170.70","170.70","26.05.2014","0.00","26.05.2014","","Alltron Rechnung 6217401 vom 12.5.2014","","René Hägi","","","013","","","Inland","","2000 -- Allgemeine Kreditoren","","nein","12.11.2015",""
"14.05.2014","3303","R","1439289391015","","S.O.S. Smart Office Systems GmbH","147.98","0.00","147.98","147.98","14.05.2014","0.00","14.05.2014","","","","Andreas Rudin","","","1225","","","Inland","","2000 -- Allgemeine Kreditoren","4000 -- Material-Einkauf","nein","01.04.2016","Position Artikelnummer Beschreibung Menge Einheit 1 P12 Triumph Adler Printsystem U Druckerkarte TA DC-2130 2140 2150 Netzwerkkarte -1.00 Stck","Position","Artikelnummer","Beschreibung","Menge","Einheit","1","P12","Triumph Adler Printsystem U Druckerkarte TA DC-2130 2140 2150 Netzwerkkarte","-1.00","Stck"
"Position","Artikelnummer","Beschreibung","Menge","Einheit"
"1","P12","Triumph Adler Printsystem U Druckerkarte TA DC-2130 2140 2150 Netzwerkkarte","-1.00","Stck"
"19.05.2014","2805","K","rep300609027_20140519_p5853.pdf","","SBB","6.20","0.00","6.20","6.20","19.05.2014","0.00","19.05.2014","","Billetautomat Zürich HB; 16.5.2014","","René Hägi","","","1003","CH","","Inland","","2000 -- Allgemeine Kreditoren","4000 -- Material-Einkauf","nein","09.11.2015",""
"28.05.2014","2818","K","rep300609027_20140528_p7676.pdf","","Post CH AG","10.00","0.00","10.00","10.00","28.05.2014","0.00","28.05.2014","","","","René Hägi","","","927","","","Inland","","2000 -- Allgemeine Kreditoren","4000 -- Material-Einkauf","nein","13.11.2015",""
"01.06.2014","2840","K","RE. 52460","","Init7 (Schweiz) AG","668.00","0.00","668.00","668.00","17.07.2014","0.00","17.07.2014","","INIT7 RE. 52460 JULI -SEP. 2014","","René Hägi","","","13","CH","","Inland","","2000 -- Allgemeine Kreditoren","6511 -- Internet und Serverhousing","nein","17.11.2015",""
"02.06.2014","2917","K","RE NR. 5182100","","green.ch ag","419.50","0.00","419.50","419.50","03.07.2014","0.00","02.07.2014","","GREEN 1.7. BIS 31.12.2014","","René Hägi","","","012","","","Inland","","2000 -- Allgemeine Kreditoren","6511 -- Internet und Serverhousing","nein","25.11.2015",""
"06.06.2014","2834","K","RE Nr. BR 1.246 2014 0002","","SVA Zürich","3'483.25","0.00","3'483.25","3'483.25","04.07.2014","0.00","30.06.2014","","Ausgleichskasse 1.3 Zürich, SVA 2014 0002","","René Hägi","","","010","","","Inland","","2270 -- Verbindlichkeiten Sozialversicherungen und Vorsorgeeinrichtungen","5700 -- AHV, IV, EO, ALV, FAK","nein","16.11.2015",""
"16.06.2014","3304","R","1069504223010","","mikew2002","52.01","0.00","52.01","52.01","16.06.2014","0.00","16.06.2014","","","E-Bay Verkäufer","Andreas Rudin","","","1228","Kanada","","Inland","","2000 -- Allgemeine Kreditoren","4710 -- Transporte zu uns","nein","01.04.2016","Position Artikelnummer Beschreibung Menge Einheit 1 P12 4300 4200 41T swing Gear RU5-0276 RU5-0277 RM1-0043 -6.00 Stck … ⏷","Position","Artikelnummer","Beschreibung","Menge","Einheit","1","P12","4300 4200 41T swing Gear RU5-0276 RU5-0277 RM1-0043","-6.00","Stck","2","D16","Versandspesen","-1.00","psch"
"Position","Artikelnummer","Beschreibung","Menge","Einheit"
"1","P12","4300 4200 41T swing Gear RU5-0276 RU5-0277 RM1-0043","-6.00","Stck"
"2","D16","Versandspesen","-1.00","psch"
"19.06.2014","2823","K","rep300609027_20140620_p5599.pdf","","Post CH AG","16.00","0.00","16.00","16.00","19.06.2014","0.00","19.06.2014","","Kauf / Dienstleistung Sihlpost","","René Hägi","","","927","","","Inland","","2000 -- Allgemeine Kreditoren","4000 -- Material-Einkauf","nein","13.11.2015",""
"23.06.2014","2824","K","PAYMENTID 18350686","","Online-Shopping","194.40","0.00","194.40","194.40","23.06.2014","0.00","23.06.2014","","ONLINE-SHOPPING vom 23.6.14; eventbooster.ch","","René Hägi","","","1008","","","Inland","","2000 -- Allgemeine Kreditoren","4000 -- Material-Einkauf","nein","13.11.2015",""
"30.06.2014","2831","K","RE NR. RG1502670","","Swissparts AG","27.60","0.00","27.60","27.60","03.07.2014","0.00","14.07.2014","","","","René Hägi","","","1009","CH","","Inland","","2000 -- Allgemeine Kreditoren","4000 -- Material-Einkauf","nein","16.11.2015",""
"30.06.2014","2830","K","rep300609027_20140630_p7188.pdf","","Postfinance","1.80","0.00","1.80","1.80","30.06.2014","0.00","30.06.2014","","Preise/Gebühern für Einzahlungen am Schalter","","René Hägi","","","3","","","Inland","","2000 -- Allgemeine Kreditoren","6900 -- Kontospesen und Finanzaufwand","nein","16.11.2015",""
"30.06.2014","3305","K","8YG34502T7036420B","","Paypal Pte. Ltd.","5.72","0.00","5.72","5.72","30.06.2014","0.00","30.06.2014","","Paypal-Spesen zu R2014142","","Andreas Rudin","","","1223","Singapore","","Inland","","2000 -- Allgemeine Kreditoren","6900 -- Kontospesen und Finanzaufwand","nein","01.04.2016",""
"01.07.2014","2853","K","Police Nr. T80.2.161.664","","Allianz Suisse","83.10","0.00","83.10","83.10","18.08.2014","0.00","01.09.2014","","Police Nr. T80.2.161.664","","René Hägi","","","1012","","","Inland","","2000 -- Allgemeine Kreditoren","6300 -- Betriebsversicherungen","nein","17.11.2015",""
"01.07.2014","2832","K","RE NR. 140551","","SWICO","270.00","0.00","270.00","270.00","03.07.2014","0.00","31.07.2014","","SWICO Beitrag für 1. Semester 2014","","René Hägi","","","006","","","Inland","","2000 -- Allgemeine Kreditoren","6700 -- Übriger Betriebsaufwand","nein","16.11.2015",""
"05.07.2014","2836","K","PAYMENTID 18457537","","Switch","15.50","0.00","15.50","15.50","05.07.2014","0.00","05.07.2014","","ONLINE-SHOPPING YELLOWPAY / ONLINE-SHOPPING NIC.SWITCH.CH 03.07.2014 PAYMENTID 18457537","","René Hägi","","","1024","","","Inland","","2000 -- Allgemeine Kreditoren","6511 -- Internet und Serverhousing","nein","16.11.2015",""
"17.07.2014","2842","K","SALSO 2.QUARTAL 2014","","NEST","1'160.30","0.00","1'160.30","1'160.30","17.07.2014","0.00","17.07.2014","","NEST SAMMELSTIFTUNG MOLKENSTR. 21 8004 ZÜRICH SALSO 2.QUARTAL 2014","","René Hägi","","","998","","","Inland","","2270 -- Verbindlichkeiten Sozialversicherungen und Vorsorgeeinrichtungen","5720 -- Berufliche Vorsorge","nein","17.11.2015",""
"29.07.2014","2843","K","PAYMENTID 18692913","","Online-Shopping","138.00","0.00","138.00","138.00","29.07.2014","0.00","29.07.2014","","ONLINE-SHOPPING YELLOWPAY / ONLINE-SHOPPING WWW.PCARTIKEL.CH 29.07.2014 PAYMENTID 18692913","","René Hägi","","","1008","","","Inland","","2000 -- Allgemeine Kreditoren","4000 -- Material-Einkauf","nein","17.11.2015",""
"31.07.2014","2844","K","rep300609027_20140731_p8593.pdf","","Postfinance","9.70","0.00","9.70","9.70","31.07.2014","0.00","31.07.2014","","","","René Hägi","","","3","","","Inland","","2000 -- Allgemeine Kreditoren","6700 -- Übriger Betriebsaufwand","nein","17.11.2015",""
"05.08.2014","2852","K","R. 141849792","","Microspot.ch","70.60","0.00","70.60","70.60","18.08.2014","0.00","25.08.2014","","BANK COOP AG BASEL MICROSPOT R. 141849792 5.8.2014","","René Hägi","","","7","","","Inland","","2000 -- Allgemeine Kreditoren","4000 -- Material-Einkauf","nein","17.11.2015",""
"08.08.2014","2847","K","rep300609027_20140811_p5324.pdf","","Post CH AG","4.90","0.00","4.90","4.90","08.08.2014","0.00","08.08.2014","","","","René Hägi","","","927","","","Inland","","2000 -- Allgemeine Kreditoren","6700 -- Übriger Betriebsaufwand","nein","17.11.2015",""
"27.08.2014","2860","K","PAYMENTID 18964220","","Switch","46.50","0.00","46.50","46.50","27.08.2014","0.00","27.08.2014","","ONLINE-SHOPPING YELLOWPAY / ONLINE-SHOPPING NIC.SWITCH.CH 25.08.2014 PAYMENTID 18964220","","René Hägi","","","1024","","","Inland","","2000 -- Allgemeine Kreditoren","6511 -- Internet und Serverhousing","nein","18.11.2015",""
"31.08.2014","2861","K","Kartensprrung","","Postfinance","30.00","0.00","30.00","30.00","31.08.2014","0.00","31.08.2014","","Gebühr für Kartensperrung","","René Hägi","","","3","","","Inland","","2000 -- Allgemeine Kreditoren","6700 -- Übriger Betriebsaufwand","nein","18.11.2015",""
"15.09.2014","3306","K","0N080454H8218960T","","Paypal Pte. Ltd.","1.64","0.00","1.64","1.64","15.09.2014","0.00","15.09.2014","","Paypal-Spesen zu R2014186","","Andreas Rudin","","","1223","Singapore","","Inland","","2000 -- Allgemeine Kreditoren","6900 -- Kontospesen und Finanzaufwand","nein","01.04.2016",""
"09.10.2014","2870","K","rep300609027_20141010_p1993.pdf","","Post CH AG","10.00","0.00","10.00","10.00","09.10.2014","0.00","09.10.2014","","Kauf/Dienstleistung in der Sihlpost","","René Hägi","","","927","","","Inland","","2000 -- Allgemeine Kreditoren","4000 -- Material-Einkauf","nein","19.11.2015",""
"10.10.2014","2915","K","Nr. 53341","","Init7 (Schweiz) AG","648.00","0.00","648.00","648.00","10.10.2014","0.00","10.10.2014","","Init 7 Rechnung Nr. 53341 Oktober bis Dezember 2014","","René Hägi","","","13","CH","","Inland","","2000 -- Allgemeine Kreditoren","6511 -- Internet und Serverhousing","nein","25.11.2015",""
"13.10.2014","2873","K","ORDERID 000000001201818199","","Axone SA","103.00","0.00","103.00","103.00","13.10.2014","0.00","13.10.2014","","KAUF/ONLINE SHOPPING VOM 11.10.2014 KARTEN NR. XXXX5807 AXONE SA WWW.AXONYM.COM TRANSACTIONID 3016040300100023 ORDERID 000000001201818199","","René Hägi","","","1016","","","Inland","","2000 -- Allgemeine Kreditoren","4000 -- Material-Einkauf","nein","19.11.2015",""
"19.10.2014","3307","K","8FL96279EU677720X","","Paypal Pte. Ltd.","1.23","0.00","1.23","1.23","19.10.2014","0.00","19.10.2014","","Paypal-Spesen zu R2014172","","Andreas Rudin","","","1223","Singapore","","Inland","","2000 -- Allgemeine Kreditoren","6900 -- Kontospesen und Finanzaufwand","nein","01.04.2016",""
"22.10.2014","2874","K","rep300609027_20141022_p0860.pdf","","SBB","3.30","0.00","3.30","3.30","22.10.2014","0.00","22.10.2014","","KAUF/DIENSTLEISTUNG VOM 21.10.2014 KARTEN NR. XXXX5807 REGENSDORF-WATT SBB REGENSDORF-WATT","","René Hägi","","","1003","CH","","Inland","","2000 -- Allgemeine Kreditoren","6700 -- Übriger Betriebsaufwand","nein","19.11.2015",""
"29.10.2014","2875","K","rep300609027_20141029_p3995.pdf","","SBB","71.00","0.00","71.00","71.00","29.10.2014","0.00","29.10.2014","","KAUF/DIENSTLEISTUNG VOM 27.10.2014 KARTEN NR. XXXX5807 ZÜRICH HARDBRÜCKE SBB ZÜRICH HARDBRÜCKE","","René Hägi","","","1003","CH","","Inland","","2000 -- Allgemeine Kreditoren","6700 -- Übriger Betriebsaufwand","nein","19.11.2015",""
"29.10.2014","3308","K","2HA67002Y1572001F","","Paypal Pte. Ltd.","2.79","0.00","2.79","2.79","29.10.2014","0.00","29.10.2014","","Paypal-Spesen zu R2014189","","Andreas Rudin","","","1223","Singapore","","Inland","","2000 -- Allgemeine Kreditoren","6900 -- Kontospesen und Finanzaufwand","nein","01.04.2016",""
"30.10.2014","2884","K","rep300609027_20141030_p8025.pdf","","SBB","72.00","0.00","72.00","72.00","30.10.2014","0.00","30.10.2014","","KAUF/DIENSTLEISTUNG VOM 28.10.2014 KARTEN NR. XXXX5807 ZÜRICH HARDBRÜCKE SBB ZÜRICH HARDBRÜCKE","","René Hägi","","","1003","CH","","Inland","","2000 -- Allgemeine Kreditoren","4000 -- Material-Einkauf","nein","23.11.2015",""
"31.10.2014","2885","K","rep300609027_20141031_p0624.pdf","","Postfinance","1.50","0.00","1.50","1.50","31.10.2014","0.00","31.10.2014","","Preise für Einzahlungen am Postschalter","","René Hägi","","","3","","","Inland","","2000 -- Allgemeine Kreditoren","6700 -- Übriger Betriebsaufwand","nein","23.11.2015",""
"16.11.2014","2948","K","RE Nr. 44.049.723","","AXA Versicherungen AG","861.00","0.00","861.00","861.00","05.01.2015","0.00","01.01.2015","","Police Nr. 44.049.723 Krankentaggeldversicherung Prämienrechnung für den Zeitraum 01.01.2014 - 31.12.2014","","René Hägi","","","009","","","Inland","","2270 -- Verbindlichkeiten Sozialversicherungen und Vorsorgeeinrichtungen","5740 -- Krankentaggeldversicherung","nein","10.12.2015",""
"24.11.2014","2891","K","RE. 611907-115843","","NEST","690.00","0.00","690.00","690.00","24.11.2014","0.00","24.11.2014","","E-FINANCE 01-200027-2 ZÜRCHER KANTONALBANK ZÜRICH NEST 3.Q.2014 RE. 611907-115843","","René Hägi","","","998","","","Inland","","2270 -- Verbindlichkeiten Sozialversicherungen und Vorsorgeeinrichtungen","5720 -- Berufliche Vorsorge","nein","23.11.2015",""
"28.11.2014","2896","K","PAYMENTID 19872172","","Inkolor.ch GmbH","57.85","0.00","57.85","57.85","28.11.2014","0.00","28.11.2014","","ONLINE-SHOPPING YELLOWPAY / ONLINE-SHOPPING WWW.INKOLOR.CH 27.11.2014 PAYMENTID 19872172","","René Hägi","","","14","","","Inland","","2000 -- Allgemeine Kreditoren","4000 -- Material-Einkauf","nein","24.11.2015",""
"02.12.2014","2953","K","Re Nr. 5209048","","green.ch ag","419.50","0.00","419.50","419.50","16.01.2015","0.00","02.01.2015","","","","René Hägi","","","012","","","Inland","","2000 -- Allgemeine Kreditoren","6511 -- Internet und Serverhousing","nein","10.12.2015",""
"08.12.2014","2901","K","PAYMENTID 20002525","","Post CH AG","200.00","0.00","200.00","200.00","08.12.2014","0.00","08.12.2014","","ONLINE-SHOPPING YELLOWPAY / ONLINE-SHOPPING WWW.POST.CH 08.12.2014 PAYMENTID 20002525","","René Hägi","","","927","","","Inland","","2000 -- Allgemeine Kreditoren","4000 -- Material-Einkauf","nein","24.11.2015",""
"11.12.2014","2902","K","rep300609027_20141212_p2106.pdf","","Post CH AG","20.00","0.00","20.00","20.00","11.12.2014","0.00","11.12.2014","","Kauf/Dienstleistung Poststelle Wipkingen","","René Hägi","","","927","","","Inland","","2000 -- Allgemeine Kreditoren","4000 -- Material-Einkauf","nein","24.11.2015",""
"18.12.2014","3296","R","307725328018","","Require IT Ltd.","134.58","0.00","134.58","134.58","18.12.2014","0.00","18.12.2014","","","","Andreas Rudin","","","1221","Grossbritannien","","Inland","","2000 -- Allgemeine Kreditoren","4000 -- Material-Einkauf","nein","31.03.2016","Position Artikelnummer Beschreibung Menge Einheit 1 P57 NEW 15.4"" WXGA+ N154C1-L02 Rev.C2 LCD SCREEN MATTE -1.00 Stck","Position","Artikelnummer","Beschreibung","Menge","Einheit","1","P57","NEW 15.4"" WXGA+ N154C1-L02 Rev.C2 LCD SCREEN MATTE","-1.00","Stck"
"Position","Artikelnummer","Beschreibung","Menge","Einheit"
"1","P57","NEW 15.4"" WXGA+ N154C1-L02 Rev.C2 LCD SCREEN MATTE","-1.00","Stck"
"22.12.2014","3297","R","552652432025","","AW Tech Group","156.47","0.00","156.47","156.47","22.12.2014","0.00","22.12.2014","","","","Andreas Rudin","","","1222","USA","","Inland","","2000 -- Allgemeine Kreditoren","4000 -- Material-Einkauf","nein","31.03.2016","Position Artikelnummer Beschreibung Menge Einheit 1 P45 Apple MacBook Pro A1226 Intel Logic Board 820-2101-A 2.2 GHz -1.00 Stck","Position","Artikelnummer","Beschreibung","Menge","Einheit","1","P45","Apple MacBook Pro A1226 Intel Logic Board 820-2101-A 2.2 GHz","-1.00","Stck"
"Position","Artikelnummer","Beschreibung","Menge","Einheit"
"1","P45","Apple MacBook Pro A1226 Intel Logic Board 820-2101-A 2.2 GHz","-1.00","Stck"
"23.12.2014","2137","K","9720638412","AU2014166","Post CH AG","34.80","0.00","34.80","34.80","24.12.2014","0.00","24.12.2014","","Verzollung und MWST zu Auftrag AU2014166: Verzollung 20.70 CHF Einfuhrsteuer 14.10 CHF Total: 34.80 CHF Verzollungsnummer: 2051342948 Sendungsnummer: 994019135616824784","","Andreas Rudin","","","927","","","Inland","","1141 -- Gutschriften von LieferantInnen","4000 -- Material-Einkauf","nein","24.12.2014",""
"24.12.2014","2952","K","RE Nr. 142560348","","Microspot.ch","77.90","0.00","77.90","77.90","16.01.2015","0.00","13.01.2015","","RE NR. 142560348 24. Dez 2014 Value Select DDR 3","","René Hägi","","","7","","","Inland","","2000 -- Allgemeine Kreditoren","4000 -- Material-Einkauf","nein","10.12.2015",""
"31.12.2014","2910","K","RE. 54908","","Init7 (Schweiz) AG","648.00","0.00","648.00","648.00","31.12.2014","0.00","31.12.2015","","E-FINANCE 01-2663-1 CREDIT SUISSE OERLIKON 8050 ZÜRICH INIT7 RE. 54908 JAN. BIS MÄRZ 2015","","René Hägi","","","13","CH","","Inland","","2000 -- Allgemeine Kreditoren","6511 -- Internet und Serverhousing","nein","24.11.2015",""
"31.12.2014","2914","K","rep300609027_20150101_p3527.pdf","","Post CH AG","4.70","0.00","4.70","4.70","31.12.2014","0.00","31.12.2014","","Preise für Einzahlungen am Postschalter","","René Hägi","","","927","","","Inland","","2000 -- Allgemeine Kreditoren","6700 -- Übriger Betriebsaufwand","nein","25.11.2015",""
"31.12.2014","2913","K","rep300609027_20150101_p3527.pdf","","Postfinance","11.70","0.00","11.70","11.70","31.12.2014","0.00","31.12.2014","","Zinsabschluss Jahr 2014 (negativer Zins)","","René Hägi","","","3","","","Inland","","2000 -- Allgemeine Kreditoren","6900 -- Kontospesen und Finanzaufwand","nein","25.11.2015",""
"31.12.2014","2911","K","RE. 615752-119709","","NEST","133.10","0.00","133.10","133.10","31.12.2014","0.00","31.12.2014","","E-FINANCE 01-200027-2 ZÜRCHER KANTONALBANK ZÜRICH NEST 4.Q.2014 RE. 615752-119709","","René Hägi","","","998","","","Inland","","2270 -- Verbindlichkeiten Sozialversicherungen und Vorsorgeeinrichtungen","5720 -- Berufliche Vorsorge","nein","24.11.2015",""
"04.01.2015","2949","K","RE Nr. 39148-S","","Backbone Solutions AG","300.00","0.00","300.00","300.00","05.01.2015","0.00","05.01.2015","","SIPCALL","","René Hägi","","","1006","CH","","Inland","","2000 -- Allgemeine Kreditoren","6510 -- Telefon","nein","10.12.2015",""
"05.01.2015","2988","K","RE Nr. 150032","","SWICO","270.00","0.00","270.00","270.00","08.04.2015","0.00","05.02.2015","","Mitgliedschaft 2.Semster 2014","","René Hägi","","","006","","","Inland","","2000 -- Allgemeine Kreditoren","6700 -- Übriger Betriebsaufwand","nein","15.12.2015",""
"08.01.2015","4116","R","29780057BE280610W","","AL-Solution","123.39","0.00","123.39","123.39","08.01.2015","0.00","08.01.2015","","","","Andreas Rudin","","","1517","D","","Inland","","2000 -- Allgemeine Kreditoren","4710 -- Transporte zu uns","nein","15.08.2017","Position Artikelnummer Beschreibung Menge Einheit 1 P57 Laptop-Ersatzteil neu HP 250 G2 Display 15,6"" 1366x768 LED matt -1.00 Stck … ⏷","Position","Artikelnummer","Beschreibung","Menge","Einheit","1","P57","Laptop-Ersatzteil neu HP 250 G2 Display 15,6"" 1366x768 LED matt","-1.00","Stck","2","D16","Versandspesen","-1.00","psch"
"Position","Artikelnummer","Beschreibung","Menge","Einheit"
"1","P57","Laptop-Ersatzteil neu HP 250 G2 Display 15,6"" 1366x768 LED matt","-1.00","Stck"
"2","D16","Versandspesen","-1.00","psch"
"08.01.2015","2951","K","rep300609027_20150108_p4589.pdf","","Post CH AG","31.80","0.00","31.80","31.80","08.01.2015","0.00","08.01.2015","","Kauf/Dienstleistung Poststelle Wipkingen","","René Hägi","","","927","","","Inland","","2000 -- Allgemeine Kreditoren","4000 -- Material-Einkauf","nein","10.12.2015",""
"12.01.2015","4166","K","6206B000","","Pusterla AG","4.00","0.00","4.00","4.00","12.01.2015","0.00","12.01.2015","","","","Andreas Rudin","","","1017","","","Inland","","2000 -- Allgemeine Kreditoren","4000 -- Material-Einkauf","nein","16.08.2017",""
"12.01.2015","4165","K","6292B000","","Pusterla AG","7.30","0.00","7.30","7.30","12.01.2015","0.00","12.01.2015","","","","Andreas Rudin","","","1017","","","Inland","","2000 -- Allgemeine Kreditoren","4000 -- Material-Einkauf","nein","16.08.2017",""
"13.01.2015","2165","K","9779175186","","Post CH AG","23.15","0.00","23.15","23.15","21.01.2015","0.00","13.01.2015","","Verzollung 14.35 Einfuhrsteuer 8.80","","Rolf Flühmann","","","927","","","Inland","","2000 -- Allgemeine Kreditoren","4000 -- Material-Einkauf","nein","21.01.2015",""
"13.01.2015","2156","K","01303485","","Jumbo","15.00","0.00","15.00","15.00","14.01.2015","0.00","14.01.2015","","Schraubenzieher: (Torx) 1x PB 400.8-60 : T 7.75 CHF 1x PB 400. 10-70 : T 7.25 CHF","","jairo Suarez","","","940","","","Inland","","2000 -- Allgemeine Kreditoren","6100 -- Werkzeuge, Unterhalt, Betriebsmaterial","nein","14.01.2015",""
"19.01.2015","4160","K","258-038008","","ZVV","4.30","0.00","4.30","4.30","19.01.2015","0.00","19.01.2015","","","","Andreas Rudin","","","1070","","","Inland","","2000 -- Allgemeine Kreditoren","6700 -- Übriger Betriebsaufwand","nein","16.08.2017",""
"19.01.2015","4161","K","258-038007","","ZVV","4.30","0.00","4.30","4.30","19.01.2015","0.00","19.01.2015","","","","Andreas Rudin","","","1070","","","Inland","","2000 -- Allgemeine Kreditoren","6700 -- Übriger Betriebsaufwand","nein","16.08.2017",""
"23.01.2015","2461","R","1418700774002","","A&A ComSys","601.58","0.00","601.58","601.58","23.01.2015","0.00","23.04.2015","","","Mobile: 0151 71 08 56 56","Andreas Rudin","","","1014","","","Inland","","2000 -- Allgemeine Kreditoren","4000 -- Material-Einkauf","nein","24.04.2015","Position Artikelnummer Beschreibung Menge Einheit 1 000194 Netzteil extern 19,5V 4,62A -66.00 Stck","Position","Artikelnummer","Beschreibung","Menge","Einheit","1","000194","Netzteil extern 19,5V 4,62A","-66.00","Stck"
"Position","Artikelnummer","Beschreibung","Menge","Einheit"
"1","000194","Netzteil extern 19,5V 4,62A","-66.00","Stck"
"27.01.2015","2955","K","RE NR. 8407586","","DHL","5.45","0.00","5.45","5.45","27.01.2015","0.00","27.01.2015","","Selbstabholung Paketdienst in 8005 Zürich","","René Hägi","","","993","","","Inland","","2000 -- Allgemeine Kreditoren","6700 -- Übriger Betriebsaufwand","nein","10.12.2015",""
"30.01.2015","2971","K","RE Nr. 7366693 l 27201192","","Post CH AG","24.00","0.00","24.00","24.00","02.03.2015","0.00","02.03.2015","","Rechnung für die Einrichtung und Nutzung der Dienstleistung Dauervollmacht","","René Hägi","","","927","","","Inland","","2000 -- Allgemeine Kreditoren","6700 -- Übriger Betriebsaufwand","nein","11.12.2015",""
"31.01.2015","2963","K","rep300609027_20150131_p3533.pdf","","Postfinance","2.35","0.00","2.35","2.35","31.01.2015","0.00","31.01.2015","","Preise für Einzahlungen am Postschalter","","René Hägi","","","3","","","Inland","","2000 -- Allgemeine Kreditoren","6700 -- Übriger Betriebsaufwand","nein","11.12.2015",""
"31.01.2015","2962","K","rep300609027_20150131_p3533.pdf","","Postfinance","60.00","0.00","60.00","60.00","31.01.2015","0.00","31.01.2015","","Preise für die Kontoführung Jahr 2014","","René Hägi","","","3","","","Inland","","2000 -- Allgemeine Kreditoren","6900 -- Kontospesen und Finanzaufwand","nein","11.12.2015",""
"03.02.2015","2973","K","Re Nr. 56279","","Init7 (Schweiz) AG","281.00","0.00","281.00","281.00","09.03.2015","0.00","09.03.2015","","","","René Hägi","","","13","CH","","Inland","","2000 -- Allgemeine Kreditoren","6511 -- Internet und Serverhousing","nein","11.12.2015",""
"04.02.2015","2964","K","rep300609027_20150204_p9281.pdf","","SBB","13.20","0.00","13.20","13.20","04.02.2015","0.00","04.02.2015","","Kauf/ Dienstleistung Zürich Hardbrücke","","René Hägi","","","1003","CH","","Inland","","2000 -- Allgemeine Kreditoren","4000 -- Material-Einkauf","nein","11.12.2015",""
"20.02.2015","4159","K","00015258/050500","","ZVV","8.60","0.00","8.60","8.60","20.02.2015","0.00","20.02.2015","","","","Andreas Rudin","","","1070","","","Inland","","2000 -- Allgemeine Kreditoren","6700 -- Übriger Betriebsaufwand","nein","16.08.2017",""
"23.02.2015","2966","K","rep300609027_20150223_p1963.pdf","","SBB","6.60","0.00","6.60","6.60","23.02.2015","0.00","23.02.2015","","Kauf/ Dienstleistung Zürich Hardbrücke","","René Hägi","","","1003","CH","","Inland","","2000 -- Allgemeine Kreditoren","4000 -- Material-Einkauf","nein","11.12.2015",""
"01.03.2015","2984","K","RE Nr. 56563","","Init7 (Schweiz) AG","648.00","0.00","648.00","648.00","08.04.2015","0.00","01.04.2015","","Rackspace April bis Juni 2015","","René Hägi","","","13","CH","","Inland","","2000 -- Allgemeine Kreditoren","6511 -- Internet und Serverhousing","nein","15.12.2015",""
"02.03.2015","2972","K","rep300609027_20150302_p2224.pdf","","DHL","35.45","0.00","35.45","35.45","02.03.2015","0.00","02.03.2015","","Import Projektor-Lampen","","René Hägi","","","993","","","Inland","","2000 -- Allgemeine Kreditoren","4710 -- Transporte zu uns","nein","11.12.2015",""
"09.03.2015","2974","K","rep300609027_20150309_p8810.pdf","","SBB","74.00","0.00","74.00","74.00","09.03.2015","0.00","09.03.2015","","Kauf/Dienstleistung Bhf. Dietikon","","René Hägi","","","1003","CH","","Inland","","2000 -- Allgemeine Kreditoren","4000 -- Material-Einkauf","nein","11.12.2015",""
"16.03.2015","2985","K","RE Nr. 57444","","Init7 (Schweiz) AG","1'017.00","0.00","1'017.00","1'017.00","08.04.2015","0.00","16.04.2015","","fixe IP Adresse Fiber 7 Jahresverrechnung","","René Hägi","","","13","CH","","Inland","","2000 -- Allgemeine Kreditoren","6511 -- Internet und Serverhousing","nein","15.12.2015",""
"18.03.2015","2255","K","R2015102","AU2015053","DHL","5.05","0.00","5.05","5.05","24.03.2015","0.00","25.03.2015","","","","Pietro Staeheli","","","993","","","Inland","","2000 -- Allgemeine Kreditoren","4000 -- Material-Einkauf","nein","25.03.2015",""
"18.03.2015","2254","K","R2015104","AU2015009","Sarl Orient Phone","18.22","0.00","18.22","18.22","17.03.2015","0.00","25.03.2015","","AU2015009","","Pietro Staeheli","","","992","Frankreich","","Inland","","2000 -- Allgemeine Kreditoren","4000 -- Material-Einkauf","nein","25.03.2015",""
"18.03.2015","2252","K","437442","AU2015053","IPC-Computer Deutschland GmbH","62.88","0.00","62.88","62.88","19.03.2015","0.00","18.03.2015","","AU2015053","","Pietro Staeheli","","","16","Deutschland","","Inland","","2000 -- Allgemeine Kreditoren","4000 -- Material-Einkauf","nein","25.03.2015",""
"18.03.2015","2247","K","Kassenbeleg","","coop","5.20","0.00","5.20","5.20","19.03.2015","0.00","19.03.2015","","","","Urs Sonderegger","","","17","","","Inland","","2000 -- Allgemeine Kreditoren","4000 -- Material-Einkauf","nein","19.03.2015",""
"01.04.2015","2981","K","rep300609027_20150407_p3976.pdf","","SBB","220.00","0.00","220.00","220.00","07.04.2015","0.00","07.04.2015","","Kauf / Dienstleistung Zürich HB","","René Hägi","","","1003","CH","","Inland","","2000 -- Allgemeine Kreditoren","4000 -- Material-Einkauf","nein","15.12.2015",""
"01.04.2015","2982","K","ORDERID 000000000001547552","","Switch","31.00","0.00","31.00","31.00","07.04.2015","0.00","07.04.2015","","KAUF/ONLINE SHOPPING VOM 01.04.2015 KARTEN NR. XXXX5807 SWITCH-TELEINFORMATIKDIENSTE NIC.SWITCH.CH TRANSACTIONID 3016241200169613 ORDERID 000000000001547552","","René Hägi","","","1024","","","Inland","","2000 -- Allgemeine Kreditoren","6511 -- Internet und Serverhousing","nein","15.12.2015",""
"09.04.2015","4141","K","9","","Richardson & Büren","83.52","0.00","83.52","83.52","09.04.2015","0.00","09.04.2015","","Teilnahmegebühren kivitendo-Treffen","","Andreas Rudin","","","1519","D","","Inland","","2000 -- Allgemeine Kreditoren","6600 -- Werbeaufwand","nein","16.08.2017",""
"10.04.2015","2997","K","RE Nr. BR 1.246 2015 0001","","SVA Zürich","40.00","0.00","40.00","40.00","30.04.2015","0.00","30.04.2015","","Mahnung Lohndekklaration","","René Hägi","","","010","","","Inland","","2270 -- Verbindlichkeiten Sozialversicherungen und Vorsorgeeinrichtungen","5700 -- AHV, IV, EO, ALV, FAK","nein","16.12.2015",""
"11.04.2015","4162","K","99.00.802100.01176179","","Post CH AG","9.00","0.00","9.00","9.00","11.04.2015","0.00","11.04.2015","","","","Andreas Rudin","","","927","","","Inland","","2000 -- Allgemeine Kreditoren","6700 -- Übriger Betriebsaufwand","nein","16.08.2017",""
"13.04.2015","2990","K","rep300609027_20150413_p0162.pdf","","SBB","6.60","0.00","6.60","6.60","13.04.2015","0.00","13.04.2015","","Kauf / Dienstleistung Zürich hardbrücke","","René Hägi","","","1003","CH","","Inland","","2000 -- Allgemeine Kreditoren","4000 -- Material-Einkauf","nein","15.12.2015",""
"13.04.2015","4163","K","98.00.802100.07322291","","Post CH AG","8.80","0.00","8.80","8.80","13.04.2015","0.00","13.04.2015","","","","Andreas Rudin","","","927","","","Inland","","2000 -- Allgemeine Kreditoren","6700 -- Übriger Betriebsaufwand","nein","16.08.2017",""
"14.04.2015","2345","K","unbekannt","","ZVV","17.20","0.00","17.20","17.20","14.04.2015","0.00","14.04.2015","","Tickets Pietro Stäheli Compirat Dietikon 10.04.2015 und 17.04.2015","","Pietro Staeheli","","","1070","","","Inland","","2000 -- Allgemeine Kreditoren","6700 -- Übriger Betriebsaufwand","nein","14.04.2015",""
"15.04.2015","4171","K","Tisch 36","","Restaurant Makiman","19.85","0.00","19.85","19.85","15.04.2015","0.00","15.04.2015","","Kivitendo-Treffen","","Andreas Rudin","","","1524","D","","Inland","","2000 -- Allgemeine Kreditoren","6700 -- Übriger Betriebsaufwand","nein","16.08.2017",""
"16.04.2015","4172","K","20366","","Bierhaus Machold","9.20","0.00","9.20","9.20","16.04.2015","0.00","16.04.2015","","kivitendo-Treffen","","Andreas Rudin","","","1525","","","Inland","","2000 -- Allgemeine Kreditoren","3800 -- Skonti, Rabatte, Preisnachlässe","nein","16.08.2017",""
"23.04.2015","4120","R","528473","","TDC Components GmbH","67.33","0.00","67.33","67.33","23.04.2015","0.00","23.04.2015","","","","Andreas Rudin","","","1518","D","","Inland","","2000 -- Allgemeine Kreditoren","4710 -- Transporte zu uns","nein","16.08.2017","Position Artikelnummer Beschreibung Menge Einheit 1 P57 Laptop-Ersatzteil neu: T005299: AU OPTRONIC, 39,6 cm (15-6"") WXGA HD Notebook LCD TFT Display -1.00 Stck … ⏷","Position","Artikelnummer","Beschreibung","Menge","Einheit","1","P57","Laptop-Ersatzteil neu: T005299: AU OPTRONIC, 39,6 cm (15-6"") WXGA HD Notebook LCD TFT Display","-1.00","Stck","2","D16","Versandspesen","-1.00","psch"
"Position","Artikelnummer","Beschreibung","Menge","Einheit"
"1","P57","Laptop-Ersatzteil neu: T005299: AU OPTRONIC, 39,6 cm (15-6"") WXGA HD Notebook LCD TFT Display","-1.00","Stck"
"2","D16","Versandspesen","-1.00","psch"
"28.04.2015","2476","K","ohne","ohne","Pusterla AG","8.75","0.00","8.75","8.75","28.04.2015","0.00","28.04.2015","","Einkauf Ibrahim Lötzubehör","","Pietro Staeheli","","","1017","","","Inland","","2000 -- Allgemeine Kreditoren","4000 -- Material-Einkauf","nein","28.04.2015",""
"30.04.2015","2998","K","rep300609027_20150430_p5799.pdf","","Post CH AG","1.80","0.00","1.80","1.80","30.04.2015","0.00","30.04.2015","","Preise für Einzahlungen am Postschalter","","René Hägi","","","927","","","Inland","","2000 -- Allgemeine Kreditoren","6700 -- Übriger Betriebsaufwand","nein","16.12.2015",""
"30.04.2015","3000","K","RE NR. 21575471","","Switch","62.00","0.00","62.00","62.00","02.05.2015","0.00","02.05.2015","","","","René Hägi","","","1024","","","Inland","","2000 -- Allgemeine Kreditoren","6511 -- Internet und Serverhousing","nein","16.12.2015",""
"02.05.2015","3001","K","RE Nr. 21592727","","Switch","15.50","0.00","15.50","15.50","03.05.2015","0.00","03.05.2015","","","","René Hägi","","","1024","","","Inland","","2000 -- Allgemeine Kreditoren","6511 -- Internet und Serverhousing","nein","16.12.2015",""
"05.05.2015","3040","K","RE Nr. 621768-125933","","NEST","421.20","0.00","421.20","421.20","03.08.2015","0.00","04.06.2015","","E-FINANCE 01-200027-2 ZÜRCHER KANTONALBANK ZÜRICH NEST 1.Q.2015 RE. 621768-125933","","René Hägi","","","998","","","Inland","","2270 -- Verbindlichkeiten Sozialversicherungen und Vorsorgeeinrichtungen","5720 -- Berufliche Vorsorge","nein","22.12.2015",""
"07.05.2015","3021","K","RE NR. 9535369058","","Conrad Electronic AG","48.85","0.00","48.85","48.85","22.06.2015","0.00","07.06.2015","","","","René Hägi","","","1020","Schweiz","","Inland","","2000 -- Allgemeine Kreditoren","4000 -- Material-Einkauf","nein","18.12.2015",""
"07.05.2015","3022","K","RE nr. 9533780781","","Conrad Electronic AG","19.30","0.00","19.30","19.30","22.06.2015","0.00","07.06.2015","","","","René Hägi","","","1020","Schweiz","","Inland","","2000 -- Allgemeine Kreditoren","4000 -- Material-Einkauf","nein","18.12.2015",""
"12.05.2015","3012","K","RE Nr. WEP2385781","","DHL","8.30","0.00","8.30","8.30","01.06.2015","0.00","19.05.2015","","Verzollungskosten","","René Hägi","","","993","","","Inland","","2000 -- Allgemeine Kreditoren","6700 -- Übriger Betriebsaufwand","nein","18.12.2015",""
"19.05.2015","3020","K","RE Nr. 9535466322","","Conrad Electronic AG","39.95","0.00","39.95","39.95","22.06.2015","0.00","19.06.2015","","","","René Hägi","","","1020","Schweiz","","Inland","","2000 -- Allgemeine Kreditoren","4000 -- Material-Einkauf","nein","18.12.2015",""
"20.05.2015","2566","R","5684681","390 9096/001","Distrelec","34.25","0.00","34.25","0.00","20.05.2015","34.25","20.06.2015","","","","Daniel Roth","","","11","","","Inland","","2000 -- Allgemeine Kreditoren","4000 -- Material-Einkauf","nein","27.05.2015","Position Artikelnummer Beschreibung Menge Einheit 1 P12 Alu Elko 2200 uF 6.3 VDC -100.00 Stck … ⏷","Position","Artikelnummer","Beschreibung","Menge","Einheit","1","P12","Alu Elko 2200 uF 6.3 VDC","-100.00","Stck","2","P12","Alu Elko 3300 uF 6.3 VDC","-1.00","Stck","3","D29","MWST","-1.00","psch"
"Position","Artikelnummer","Beschreibung","Menge","Einheit"
"1","P12","Alu Elko 2200 uF 6.3 VDC","-100.00","Stck"
"2","P12","Alu Elko 3300 uF 6.3 VDC","-1.00","Stck"
"3","D29","MWST","-1.00","psch"
"20.05.2015","3017","K","RE Nr. 5 684 681","","Distrelec","34.25","0.00","34.25","34.25","22.06.2015","0.00","20.06.2015","","","","René Hägi","","","11","","","Inland","","2000 -- Allgemeine Kreditoren","4000 -- Material-Einkauf","nein","18.12.2015",""
"21.05.2015","3006","K","rep300609027_20150521_p0916.pdf","","SBB","12.60","0.00","12.60","12.60","21.05.2015","0.00","21.05.2015","","KAUF/DIENSTLEISTUNG VOM 18.05.2015 KARTEN NR. XXXX5807 ZÜRICH HB SBB ZÜRICH HB","","René Hägi","","","1003","CH","","Inland","","2000 -- Allgemeine Kreditoren","4000 -- Material-Einkauf","nein","16.12.2015",""
"22.05.2015","3007","K","rep300609027_20150522_p9913.pdf","","SBB","6.60","0.00","6.60","6.60","22.05.2015","0.00","22.05.2015","","KAUF/DIENSTLEISTUNG VOM 19.05.2015 KARTEN NR. XXXX5807 ZÜRICH HARDBRÜCKE SBB ZÜRICH HARDBRÜCKE","","René Hägi","","","1003","CH","","Inland","","2000 -- Allgemeine Kreditoren","4000 -- Material-Einkauf","nein","16.12.2015",""
"28.05.2015","3013","K","rep300609027_20150601_p6922.pdf","","SBB","12.60","0.00","12.60","12.60","01.06.2015","0.00","01.06.2015","","","","René Hägi","","","1003","CH","","Inland","","2000 -- Allgemeine Kreditoren","4000 -- Material-Einkauf","nein","18.12.2015",""
"28.05.2015","4174","K","0246-07405","","ZVV","8.60","0.00","8.60","8.60","28.05.2015","0.00","28.05.2015","","","","Andreas Rudin","","","1070","","","Inland","","2000 -- Allgemeine Kreditoren","6700 -- Übriger Betriebsaufwand","nein","17.08.2017",""
"29.05.2015","4157","K","258-083446","","ZVV","6.60","0.00","6.60","6.60","29.05.2015","0.00","29.05.2015","","","","Andreas Rudin","","","1070","","","Inland","","2000 -- Allgemeine Kreditoren","6700 -- Übriger Betriebsaufwand","nein","16.08.2017",""
"29.05.2015","3043","K","RE Nr. BR1.246 2015 0002","","SVA Zürich","5'046.30","0.00","5'046.30","5'046.30","30.11.2015","0.00","19.06.2015","","Rechnung in 5 Raten","","René Hägi","","","010","","","Inland","","2270 -- Verbindlichkeiten Sozialversicherungen und Vorsorgeeinrichtungen","5700 -- AHV, IV, EO, ALV, FAK","nein","22.12.2015",""
"01.06.2015","3023","K","RE Nr. 58447","","Init7 (Schweiz) AG","648.00","0.00","648.00","648.00","24.06.2015","0.00","01.07.2015","","Juli bis September 2015 Rackspace","","René Hägi","","","13","CH","","Inland","","2000 -- Allgemeine Kreditoren","6511 -- Internet und Serverhousing","nein","18.12.2015",""
"02.06.2015","3024","K","RE Nr. 5261248","","green.ch ag","411.50","0.00","411.50","411.50","24.06.2015","0.00","02.07.2015","","","","René Hägi","","","012","","","Inland","","2000 -- Allgemeine Kreditoren","6511 -- Internet und Serverhousing","nein","18.12.2015",""
"06.06.2015","4175","K","0500-04320","","ZVV","8.60","0.00","8.60","8.60","06.06.2015","0.00","06.06.2015","","","","Andreas Rudin","","","1070","","","Inland","","2000 -- Allgemeine Kreditoren","6700 -- Übriger Betriebsaufwand","nein","17.08.2017",""
"09.06.2015","2582","R","707640/174","4","Tobler Electronic AG","94.70","0.00","94.70","94.70","22.06.2015","0.00","09.07.2015","","","","Pietro Staeheli","","","1031","","","Inland","","2000 -- Allgemeine Kreditoren","4000 -- Material-Einkauf","nein","10.06.2015","Position Artikelnummer Beschreibung Menge Einheit 1 P12 Kondensatoren 1800 uF 6.3V -100.00 Stck … ⏷","Position","Artikelnummer","Beschreibung","Menge","Einheit","1","P12","Kondensatoren 1800 uF 6.3V","-100.00","Stck","2","D29","Mehrwertsteuer","-1.00","psch","3","D29","Versandspesen","-1.00","psch"
"Position","Artikelnummer","Beschreibung","Menge","Einheit"
"1","P12","Kondensatoren 1800 uF 6.3V","-100.00","Stck"
"2","D29","Mehrwertsteuer","-1.00","psch"
"3","D29","Versandspesen","-1.00","psch"
"09.06.2015","2583","K","N/A","AU2015046","ZVV","17.20","0.00","17.20","17.20","10.06.2015","0.00","09.06.2015","","pstaeheli Billette Regensdorf 28.05.2015, 05.06.2015","","Pietro Staeheli","","","1070","","","Inland","","2000 -- Allgemeine Kreditoren","6700 -- Übriger Betriebsaufwand","nein","10.06.2015",""
"14.06.2015","4176","K","253-443554","","ZVV","4.30","0.00","4.30","4.30","14.06.2015","0.00","14.06.2015","","","","Andreas Rudin","","","1070","","","Inland","","2000 -- Allgemeine Kreditoren","6700 -- Übriger Betriebsaufwand","nein","17.08.2017",""
"18.06.2015","4173","K","1584/1592/1767","","BSVG/VRB","9.10","0.00","9.10","9.10","18.06.2015","0.00","18.06.2015","","3 Fahrkarten","","Andreas Rudin","","","1526","","","Inland","","2000 -- Allgemeine Kreditoren","6600 -- Werbeaufwand","nein","17.08.2017",""
"20.06.2015","4164","K","1012452269","","Chornlade","7.90","0.00","7.90","7.90","20.06.2015","0.00","20.06.2015","","","","Andreas Rudin","","","1380","","","Inland","","2000 -- Allgemeine Kreditoren","6100 -- Werkzeuge, Unterhalt, Betriebsmaterial","nein","16.08.2017",""
"29.06.2015","2592","R","4RK372824Y777884F","7","notebook spares","172.46","0.00","172.46","172.46","22.06.2015","0.00","29.06.2015","","","","Pietro Staeheli","","","1032","United Kingdom","","Inland","","2000 -- Allgemeine Kreditoren","4000 -- Material-Einkauf","nein","29.06.2015","Position Artikelnummer Beschreibung Menge Einheit 1 P57 Screen Samsung -1.00 Stck … ⏷","Position","Artikelnummer","Beschreibung","Menge","Einheit","1","P57","Screen Samsung","-1.00","Stck","2","P57","Screen Apple","-1.00","Stck"
"Position","Artikelnummer","Beschreibung","Menge","Einheit"
"1","P57","Screen Samsung","-1.00","Stck"
"2","P57","Screen Apple","-1.00","Stck"
"30.06.2015","3025","K","rep300609027_20150630_p7653.pdf","","Post CH AG","46.05","0.00","46.05","46.05","30.06.2015","0.00","30.06.2015","","Kauf / Dienstleistung Poststelle Wipkingen","","René Hägi","","","927","","","Inland","","2000 -- Allgemeine Kreditoren","4000 -- Material-Einkauf","nein","21.12.2015",""
"30.06.2015","3027","K","rep300609027_20150630_p7653.pdf","","Post CH AG","1.80","0.00","1.80","1.80","30.06.2015","0.00","30.06.2015","","Preise für Einzahlungen am Postschalter","","René Hägi","","","927","","","Inland","","2000 -- Allgemeine Kreditoren","6700 -- Übriger Betriebsaufwand","nein","21.12.2015",""
"06.07.2015","3048","K","RE Nr. 7763197","","Alltron AG","231.25","0.00","231.25","231.25","11.08.2015","0.00","20.07.2015","","","","René Hägi","","","013","","","Inland","","2000 -- Allgemeine Kreditoren","4000 -- Material-Einkauf","nein","23.12.2015",""
"06.07.2015","2600","R","L1213","8","Robin Cerny","40.00","0.00","40.00","40.00","06.07.2015","0.00","06.07.2015","","","","Max Stauffer","","","19","Schweiz","","Inland","","2000 -- Allgemeine Kreditoren","4000 -- Material-Einkauf","nein","06.07.2015","Position Artikelnummer Beschreibung Menge Einheit 1 P7 2GB Ram DDR2 SO-DIMM -2.00 Stck","Position","Artikelnummer","Beschreibung","Menge","Einheit","1","P7","2GB Ram DDR2 SO-DIMM","-2.00","Stck"
"Position","Artikelnummer","Beschreibung","Menge","Einheit"
"1","P7","2GB Ram DDR2 SO-DIMM","-2.00","Stck"
"07.07.2015","3030","K","RE NR. 22263766","","Switch","15.50","0.00","15.50","15.50","07.07.2015","0.00","07.07.2015","","ONLINE-SHOPPING YELLOWPAY / ONLINE-SHOPPING WWW.SWITCHPLUS.CH 06.07.2015 PAYMENTID 22263766","","René Hägi","","","1024","","","Inland","","2000 -- Allgemeine Kreditoren","6511 -- Internet und Serverhousing","nein","21.12.2015",""
"07.07.2015","3031","K","RE Nr. 22263800","","Switch","15.50","0.00","15.50","15.50","07.07.2015","0.00","07.07.2015","","ONLINE-SHOPPING YELLOWPAY / ONLINE-SHOPPING WWW.SWITCHPLUS.CH 06.07.2015 PAYMENTID 22263800","","René Hägi","","","1024","","","Inland","","2000 -- Allgemeine Kreditoren","6511 -- Internet und Serverhousing","nein","21.12.2015",""
"07.07.2015","4140","K","216","","Richardson & Büren","848.64","0.00","848.64","848.64","07.07.2015","0.00","07.08.2015","","Beitrag kivitendo-Partnerschaft","","Andreas Rudin","","","1519","D","","Inland","","2000 -- Allgemeine Kreditoren","6600 -- Werbeaufwand","nein","16.08.2017",""
"08.07.2015","3036","K","RE Nr. 675534","","Switch","46.50","0.00","46.50","46.50","28.07.2015","0.00","07.08.2015","","ONLINE-SHOPPING YELLOWPAY / ONLINE-SHOPPING WWW.SWITCHPLUS.CH 27.07.2015 PAYMENTID 22466061","","René Hägi","","","1024","","","Inland","","2000 -- Allgemeine Kreditoren","6511 -- Internet und Serverhousing","nein","22.12.2015",""
"09.07.2015","4169","K","#2694","","Schliesstechnik ZH GmbH","20.00","0.00","20.00","20.00","09.07.2015","0.00","09.07.2015","","","","Andreas Rudin","","","1522","","","Inland","","2000 -- Allgemeine Kreditoren","6100 -- Werkzeuge, Unterhalt, Betriebsmaterial","nein","16.08.2017",""
"14.07.2015","2620","R","48F34138VP351392C","10","derakku.com","39.24","0.00","39.24","39.24","14.07.2015","0.00","14.07.2015","","","Händler: Tang Tao www.derakku.com","Max Stauffer","","","1043","Schweiz","","Inland","","2000 -- Allgemeine Kreditoren","4000 -- Material-Einkauf","nein","14.07.2015","Position Artikelnummer Beschreibung Menge Einheit 1 P79 5200mAh Ersatz-Akku für ACER BATBL50L6 -1.00 Stck","Position","Artikelnummer","Beschreibung","Menge","Einheit","1","P79","5200mAh Ersatz-Akku für ACER BATBL50L6","-1.00","Stck"
"Position","Artikelnummer","Beschreibung","Menge","Einheit"
"1","P79","5200mAh Ersatz-Akku für ACER BATBL50L6","-1.00","Stck"
"15.07.2015","2604","R","67745533711093","9","SZ MacShop008 Electronic Technology Co., Ltd","150.00","0.00","150.00","150.00","15.06.2015","0.00","15.07.2015","","","","Max Stauffer","","","1033","China","","Außerhalb EU","","2000 -- Allgemeine Kreditoren","4000 -- Material-Einkauf","nein","08.07.2015","Position Artikelnummer Beschreibung Menge Einheit 1 P57 13"" A1342 2009 2010 Top Case Palmrest & Keyboard Fr original for Macbook -1.00 Stck","Position","Artikelnummer","Beschreibung","Menge","Einheit","1","P57","13"" A1342 2009 2010 Top Case Palmrest & Keyboard Fr original for Macbook","-1.00","Stck"
"Position","Artikelnummer","Beschreibung","Menge","Einheit"
"1","P57","13"" A1342 2009 2010 Top Case Palmrest & Keyboard Fr original for Macbook","-1.00","Stck"
"21.07.2015","3034","K","RE Nr.3712203","","Digitec","17.90","0.00","17.90","17.90","21.07.2015","0.00","21.07.2015","","KAUF/DIENSTLEISTUNG VOM 21.07.2015 KARTEN NR. XXXX5807 GALAXUS (SCHWEIZ) AG ZÜRICH","","René Hägi","","","001","","","Inland","","2000 -- Allgemeine Kreditoren","4000 -- Material-Einkauf","nein","21.12.2015",""
"22.07.2015","3187","R","68293506381093","","Topstar Technology Co. Ltd.","138.90","0.00","138.90","138.90","22.07.2015","0.00","22.07.2015","","","Shop bei Ali Express","Andreas Rudin","","","29","China","","Inland","","2000 -- Allgemeine Kreditoren","4000 -- Material-Einkauf","nein","10.02.2016","Position Artikelnummer Beschreibung Menge Einheit 1 P48 Mainboard Occasion BM5146 für Lenovo Q180 US$ 140.40 -1.00 Stck … ⏷","Position","Artikelnummer","Beschreibung","Menge","Einheit","1","P48","Mainboard Occasion BM5146 für Lenovo Q180 US$ 140.40","-1.00","Stck","2","D29","Spesen Kreditkarte","-1.00","psch"
"Position","Artikelnummer","Beschreibung","Menge","Einheit"
"1","P48","Mainboard Occasion BM5146 für Lenovo Q180 US$ 140.40","-1.00","Stck"
"2","D29","Spesen Kreditkarte","-1.00","psch"
"23.07.2015","2748","R","5755270","","Distrelec","3.75","0.00","3.75","0.30","05.10.2015","3.45","21.08.2015","","","","Andreas Rudin","","","11","","","Inland","","2000 -- Allgemeine Kreditoren","5000 -- Löhne und Gehälter","nein","02.10.2015","Position Artikelnummer Beschreibung Menge Einheit 1 P12 KMG6.3VB22000M, Alu-Elko 22000 µF 6.3VDC, Art-Nummer 802560 -1.00 Stck … ⏷","Position","Artikelnummer","Beschreibung","Menge","Einheit","1","P12","KMG6.3VB22000M, Alu-Elko 22000 µF 6.3VDC, Art-Nummer 802560","-1.00","Stck","2","D29","MWST","-1.00","psch"
"Position","Artikelnummer","Beschreibung","Menge","Einheit"
"1","P12","KMG6.3VB22000M, Alu-Elko 22000 µF 6.3VDC, Art-Nummer 802560","-1.00","Stck"
"2","D29","MWST","-1.00","psch"
"24.07.2015","3188","R","TGU369685482","","DP-Tech GmbH","26.65","0.00","26.65","26.65","24.07.2015","0.00","24.07.2015","","","","Andreas Rudin","","","30","Deutschland","","Inland","","2000 -- Allgemeine Kreditoren","4710 -- Transporte zu uns","nein","10.02.2016","Position Artikelnummer Beschreibung Menge Einheit 1 P79 Ersatzakku neu für Laptop MTEC Akku Batterie für Acer AS07B31 AS07B32 AS07B41 AS07B42 AS07B51 4400mAh Artikelnr. 391180454921 -1.00 Stck … ⏷","Position","Artikelnummer","Beschreibung","Menge","Einheit","1","P79","Ersatzakku neu für Laptop MTEC Akku Batterie für Acer AS07B31 AS07B32 AS07B41 AS07B42 AS07B51 4400mAh Artikelnr. 391180454921","-1.00","Stck","2","D16","Versandspesen","-1.00","psch"
"Position","Artikelnummer","Beschreibung","Menge","Einheit"
"1","P79","Ersatzakku neu für Laptop MTEC Akku Batterie für Acer AS07B31 AS07B32 AS07B41 AS07B42 AS07B51 4400mAh Artikelnr. 391180454921","-1.00","Stck"
"2","D16","Versandspesen","-1.00","psch"
"25.07.2015","3035","K","RE Nr. 22436564","","Switch","15.50","0.00","15.50","15.50","25.07.2015","0.00","25.07.2015","","ONLINE-SHOPPING YELLOWPAY / ONLINE-SHOPPING WWW.SWITCHPLUS.CH 24.07.2015 PAYMENTID 22436564","","René Hägi","","","1024","","","Inland","","2000 -- Allgemeine Kreditoren","6511 -- Internet und Serverhousing","nein","21.12.2015",""
"27.07.2015","2642","R","53812077C8773824X","251825277857","Homes Deco Ltd.","21.50","0.00","21.50","21.50","27.07.2015","0.00","27.07.2015","","","","Pietro Staeheli","","","1044","England","","Inland","","2000 -- Allgemeine Kreditoren","4000 -- Material-Einkauf","nein","27.07.2015","Position Artikelnummer Beschreibung Menge Einheit 1 P57 Laptop-Ersatzteil neu -1.00 Stck","Position","Artikelnummer","Beschreibung","Menge","Einheit","1","P57","Laptop-Ersatzteil neu","-1.00","Stck"
"Position","Artikelnummer","Beschreibung","Menge","Einheit"
"1","P57","Laptop-Ersatzteil neu","-1.00","Stck"
"31.07.2015","3037","K","rep300609027_20150731_p4297.pdf","","Post CH AG","2.35","0.00","2.35","2.35","31.07.2015","0.00","31.07.2015","","Preise für Einzahlungen am Postschalter","","René Hägi","","","927","","","Inland","","2000 -- Allgemeine Kreditoren","6700 -- Übriger Betriebsaufwand","nein","22.12.2015",""
"04.08.2015","3045","K","rep300609027_20150804_p8118.pdf","","SBB","8.60","0.00","8.60","8.60","04.08.2015","0.00","04.08.2015","","Bülach SBB","","René Hägi","","","1003","CH","","Inland","","2000 -- Allgemeine Kreditoren","4000 -- Material-Einkauf","nein","22.12.2015",""
"04.08.2015","3044","K","rep300609027_20150804_p8118.pdf","","SBB","8.60","0.00","8.60","8.60","04.08.2015","0.00","04.08.2015","","Zürich HB SBB","","René Hägi","","","1003","CH","","Inland","","2000 -- Allgemeine Kreditoren","4000 -- Material-Einkauf","nein","22.12.2015",""
"11.08.2015","2701","R","RN233419","","Laptiptop e.K","86.35","0.00","86.35","86.35","11.08.2015","0.00","11.08.2015","","","","Abdelhak Khallef","","","25","Deutschland","","Inland","","2000 -- Allgemeine Kreditoren","4000 -- Material-Einkauf","nein","25.08.2015","Position Artikelnummer Beschreibung Menge Einheit 1 P57 LED156GL 127 LED Display 15,6"" (glänzend) Acer Aspire -1.00 Stck … ⏷","Position","Artikelnummer","Beschreibung","Menge","Einheit","1","P57","LED156GL 127 LED Display 15,6"" (glänzend) Acer Aspire","-1.00","Stck","2","D29","Spesen Kreditkarte","-1.00","psch"
"Position","Artikelnummer","Beschreibung","Menge","Einheit"
"1","P57","LED156GL 127 LED Display 15,6"" (glänzend) Acer Aspire","-1.00","Stck"
"2","D29","Spesen Kreditkarte","-1.00","psch"
"17.08.2015","2697","R","2-211-26700","","FedEx","30.45","0.00","30.45","30.45","11.09.2015","0.00","24.08.2015","","<p>&nbsp; 6.70 CHF&nbsp; MWST</p><p>22.00 CHF&nbsp; Frais Administratifs<br />&nbsp; 1.75 CHF&nbsp; 8% MWST<br />30.45 CHF&nbsp; Total</p>","","Andreas Rudin","","","1071","","","Inland","","2000 -- Allgemeine Kreditoren","5000 -- Löhne und Gehälter","nein","24.08.2015","Position Artikelnummer Beschreibung Menge Einheit 1 D29 Importspesen Auftrag AU2015149 Trosdel Suzanne -1.00 psch","Position","Artikelnummer","Beschreibung","Menge","Einheit","1","D29","Importspesen Auftrag AU2015149 Trosdel Suzanne","-1.00","psch"
"Position","Artikelnummer","Beschreibung","Menge","Einheit"
"1","D29","Importspesen Auftrag AU2015149 Trosdel Suzanne","-1.00","psch"
"19.08.2015","2694","R","0002978","","Interdiscount","21.95","0.00","21.95","21.95","19.08.2015","0.00","19.08.2015","","","Beleg: 0002978","Daniel Roth","","","23","","","Inland","","2000 -- Allgemeine Kreditoren","4000 -- Material-Einkauf","nein","24.08.2015","Position Artikelnummer Beschreibung Menge Einheit 1 P21 Tintenpatrone HP 364 XL Cyan CB323E -1.00 Stck","Position","Artikelnummer","Beschreibung","Menge","Einheit","1","P21","Tintenpatrone HP 364 XL Cyan CB323E","-1.00","Stck"
"Position","Artikelnummer","Beschreibung","Menge","Einheit"
"1","P21","Tintenpatrone HP 364 XL Cyan CB323E","-1.00","Stck"
"20.08.2015","2693","K","0225-05251-20080831","","ZVV","8.60","0.00","8.60","8.60","24.08.2015","0.00","20.08.2015","","pstaeheli 20.08.2015 Compirat Dietikon AU2015144","","Pietro Staeheli","","","1070","","","Inland","","2000 -- Allgemeine Kreditoren","6700 -- Übriger Betriebsaufwand","nein","24.08.2015",""
"20.08.2015","2706","R","0225-05252-20080831","","ZVV","8.60","0.00","8.60","8.60","27.08.2015","0.00","20.08.2015","","","Zürcher Verkehrsverbund","Urs Sonderegger","","","1070","","","Inland","","2000 -- Allgemeine Kreditoren","5000 -- Löhne und Gehälter","nein","27.08.2015","Position Artikelnummer Beschreibung Menge Einheit 1 D11 Reisespesen Billet Zürich - Dietikon 24 Stunden -1.00 psch","Position","Artikelnummer","Beschreibung","Menge","Einheit","1","D11","Reisespesen Billet Zürich - Dietikon 24 Stunden","-1.00","psch"
"Position","Artikelnummer","Beschreibung","Menge","Einheit"
"1","D11","Reisespesen Billet Zürich - Dietikon 24 Stunden","-1.00","psch"
"24.08.2015","3179","K","RE nr. 623963-128134","","NEST","631.80","0.00","631.80","631.80","24.08.2015","0.00","24.08.2015","","E-FINANCE 01-200027-2 ZÜRCHER KANTONALBANK ZÜRICH NEST 2.Q.2015 RE. 623963-128134","","René Hägi","","","998","","","Inland","","2270 -- Verbindlichkeiten Sozialversicherungen und Vorsorgeeinrichtungen","5720 -- Berufliche Vorsorge","nein","09.02.2016",""
"25.08.2015","3065","K","RG32054","","Swiss Tonerrecycling Ltd.","147.70","0.00","147.70","147.70","11.09.2015","0.00","25.08.2015","","","","René Hägi","","","1073","","","Inland","","2000 -- Allgemeine Kreditoren","4000 -- Material-Einkauf","nein","07.01.2016",""
"31.08.2015","3062","K","rep300609027_20150831_p0843.pdf","","Post CH AG","2.35","0.00","2.35","2.35","31.08.2015","0.00","31.08.2015","","Preise für Einzahlungen am Postschalter","","René Hägi","","","927","","","Inland","","2000 -- Allgemeine Kreditoren","6700 -- Übriger Betriebsaufwand","nein","06.01.2016",""
"01.09.2015","3081","K","RE NR. 60925","","Init7 (Schweiz) AG","648.00","0.00","648.00","648.00","14.10.2015","0.00","01.10.2015","","Oktober bis Dezember 2015","","René Hägi","","","13","CH","","Inland","","2000 -- Allgemeine Kreditoren","6511 -- Internet und Serverhousing","nein","13.01.2016",""
"01.09.2015","3063","K","rep300609027_20150901_p3070.pdf","","Allianz Suisse","83.80","0.00","83.80","83.80","01.09.2015","0.00","01.09.2015","","ALLIANZ Suisse","","René Hägi","","","1012","","","Inland","","2000 -- Allgemeine Kreditoren","6300 -- Betriebsversicherungen","nein","06.01.2016",""
"03.09.2015","3190","R","69088956691093","","SHENZHEN PKCELL BATTERY CO. LTD","22.20","0.00","22.20","22.20","03.09.2015","0.00","03.09.2015","","","","Andreas Rudin","","","1178","China","","Inland","","2000 -- Allgemeine Kreditoren","5000 -- Löhne und Gehälter","nein","10.02.2016","Position Artikelnummer Beschreibung Menge Einheit 1 000784 CR2032 -250.00 Stck … ⏷","Position","Artikelnummer","Beschreibung","Menge","Einheit","1","000784","CR2032","-250.00","Stck","2","D29","Spesen Kreditkarte","-1.00","psch"
"Position","Artikelnummer","Beschreibung","Menge","Einheit"
"1","000784","CR2032","-250.00","Stck"
"2","D29","Spesen Kreditkarte","-1.00","psch"
"03.09.2015","3083","K","rep300609027_20150903_p2765.pdf","","SBB","6.30","0.00","6.30","6.30","03.09.2015","0.00","03.09.2015","","Bahnhof Winterthur","","René Hägi","","","1003","CH","","Inland","","2000 -- Allgemeine Kreditoren","4000 -- Material-Einkauf","nein","14.01.2016",""
"04.09.2015","3084","K","rep300609027_20150904_p6013.pdf","","SBB","6.30","0.00","6.30","6.30","04.09.2015","0.00","04.09.2015","","Zürich Hardbrücke SBB","","René Hägi","","","1003","CH","","Inland","","2000 -- Allgemeine Kreditoren","4000 -- Material-Einkauf","nein","14.01.2016",""
"07.09.2015","4158","K","258-103471","","ZVV","3.30","0.00","3.30","3.30","07.09.2015","0.00","07.09.2015","","","","Andreas Rudin","","","1070","","","Inland","","2000 -- Allgemeine Kreditoren","6700 -- Übriger Betriebsaufwand","nein","16.08.2017",""
"09.09.2015","3202","R","AG15066066","12","akku-handel.ch gmbh","91.80","0.00","91.80","91.80","17.09.2015","0.00","09.09.2015","","","","Andreas Rudin","","","1079","","","Inland","","2000 -- Allgemeine Kreditoren","4710 -- Transporte zu uns","nein","10.02.2016","Position Artikelnummer Beschreibung Menge Einheit 1 P79 Ersatzakku neu für Laptop N24520-E, Akku für HP 620 11,1V 8400mAh Li-Ion -1.00 Stck … ⏷","Position","Artikelnummer","Beschreibung","Menge","Einheit","1","P79","Ersatzakku neu für Laptop N24520-E, Akku für HP 620 11,1V 8400mAh Li-Ion","-1.00","Stck","2","D16","Versandspesen","-1.00","psch"
"Position","Artikelnummer","Beschreibung","Menge","Einheit"
"1","P79","Ersatzakku neu für Laptop N24520-E, Akku für HP 620 11,1V 8400mAh Li-Ion","-1.00","Stck"
"2","D16","Versandspesen","-1.00","psch"
"29.09.2015","2751","R","CA15079797","CA15079797","akku-handel.ch gmbh","98.80","0.00","98.80","98.80","08.10.2015","0.00","29.09.2015","","","30.09.2015: Auftragsbestätigung per Mail erhalten","Andreas Rudin","","","1079","","","Inland","","2000 -- Allgemeine Kreditoren","4000 -- Material-Einkauf","nein","02.10.2015","Position Artikelnummer Beschreibung Menge Einheit 1 P79 Akku für Typ HSTNN−C54C 7800mAh 10,8V, 7800mAh/84WhAkku für Typ HSTNN−C54C 7800mAh 10,8V, 7800mAh/84Wh, Li−Ion, Schwarz, 204mm x 57mm x 40mm, Powery N2CQ35−E -1.00 Stck … ⏷","Position","Artikelnummer","Beschreibung","Menge","Einheit","1","P79","Akku für Typ HSTNN−C54C 7800mAh 10,8V, 7800mAh/84WhAkku für Typ HSTNN−C54C 7800mAh 10,8V, 7800mAh/84Wh, Li−Ion, Schwarz, 204mm x 57mm x 40mm, Powery N2CQ35−E","-1.00","Stck","2","D16","Versandspesen","-1.00","psch"
"Position","Artikelnummer","Beschreibung","Menge","Einheit"
"1","P79","Akku für Typ HSTNN−C54C 7800mAh 10,8V, 7800mAh/84WhAkku für Typ HSTNN−C54C 7800mAh 10,8V, 7800mAh/84Wh, Li−Ion, Schwarz, 204mm x 57mm x 40mm, Powery N2CQ35−E","-1.00","Stck"
"2","D16","Versandspesen","-1.00","psch"
"30.09.2015","3067","K","rep300609027_20150930_p8646.pdf","","Post CH AG","7.40","0.00","7.40","7.40","30.09.2015","0.00","30.09.2015","","Preise für Einzahlungen am Postschalter","","René Hägi","","","927","","","Inland","","2000 -- Allgemeine Kreditoren","6700 -- Übriger Betriebsaufwand","nein","07.01.2016",""
"05.10.2015","2763","R","21071828,21103696","","ZVV","17.20","0.00","17.20","17.20","13.10.2015","0.00","13.10.2015","","<p>pstaeheli 05.10.2015</p><p>Vogelsang Winterthur</p>","Zürcher Verkehrsverbund","Pietro Staeheli","","","1070","","","Inland","","2000 -- Allgemeine Kreditoren","5000 -- Löhne und Gehälter","nein","13.10.2015","Position Artikelnummer Beschreibung Menge Einheit 1 D11 Reisespesen -2.00 psch","Position","Artikelnummer","Beschreibung","Menge","Einheit","1","D11","Reisespesen","-2.00","psch"
"Position","Artikelnummer","Beschreibung","Menge","Einheit"
"1","D11","Reisespesen","-2.00","psch"
"06.10.2015","3082","K","RE NR. 5 836 200","","Distrelec","183.05","0.00","183.05","183.05","14.10.2015","0.00","06.11.2015","","","","René Hägi","","","11","","","Inland","","2000 -- Allgemeine Kreditoren","4000 -- Material-Einkauf","nein","13.01.2016",""
"08.10.2015","3105","K","RE Nr. TCH314323","","TonerPartner International AG","21.70","0.00","21.70","21.70","17.11.2015","0.00","22.10.2015","","Bestellung Toner AU 2015187","","René Hägi","","","27","Schweiz","","Inland","","2000 -- Allgemeine Kreditoren","4000 -- Material-Einkauf","nein","20.01.2016",""
"13.10.2015","3091","K","RE Nr. 5 844 108","412 9869/002","Distrelec","27.00","0.00","27.00","27.00","16.10.2015","0.00","13.10.2015","","","","René Hägi","","","11","","","Inland","","2000 -- Allgemeine Kreditoren","4000 -- Material-Einkauf","nein","18.01.2016",""
"15.10.2015","4167","K","5847B000","","Pusterla AG","5.80","0.00","5.80","5.80","15.10.2015","0.00","15.10.2015","","","","Andreas Rudin","","","1017","","","Inland","","2000 -- Allgemeine Kreditoren","4000 -- Material-Einkauf","nein","16.08.2017",""
"22.10.2015","3102","K","RE Nr. RG32757","","Bürotechnik Kempf Gmbh","246.00","0.00","246.00","246.00","16.11.2015","0.00","27.10.2015","","Toner-Patrone LaserJet","","René Hägi","","","1011","CH","","Inland","","2000 -- Allgemeine Kreditoren","4000 -- Material-Einkauf","nein","20.01.2016",""
"23.10.2015","3116","K","RE Nr. 627145-131351","","NEST","395.40","0.00","395.40","395.40","30.11.2015","0.00","22.11.2015","","3 Quartal","","René Hägi","","","998","","","Inland","","2270 -- Verbindlichkeiten Sozialversicherungen und Vorsorgeeinrichtungen","5720 -- Berufliche Vorsorge","nein","25.01.2016",""
"24.10.2015","4156","K","3017-12466","","ZVV","4.30","0.00","4.30","4.30","24.10.2015","0.00","24.10.2015","","","","Andreas Rudin","","","1070","","","Inland","","2000 -- Allgemeine Kreditoren","6700 -- Übriger Betriebsaufwand","nein","16.08.2017",""
"26.10.2015","2797","R","02250805826100853","","ZVV","17.20","0.00","17.20","17.20","06.11.2015","0.00","26.10.2015","","","Zürcher Verkehrsverbund","Pietro Staeheli","","","1070","","","Inland","","2000 -- Allgemeine Kreditoren","5000 -- Löhne und Gehälter","nein","06.11.2015","Position Artikelnummer Beschreibung Menge Einheit 1 D11 Reisespesen -1.00 psch","Position","Artikelnummer","Beschreibung","Menge","Einheit","1","D11","Reisespesen","-1.00","psch"
"Position","Artikelnummer","Beschreibung","Menge","Einheit"
"1","D11","Reisespesen","-1.00","psch"
"27.10.2015","3092","K","rep300609027_20151027_p5044.pdf","","Post CH AG","18.50","0.00","18.50","18.50","27.10.2015","0.00","27.10.2015","","Kauf / Dienstleistung Poststelle Sihlpost","","René Hägi","","","927","","","Inland","","2000 -- Allgemeine Kreditoren","4000 -- Material-Einkauf","nein","18.01.2016",""
"28.10.2015","3093","K","rep300609027_20151028_p1441.pdf","","SBB","8.60","0.00","8.60","8.60","28.10.2015","0.00","28.10.2015","","Kauf / Dienstleistung Zürich HB","","René Hägi","","","1003","CH","","Inland","","2000 -- Allgemeine Kreditoren","4000 -- Material-Einkauf","nein","18.01.2016",""
"29.10.2015","3205","R","1578547","","Trade Shop","39.15","0.00","39.15","39.15","29.10.2015","0.00","29.10.2015","","","","Andreas Rudin","","","1179","","","Inland","","2000 -- Allgemeine Kreditoren","4000 -- Material-Einkauf","nein","10.02.2016","Position Artikelnummer Beschreibung Menge Einheit 1 P79 Ersatzakku neu für Laptop AKKU HP HSTNN-UB33 HSTNN-IB34 EV087AA EX942AA DV-Serie -1.00 Stck","Position","Artikelnummer","Beschreibung","Menge","Einheit","1","P79","Ersatzakku neu für Laptop AKKU HP HSTNN-UB33 HSTNN-IB34 EV087AA EX942AA DV-Serie","-1.00","Stck"
"Position","Artikelnummer","Beschreibung","Menge","Einheit"
"1","P79","Ersatzakku neu für Laptop AKKU HP HSTNN-UB33 HSTNN-IB34 EV087AA EX942AA DV-Serie","-1.00","Stck"
"29.10.2015","3165","R","389259","","XT-Tec Ltd.","44.50","0.00","44.50","44.50","29.10.2015","0.00","29.10.2015","","","Paypal-Konto: payment@batteryltd.net","Andreas Rudin","","","28","China","","Inland","","2000 -- Allgemeine Kreditoren","4000 -- Material-Einkauf","nein","07.02.2016","Position Artikelnummer Beschreibung Menge Einheit 1 P79 Ersatzakku neu für Laptop 6600mAh Ersatz-Akku für HP 593572-001 Artikelnummer AKK17-NHP092 -1.00 Stck … ⏷","Position","Artikelnummer","Beschreibung","Menge","Einheit","1","P79","Ersatzakku neu für Laptop 6600mAh Ersatz-Akku für HP 593572-001 Artikelnummer AKK17-NHP092","-1.00","Stck","2","D16","Versandspesen","-1.00","psch","3","D29","Rundungsdifferenz","-1.00","psch"
"Position","Artikelnummer","Beschreibung","Menge","Einheit"
"1","P79","Ersatzakku neu für Laptop 6600mAh Ersatz-Akku für HP 593572-001 Artikelnummer AKK17-NHP092","-1.00","Stck"
"2","D16","Versandspesen","-1.00","psch"
"3","D29","Rundungsdifferenz","-1.00","psch"
"29.10.2015","3166","R","70268673681093","","ChuangShengDa Technology Co.,Ltd","69.75","0.00","69.75","69.75","20.10.2015","0.00","29.10.2015","","","AliExpress Shop","Andreas Rudin","","","1175","China","","Inland","","2000 -- Allgemeine Kreditoren","4000 -- Material-Einkauf","nein","07.02.2016","Position Artikelnummer Beschreibung Menge Einheit 1 P57 Laptop Ersatzteil neu: motherboard für hp 4520s 4525s 4720s 613211-001 -1.00 Stck","Position","Artikelnummer","Beschreibung","Menge","Einheit","1","P57","Laptop Ersatzteil neu: motherboard für hp 4520s 4525s 4720s 613211-001","-1.00","Stck"
"Position","Artikelnummer","Beschreibung","Menge","Einheit"
"1","P57","Laptop Ersatzteil neu: motherboard für hp 4520s 4525s 4720s 613211-001","-1.00","Stck"
"30.10.2015","4155","K","841056","","Café Zähringer","82.20","0.00","82.20","82.20","30.10.2015","0.00","30.10.2015","","kivitendo-Treffen","","Andreas Rudin","","","1521","","","Inland","","2000 -- Allgemeine Kreditoren","6600 -- Werbeaufwand","nein","16.08.2017",""
"03.11.2015","3167","R","1154587532003","","JK Computer Parts","94.85","0.00","94.85","94.85","03.11.2015","0.00","03.11.2015","","","Ebay Shop","Andreas Rudin","","","1176","USA","","Inland","","2000 -- Allgemeine Kreditoren","4710 -- Transporte zu uns","nein","07.02.2016","Position Artikelnummer Beschreibung Menge Einheit 1 P14 Mainboard neu: ACER ASPIRE 5232 5241 5541 5541G LAPTOP MOTHERBOARD MB.N3602.001 MBN3602001 Artikelnummer 131115155656 (48 US$) -1.00 Stck … ⏷","Position","Artikelnummer","Beschreibung","Menge","Einheit","1","P14","Mainboard neu: ACER ASPIRE 5232 5241 5541 5541G LAPTOP MOTHERBOARD MB.N3602.001 MBN3602001 Artikelnummer 131115155656 (48 US$)","-1.00","Stck","2","D16","Versandspesen (45 US$)","-1.00","psch"
"Position","Artikelnummer","Beschreibung","Menge","Einheit"
"1","P14","Mainboard neu: ACER ASPIRE 5232 5241 5541 5541G LAPTOP MOTHERBOARD MB.N3602.001 MBN3602001 Artikelnummer 131115155656 (48 US$)","-1.00","Stck"
"2","D16","Versandspesen (45 US$)","-1.00","psch"
"03.11.2015","2796","R","7558B000","","Pusterla AG","19.90","0.00","19.90","19.90","05.11.2015","0.00","03.11.2015","","","","Robin Cerny","","","1017","","","Inland","","2000 -- Allgemeine Kreditoren","4000 -- Material-Einkauf","nein","05.11.2015","Position Artikelnummer Beschreibung Menge Einheit 1 P80 Entlötpumpe Deluxe, LSP100Q -1.00 Stck","Position","Artikelnummer","Beschreibung","Menge","Einheit","1","P80","Entlötpumpe Deluxe, LSP100Q","-1.00","Stck"
"Position","Artikelnummer","Beschreibung","Menge","Einheit"
"1","P80","Entlötpumpe Deluxe, LSP100Q","-1.00","Stck"
"04.11.2015","3168","R","8250122","","Alltron AG","145.50","0.00","145.50","145.50","17.11.2015","0.00","14.11.2015","","","","Andreas Rudin","","","013","","","Inland","","2000 -- Allgemeine Kreditoren","4710 -- Transporte zu uns","nein","08.02.2016","Position Artikelnummer Beschreibung Menge Einheit 1 P16 Festplatte neu: HD Seagate Surveillance HDD 1TB 3.5"", ST1000VX000, Artikel-Nummer Alltron: 225749 -2.00 Stck … ⏷","Position","Artikelnummer","Beschreibung","Menge","Einheit","1","P16","Festplatte neu: HD Seagate Surveillance HDD 1TB 3.5"", ST1000VX000, Artikel-Nummer Alltron: 225749","-2.00","Stck","2","P12","Delock 89243 PCI Express Karte 2 x USB 3.0, Artikel-Nummer Alltron: 371822","-1.00","Stck","3","D16","Versandspesen","-1.00","psch"
"Position","Artikelnummer","Beschreibung","Menge","Einheit"
"1","P16","Festplatte neu: HD Seagate Surveillance HDD 1TB 3.5"", ST1000VX000, Artikel-Nummer Alltron: 225749","-2.00","Stck"
"2","P12","Delock 89243 PCI Express Karte 2 x USB 3.0, Artikel-Nummer Alltron: 371822","-1.00","Stck"
"3","D16","Versandspesen","-1.00","psch"
"04.11.2015","2795","R","05691001493220010001241","","coop","8.20","0.00","8.20","8.20","05.11.2015","0.00","04.11.2015","","","","Urs Sonderegger","","","17","","","Inland","","2000 -- Allgemeine Kreditoren","5000 -- Löhne und Gehälter","nein","05.11.2015","Position Artikelnummer Beschreibung Menge Einheit 1 P149 Sekundenkleber -1.00 Stck","Position","Artikelnummer","Beschreibung","Menge","Einheit","1","P149","Sekundenkleber","-1.00","Stck"
"Position","Artikelnummer","Beschreibung","Menge","Einheit"
"1","P149","Sekundenkleber","-1.00","Stck"
"06.11.2015","3096","K","RE Nr. 23592877","","Online-Shopping","19.44","0.00","19.44","19.44","06.11.2015","0.00","06.11.2015","","YELLOWPAY / ONLINE-SHOPPING WWW.EVENTBOOSTER.CH 06.11.2015 PAYMENTID 23592877","","René Hägi","","","1008","","","Inland","","2000 -- Allgemeine Kreditoren","4000 -- Material-Einkauf","nein","18.01.2016",""
"06.11.2015","3206","R","70433362391093","","KANGDA Digital Technology's store","40.25","0.00","40.25","40.25","06.11.2015","0.00","06.11.2015","","","","Andreas Rudin","","","1180","China","","Inland","","2000 -- Allgemeine Kreditoren","4000 -- Material-Einkauf","nein","11.02.2016","Position Artikelnummer Beschreibung Menge Einheit 1 P79 Ersatzakku neu für Laptop: 19.5v 4.62a ac adapter für Dell -3.00 Stck … ⏷","Position","Artikelnummer","Beschreibung","Menge","Einheit","1","P79","Ersatzakku neu für Laptop: 19.5v 4.62a ac adapter für Dell","-3.00","Stck","2","D29","Spesen Kreditkarte","-1.00","psch"
"Position","Artikelnummer","Beschreibung","Menge","Einheit"
"1","P79","Ersatzakku neu für Laptop: 19.5v 4.62a ac adapter für Dell","-3.00","Stck"
"2","D29","Spesen Kreditkarte","-1.00","psch"
"11.11.2015","3099","K","RE Nr. 23645572","","Switch","15.50","0.00","15.50","15.50","11.11.2015","0.00","11.11.2015","","ONLINE-SHOPPING YELLOWPAY / ONLINE-SHOPPING WWW.SWITCHPLUS.CH 10.11.2015 PAYMENTID 23645572","","René Hägi","","","1024","","","Inland","","2000 -- Allgemeine Kreditoren","6511 -- Internet und Serverhousing","nein","20.01.2016",""
"11.11.2015","3100","K","RE Nr.23646521","","Switch","15.50","0.00","15.50","15.50","11.11.2015","0.00","11.11.2015","","ONLINE-SHOPPING YELLOWPAY / ONLINE-SHOPPING WWW.SWITCHPLUS.CH 10.11.2015 PAYMENTID 23646521","","René Hägi","","","1024","","","Inland","","2000 -- Allgemeine Kreditoren","6511 -- Internet und Serverhousing","nein","20.01.2016",""
"16.11.2015","3103","K","rep300609027_20151116_p5951.pdf","","SBB","6.60","0.00","6.60","6.60","16.11.2015","0.00","16.11.2015","","Kauf / Dienstleistung Zürich Hardbrücke SBB","","René Hägi","","","1003","CH","","Inland","","2000 -- Allgemeine Kreditoren","4000 -- Material-Einkauf","nein","20.01.2016",""
"17.11.2015","3208","R","42H404334R991084J","","Widget Factory Limited","32.50","0.00","32.50","32.50","17.11.2015","0.00","17.11.2015","","","","Andreas Rudin","","","32","Grossbritannien","","Inland","","2000 -- Allgemeine Kreditoren","5000 -- Löhne und Gehälter","nein","11.02.2016","Position Artikelnummer Beschreibung Menge Einheit 1 D13 Subscription - JCE Standard Artikelnr. WF365-1 -1.00 psch","Position","Artikelnummer","Beschreibung","Menge","Einheit","1","D13","Subscription - JCE Standard Artikelnr. WF365-1","-1.00","psch"
"Position","Artikelnummer","Beschreibung","Menge","Einheit"
"1","D13","Subscription - JCE Standard Artikelnr. WF365-1","-1.00","psch"
"18.11.2015","2858","R","5TB76078WE526820H","","IPC-Computer Deutschland GmbH","85.70","0.00","85.70","85.70","18.11.2015","0.00","18.11.2015","","","","Pietro Staeheli","","","16","Deutschland","","Inland","","2000 -- Allgemeine Kreditoren","4000 -- Material-Einkauf","nein","18.11.2015","Position Artikelnummer Beschreibung Menge Einheit 1 P79 Ersatzakku neu für Laptop -1.00 Stck","Position","Artikelnummer","Beschreibung","Menge","Einheit","1","P79","Ersatzakku neu für Laptop","-1.00","Stck"
"Position","Artikelnummer","Beschreibung","Menge","Einheit"
"1","P79","Ersatzakku neu für Laptop","-1.00","Stck"
"21.11.2015","4154","K","253-483727-21110753","","ZVV","16.80","0.00","16.80","16.80","21.11.2015","0.00","21.11.2015","","","","Andreas Rudin","","","1070","","","Inland","","2000 -- Allgemeine Kreditoren","6700 -- Übriger Betriebsaufwand","nein","16.08.2017",""
"24.11.2015","2919","R","05001670324110736","","SBB","8.60","0.00","8.60","8.60","30.11.2015","0.00","30.11.2015","","","KAUF/DIENSTLEISTUNG","Pietro Staeheli","","","1003","CH","","Inland","","2000 -- Allgemeine Kreditoren","5000 -- Löhne und Gehälter","nein","26.11.2015","Position Artikelnummer Beschreibung Menge Einheit 1 D11 Reisespesen -1.00 psch","Position","Artikelnummer","Beschreibung","Menge","Einheit","1","D11","Reisespesen","-1.00","psch"
"Position","Artikelnummer","Beschreibung","Menge","Einheit"
"1","D11","Reisespesen","-1.00","psch"
"27.11.2015","3119","K","ID 3016040300100026","1692377851","Axone SA","100.00","0.00","100.00","100.00","30.11.2015","0.00","30.11.2015","","","","René Hägi","","","1016","","","Inland","","2000 -- Allgemeine Kreditoren","6511 -- Internet und Serverhousing","nein","25.01.2016",""
"27.11.2015","3118","K","ID 3016040300100027","1692386958","Axone SA","25.00","0.00","25.00","25.00","30.11.2015","0.00","30.11.2015","","","","René Hägi","","","1016","","","Inland","","2000 -- Allgemeine Kreditoren","6511 -- Internet und Serverhousing","nein","25.01.2016",""
"28.11.2015","3123","K","RE Nr.23868916","","Switch","15.50","0.00","15.50","15.50","29.11.2015","0.00","28.11.2015","","ONLINE-SHOPPING YELLOWPAY / ONLINE-SHOPPING WWW.SWITCHPLUS.CH 28.11.2015 PAYMENTID 23868916","","René Hägi","","","1024","","","Inland","","2000 -- Allgemeine Kreditoren","6511 -- Internet und Serverhousing","nein","25.01.2016",""
"30.11.2015","3120","K","rep300609027_20151130_p0271.pdf","","Post CH AG","1.80","0.00","1.80","1.80","30.11.2015","0.00","30.11.2015","","Preise für Einzahlungen am Postschalter","","René Hägi","","","927","","","Inland","","2000 -- Allgemeine Kreditoren","6700 -- Übriger Betriebsaufwand","nein","25.01.2016",""
"01.12.2015","3383","K","RE Nr. 63792","","Init7 (Schweiz) AG","648.00","0.00","648.00","648.00","12.01.2016","0.00","01.01.2016","","","","René Hägi","","","13","CH","","Inland","","2000 -- Allgemeine Kreditoren","6511 -- Internet und Serverhousing","nein","27.05.2016",""
"01.12.2015","3089","R","6292B000, 6206B000","","Pusterla AG","11.30","0.00","11.30","11.30","01.12.2015","0.00","01.12.2015","","","","Pietro Staeheli","","","1017","","","Inland","","2000 -- Allgemeine Kreditoren","4000 -- Material-Einkauf","nein","18.01.2016","Position Artikelnummer Beschreibung Menge Einheit 1 P95 Elektrolytkondensatoren -1.00 Stck","Position","Artikelnummer","Beschreibung","Menge","Einheit","1","P95","Elektrolytkondensatoren","-1.00","Stck"
"Position","Artikelnummer","Beschreibung","Menge","Einheit"
"1","P95","Elektrolytkondensatoren","-1.00","Stck"
"02.12.2015","3125","K","rep300609027_20151202_p1345.pdf","","SBB","8.60","0.00","8.60","8.60","02.12.2015","0.00","02.12.2015","","Kauf/ Dienstleistung Zürich HB","","René Hägi","","","1003","CH","","Inland","","2000 -- Allgemeine Kreditoren","4000 -- Material-Einkauf","nein","26.01.2016",""
"03.12.2015","3207","R","71425526361093","","KANGDA Digital Technology's store","925.95","0.00","925.95","925.95","03.12.2015","0.00","03.12.2015","","","","Andreas Rudin","","","1180","China","","Inland","","2000 -- Allgemeine Kreditoren","4000 -- Material-Einkauf","nein","11.02.2016","Position Artikelnummer Beschreibung Menge Einheit 1 P79 Ersatzakku neu für Laptop: 19.5v 4.62a ac adapter für Dell -100.00 Stck … ⏷","Position","Artikelnummer","Beschreibung","Menge","Einheit","1","P79","Ersatzakku neu für Laptop: 19.5v 4.62a ac adapter für Dell","-100.00","Stck","2","D29","Spesen Kreditkarte","-1.00","psch"
"Position","Artikelnummer","Beschreibung","Menge","Einheit"
"1","P79","Ersatzakku neu für Laptop: 19.5v 4.62a ac adapter für Dell","-100.00","Stck"
"2","D29","Spesen Kreditkarte","-1.00","psch"
"04.12.2015","4170","K","#001-000043","","Weber & Widmer AG","9.30","0.00","9.30","9.30","04.12.2015","0.00","04.12.2015","","","","Andreas Rudin","","","1523","","","Inland","","2000 -- Allgemeine Kreditoren","6100 -- Werkzeuge, Unterhalt, Betriebsmaterial","nein","16.08.2017",""
"09.12.2015","4107","K","Provision","","Lx-System","109.71","0.00","109.71","109.71","09.12.2015","0.00","09.12.2015","","Provision für Kundenvermittlung P.Soland 100 Euro","","Andreas Rudin","","","1516","D","","Inland","","2000 -- Allgemeine Kreditoren","6600 -- Werbeaufwand","nein","15.08.2017",""
"11.12.2015","2961","R","00802370710120907, 25303212611121147","","ZVV","12.90","0.00","12.90","0.00","","12.90","11.12.2015","","","Zürcher Verkehrsverbund","Pietro Staeheli","","","1070","","","Inland","","2000 -- Allgemeine Kreditoren","5000 -- Löhne und Gehälter","nein","11.12.2015","Position Artikelnummer Beschreibung Menge Einheit 1 D11 Reisespesen -1.00 psch","Position","Artikelnummer","Beschreibung","Menge","Einheit","1","D11","Reisespesen","-1.00","psch"
"Position","Artikelnummer","Beschreibung","Menge","Einheit"
"1","D11","Reisespesen","-1.00","psch"
"16.12.2015","3144","K","SVA 2015 0003","","SVA Zürich","85.15","0.00","85.15","85.15","16.12.2015","0.00","16.12.2015","","SVA 2015 0003 Verzugzins SVA Zürich Ausgleichskasse 1.3","","René Hägi","","","010","","","Inland","","2270 -- Verbindlichkeiten Sozialversicherungen und Vorsorgeeinrichtungen","5700 -- AHV, IV, EO, ALV, FAK","nein","01.02.2016",""
"16.12.2015","3147","K","DHL WEP2385781","","DHL","9.70","0.00","9.70","9.70","16.12.2015","0.00","16.12.2015","","DHL EXPRESS (SCHWEIZ) ST. JAKOBS-STRASSE 222 4052 BASEL DHL WEP2385781 12.5.15","","René Hägi","","","993","","","Inland","","2000 -- Allgemeine Kreditoren","4710 -- Transporte zu uns","nein","02.02.2016",""
"17.12.2015","3389","K","PAYMENTID 24549059","","Switch","31.00","0.00","31.00","31.00","17.01.2016","0.00","17.01.2016","","ONLINE-SHOPPING YELLOWPAY / ONLINE-SHOPPING WWW.SWITCHPLUS.CH 16.01.2016 PAYMENTID 24549059","","René Hägi","","","1024","","","Inland","","2000 -- Allgemeine Kreditoren","6511 -- Internet und Serverhousing","nein","30.05.2016",""
"18.12.2015","3393","K","AXA Versicherung","","AXA Versicherungen AG","861.00","0.00","861.00","861.00","18.01.2016","0.00","18.01.2016","","","","René Hägi","","","009","","","Inland","","2270 -- Verbindlichkeiten Sozialversicherungen und Vorsorgeeinrichtungen","5740 -- Krankentaggeldversicherung","nein","30.05.2016",""
"23.12.2015","3171","K","DHL DBX6582208","","DHL","52.80","0.00","52.80","52.80","31.12.2015","0.00","31.12.2015","","E-FINANCE 01-84912-5 DHL EXPRESS (SCHWEIZ) ST. JAKOBS-STRASSE 222 4052 BASEL DHL DBX6582208 23.12.2015","","René Hägi","","","993","","","Inland","","2000 -- Allgemeine Kreditoren","4710 -- Transporte zu uns","nein","08.02.2016",""
"28.12.2015","3151","K","Green 1.1-30.6.16","","green.ch ag","411.50","0.00","411.50","411.50","28.12.2015","0.00","28.12.2015","","E-FINANCE 01-2509-3 CREDIT SUISSE BADEN 5401 BADEN GREEN 1.1. BIS 30.06.2016","","René Hägi","","","012","","","Inland","","2000 -- Allgemeine Kreditoren","6511 -- Internet und Serverhousing","nein","02.02.2016",""
"28.12.2015","3422","K","Re Nr. 65628","","Init7 (Schweiz) AG","819.25","0.00","819.25","819.25","04.03.2016","0.00","28.02.2016","","Fiber7 Jahresverrechnung fixe IP Adresse aus PA-Range","","René Hägi","","","13","CH","","Inland","","2000 -- Allgemeine Kreditoren","6511 -- Internet und Serverhousing","nein","13.06.2016",""
"31.12.2015","3174","K","rep300609027_20151231_p7490.pdf","","Post CH AG","1.80","0.00","1.80","1.80","31.12.2015","0.00","31.12.2015","","Preise für Einzahlungen am Postschalter","","René Hägi","","","927","","","Inland","","2000 -- Allgemeine Kreditoren","6700 -- Übriger Betriebsaufwand","nein","08.02.2016",""
"31.12.2015","4168","K","6571/4321/3624/15.10.0155","","Pusterla AG","37.15","0.00","37.15","37.15","31.12.2015","0.00","31.12.2015","","4 Quittungen ohne Datum","","Andreas Rudin","","","1017","","","Inland","","2000 -- Allgemeine Kreditoren","4000 -- Material-Einkauf","nein","16.08.2017",""
"31.12.2015","3398","K","Kontoführung 2015","","Postfinance","60.00","0.00","60.00","60.00","31.01.2016","0.00","31.01.2016","","Gebühren für die Kontoführung Jan. bis Dez. 2015","","René Hägi","","","3","","","Inland","","2000 -- Allgemeine Kreditoren","6700 -- Übriger Betriebsaufwand","nein","31.05.2016",""
"04.01.2016","3057","R","Karel04012016","","Kulhavy Karel","42.00","0.00","42.00","42.00","04.01.2016","0.00","01.01.2016","","","","Andreas Rudin","","","996","CH","","Inland","","2000 -- Allgemeine Kreditoren","4000 -- Material-Einkauf","nein","04.01.2016","Position Artikelnummer Beschreibung Menge Einheit 1 P79 Ersatzakku neu AA -32.00 Stck","Position","Artikelnummer","Beschreibung","Menge","Einheit","1","P79","Ersatzakku neu AA","-32.00","Stck"
"Position","Artikelnummer","Beschreibung","Menge","Einheit"
"1","P79","Ersatzakku neu AA","-32.00","Stck"
"27.01.2016","6232","K","5KY51266AY503480X","","XINYU TANG","44.48","0.00","44.48","44.48","27.01.2016","0.00","24.10.2019","","","","Andreas Rudin","","","94","","","Inland","","2000 -- Allgemeine Kreditoren","4000 -- Material-Einkauf","nein","24.10.2019",""
"28.01.2016","3158","R","143295762","0124630335","Microspot.ch","118.35","0.00","118.35","118.35","19.02.2016","0.00","17.02.2016","","","","Andreas Rudin","","","7","","","Inland","","2000 -- Allgemeine Kreditoren","4000 -- Material-Einkauf","nein","05.02.2016","Position Artikelnummer Beschreibung Menge Einheit 1 P16 Festplatte neu Kingston SSDNow V300 480 GB -1.00 Stck","Position","Artikelnummer","Beschreibung","Menge","Einheit","1","P16","Festplatte neu Kingston SSDNow V300 480 GB","-1.00","Stck"
"Position","Artikelnummer","Beschreibung","Menge","Einheit"
"1","P16","Festplatte neu Kingston SSDNow V300 480 GB","-1.00","Stck"
"01.02.2016","3159","R","1814478","","IPC-Computer Deutschland GmbH","40.61","0.00","40.61","40.61","01.02.2016","0.00","01.02.2016","","","Die Rechnung enthält noch einen weiteren Posten (Display-Inverter). Diesen hat Alex aber privat für sich bestellt, deshalb ist es hier nicht aufgeführt.","Andreas Rudin","","","16","Deutschland","","Inland","","2000 -- Allgemeine Kreditoren","4710 -- Transporte zu uns","nein","05.02.2016","Position Artikelnummer Beschreibung Menge Einheit 1 P57 PK130N41A10 Tastatur, Schweiz (CH) für Compal -1.00 Stck … ⏷","Position","Artikelnummer","Beschreibung","Menge","Einheit","1","P57","PK130N41A10 Tastatur, Schweiz (CH) für Compal","-1.00","Stck","2","D16","Versandspesen","-1.00","psch"
"Position","Artikelnummer","Beschreibung","Menge","Einheit"
"1","P57","PK130N41A10 Tastatur, Schweiz (CH) für Compal","-1.00","Stck"
"2","D16","Versandspesen","-1.00","psch"
"08.02.2016","3407","K","PAYMENTID 24835857","","Switch","15.50","0.00","15.50","15.50","08.02.2016","0.00","08.02.2016","","ONLINE-SHOPPING YELLOWPAY / ONLINE-SHOPPING WWW.SWITCHPLUS.CH 07.02.2016 PAYMENTID 24835857","","René Hägi","","","1024","","","Inland","","2000 -- Allgemeine Kreditoren","6511 -- Internet und Serverhousing","nein","07.06.2016",""
"08.02.2016","3402","K","PAYMENTID 24835788","","Switch","15.50","0.00","15.50","15.50","08.02.2016","0.00","08.02.2016","","ONLINE-SHOPPING YELLOWPAY / ONLINE-SHOPPING WWW.SWITCHPLUS.CH 07.02.2016 PAYMENTID 24835788","","René Hägi","","","1024","","","Inland","","2000 -- Allgemeine Kreditoren","6511 -- Internet und Serverhousing","nein","03.06.2016",""
"08.02.2016","3184","R","2JK2273234069801X","","akkus-zentrum.ch","88.97","0.00","88.97","88.97","08.02.2016","0.00","08.02.2016","","<p>PayPal-Zahlung am 8. Feb. 2016 erledigt</p><p>Transaktionscode: 4PH332517V872845Y</p><p>&nbsp;</p>","Versand von China aus. Scheint unter diversen wechselnden Mail-Adressen und Domains zu agieren. Bei grösseren Bestellungen vorsichtig sein! Lieferung soll in ca. 7 Werktagen erfolgen! Auftrag konnte nicht ausgesführt werden und wurde storniert. Geld per Paypal wurde am 1.3.2016 zurückerstattet.","Andreas Rudin","","","1177","","","Inland","","1141 -- Gutschriften von LieferantInnen","4710 -- Transporte zu uns","nein","09.02.2016","Position Artikelnummer Beschreibung Menge Einheit 1 P79 Ersatzakku neu für Laptop: Kompatibler Ersatz für Dell GW240 Laptop Akku Item# LTPDE085.3 -1.00 Stck … ⏷","Position","Artikelnummer","Beschreibung","Menge","Einheit","1","P79","Ersatzakku neu für Laptop: Kompatibler Ersatz für Dell GW240 Laptop Akku Item# LTPDE085.3","-1.00","Stck","2","P79","Ersatzakku neu für Laptop: Kompatibler Ersatz für ACER BTP-42C1 Laptop Akku Item# LTPAC011","-1.00","Stck","3","D16","Versandspesen","-1.00","psch"
"Position","Artikelnummer","Beschreibung","Menge","Einheit"
"1","P79","Ersatzakku neu für Laptop: Kompatibler Ersatz für Dell GW240 Laptop Akku Item# LTPDE085.3","-1.00","Stck"
"2","P79","Ersatzakku neu für Laptop: Kompatibler Ersatz für ACER BTP-42C1 Laptop Akku Item# LTPAC011","-1.00","Stck"
"3","D16","Versandspesen","-1.00","psch"
"08.02.2016","3412","K","R 631316","","NEST","126.60","0.00","126.60","126.60","19.02.2016","0.00","19.02.2016","","E-FINANCE 01-200027-2 ZÜRCHER KANTONALBANK ZÜRICH NEST 4.Q.15 R 631316 - G 633238 1. Mahnung","","René Hägi","","","998","","","Inland","","2270 -- Verbindlichkeiten Sozialversicherungen und Vorsorgeeinrichtungen","5720 -- Berufliche Vorsorge","nein","07.06.2016",""
"09.02.2016","3201","R","5302607","","Digitec","84.00","0.00","84.00","84.00","09.02.2016","0.00","09.02.2016","","<p>Corsair</p>","","Pietro Staeheli","","","001","","","Inland","","2000 -- Allgemeine Kreditoren","4000 -- Material-Einkauf","nein","10.02.2016","Position Artikelnummer Beschreibung Menge Einheit 1 P25 2x 1GB DDR1 SODIMM -2.00 Stck","Position","Artikelnummer","Beschreibung","Menge","Einheit","1","P25","2x 1GB DDR1 SODIMM","-2.00","Stck"
"Position","Artikelnummer","Beschreibung","Menge","Einheit"
"1","P25","2x 1GB DDR1 SODIMM","-2.00","Stck"
"21.02.2016","3418","K","PAYMENTID 24996560","","Switch","31.00","0.00","31.00","31.00","21.02.2016","0.00","21.02.2016","","ONLINE-SHOPPING YELLOWPAY / ONLINE-SHOPPING WWW.SWITCHPLUS.CH 20.02.2016 PAYMENTID 24996560","","René Hägi","","","1024","","","Inland","","2000 -- Allgemeine Kreditoren","6511 -- Internet und Serverhousing","nein","13.06.2016",""
"23.02.2016","3419","K","PAYMENTID 25029883","","Post CH AG","200.00","0.00","200.00","200.00","23.02.2016","0.00","23.02.2016","","ONLINE-SHOPPING YELLOWPAY / ONLINE-SHOPPING WWW.POST.CH 23.02.2016 PAYMENTID 25029883","","René Hägi","","","927","","","Inland","","2000 -- Allgemeine Kreditoren","4000 -- Material-Einkauf","nein","13.06.2016",""
"24.02.2016","3226","R","00802925624021346, 25705331725021535","","SBB","12.90","0.00","12.90","12.90","25.02.2016","0.00","24.02.2016","","<p>Anschlussbillett für 1-2 Zonen</p>","KAUF/DIENSTLEISTUNG","Pietro Staeheli","","","1003","CH","","Inland","","2000 -- Allgemeine Kreditoren","6700 -- Übriger Betriebsaufwand","nein","25.02.2016","Position Artikelnummer Beschreibung Menge Einheit 1 D11 Reisespesen -1.00 psch","Position","Artikelnummer","Beschreibung","Menge","Einheit","1","D11","Reisespesen","-1.00","psch"
"Position","Artikelnummer","Beschreibung","Menge","Einheit"
"1","D11","Reisespesen","-1.00","psch"
"26.02.2016","3232","R","4JT65890LK375913E","","A-Tech Components","67.75","0.00","67.75","67.75","26.02.2016","0.00","26.02.2016","","","Einkauf für Jiri Silhavy","Andreas Rudin","","","1181","U.S.A.","","Inland","","2000 -- Allgemeine Kreditoren","4710 -- Transporte zu uns","nein","26.02.2016","Position Artikelnummer Beschreibung Menge Einheit 1 P7 Arbeitsspeicher Art. Nr. 321852663245 512MB Kit(2x 256 MB) für Compaq Armada V300 -4.00 Stck … ⏷","Position","Artikelnummer","Beschreibung","Menge","Einheit","1","P7","Arbeitsspeicher Art. Nr. 321852663245 512MB Kit(2x 256 MB) für Compaq Armada V300","-4.00","Stck","2","D16","Versandspesen","-1.00","psch"
"Position","Artikelnummer","Beschreibung","Menge","Einheit"
"1","P7","Arbeitsspeicher Art. Nr. 321852663245 512MB Kit(2x 256 MB) für Compaq Armada V300","-4.00","Stck"
"2","D16","Versandspesen","-1.00","psch"
"01.03.2016","3428","K","Re Nr. 66707","","Init7 (Schweiz) AG","648.00","0.00","648.00","648.00","31.03.2016","0.00","31.03.2016","","INIT7 RE. 66707 April bis Juni 2016 Rackspace","","René Hägi","","","13","CH","","Inland","","2000 -- Allgemeine Kreditoren","6511 -- Internet und Serverhousing","nein","14.06.2016",""
"03.03.2016","3931","R","73373403951093","73373403951093","Jinhua Guanze Electron Co., Ltd.","39.85","0.00","39.85","39.85","03.03.2016","0.00","03.03.2016","","","3.3.2016: Bezahlt mit Kreditkarte via Kasse arudin 38.80 US$ Sendung eingetroffen am 24.3.2016: keine Importspesen","Andreas Rudin","","","1185","China","","Inland","","2000 -- Allgemeine Kreditoren","4000 -- Material-Einkauf","nein","25.03.2017","Position Artikelnummer Beschreibung Menge Einheit 1 P57 Laptop-Ersatzteil neu:Neue Schweizer Tastatur FÜR ASUS X501 X501A X501U X501XI X502 X501EI X501XEY582C Y581L D552C K550D X550CC SW laptop-tastatur -1.00 Stck","Position","Artikelnummer","Beschreibung","Menge","Einheit","1","P57","Laptop-Ersatzteil neu:Neue Schweizer Tastatur FÜR ASUS X501 X501A X501U X501XI X502 X501EI X501XEY582C Y581L D552C K550D X550CC SW laptop-tastatur","-1.00","Stck"
"Position","Artikelnummer","Beschreibung","Menge","Einheit"
"1","P57","Laptop-Ersatzteil neu:Neue Schweizer Tastatur FÜR ASUS X501 X501A X501U X501XI X502 X501EI X501XEY582C Y581L D552C K550D X550CC SW laptop-tastatur","-1.00","Stck"
"04.03.2016","3252","R","0500 23875 04030743","","SBB","8.60","0.00","8.60","8.60","04.03.2016","0.00","04.03.2016","","<p>24 Std. Anschlussbillett für 1-2 Zonen</p><p>Dietikon</p>","KAUF/DIENSTLEISTUNG","Pietro Staeheli","","","1003","CH","","Inland","","2000 -- Allgemeine Kreditoren","6700 -- Übriger Betriebsaufwand","nein","07.03.2016","Position Artikelnummer Beschreibung Menge Einheit 1 D11 Reisespesen -1.00 psch","Position","Artikelnummer","Beschreibung","Menge","Einheit","1","D11","Reisespesen","-1.00","psch"
"Position","Artikelnummer","Beschreibung","Menge","Einheit"
"1","D11","Reisespesen","-1.00","psch"
"07.03.2016","3253","R","0080 30081 07030851","","SBB","8.60","0.00","8.60","8.60","07.03.2016","0.00","07.03.2016","","<p>24 Std. Anschlussbillett 1- 2 Zonen</p><p>Bülach</p>","KAUF/DIENSTLEISTUNG","Pietro Staeheli","","","1003","CH","","Inland","","2000 -- Allgemeine Kreditoren","6700 -- Übriger Betriebsaufwand","nein","07.03.2016","Position Artikelnummer Beschreibung Menge Einheit 1 D11 Reisespesen -1.00 psch","Position","Artikelnummer","Beschreibung","Menge","Einheit","1","D11","Reisespesen","-1.00","psch"
"Position","Artikelnummer","Beschreibung","Menge","Einheit"
"1","D11","Reisespesen","-1.00","psch"
"08.03.2016","3255","R","253 296699 08030923","","SBB","4.30","0.00","4.30","4.30","08.03.2016","0.00","08.03.2016","","<p>Anschlussbillett für 1-2 Zonen</p><p>Bülach</p>","KAUF/DIENSTLEISTUNG","Pietro Staeheli","","","1003","CH","","Inland","","2000 -- Allgemeine Kreditoren","6700 -- Übriger Betriebsaufwand","nein","09.03.2016","Position Artikelnummer Beschreibung Menge Einheit 1 D11 Reisespesen -1.00 psch","Position","Artikelnummer","Beschreibung","Menge","Einheit","1","D11","Reisespesen","-1.00","psch"
"Position","Artikelnummer","Beschreibung","Menge","Einheit"
"1","D11","Reisespesen","-1.00","psch"
"10.03.2016","3330","R","142908530","0124706543","Microspot.ch","189.00","0.00","189.00","189.00","31.03.2016","0.00","30.03.2016","","","Bestellungen via Rechnung möglich","Andreas Rudin","","","7","","","Inland","","2000 -- Allgemeine Kreditoren","4000 -- Material-Einkauf","nein","15.04.2016","Position Artikelnummer Beschreibung Menge Einheit 1 P25 Arbeitsspeicher neu: Corsair Valueselect DDR PC2700 1GB 200 SODIMM MEM UNBUFFERED VS1GSDS333 -5.00 Stck","Position","Artikelnummer","Beschreibung","Menge","Einheit","1","P25","Arbeitsspeicher neu: Corsair Valueselect DDR PC2700 1GB 200 SODIMM MEM UNBUFFERED VS1GSDS333","-5.00","Stck"
"Position","Artikelnummer","Beschreibung","Menge","Einheit"
"1","P25","Arbeitsspeicher neu: Corsair Valueselect DDR PC2700 1GB 200 SODIMM MEM UNBUFFERED VS1GSDS333","-5.00","Stck"
"23.03.2016","3425","K","Versand Mond Paket Poststelle Wipkingen/1","","Post CH AG","18.00","0.00","18.00","18.00","23.03.2016","0.00","23.03.2016","","1 SE Mond Paket bis 2 kg Nr. 99.00.803700.02044504 KAUF/DIENSTLEISTUNG VOM 23.03.2016 KARTEN NR. XXXX5807 POSTSTELLE ZÜRICH 37 WIPKINGEN","","René Hägi","","","927","","","Inland","","2000 -- Allgemeine Kreditoren","6700 -- Übriger Betriebsaufwand","nein","14.06.2016",""
"24.03.2016","3285","R","1484323808008","","fantastitrader14","29.63","0.00","29.63","29.63","24.03.2016","0.00","24.03.2016","","","E-Bay Verkäufer","Andreas Rudin","","","1218","Grossbritannien","","Inland","","2000 -- Allgemeine Kreditoren","4710 -- Transporte zu uns","nein","24.03.2016","Position Artikelnummer Beschreibung Menge Einheit 1 P12 SSD SATA Converter for Macbook Air 11"" 13"" A1465 A1466 2012 USB Adapter -1.00 Stck … ⏷","Position","Artikelnummer","Beschreibung","Menge","Einheit","1","P12","SSD SATA Converter for Macbook Air 11"" 13"" A1465 A1466 2012 USB Adapter","-1.00","Stck","2","D16","Versandspesen","-1.00","psch"
"Position","Artikelnummer","Beschreibung","Menge","Einheit"
"1","P12","SSD SATA Converter for Macbook Air 11"" 13"" A1465 A1466 2012 USB Adapter","-1.00","Stck"
"2","D16","Versandspesen","-1.00","psch"
"06.04.2016","3314","R","WPACC14915241 4400161874","14","Small Battery Company","12.71","0.00","12.71","12.71","09.04.2016","0.00","06.04.2016","","","","Max Stauffer","","","34","UK","","Inland","","2000 -- Allgemeine Kreditoren","4000 -- Material-Einkauf","nein","06.04.2016","Position Artikelnummer Beschreibung Menge Einheit 1 000254 Batterie LIR3032-VDY2 -1.00 Stck","Position","Artikelnummer","Beschreibung","Menge","Einheit","1","000254","Batterie LIR3032-VDY2","-1.00","Stck"
"Position","Artikelnummer","Beschreibung","Menge","Einheit"
"1","000254","Batterie LIR3032-VDY2","-1.00","Stck"
"13.04.2016","3322","R","1393135585005","","JK Computer Parts","241.50","0.00","241.50","241.50","13.04.2016","0.00","13.04.2016","","<p>Bestellt und Bezahlt am 13.4.2016</p><p>Lieferung bis spätestens 29.4.2016</p><p>Lieferung eingetroffen am 19.4.2016<br />Verzollungskosten: 42.80 CHF<br />&nbsp;</p>","Ebay Shop","Andreas Rudin","","","1176","USA","","Inland","","2000 -- Allgemeine Kreditoren","4710 -- Transporte zu uns","nein","13.04.2016","Position Artikelnummer Beschreibung Menge Einheit 1 P14 APPLE Macbook Pro Mid 2009 661-5212 15IN 2.66GHZ LOGIC BOARD 21PWDMB0010 A1286 Art. Nr. 151435435790 -1.00 Stck … ⏷","Position","Artikelnummer","Beschreibung","Menge","Einheit","1","P14","APPLE Macbook Pro Mid 2009 661-5212 15IN 2.66GHZ LOGIC BOARD 21PWDMB0010 A1286 Art. Nr. 151435435790","-1.00","Stck","2","D16","Versandspesen","-1.00","psch"
"Position","Artikelnummer","Beschreibung","Menge","Einheit"
"1","P14","APPLE Macbook Pro Mid 2009 661-5212 15IN 2.66GHZ LOGIC BOARD 21PWDMB0010 A1286 Art. Nr. 151435435790","-1.00","Stck"
"2","D16","Versandspesen","-1.00","psch"
"13.04.2016","3324","R","0FX56938YC026542H","","rnrcomputer","457.65","0.00","457.65","457.65","13.04.2016","0.00","13.04.2016","","<p>Bestellt am 13.4.2016</p><p>Lieferung bis spätestens 2.5.2016</p>","Ebay-Shop","Andreas Rudin","","","35","USA","","Inland","","2000 -- Allgemeine Kreditoren","6700 -- Übriger Betriebsaufwand","nein","13.04.2016","Position Artikelnummer Beschreibung Menge Einheit 1 P48 Macbook Pro 15 A1286 2010 Logic Board 2.66Ghz i7 661-5480 820-2850 NEW CHIPSET! -1.00 Stck … ⏷","Position","Artikelnummer","Beschreibung","Menge","Einheit","1","P48","Macbook Pro 15 A1286 2010 Logic Board 2.66Ghz i7 661-5480 820-2850 NEW CHIPSET!","-1.00","Stck","2","D16","Versandspesen","-1.00","psch","3","D29","Einfuhrspesen","-1.00","psch"
"Position","Artikelnummer","Beschreibung","Menge","Einheit"
"1","P48","Macbook Pro 15 A1286 2010 Logic Board 2.66Ghz i7 661-5480 820-2850 NEW CHIPSET!","-1.00","Stck"
"2","D16","Versandspesen","-1.00","psch"
"3","D29","Einfuhrspesen","-1.00","psch"
"15.04.2016","3452","K","R. 143475400","","Microspot.ch","135.60","0.00","135.60","135.60","03.05.2016","0.00","05.05.2016","","2 x DDR2 1 x DDR3","","René Hägi","","","7","","","Inland","","2000 -- Allgemeine Kreditoren","4000 -- Material-Einkauf","nein","28.06.2016",""
"18.04.2016","3485","K","SIPCALL RE 48989-S","","Backbone Solutions AG","500.00","0.00","500.00","500.00","18.05.2016","0.00","18.05.2016","","","","René Hägi","","","1006","CH","","Inland","","2000 -- Allgemeine Kreditoren","6510 -- Telefon","nein","13.07.2016",""
"18.04.2016","3333","R","9787646183","","Post CH AG","42.80","0.00","42.80","42.80","19.04.2016","0.00","19.04.2016","","<p>elektronische Veranlagungsverfügung:<br />www.post.ch/eVV<br />Benutzer (Verzollungsnummer): 3096636962&nbsp;&nbsp; Pw: 8037</p>","","Andreas Rudin","","","927","","","Inland","","2000 -- Allgemeine Kreditoren","6700 -- Übriger Betriebsaufwand","nein","19.04.2016","Position Artikelnummer Beschreibung Menge Einheit 1 D29 Verzollungsspesen -1.00 psch","Position","Artikelnummer","Beschreibung","Menge","Einheit","1","D29","Verzollungsspesen","-1.00","psch"
"Position","Artikelnummer","Beschreibung","Menge","Einheit"
"1","D29","Verzollungsspesen","-1.00","psch"
"21.04.2016","3442","K","SWITCHPLUS KIV.CH, 2XMARKETH","","Switch","62.00","0.00","62.00","62.00","21.04.2016","0.00","21.04.2016","","SWITCHPLUS KIV.CH, 2XMARKETH, KRAPP","","René Hägi","","","1024","","","Inland","","2000 -- Allgemeine Kreditoren","6511 -- Internet und Serverhousing","nein","21.06.2016",""
"23.04.2016","3349","R","2GR323186D263733G","","Accupart Ltd","83.21","0.00","83.21","83.21","23.04.2016","0.00","23.04.2016","","","","Andreas Rudin","","","1224","Grossbritannien","","Inland","","2000 -- Allgemeine Kreditoren","4000 -- Material-Einkauf","nein","23.04.2016","Position Artikelnummer Beschreibung Menge Einheit 1 P57 Au Optronics B156Hw01 V5 15.6 Full Hd Laptop Screen -1.00 Stck","Position","Artikelnummer","Beschreibung","Menge","Einheit","1","P57","Au Optronics B156Hw01 V5 15.6 Full Hd Laptop Screen","-1.00","Stck"
"Position","Artikelnummer","Beschreibung","Menge","Einheit"
"1","P57","Au Optronics B156Hw01 V5 15.6 Full Hd Laptop Screen","-1.00","Stck"
"29.04.2016","3451","K","Re. Nr. 636198 - 140430","","NEST","510.00","0.00","510.00","510.00","03.05.2016","0.00","29.05.2016","","NEST 1.Quartal 2016 Rechnung Nr. 636198 - 140430","","René Hägi","","","998","","","Inland","","2270 -- Verbindlichkeiten Sozialversicherungen und Vorsorgeeinrichtungen","5720 -- Berufliche Vorsorge","nein","28.06.2016",""
"02.05.2016","4626","K","Dienstleistung / Einkauf Poststelle Aussersihl","","Post CH AG","2.20","0.00","2.20","2.20","02.05.2016","0.00","02.05.2016","","","","René Hägi","","","927","","","Inland","","1141 -- Gutschriften von LieferantInnen","6700 -- Übriger Betriebsaufwand","nein","30.05.2018",""
"06.05.2016","3473","R","9087371","","Alltron AG","259.50","0.00","259.50","259.50","04.07.2016","0.00","20.06.2016","","","","Andreas Rudin","","","013","","","Inland","","2000 -- Allgemeine Kreditoren","4710 -- Transporte zu uns","nein","11.07.2016","Position Artikelnummer Beschreibung Menge Einheit 1 P25 Corsair ValueSelect 16 GB 2er Kit, PC3-13333 CL9, 1333MHz, CL9-9-9-24, 1.5V, 240Pin -4.00 Stck … ⏷","Position","Artikelnummer","Beschreibung","Menge","Einheit","1","P25","Corsair ValueSelect 16 GB 2er Kit, PC3-13333 CL9, 1333MHz, CL9-9-9-24, 1.5V, 240Pin","-4.00","Stck","2","D16","Versandspesen","-1.00","psch"
"Position","Artikelnummer","Beschreibung","Menge","Einheit"
"1","P25","Corsair ValueSelect 16 GB 2er Kit, PC3-13333 CL9, 1333MHz, CL9-9-9-24, 1.5V, 240Pin","-4.00","Stck"
"2","D16","Versandspesen","-1.00","psch"
"17.05.2016","3400","R","296 226202 17051356","","SBB","34.00","0.00","34.00","34.00","17.05.2016","0.00","17.05.2016","","<p>Z-Pass (TVSZ TVZG ZVV)</p><p>Tageskarte</p><p>2. Kl.</p><p>Zug</p>","KAUF/DIENSTLEISTUNG","Pietro Staeheli","","","1003","CH","","Inland","","2000 -- Allgemeine Kreditoren","6700 -- Übriger Betriebsaufwand","nein","01.06.2016","Position Artikelnummer Beschreibung Menge Einheit 1 D11 Reisespesen -1.00 psch","Position","Artikelnummer","Beschreibung","Menge","Einheit","1","D11","Reisespesen","-1.00","psch"
"Position","Artikelnummer","Beschreibung","Menge","Einheit"
"1","D11","Reisespesen","-1.00","psch"
"20.05.2016","3507","K","ABR-Nr. BR 1.246","","SVA Zürich","5'048.60","0.00","5'048.60","3'993.95","11.10.2016","1'054.65","30.09.2016","","SVA Zürich Ausgleichskasse 1.3","","René Hägi","","","010","","","Inland","","2270 -- Verbindlichkeiten Sozialversicherungen und Vorsorgeeinrichtungen","5700 -- AHV, IV, EO, ALV, FAK","nein","25.07.2016",""
"01.06.2016","3506","K","Rechnung Nr. 70320","","Init7 (Schweiz) AG","648.00","0.00","648.00","648.00","12.07.2016","0.00","01.07.2016","","INIT 7 Rechnung Nr.70320 Juli bis September 2016 Rackspace","","René Hägi","","","13","CH","","Inland","","2000 -- Allgemeine Kreditoren","6511 -- Internet und Serverhousing","nein","25.07.2016",""
"01.06.2016","3405","R","9783836237116","","Orell Füssli","53.00","0.00","53.00","53.00","06.06.2016","0.00","06.06.2016","","","","Nils Künzig","","","1249","","","Inland","","2000 -- Allgemeine Kreditoren","6700 -- Übriger Betriebsaufwand","nein","06.06.2016","Position Artikelnummer Beschreibung Menge Einheit 1 D29 Einkauf Joomla Buch -1.00 psch","Position","Artikelnummer","Beschreibung","Menge","Einheit","1","D29","Einkauf Joomla Buch","-1.00","psch"
"Position","Artikelnummer","Beschreibung","Menge","Einheit"
"1","D29","Einkauf Joomla Buch","-1.00","psch"
"02.06.2016","4905","K","Rechnung 5354724","","green.ch ag","411.50","0.00","411.50","411.50","04.07.2016","0.00","01.07.2016","","Internet greenDSL vom 1.7 bis 31.12.2016","","René Hägi","","","012","","","Inland","","1141 -- Gutschriften von LieferantInnen","6511 -- Internet und Serverhousing","nein","05.09.2018",""
"30.06.2016","3457","R","1669345559017","","Bibi Abdul","41.71","0.00","41.71","41.71","01.07.2016","0.00","30.06.2016","","<p>Vorausgesagte Lieferzeit: 8. - 13.7.2016</p><p>Wir benötigen das Board zur Reparatur des 70"" Samsung Flachbild-TV bei uns.<br />(Kein Kundengerät!)<br />&nbsp;</p>","E-Bay Verkäufername: abdul_bhatt","Urs Sonderegger","","","36","UK","","Inland","","2000 -- Allgemeine Kreditoren","4710 -- Transporte zu uns","nein","01.07.2016","Position Artikelnummer Beschreibung Menge Einheit 1 P48 YSUS BOARD FOR SAMSUNG PS63C7000YK 63"" PLASMA TV LJ41-08416A LJ92-01726A AA1 -1.00 Stck … ⏷","Position","Artikelnummer","Beschreibung","Menge","Einheit","1","P48","YSUS BOARD FOR SAMSUNG PS63C7000YK 63"" PLASMA TV LJ41-08416A LJ92-01726A AA1","-1.00","Stck","2","D16","Versandspesen","-1.00","psch"
"Position","Artikelnummer","Beschreibung","Menge","Einheit"
"1","P48","YSUS BOARD FOR SAMSUNG PS63C7000YK 63"" PLASMA TV LJ41-08416A LJ92-01726A AA1","-1.00","Stck"
"2","D16","Versandspesen","-1.00","psch"
"30.06.2016","3515","K","Kartenersatz","","Postfinance","30.00","0.00","30.00","30.00","30.06.2016","0.00","30.06.2016","","Gebühren für den Kartenersatz Preise KARTE NR. XXXX6015 FÜR KARTENERSATZ","","René Hägi","","","3","","","Inland","","2000 -- Allgemeine Kreditoren","6700 -- Übriger Betriebsaufwand","nein","27.07.2016",""
"04.07.2016","3463","R","1670696448017","","tridee777us","116.33","0.00","116.33","116.33","04.07.2016","0.00","04.07.2016","","<p>Am 11.8.2016 reklamiert, dass Artikel nicht geliefert wurde. ← arudin<p> <p>Darauf am 11.8. und nochmals am 24.8. eine Antwort erhalten, dass Verkäufer auswärts ist und sich meldet, sobald er zurück in New York ist.<p> <p>Am 16.10. immer noch nichts erhalten und keine weitere Nachricht vom Verkäufer.<br /> Deshalb nochmals dem Verkäufer geschrieben und Geld zurück gefordert. ← arudin</p>","E-Bay Verkäufer","Andreas Rudin","","","37","","","Inland","","2000 -- Allgemeine Kreditoren","6700 -- Übriger Betriebsaufwand","nein","05.07.2016","Position Artikelnummer Beschreibung Menge Einheit 1 P45 Laptop Ersatzteil Occasion Great LCD Screen Display Assembly for Apple MacBook Air 13"" A1304 A1237 $75.03 -1.00 Stck … ⏷","Position","Artikelnummer","Beschreibung","Menge","Einheit","1","P45","Laptop Ersatzteil Occasion Great LCD Screen Display Assembly for Apple MacBook Air 13"" A1304 A1237 $75.03","-1.00","Stck","2","D16","Versandspesen $29.21","-1.00","psch","3","D29","Importspesen (Zoll, MWST) $11.58","-1.00","psch"
"Position","Artikelnummer","Beschreibung","Menge","Einheit"
"1","P45","Laptop Ersatzteil Occasion Great LCD Screen Display Assembly for Apple MacBook Air 13"" A1304 A1237 $75.03","-1.00","Stck"
"2","D16","Versandspesen $29.21","-1.00","psch"
"3","D29","Importspesen (Zoll, MWST) $11.58","-1.00","psch"
"11.07.2016","3475","R","725824492025","","AW Tech Group","116.51","0.00","116.51","116.51","11.07.2016","0.00","11.07.2016","","<p>Bestellung via Ebay</p><p>Voraussichtlicher Liefertermin: 18. - 25.7.2016</p>","","Andreas Rudin","","","1222","USA","","Inland","","2000 -- Allgemeine Kreditoren","4710 -- Transporte zu uns","nein","11.07.2016","Position Artikelnummer Beschreibung Menge Einheit 1 P48 HP EliteBook 8560P Intel Motherboard 646967-001 01015FM00-600-G 68.55 US$ -1.00 Stck … ⏷","Position","Artikelnummer","Beschreibung","Menge","Einheit","1","P48","HP EliteBook 8560P Intel Motherboard 646967-001 01015FM00-600-G 68.55 US$","-1.00","Stck","2","D16","Versandspesen (47.20 US$)","-1.00","psch"
"Position","Artikelnummer","Beschreibung","Menge","Einheit"
"1","P48","HP EliteBook 8560P Intel Motherboard 646967-001 01015FM00-600-G 68.55 US$","-1.00","Stck"
"2","D16","Versandspesen (47.20 US$)","-1.00","psch"
"18.07.2016","3503","K","Poststelle 18.7.16","","Post CH AG","24.00","0.00","24.00","24.00","18.07.2016","0.00","18.07.2016","","Kauf / Dienstleistung Poststelle Sihlpost, 18.7.2016","","René Hägi","","","927","","","Inland","","2000 -- Allgemeine Kreditoren","6700 -- Übriger Betriebsaufwand","nein","25.07.2016",""
"27.07.2016","4661","K","Rechnung Nr. 639659 - 143890","","NEST","136.50","0.00","136.50","136.50","19.09.2016","0.00","26.08.2016","","2. Quartal 2016 Total 510.00 Abzug -373.50 (Zuschuss Sicherheitsfonds BVG) Netto 136.50 1. Mahnung vom 13. September 2016","","René Hägi","","","998","","","Inland","","1141 -- Gutschriften von LieferantInnen","5720 -- Berufliche Vorsorge","nein","08.06.2018",""
"08.08.2016","3549","R","0500 34769 08080738","","ZVV","17.20","0.00","17.20","17.20","08.08.2016","0.00","08.08.2016","","","Zürcher Verkehrsverbund","Pietro Staeheli","","","1070","","","Inland","","2000 -- Allgemeine Kreditoren","6700 -- Übriger Betriebsaufwand","nein","22.08.2016","Position Artikelnummer Beschreibung Menge Einheit 1 D11 Reisespesen -1.00 psch","Position","Artikelnummer","Beschreibung","Menge","Einheit","1","D11","Reisespesen","-1.00","psch"
"Position","Artikelnummer","Beschreibung","Menge","Einheit"
"1","D11","Reisespesen","-1.00","psch"
"11.08.2016","3550","R","285 166457 11081154","","ZVV","17.20","0.00","17.20","17.20","11.08.2016","0.00","11.08.2016","","","Zürcher Verkehrsverbund","Pietro Staeheli","","","1070","","","Inland","","2000 -- Allgemeine Kreditoren","6700 -- Übriger Betriebsaufwand","nein","22.08.2016","Position Artikelnummer Beschreibung Menge Einheit 1 D11 Reisespesen -1.00 psch","Position","Artikelnummer","Beschreibung","Menge","Einheit","1","D11","Reisespesen","-1.00","psch"
"Position","Artikelnummer","Beschreibung","Menge","Einheit"
"1","D11","Reisespesen","-1.00","psch"
"12.08.2016","4639","K","PAYMENT ID 160811084807673680","","Switch","49.00","0.00","49.00","49.00","12.08.2016","0.00","12.08.2016","","KAUF/ONLINE-SHOPPING VOM 12.08.2016 SWITCHPLUS AG WWW.SWITCHPLUS.CH PAYMENT ID 160811084807673680 BESTELLNUMMER 254803000002852573","","René Hägi","","","1024","","","Inland","","1141 -- Gutschriften von LieferantInnen","6511 -- Internet und Serverhousing","nein","04.06.2018",""
"14.08.2016","4659","K","Allianz Suisse 2016","","Allianz Suisse","84.20","0.00","84.20","84.20","14.09.2016","0.00","14.09.2016","","","","René Hägi","","","1012","","","Inland","","1141 -- Gutschriften von LieferantInnen","6300 -- Betriebsversicherungen","nein","08.06.2018",""
"29.08.2016","4658","K","RG37923","","Swiss Tonerrecycling Ltd.","27.60","0.00","27.60","27.60","14.09.2016","0.00","03.09.2016","","Toner-Patrone rebuilt HP","","René Hägi","","","1073","","","Inland","","1141 -- Gutschriften von LieferantInnen","4000 -- Material-Einkauf","nein","08.06.2018",""
"01.09.2016","4667","K","Rechnung Nr. 74281","","Init7 (Schweiz) AG","648.00","0.00","648.00","648.00","03.10.2016","0.00","01.10.2016","","Rackspace, 2HE 100 Mbps Oktober bis Dezember 2016","","René Hägi","","","13","CH","","Inland","","1141 -- Gutschriften von LieferantInnen","6511 -- Internet und Serverhousing","nein","08.06.2018",""
"02.09.2016","3607","K","PAYMENT ID 3390398647","BESTELLNUMMER 3161704120","Post CH AG","50.00","0.00","50.00","50.00","02.09.2016","0.00","02.09.2016","","KAUF/ONLINE-SHOPPING VOM 02.09.2016 POST CH AG WWW.POST.CH PAYMENT ID 3390398647 BESTELLNUMMER 3161704120","","René Hägi","","","927","","","Inland","","2000 -- Allgemeine Kreditoren","6700 -- Übriger Betriebsaufwand","nein","14.09.2016",""
"05.09.2016","3597","R","78173129461093","","PC Nanny Studio","103.45","0.00","103.45","103.45","05.09.2016","0.00","05.09.2016","","<p>Bezahlt via Kasse arudin (Kreditkarte)</p>","Aliexpress Verkäufer","Andreas Rudin","","","38","China","","Inland","","2000 -- Allgemeine Kreditoren","4710 -- Transporte zu uns","nein","06.09.2016","Position Artikelnummer Beschreibung Menge Einheit 1 P57 Genuine Laptop Keyboard For MSI Steelseries GT60 GT70 GX60 GX70 GE60 GE70 Series Full Colorful backlit US V139922AK1 US$ 69.50 -1.00 Stck … ⏷","Position","Artikelnummer","Beschreibung","Menge","Einheit","1","P57","Genuine Laptop Keyboard For MSI Steelseries GT60 GT70 GX60 GX70 GE60 GE70 Series Full Colorful backlit US V139922AK1 US$ 69.50","-1.00","Stck","2","D16","Versandspesen US$ 33.68","-1.00","psch"
"Position","Artikelnummer","Beschreibung","Menge","Einheit"
"1","P57","Genuine Laptop Keyboard For MSI Steelseries GT60 GT70 GX60 GX70 GE60 GE70 Series Full Colorful backlit US V139922AK1 US$ 69.50","-1.00","Stck"
"2","D16","Versandspesen US$ 33.68","-1.00","psch"
"06.09.2016","4682","K","ABR-Nr. BR 1.246 2016 0004","","SVA Zürich","703.25","0.00","703.25","703.25","12.10.2016","0.00","10.10.2016","","Lohnbeiträge für Juli - September 2016","","René Hägi","","","010","","","Inland","","1141 -- Gutschriften von LieferantInnen","5700 -- AHV, IV, EO, ALV, FAK","nein","15.06.2018",""
"15.09.2016","4683","K","DHL DBX6884550 15.9.2016","","DHL","27.20","0.00","27.20","27.20","12.10.2016","0.00","15.10.2016","","","","René Hägi","","","993","","","Inland","","1141 -- Gutschriften von LieferantInnen","6700 -- Übriger Betriebsaufwand","nein","15.06.2018",""
"18.09.2016","4662","K","PAYMENT ID 160917143227504659","","Switch","62.00","0.00","62.00","62.00","18.09.2016","0.00","18.09.2016","","KAUF/ONLINE-SHOPPING VOM 18.09.2016 SWITCHPLUS AG WWW.SWITCHPLUS.CH PAYMENT ID 160917143227504659 BESTELLNUMMER 254803000002852573","","René Hägi","","","1024","","","Inland","","1141 -- Gutschriften von LieferantInnen","6511 -- Internet und Serverhousing","nein","08.06.2018",""
"18.09.2016","4664","K","PAYMENT ID 160917143651461467","","Switch","15.50","0.00","15.50","15.50","18.09.2016","0.00","18.09.2016","","KAUF/ONLINE-SHOPPING VOM 18.09.2016 SWITCHPLUS AG WWW.SWITCHPLUS.CH PAYMENT ID 160917143651461467 BESTELLNUMMER 254803000003704096","","René Hägi","","","1024","","","Inland","","1141 -- Gutschriften von LieferantInnen","6511 -- Internet und Serverhousing","nein","08.06.2018",""
"18.09.2016","4663","K","PAYMENT ID 160917143452591689","","Switch","15.50","0.00","15.50","15.50","18.09.2016","0.00","18.09.2016","","KAUF/ONLINE-SHOPPING VOM 18.09.2016 SWITCHPLUS AG WWW.SWITCHPLUS.CH PAYMENT ID 160917143452591689 BESTELLNUMMER 254803000002852573","","René Hägi","","","1024","","","Inland","","1141 -- Gutschriften von LieferantInnen","6511 -- Internet und Serverhousing","nein","08.06.2018",""
"27.09.2016","3678","R","0106 49570 27090747","","ZVV","17.20","0.00","17.20","17.20","27.10.2016","0.00","27.09.2016","","<p>24 Std. Anschlussbillett 4 Zonen</p><p>Winterthur</p>","Zürcher Verkehrsverbund","Pietro Staeheli","","","1070","","","Inland","","2000 -- Allgemeine Kreditoren","6700 -- Übriger Betriebsaufwand","nein","27.10.2016","Position Artikelnummer Beschreibung Menge Einheit 1 D11 Reisespesen -1.00 psch","Position","Artikelnummer","Beschreibung","Menge","Einheit","1","D11","Reisespesen","-1.00","psch"
"Position","Artikelnummer","Beschreibung","Menge","Einheit"
"1","D11","Reisespesen","-1.00","psch"
"30.09.2016","4666","K","Preise für Einzahlungen am Schalter","","Post CH AG","2.35","0.00","2.35","2.35","30.09.2016","0.00","30.09.2016","","Preise / Gebühren für Einzahlungen am Postschalter","","René Hägi","","","927","","","Inland","","1141 -- Gutschriften von LieferantInnen","6700 -- Übriger Betriebsaufwand","nein","08.06.2018",""
"11.10.2016","4680","K","PAYMENT ID 161010003008568641","","Switch","15.50","0.00","15.50","15.50","11.10.2016","0.00","11.10.2016","","KAUF/ONLINE-SHOPPING VOM 11.10.2016 SWITCHPLUS AG WWW.SWITCHPLUS.CH PAYMENT ID 161010003008568641 BESTELLNUMMER 254803000002852573","","René Hägi","","","1024","","","Inland","","1141 -- Gutschriften von LieferantInnen","6511 -- Internet und Serverhousing","nein","15.06.2018",""
"12.10.2016","4684","K","PAYMENT ID 3486108730","","Post CH AG","50.00","0.00","50.00","50.00","12.10.2016","0.00","12.10.2016","","KAUF/ONLINE-SHOPPING VOM 12.10.2016 POST CH AG WWW.POST.CH PAYMENT ID 3486108730 BESTELLNUMMER 3217398191","","René Hägi","","","927","","","Inland","","1141 -- Gutschriften von LieferantInnen","6700 -- Übriger Betriebsaufwand","nein","15.06.2018",""
"13.10.2016","4687","K","ABR-Nr. BR 1.246 2016 0005","","SVA Zürich","81.80","0.00","81.80","81.80","31.10.2016","0.00","03.11.2016","","","","René Hägi","","","010","","","Inland","","1141 -- Gutschriften von LieferantInnen","5700 -- AHV, IV, EO, ALV, FAK","nein","15.06.2018",""
"13.10.2016","4690","K","7310109226","","Distrelec","34.25","0.00","34.25","34.25","31.10.2016","0.00","12.11.2016","","Alu-Elko 1500 uF Knopfzellen","","René Hägi","","","11","","","Inland","","1141 -- Gutschriften von LieferantInnen","4000 -- Material-Einkauf","nein","15.06.2018",""
"16.10.2016","3652","R","1661394279011","1661394279011","L2 Computer Inc.","172.08","0.00","172.08","172.08","16.10.2016","0.00","16.10.2016","","<p>Lieferung ca. 26.10. - 2.11.2016</p>","E-Bay Name: l2repair","Andreas Rudin","","","39","USA","","Inland","","1141 -- Gutschriften von LieferantInnen","4710 -- Transporte zu uns","nein","16.10.2016","Position Artikelnummer Beschreibung Menge Einheit 1 P45 Laptop Ersatzteil Occasion: LCD LED Screen Display Assembly for Apple MacBook Air 13"" A1304 A1237 US$ 129.88 -1.00 Stck … ⏷","Position","Artikelnummer","Beschreibung","Menge","Einheit","1","P45","Laptop Ersatzteil Occasion: LCD LED Screen Display Assembly for Apple MacBook Air 13"" A1304 A1237 US$ 129.88","-1.00","Stck","2","D16","Versandspesen US$ 38.50","-1.00","psch"
"Position","Artikelnummer","Beschreibung","Menge","Einheit"
"1","P45","Laptop Ersatzteil Occasion: LCD LED Screen Display Assembly for Apple MacBook Air 13"" A1304 A1237 US$ 129.88","-1.00","Stck"
"2","D16","Versandspesen US$ 38.50","-1.00","psch"
"18.10.2016","3667","R","1875188","543861","IPC-Computer Deutschland GmbH","53.55","0.00","53.55","53.55","18.10.2016","0.00","18.10.2016","","","21.10.2016 arudin Tastatur ist eingetroffen.","Andreas Rudin","","","16","Deutschland","","Inland","","2000 -- Allgemeine Kreditoren","4710 -- Transporte zu uns","nein","21.10.2016","Position Artikelnummer Beschreibung Menge Einheit 1 P57 Laptop-Ersatzteil neu: Keyboard, swiss (CH) Acer TravelMate 5740G Serie -1.00 Stck … ⏷","Position","Artikelnummer","Beschreibung","Menge","Einheit","1","P57","Laptop-Ersatzteil neu: Keyboard, swiss (CH) Acer TravelMate 5740G Serie","-1.00","Stck","2","D16","Versandspesen","-1.00","psch"
"Position","Artikelnummer","Beschreibung","Menge","Einheit"
"1","P57","Laptop-Ersatzteil neu: Keyboard, swiss (CH) Acer TravelMate 5740G Serie","-1.00","Stck"
"2","D16","Versandspesen","-1.00","psch"
"19.10.2016","3666","R","AG16073349","16","akku-handel.ch gmbh","60.70","0.00","60.70","60.70","17.10.2016","0.00","19.10.2016","","<p>Bestell-Nummer: CA16084355</p>","arudin 16.10.2016 Vorausrechnung bezahlt via Postkonto. arudin 21.10.2016 Akku ist eingetroffen","Andreas Rudin","","","1079","","","Inland","","2000 -- Allgemeine Kreditoren","4000 -- Material-Einkauf","nein","21.10.2016","Position Artikelnummer Beschreibung Menge Einheit 1 P79 Ersatzakku neu für Laptop: Akku für Acer TravelMate 5740 11.1V, 5200mAh/56Wh, Li-Ion, schwarz, Powery N04551 -1.00 Stck","Position","Artikelnummer","Beschreibung","Menge","Einheit","1","P79","Ersatzakku neu für Laptop: Akku für Acer TravelMate 5740 11.1V, 5200mAh/56Wh, Li-Ion, schwarz, Powery N04551","-1.00","Stck"
"Position","Artikelnummer","Beschreibung","Menge","Einheit"
"1","P79","Ersatzakku neu für Laptop: Akku für Acer TravelMate 5740 11.1V, 5200mAh/56Wh, Li-Ion, schwarz, Powery N04551","-1.00","Stck"
"21.10.2016","3723","R","692858391026","22","hk-greatdeal2009","16.12","0.00","16.12","16.12","21.10.2016","0.00","21.10.2016","","","arudin Bestellung am 21.10.2016 via E-Bay Lieferung bis spätestens 28.11.2016 Transaktionsnr. 692858391026 Ersatzteil ist eingetroffen","Andreas Rudin","","","1353","China","","Inland","","2000 -- Allgemeine Kreditoren","4710 -- Transporte zu uns","nein","26.11.2016","Position Artikelnummer Beschreibung Menge Einheit 1 P57 NEW For Samsung NP900X4B NP900X4C NP900X4D Series LCD Display Hinges Displace Artikel-Nr. 391432859911 US $12.70 -1.00 Stck … ⏷","Position","Artikelnummer","Beschreibung","Menge","Einheit","1","P57","NEW For Samsung NP900X4B NP900X4C NP900X4D Series LCD Display Hinges Displace Artikel-Nr. 391432859911 US $12.70","-1.00","Stck","2","D16","Versandspesen US $2.99","-1.00","psch"
"Position","Artikelnummer","Beschreibung","Menge","Einheit"
"1","P57","NEW For Samsung NP900X4B NP900X4C NP900X4D Series LCD Display Hinges Displace Artikel-Nr. 391432859911 US $12.70","-1.00","Stck"
"2","D16","Versandspesen US $2.99","-1.00","psch"
"21.10.2016","3722","R","1607427875007","17","jessen*daisy","47.20","0.00","47.20","47.20","21.10.2016","0.00","21.10.2016","","","Ebay Name jessen*daisy arudin Bestellung am 21.10.2016 via E-Bay Lieferung bis spätestens 24.11.2016 Transaktionsnr. 1607427875007 Ersatzteil ist eingetroffen!","Andreas Rudin","","","40","China","","Inland","","2000 -- Allgemeine Kreditoren","4000 -- Material-Einkauf","nein","26.11.2016","Position Artikelnummer Beschreibung Menge Einheit 1 P57 Cover for SAMSUNG NP 900X4 900X4C 900X4D NP900X4D NP900X4C LCD Back Cover Artikelnr.: 172142678994 US $45,96 -1.00 Stck","Position","Artikelnummer","Beschreibung","Menge","Einheit","1","P57","Cover for SAMSUNG NP 900X4 900X4C 900X4D NP900X4D NP900X4C LCD Back Cover Artikelnr.: 172142678994 US $45,96","-1.00","Stck"
"Position","Artikelnummer","Beschreibung","Menge","Einheit"
"1","P57","Cover for SAMSUNG NP 900X4 900X4C 900X4D NP900X4D NP900X4C LCD Back Cover Artikelnr.: 172142678994 US $45,96","-1.00","Stck"
"21.10.2016","4741","K","Rechnung Nr. 644020-148247","","NEST","510.00","0.00","510.00","510.00","05.12.2016","0.00","20.11.2016","","3. Quartal","","René Hägi","","","998","","","Inland","","1141 -- Gutschriften von LieferantInnen","5720 -- Berufliche Vorsorge","nein","06.07.2018",""
"21.10.2016","3721","R","1333590603014","21","Zhang Hao","87.25","0.00","87.25","87.25","21.10.2016","0.00","21.10.2016","","","arudin Bestellung am 21.10.2016 via E-Bay Lieferung bis spätestens 1.11.2016 Transaktionsnr. 1333590603014","Andreas Rudin","","","1352","China","","Inland","","2000 -- Allgemeine Kreditoren","4710 -- Transporte zu uns","nein","26.11.2016","Position Artikelnummer Beschreibung Menge Einheit 1 P57 Genuine Samsung NP740U3E / NP730U3E LCD Back Housing LID Cover Case BA75-04472A Artikel-Nr. 331685658330 £ 43.99 -1.00 Stck … ⏷","Position","Artikelnummer","Beschreibung","Menge","Einheit","1","P57","Genuine Samsung NP740U3E / NP730U3E LCD Back Housing LID Cover Case BA75-04472A Artikel-Nr. 331685658330 £ 43.99","-1.00","Stck","2","D16","Versandspesen £ 25.00","-1.00","psch"
"Position","Artikelnummer","Beschreibung","Menge","Einheit"
"1","P57","Genuine Samsung NP740U3E / NP730U3E LCD Back Housing LID Cover Case BA75-04472A Artikel-Nr. 331685658330 £ 43.99","-1.00","Stck"
"2","D16","Versandspesen £ 25.00","-1.00","psch"
"31.10.2016","4691","K","Preise für Einzahlungen","","Post CH AG","2.35","0.00","2.35","2.35","31.10.2016","0.00","31.10.2016","","Preise für Einzahlungen am Schalter","","René Hägi","","","927","","","Inland","","1141 -- Gutschriften von LieferantInnen","6700 -- Übriger Betriebsaufwand","nein","15.06.2018",""
"01.11.2016","6247","K","1668269533011","","Sai Kit Yeung","9.18","0.00","9.18","9.18","01.11.2016","0.00","01.11.2016","","DC POWER JACK ASUS ZENBOOK UX302 UX302L UX302LA UX302LG K200MA CONNECTOR Artikelnr.: 321545120493","","Andreas Rudin","","","95","","","Inland","","2000 -- Allgemeine Kreditoren","4000 -- Material-Einkauf","nein","24.10.2019",""
"12.11.2016","4714","K","PAYMENT ID 161111001457586255","","Switch","15.50","0.00","15.50","15.50","12.11.2016","0.00","12.11.2016","","KAUF/ONLINE-SHOPPING VOM 12.11.2016 SWITCHPLUS AG WWW.SWITCHPLUS.CH PAYMENT ID 161111001457586255 BESTELLNUMMER 254803000004011210","","René Hägi","","","1024","","","Inland","","1141 -- Gutschriften von LieferantInnen","6511 -- Internet und Serverhousing","nein","29.06.2018",""
"14.11.2016","3700","R","1111","19","Doyle technology co., LTD","60.00","0.00","60.00","60.00","21.11.2016","0.00","14.11.2016","","<p>14.11.2016 mstauffer:</p><p>Habe diesen Monitor mit meiner Pre-Paid Kreditkarte bezahlt 4% gebühr von K-Kiosk.</p>","Bar bezahlt an Max Stauffer","Max Stauffer","","","44","China","","Inland","","2000 -- Allgemeine Kreditoren","4000 -- Material-Einkauf","nein","14.11.2016","Position Artikelnummer Beschreibung Menge Einheit 1 P57 Laptop-Ersatzteil neu: B10RW03 V.0 14.0 tablet LCD screen + 4% K-Kiosk Gebühr -1.00 Stck","Position","Artikelnummer","Beschreibung","Menge","Einheit","1","P57","Laptop-Ersatzteil neu: B10RW03 V.0 14.0 tablet LCD screen + 4% K-Kiosk Gebühr","-1.00","Stck"
"Position","Artikelnummer","Beschreibung","Menge","Einheit"
"1","P57","Laptop-Ersatzteil neu: B10RW03 V.0 14.0 tablet LCD screen + 4% K-Kiosk Gebühr","-1.00","Stck"
"17.11.2016","3704","R","ML1","","Levin Mosi","60.00","0.00","60.00","60.00","18.11.2016","0.00","17.11.2016","","<p>Reisespesen Lieferung 8 PCs für Boutique Linux, Genève</p>","","Mosi Levin","","","1366","","","Inland","","2000 -- Allgemeine Kreditoren","6700 -- Übriger Betriebsaufwand","nein","18.11.2016","Position Artikelnummer Beschreibung Menge Einheit 1 D11 Reisespesen -1.00 psch","Position","Artikelnummer","Beschreibung","Menge","Einheit","1","D11","Reisespesen","-1.00","psch"
"Position","Artikelnummer","Beschreibung","Menge","Einheit"
"1","D11","Reisespesen","-1.00","psch"
"21.11.2016","4731","K","Kauf / Dienstleistung Post","","Post CH AG","24.00","0.00","24.00","24.00","21.11.2016","0.00","21.11.2016","","KAUF/DIENSTLEISTUNG VOM 21.11.2016 KARTEN NR. XXXX6015 POSTSTELLE ZÜRICH 37 WIPKINGEN","","René Hägi","","","927","","","Inland","","1141 -- Gutschriften von LieferantInnen","6700 -- Übriger Betriebsaufwand","nein","06.07.2018",""
"21.11.2016","3711","R","1GK85703BP020541H","20","SDV Systeme","61.78","0.00","61.78","61.78","21.11.2016","0.00","21.11.2016","","<p>Lagerort: Schliessfach 10</p>","","Max Stauffer","","","43","Deutschland","","Inland","","2000 -- Allgemeine Kreditoren","4000 -- Material-Einkauf","nein","21.11.2016","Position Artikelnummer Beschreibung Menge Einheit 1 P57 Laptop-Ersatzteil neu: Acer Aspire V5-531 LED LCD Notebook Display matt, Artikelnr.: WS42603871910934 -1.00 Stck","Position","Artikelnummer","Beschreibung","Menge","Einheit","1","P57","Laptop-Ersatzteil neu: Acer Aspire V5-531 LED LCD Notebook Display matt, Artikelnr.: WS42603871910934","-1.00","Stck"
"Position","Artikelnummer","Beschreibung","Menge","Einheit"
"1","P57","Laptop-Ersatzteil neu: Acer Aspire V5-531 LED LCD Notebook Display matt, Artikelnr.: WS42603871910934","-1.00","Stck"
"21.11.2016","3724","R","760019","760019","Techmania AG","122.05","0.00","122.05","122.05","22.11.2016","0.00","22.11.2016","","","arudin Versandbestätigung von Techmania am 23.11. per Mail erhalten.","Andreas Rudin","","","1354","","","Inland","","1141 -- Gutschriften von LieferantInnen","4000 -- Material-Einkauf","nein","27.11.2016","Position Artikelnummer Beschreibung Menge Einheit 1 P28 Netzteil Chieftec APS-850CB 850W -1.00 Stck","Position","Artikelnummer","Beschreibung","Menge","Einheit","1","P28","Netzteil Chieftec APS-850CB 850W","-1.00","Stck"
"Position","Artikelnummer","Beschreibung","Menge","Einheit"
"1","P28","Netzteil Chieftec APS-850CB 850W","-1.00","Stck"
"28.11.2016","4736","K","PAYMENT ID 3602493050","","Post CH AG","50.00","0.00","50.00","50.00","28.11.2016","0.00","28.11.2016","","KAUF/ONLINE-SHOPPING VOM 28.11.2016 POST CH AG WWW.POST.CH PAYMENT ID 3602493050 BESTELLNUMMER 3283066179","","René Hägi","","","927","","","Inland","","1141 -- Gutschriften von LieferantInnen","6700 -- Übriger Betriebsaufwand","nein","06.07.2018",""
"30.11.2016","4737","K","Preise für Einzahlungen am Schalter","","Post CH AG","2.35","0.00","2.35","2.35","30.11.2016","0.00","30.11.2016","","Gebühren / Preise für Einzahlungen am Schalter","","René Hägi","","","927","","","Inland","","1141 -- Gutschriften von LieferantInnen","6700 -- Übriger Betriebsaufwand","nein","06.07.2018",""
"01.12.2016","6252","K","5DX96724FB653693X","","LAI GUANG MING","19.33","0.00","19.33","19.33","01.12.2016","0.00","01.12.2016","","Original New Toshiba Satellite C870 C870D C875 C875D L870 L870D L875 L875D S870 S875 S875D Laptop LCD Hinges 18.44 US$","","Andreas Rudin","","","55","","","Inland","","2000 -- Allgemeine Kreditoren","4000 -- Material-Einkauf","nein","24.10.2019",""
"01.12.2016","6253","K","552681","","IPC-Computer Deutschland GmbH","60.06","0.00","60.06","60.06","01.12.2016","0.00","01.12.2016","","1 x Display-Deckel / LCD-Back (17,3 Zoll) für Toshiba Satellite C875-13P (LBC870!0000119111) 41.18 EUR Versand mit DHL 12.52 EUR Summe 53.70 EUR","","Andreas Rudin","","","16","Deutschland","","Inland","","2000 -- Allgemeine Kreditoren","4000 -- Material-Einkauf","nein","24.10.2019",""
"08.12.2016","4834","K","Materialeinkauf Pusterla","","Pusterla AG","84.90","0.00","84.90","84.90","08.12.2016","0.00","08.12.2016","","KAUF/DIENSTLEISTUNG VOM 07.12.2016 KARTEN NR. XXXX6015 PUSTERLA ELEKTRONIK AG ZÜRICH","","René Hägi","","","1017","","","Inland","","1141 -- Gutschriften von LieferantInnen","4000 -- Material-Einkauf","nein","03.08.2018",""
"09.12.2016","4835","K","PAYMENT ID 3635837269","BESTELLNUMMER 3301178836","TonerPartner International AG","83.00","0.00","83.00","83.00","09.12.2016","0.00","09.12.2016","","KAUF/ONLINE-SHOPPING VOM 09.12.2016 TONERPARTNER INTERNATIONAL AG WWW.TONERPARTNER.CH PAYMENT ID 3635837269 BESTELLNUMMER 3301178836","","René Hägi","","","27","Schweiz","","Inland","","2000 -- Allgemeine Kreditoren","6500 -- Büro- und sonstiger Verwaltungsaufwand","nein","03.08.2018",""
"15.12.2016","3768","K","B0010216121500082","","Chornlade","21.30","0.00","21.30","21.30","15.12.2016","0.00","15.12.2016","","Auslagen für Mitarbeiteressen 15.12.2016","","Andreas Rudin","","","1380","","","Inland","","2000 -- Allgemeine Kreditoren","6700 -- Übriger Betriebsaufwand","nein","16.12.2016",""
"15.12.2016","3767","K","09643","","coop","6.90","0.00","6.90","6.90","15.12.2016","0.00","15.12.2016","","Auslagen für Mitarbeiteressen 15.12.2016","","Andreas Rudin","","","17","","","Inland","","2000 -- Allgemeine Kreditoren","6700 -- Übriger Betriebsaufwand","nein","16.12.2016",""
"15.12.2016","3769","K","02836","","MIGROS Genossenschaft Zürich","33.70","0.00","33.70","33.70","15.12.2016","0.00","15.12.2016","","Spesen für Mitarbeiteressen 15.12.2016","","Andreas Rudin","","","1381","","","Inland","","2000 -- Allgemeine Kreditoren","6700 -- Übriger Betriebsaufwand","nein","16.12.2016",""
"17.12.2016","3803","K","0500 45142 27120737","","SBB","8.80","0.00","8.80","8.80","09.01.2017","0.00","17.12.2016","","pstaeheli Ticket Vogelsang 27.12.2016","","Pietro Staeheli","","","1003","CH","","Inland","","2000 -- Allgemeine Kreditoren","6700 -- Übriger Betriebsaufwand","nein","09.01.2017",""
"22.12.2016","6255","K","1618546922018","","Zhang Zheng Li","64.39","0.00","64.39","64.39","22.12.2016","0.00","22.12.2016","","Akku Für MD231LL/A, A1466 (EMC 2559), MacBook Air 13'' 2012, A1496 A1377 A1405 Artikelnr.: 281595727559 57.90 US$","","Andreas Rudin","","","97","","","Inland","","2000 -- Allgemeine Kreditoren","4000 -- Material-Einkauf","nein","24.10.2019",""
"03.01.2017","3804","K","0376 08193 03010741","","SBB","8.80","0.00","8.80","8.80","09.01.2017","0.00","09.01.2017","","pstaeheli Ticket Vogelsang 3.1.2017","","Pietro Staeheli","","","1003","CH","","Inland","","2000 -- Allgemeine Kreditoren","6700 -- Übriger Betriebsaufwand","nein","09.01.2017",""
"04.01.2017","5253","K","03.01.2017","","SBB","13.00","0.00","13.00","13.00","04.01.2017","0.00","04.01.2017","","","","Andreas Rudin","","","1003","CH","","Inland","","2000 -- Allgemeine Kreditoren","6700 -- Übriger Betriebsaufwand","nein","01.02.2019",""
"05.01.2017","3805","K","295 431717 05010749","","SBB","8.80","0.00","8.80","8.80","09.01.2017","0.00","09.01.2017","","pstaeheli Ticket Vogelsang","","Pietro Staeheli","","","1003","CH","","Inland","","2000 -- Allgemeine Kreditoren","6700 -- Übriger Betriebsaufwand","nein","09.01.2017",""
"12.01.2017","5806","K","4","","Switchplus","31.00","0.00","31.00","31.00","12.01.2017","0.00","12.01.2017","","","","Giuseppe Cirnigliaro","","","81","Schweiz","","Inland","","1141 -- Gutschriften von LieferantInnen","6511 -- Internet und Serverhousing","nein","29.08.2019",""
"12.01.2017","5805","K","3","","Switchplus","15.50","0.00","15.50","15.50","12.01.2017","0.00","12.01.2017","","","","Giuseppe Cirnigliaro","","","81","Schweiz","","Inland","","2000 -- Allgemeine Kreditoren","6511 -- Internet und Serverhousing","nein","29.08.2019",""
"20.01.2017","5813","K","10","","AXA Versicherungen AG","886.00","0.00","886.00","886.00","20.01.2017","0.00","20.01.2017","","Kranken und Unfallversicherung","","Giuseppe Cirnigliaro","","","009","","","Inland","","2000 -- Allgemeine Kreditoren","5740 -- Krankentaggeldversicherung","nein","29.08.2019",""
"20.01.2017","5815","K","11","","Init7 (Schweiz) AG","648.00","0.00","648.00","648.00","20.01.2017","0.00","20.01.2017","","Januar bis März 17/RE 79028","","Giuseppe Cirnigliaro","","","13","CH","","Inland","","2000 -- Allgemeine Kreditoren","6511 -- Internet und Serverhousing","nein","29.08.2019",""
"20.01.2017","5812","K","9","","green.ch ag","411.50","0.00","411.50","411.50","20.01.2017","0.00","20.01.2017","","","","Giuseppe Cirnigliaro","","","012","","","Inland","","2000 -- Allgemeine Kreditoren","6511 -- Internet und Serverhousing","nein","29.08.2019",""
"24.01.2017","5816","K","12","","SVA Zürich","703.25","0.00","703.25","703.25","24.01.2017","0.00","24.01.2017","","","","Giuseppe Cirnigliaro","","","010","","","Inland","","2000 -- Allgemeine Kreditoren","5700 -- AHV, IV, EO, ALV, FAK","nein","29.08.2019",""
"26.01.2017","3852","R","8643388","8643388","Digitec","229.00","0.00","229.00","229.00","26.01.2017","0.00","26.01.2017","","","","Andreas Rudin","","","001","","","Inland","","2000 -- Allgemeine Kreditoren","4000 -- Material-Einkauf","nein","07.02.2017","Position Artikelnummer Beschreibung Menge Einheit 1 P25 Corsair Mac Memory CMSA16GX3M2A1333C9 (2x 8 GB DDR3-Ram, unbuffered -1.00 Stck … ⏷","Position","Artikelnummer","Beschreibung","Menge","Einheit","1","P25","Corsair Mac Memory CMSA16GX3M2A1333C9 (2x 8 GB DDR3-Ram, unbuffered","-1.00","Stck","2","P27","Crusial MX300 (275GB, 2.5"")","-1.00","Stck"
"Position","Artikelnummer","Beschreibung","Menge","Einheit"
"1","P25","Corsair Mac Memory CMSA16GX3M2A1333C9 (2x 8 GB DDR3-Ram, unbuffered","-1.00","Stck"
"2","P27","Crusial MX300 (275GB, 2.5"")","-1.00","Stck"
"26.01.2017","6004","K","171","","www.nbkit.com","117.01","0.00","117.01","117.01","26.01.2017","0.00","26.01.2017","","","","Giuseppe Cirnigliaro","","","53","","","Inland","","2000 -- Allgemeine Kreditoren","4000 -- Material-Einkauf","nein","16.09.2019",""
"27.01.2017","3884","R","501288178421093","","Baobao Chen","46.45","0.00","46.45","46.45","27.01.2017","0.00","27.01.2017","","<p>&nbsp;</p><p>&nbsp;</p>","Aliexpress: Materke Shop www.aliexpress.com/store/718248","Andreas Rudin","","","1437","","","Inland","","2000 -- Allgemeine Kreditoren","4000 -- Material-Einkauf","nein","28.02.2017","Position Artikelnummer Beschreibung Menge Einheit 1 P57 Laptop-Ersatzteil neu: Samsung NP740U3E Touch Screen digitizer Glass replacement MCF-133-0802-V2 -1.00 Stck","Position","Artikelnummer","Beschreibung","Menge","Einheit","1","P57","Laptop-Ersatzteil neu: Samsung NP740U3E Touch Screen digitizer Glass replacement MCF-133-0802-V2","-1.00","Stck"
"Position","Artikelnummer","Beschreibung","Menge","Einheit"
"1","P57","Laptop-Ersatzteil neu: Samsung NP740U3E Touch Screen digitizer Glass replacement MCF-133-0802-V2","-1.00","Stck"
"01.02.2017","3892","R","295 442330 01020752","","ZVV","8.80","0.00","8.80","8.80","03.03.2017","0.00","03.03.2017","","","Zürcher Verkehrsverbund","Pietro Staeheli","","","1070","","","Inland","","2000 -- Allgemeine Kreditoren","5000 -- Löhne und Gehälter","nein","03.03.2017","Position Artikelnummer Beschreibung Menge Einheit 1 D11 Reisespesen -1.00 psch","Position","Artikelnummer","Beschreibung","Menge","Einheit","1","D11","Reisespesen","-1.00","psch"
"Position","Artikelnummer","Beschreibung","Menge","Einheit"
"1","D11","Reisespesen","-1.00","psch"
"03.02.2017","6006","K","173","","Require IT Ltd.","85.62","0.00","85.62","85.62","03.02.2017","0.00","03.02.2017","","","","Giuseppe Cirnigliaro","","","1221","Grossbritannien","","Inland","","2000 -- Allgemeine Kreditoren","4000 -- Material-Einkauf","nein","16.09.2019",""
"07.02.2017","3853","R","8659123","8659123","Digitec","14.00","0.00","14.00","14.00","08.02.2017","0.00","07.02.2017","","","","Abdelhak Khallef","","","001","","","Inland","","2000 -- Allgemeine Kreditoren","4000 -- Material-Einkauf","nein","08.02.2017","Position Artikelnummer Beschreibung Menge Einheit 1 P53 Kingston SSD 2.5"" zu 3.5"" Einbaurahmen -1.00 Stck","Position","Artikelnummer","Beschreibung","Menge","Einheit","1","P53","Kingston SSD 2.5"" zu 3.5"" Einbaurahmen","-1.00","Stck"
"Position","Artikelnummer","Beschreibung","Menge","Einheit"
"1","P53","Kingston SSD 2.5"" zu 3.5"" Einbaurahmen","-1.00","Stck"
"09.02.2017","3862","R","2B802879UA784912A","","akkus-zentrum.ch","52.98","0.00","52.98","52.98","09.02.2017","0.00","09.02.2017","","","Versand von China aus. Scheint unter diversen wechselnden Mail-Adressen und Domains zu agieren. Frühere Domains: akku-zentrum.ch (bestellung@akku-zentrum.ch) Bei grösseren Bestellungen vorsichtig sein!","Andreas Rudin","","","1177","","","Inland","","2000 -- Allgemeine Kreditoren","4710 -- Transporte zu uns","nein","15.02.2017","Position Artikelnummer Beschreibung Menge Einheit 1 P79 Kompatibler Ersatz fur ACER AS10D31 Laptop Akku Item# LTPAC201.1 -1.00 Stck … ⏷","Position","Artikelnummer","Beschreibung","Menge","Einheit","1","P79","Kompatibler Ersatz fur ACER AS10D31 Laptop Akku Item# LTPAC201.1","-1.00","Stck","2","D16","Versandspesen","-1.00","psch"
"Position","Artikelnummer","Beschreibung","Menge","Einheit"
"1","P79","Kompatibler Ersatz fur ACER AS10D31 Laptop Akku Item# LTPAC201.1","-1.00","Stck"
"2","D16","Versandspesen","-1.00","psch"
"10.02.2017","6007","K","174","","Paypal Pte. Ltd.","8.81","0.00","8.81","8.81","10.02.2017","0.00","10.02.2017","","","","Giuseppe Cirnigliaro","","","1223","Singapore","","Inland","","2000 -- Allgemeine Kreditoren","4000 -- Material-Einkauf","nein","16.09.2019",""
"22.02.2017","3875","R","501622134731093","","Ada ina","20.00","0.00","20.00","0.00","","20.00","22.02.2017","","","Mit Kreditkarte A. Rudin bezahlt","Urs Sonderegger","","","46","China","","Inland","","2000 -- Allgemeine Kreditoren","4000 -- Material-Einkauf","nein","23.02.2017","Position Artikelnummer Beschreibung Menge Einheit 1 P79 Ersatzakku neu für Laptop Toshiba P200 -1.00 Stck","Position","Artikelnummer","Beschreibung","Menge","Einheit","1","P79","Ersatzakku neu für Laptop Toshiba P200","-1.00","Stck"
"Position","Artikelnummer","Beschreibung","Menge","Einheit"
"1","P79","Ersatzakku neu für Laptop Toshiba P200","-1.00","Stck"
"23.02.2017","6009","K","175","","Paypal Pte. Ltd.","75.48","0.00","75.48","75.48","23.02.2017","0.00","23.02.2017","","PC Aid","","Giuseppe Cirnigliaro","","","1223","Singapore","","Inland","","2000 -- Allgemeine Kreditoren","4000 -- Material-Einkauf","nein","16.09.2019",""
"23.02.2017","5824","K","20","","NEST","510.00","0.00","510.00","510.00","23.02.2017","0.00","23.02.2017","","","","Giuseppe Cirnigliaro","","","998","","","Inland","","2270 -- Verbindlichkeiten Sozialversicherungen und Vorsorgeeinrichtungen","5720 -- Berufliche Vorsorge","nein","30.08.2019",""
"02.03.2017","3888","R","96699","","Accuswiss GmbH","39.60","0.00","39.60","39.60","02.03.2017","0.00","02.03.2017","","","","Andreas Rudin","","","1444","","","Inland","","2000 -- Allgemeine Kreditoren","4000 -- Material-Einkauf","nein","02.03.2017","Position Artikelnummer Beschreibung Menge Einheit 1 P28 Netzteil neu Acer_19V3.42A_3.0-1.0, kompatibel zu Samsung AD-6019P -1.00 Stck … ⏷","Position","Artikelnummer","Beschreibung","Menge","Einheit","1","P28","Netzteil neu Acer_19V3.42A_3.0-1.0, kompatibel zu Samsung AD-6019P","-1.00","Stck","2","D16","Versandspesen","-1.00","psch"
"Position","Artikelnummer","Beschreibung","Menge","Einheit"
"1","P28","Netzteil neu Acer_19V3.42A_3.0-1.0, kompatibel zu Samsung AD-6019P","-1.00","Stck"
"2","D16","Versandspesen","-1.00","psch"
"06.03.2017","5832","K","27","","Microspot.ch","94.00","0.00","94.00","94.00","06.03.2017","0.00","06.03.2017","","","","Giuseppe Cirnigliaro","","","7","","","Inland","","1141 -- Gutschriften von LieferantInnen","4000 -- Material-Einkauf","nein","30.08.2019",""
"06.03.2017","3896","R","9068949","","Digitec","149.00","0.00","149.00","149.00","08.03.2017","0.00","06.03.2017","","","","Pietro Staeheli","","","001","","","Inland","","2000 -- Allgemeine Kreditoren","4000 -- Material-Einkauf","nein","08.03.2017","Position Artikelnummer Beschreibung Menge Einheit 1 P16 SSD Crucial MX300 525GB -1.00 Stck","Position","Artikelnummer","Beschreibung","Menge","Einheit","1","P16","SSD Crucial MX300 525GB","-1.00","Stck"
"Position","Artikelnummer","Beschreibung","Menge","Einheit"
"1","P16","SSD Crucial MX300 525GB","-1.00","Stck"
"08.03.2017","3902","R","501815588441093","","Pan'shop","0.00","0.00","0.00","0.00","","0.00","08.03.2017","","","","Urs Sonderegger","","","48","","","Inland","","","","nein","09.03.2017","Position Artikelnummer Beschreibung Menge Einheit 1 P57 Lüfter FKDB04505HA Rechts & Links -1.00 Stck","Position","Artikelnummer","Beschreibung","Menge","Einheit","1","P57","Lüfter FKDB04505HA Rechts & Links","-1.00","Stck"
"Position","Artikelnummer","Beschreibung","Menge","Einheit"
"1","P57","Lüfter FKDB04505HA Rechts & Links","-1.00","Stck"
"08.03.2017","3899","R","889594636","","Hauck Ralph","341.00","0.00","341.00","0.00","","341.00","08.03.2017","","","","Urs Sonderegger","","","47","","","Inland","","2000 -- Allgemeine Kreditoren","4710 -- Transporte zu uns","nein","08.03.2017","Position Artikelnummer Beschreibung Menge Einheit 1 P60 HP ProBook 4720s -1.00 Stck … ⏷","Position","Artikelnummer","Beschreibung","Menge","Einheit","1","P60","HP ProBook 4720s","-1.00","Stck","2","D16","Versandspesen","-1.00","psch"
"Position","Artikelnummer","Beschreibung","Menge","Einheit"
"1","P60","HP ProBook 4720s","-1.00","Stck"
"2","D16","Versandspesen","-1.00","psch"
"08.03.2017","3901","R","501815588441093","","Pan'shop","20.00","0.00","20.00","20.00","03.04.2017","0.00","08.03.2017","","","","Urs Sonderegger","","","48","","","Inland","","1141 -- Gutschriften von LieferantInnen","4000 -- Material-Einkauf","nein","09.03.2017","Position Artikelnummer Beschreibung Menge Einheit 1 P57 Lüfter FKDB04505HA Rechts & Links -1.00 Stck","Position","Artikelnummer","Beschreibung","Menge","Einheit","1","P57","Lüfter FKDB04505HA Rechts & Links","-1.00","Stck"
"Position","Artikelnummer","Beschreibung","Menge","Einheit"
"1","P57","Lüfter FKDB04505HA Rechts & Links","-1.00","Stck"
"10.03.2017","6011","K","177","","Paypal Pte. Ltd.","19.65","0.00","19.65","19.65","10.03.2017","0.00","10.03.2017","","sales@hddzone","","Giuseppe Cirnigliaro","","","1223","Singapore","","Inland","","2000 -- Allgemeine Kreditoren","4000 -- Material-Einkauf","nein","16.09.2019",""
"10.03.2017","3909","R","1327863475003","","Leetomi","19.65","0.00","19.65","19.65","10.03.2017","0.00","10.03.2017","","","E-Bay-Verkäufer","Andreas Rudin","","","1445","","","Inland","","2000 -- Allgemeine Kreditoren","4000 -- Material-Einkauf","nein","10.03.2017","Position Artikelnummer Beschreibung Menge Einheit 1 P12 2060-771961-001 REV A Western Digital PCB WD Hard Drive Logic Controller Board, Artikel-Nummer Lieferant: 131749037520 Preis in US$: 18.80 -1.00 Stck","Position","Artikelnummer","Beschreibung","Menge","Einheit","1","P12","2060-771961-001 REV A Western Digital PCB WD Hard Drive Logic Controller Board, Artikel-Nummer Lieferant: 131749037520 Preis in US$: 18.80","-1.00","Stck"
"Position","Artikelnummer","Beschreibung","Menge","Einheit"
"1","P12","2060-771961-001 REV A Western Digital PCB WD Hard Drive Logic Controller Board, Artikel-Nummer Lieferant: 131749037520 Preis in US$: 18.80","-1.00","Stck"
"13.03.2017","5842","K","35","","Init7 (Schweiz) AG","1'017.00","0.00","1'017.00","1'017.00","13.03.2017","0.00","13.03.2017","","","","Giuseppe Cirnigliaro","","","13","CH","","Inland","","1141 -- Gutschriften von LieferantInnen","6511 -- Internet und Serverhousing","nein","30.08.2019",""
"03.04.2017","3959","K","AR2017-04-12","","Schmidt Jan","50.00","0.00","50.00","50.00","13.04.2017","0.00","13.04.2017","","Einkauf von zwei Tag-/Nachtkameras","","Urs Sonderegger","","","49","Schweiz","","Inland","","2000 -- Allgemeine Kreditoren","6100 -- Werkzeuge, Unterhalt, Betriebsmaterial","nein","13.04.2017",""
"03.04.2017","3945","R","0100202971242","","Apotheke am Wipkingerplatz","4.70","0.00","4.70","4.70","04.04.2017","0.00","03.04.2017","","","","Andreas Rudin","","","1449","","","Inland","","1141 -- Gutschriften von LieferantInnen","4000 -- Material-Einkauf","nein","04.04.2017","Position Artikelnummer Beschreibung Menge Einheit 1 P12 Merfen Waessrige -1.00 Stck","Position","Artikelnummer","Beschreibung","Menge","Einheit","1","P12","Merfen Waessrige","-1.00","Stck"
"Position","Artikelnummer","Beschreibung","Menge","Einheit"
"1","P12","Merfen Waessrige","-1.00","Stck"
"05.04.2017","5858","K","47","","Init7 (Schweiz) AG","648.00","0.00","648.00","648.00","05.04.2017","0.00","05.04.2017","","","","Giuseppe Cirnigliaro","","","13","CH","","Inland","","2000 -- Allgemeine Kreditoren","6511 -- Internet und Serverhousing","nein","02.09.2019",""
"12.04.2017","5863","K","52","","Switchplus","15.50","0.00","15.50","15.50","12.04.2017","0.00","12.04.2017","","","","Giuseppe Cirnigliaro","","","81","Schweiz","","Inland","","2000 -- Allgemeine Kreditoren","6511 -- Internet und Serverhousing","nein","02.09.2019",""
"12.04.2017","5864","K","53","","Switchplus","15.50","0.00","15.50","15.50","12.04.2017","0.00","12.04.2017","","","","Giuseppe Cirnigliaro","","","81","Schweiz","","Inland","","2000 -- Allgemeine Kreditoren","6511 -- Internet und Serverhousing","nein","02.09.2019",""
"12.04.2017","5861","K","50","","Switchplus","15.50","0.00","15.50","15.50","12.04.2017","0.00","12.04.2017","","","","Giuseppe Cirnigliaro","","","81","Schweiz","","Inland","","2000 -- Allgemeine Kreditoren","6511 -- Internet und Serverhousing","nein","02.09.2019",""
"12.04.2017","5862","K","51","","Switchplus","62.00","0.00","62.00","62.00","12.04.2017","0.00","12.04.2017","","","","Giuseppe Cirnigliaro","","","81","Schweiz","","Inland","","2000 -- Allgemeine Kreditoren","6511 -- Internet und Serverhousing","nein","02.09.2019",""
"27.04.2017","3984","R","51637","","Laptop-LCD-Screen.co.uk","97.16","0.00","97.16","97.16","05.05.2017","0.00","27.04.2017","","","","Pietro Staeheli","","","50","UNITED KINGDOM","","Inland","","2000 -- Allgemeine Kreditoren","4000 -- Material-Einkauf","nein","05.05.2017","Position Artikelnummer Beschreibung Menge Einheit 1 P57 Laptop-Ersatzteil neu -1.00 Stck … ⏷","Position","Artikelnummer","Beschreibung","Menge","Einheit","1","P57","Laptop-Ersatzteil neu","-1.00","Stck","2","D16","Versandspesen","-1.00","psch","3","D29","Zollgebühren","-1.00","psch"
"Position","Artikelnummer","Beschreibung","Menge","Einheit"
"1","P57","Laptop-Ersatzteil neu","-1.00","Stck"
"2","D16","Versandspesen","-1.00","psch"
"3","D29","Zollgebühren","-1.00","psch"
"27.04.2017","6014","K","180","","DB Vertrieb GmbH","694.27","0.00","694.27","694.27","27.04.2017","0.00","27.04.2017","","","","Giuseppe Cirnigliaro","","","88","","","Inland","","2000 -- Allgemeine Kreditoren","5830 -- Spesen von Mitarbeitenden","nein","16.09.2019",""
"17.05.2017","5879","K","68","","SVA Zürich","748.25","0.00","748.25","748.25","17.05.2017","0.00","17.05.2017","","","","Giuseppe Cirnigliaro","","","010","","","Inland","","2000 -- Allgemeine Kreditoren","5700 -- AHV, IV, EO, ALV, FAK","nein","02.09.2019",""
"04.06.2017","5884","K","71","","Switchplus","15.50","0.00","15.50","15.50","04.06.2017","0.00","04.06.2017","","","","Giuseppe Cirnigliaro","","","81","Schweiz","","Inland","","2000 -- Allgemeine Kreditoren","6511 -- Internet und Serverhousing","nein","02.09.2019",""
"07.06.2017","4036","R","1494420324","1494420324","LAPTOPSCREEN.COM","78.07","0.00","78.07","78.07","10.05.2017","0.00","07.06.2017","","<p>Fehleranalyse bezahlt!</p>","","Urs Sonderegger","","","51","Canada","","Inland","","1141 -- Gutschriften von LieferantInnen","5000 -- Löhne und Gehälter","nein","07.06.2017","Position Artikelnummer Beschreibung Menge Einheit 1 LP140WH2(TP)(T1) LP140WH2(TP)(T1) -1.00 Stck","Position","Artikelnummer","Beschreibung","Menge","Einheit","1","LP140WH2(TP)(T1)","LP140WH2(TP)(T1)","-1.00","Stck"
"Position","Artikelnummer","Beschreibung","Menge","Einheit"
"1","LP140WH2(TP)(T1)","LP140WH2(TP)(T1)","-1.00","Stck"
"07.06.2017","4037","R","512864","26","Parts-People.com, Inc.","118.37","0.00","118.37","118.37","07.06.2017","0.00","07.06.2017","","<p>""1x RAM 4GB 1Rx8 PC4-2133P-SAB-10 MTA8ATF51264HZ-2G1A2""</p><p>Dell E7470 P61G001 P61G Amerikanisches Layout und Touchpad</p>","","Max Stauffer","","","52","United States of America","","Inland","","1141 -- Gutschriften von LieferantInnen","5000 -- Löhne und Gehälter","nein","07.06.2017","Position Artikelnummer Beschreibung Menge Einheit 1 F2X80 US International Dell Latitude Dual point -1.00 Stck … ⏷","Position","Artikelnummer","Beschreibung","Menge","Einheit","1","F2X80","US International Dell Latitude Dual point","-1.00","Stck","2","XFY7W","Touchpad Assembly Dell Latitude","-1.00","Stck","3","D16","Versandspesen","-1.00","psch"
"Position","Artikelnummer","Beschreibung","Menge","Einheit"
"1","F2X80","US International Dell Latitude Dual point","-1.00","Stck"
"2","XFY7W","Touchpad Assembly Dell Latitude","-1.00","Stck"
"3","D16","Versandspesen","-1.00","psch"
"07.06.2017","4038","R","-","26","Post CH AG","27.50","0.00","27.50","27.50","01.06.2017","0.00","07.06.2017","","<p>""1x RAM 4GB 1Rx8 PC4-2133P-SAB-10 MTA8ATF51264HZ-2G1A2""</p><p>Dell E7470 P61G001 P61G Amerikanisches Layout und Touchpad</p>","","Max Stauffer","","","927","","","Inland","","1141 -- Gutschriften von LieferantInnen","4710 -- Transporte zu uns","nein","07.06.2017","Position Artikelnummer Beschreibung Menge Einheit 1 D16 Zoll gebühren -1.00 psch","Position","Artikelnummer","Beschreibung","Menge","Einheit","1","D16","Zoll gebühren","-1.00","psch"
"Position","Artikelnummer","Beschreibung","Menge","Einheit"
"1","D16","Zoll gebühren","-1.00","psch"
"07.06.2017","4041","R","3X499345ME668914U","25","Laptop-LCD-Screen.co.uk","25.40","0.00","25.40","25.40","10.05.2017","0.00","07.06.2017","","","","Max Stauffer","","","50","UNITED KINGDOM","","Inland","","2000 -- Allgemeine Kreditoren","5000 -- Löhne und Gehälter","nein","07.06.2017","Position Artikelnummer Beschreibung Menge Einheit 1 D29 Zollgebühren -1.00 psch","Position","Artikelnummer","Beschreibung","Menge","Einheit","1","D29","Zollgebühren","-1.00","psch"
"Position","Artikelnummer","Beschreibung","Menge","Einheit"
"1","D29","Zollgebühren","-1.00","psch"
"07.06.2017","4040","R","3X499345ME668914U","25","Laptop-LCD-Screen.co.uk","74.42","0.00","74.42","74.42","07.06.2017","0.00","07.06.2017","","","","Max Stauffer","","","50","UNITED KINGDOM","","Inland","","2000 -- Allgemeine Kreditoren","5000 -- Löhne und Gehälter","nein","07.06.2017","Position Artikelnummer Beschreibung Menge Einheit 1 1055620 QUANTA QD14TL01 REV.03 14.1 -1.00 Stck","Position","Artikelnummer","Beschreibung","Menge","Einheit","1","1055620","QUANTA QD14TL01 REV.03 14.1","-1.00","Stck"
"Position","Artikelnummer","Beschreibung","Menge","Einheit"
"1","1055620","QUANTA QD14TL01 REV.03 14.1","-1.00","Stck"
"15.06.2017","5893","K","80","","SVA Zürich","472.40","0.00","472.40","472.40","15.06.2017","0.00","15.06.2017","","","","Giuseppe Cirnigliaro","","","010","","","Inland","","2000 -- Allgemeine Kreditoren","5700 -- AHV, IV, EO, ALV, FAK","nein","02.09.2019",""
"15.06.2017","6016","K","181","","Paypal Pte. Ltd.","26.32","0.00","26.32","26.32","15.06.2017","0.00","15.06.2017","","platpaypln","","Giuseppe Cirnigliaro","","","1223","Singapore","","Inland","","2000 -- Allgemeine Kreditoren","4000 -- Material-Einkauf","nein","16.09.2019",""
"22.06.2017","5896","K","83","","Switchplus","68.00","0.00","68.00","68.00","22.06.2017","0.00","22.06.2017","","","","Giuseppe Cirnigliaro","","","81","Schweiz","","Inland","","2000 -- Allgemeine Kreditoren","6511 -- Internet und Serverhousing","nein","02.09.2019",""
"04.07.2017","5905","K","92","","NEST","211.80","0.00","211.80","211.80","04.07.2017","0.00","04.07.2017","","","","Giuseppe Cirnigliaro","","","998","","","Inland","","2000 -- Allgemeine Kreditoren","5720 -- Berufliche Vorsorge","nein","02.09.2019",""
"04.07.2017","5901","K","88","","SVA Zürich","679.35","0.00","679.35","679.35","04.07.2017","0.00","04.07.2017","","","","Giuseppe Cirnigliaro","","","010","","","Inland","","2000 -- Allgemeine Kreditoren","5700 -- AHV, IV, EO, ALV, FAK","nein","02.09.2019",""
"04.07.2017","5902","K","89","","Init7 (Schweiz) AG","648.00","0.00","648.00","648.00","04.07.2017","0.00","04.07.2017","","","","Giuseppe Cirnigliaro","","","13","CH","","Inland","","2000 -- Allgemeine Kreditoren","6511 -- Internet und Serverhousing","nein","02.09.2019",""
"05.07.2017","4068","R","8N679101YB802531G","28","Ebuy Limited","135.09","0.00","135.09","0.00","","135.09","05.07.2017","","","","Max Stauffer","","","54","","","Inland","","1141 -- Gutschriften von LieferantInnen","5000 -- Löhne und Gehälter","nein","05.07.2017","Position Artikelnummer Beschreibung Menge Einheit 1 39778 LSN150KT01-801 -1.00 Stck","Position","Artikelnummer","Beschreibung","Menge","Einheit","1","39778","LSN150KT01-801","-1.00","Stck"
"Position","Artikelnummer","Beschreibung","Menge","Einheit"
"1","39778","LSN150KT01-801","-1.00","Stck"
"05.07.2017","6019","K","184","","Ebuy Limited","134.95","0.00","134.95","134.95","05.07.2017","0.00","05.07.2017","","","","Giuseppe Cirnigliaro","","","54","","","Inland","","2000 -- Allgemeine Kreditoren","4000 -- Material-Einkauf","nein","16.09.2019",""
"11.07.2017","4072","R","2P1416221W452354A","29","LAI GUANG MING","0.00","0.00","0.00","0.00","13.07.2017","0.00","11.07.2017","","","31.36 CHF retour erhalten über paypal, bestellung storniert","Max Stauffer","","","55","","","Inland","","","","nein","12.07.2017","Position Artikelnummer Beschreibung Menge Einheit 1 x201 Original New Lenovo IBM Thinkpad X200 X200S X201 Series LCD LED Cable -1.00 Stck","Position","Artikelnummer","Beschreibung","Menge","Einheit","1","x201","Original New Lenovo IBM Thinkpad X200 X200S X201 Series LCD LED Cable","-1.00","Stck"
"Position","Artikelnummer","Beschreibung","Menge","Einheit"
"1","x201","Original New Lenovo IBM Thinkpad X200 X200S X201 Series LCD LED Cable","-1.00","Stck"
"24.07.2017","5910","K","98","","SVA Zürich","472.45","0.00","472.45","472.45","24.07.2017","0.00","24.07.2017","","","","Giuseppe Cirnigliaro","","","010","","","Inland","","2000 -- Allgemeine Kreditoren","5700 -- AHV, IV, EO, ALV, FAK","nein","02.09.2019",""
"03.08.2017","6020","K","185","","Paypal Pte. Ltd.","27.05","0.00","27.05","27.05","03.08.2017","0.00","03.08.2017","","aprilestore","","Giuseppe Cirnigliaro","","","1223","Singapore","","Inland","","2000 -- Allgemeine Kreditoren","4000 -- Material-Einkauf","nein","16.09.2019",""
"07.08.2017","6022","K","187","","DB Vertrieb GmbH","407.04","0.00","407.04","407.04","07.08.2017","0.00","07.08.2017","","Deutsche Bahn","","Giuseppe Cirnigliaro","","","88","","","Inland","","2000 -- Allgemeine Kreditoren","5830 -- Spesen von Mitarbeitenden","nein","16.09.2019",""
"08.08.2017","5917","K","105","","Backbone Solutions AG","100.00","0.00","100.00","100.00","08.08.2017","0.00","08.08.2017","","","","Giuseppe Cirnigliaro","","","1006","CH","","Inland","","2000 -- Allgemeine Kreditoren","6510 -- Telefon","nein","02.09.2019",""
"08.08.2017","5918","K","106","","green.ch ag","411.50","0.00","411.50","411.50","08.08.2017","0.00","08.08.2017","","","","Giuseppe Cirnigliaro","","","012","","","Inland","","2000 -- Allgemeine Kreditoren","6511 -- Internet und Serverhousing","nein","02.09.2019",""
"16.08.2017","4144","R","0SG79164K2708645L","30","Ebay/PAYPAL *JORDAN918*","20.01","0.00","20.01","20.01","16.08.2017","0.00","16.08.2017","","","","Max Stauffer","","","56","","","Inland","","2000 -- Allgemeine Kreditoren","5000 -- Löhne und Gehälter","nein","16.08.2017","Position Artikelnummer Beschreibung Menge Einheit 1 122177962323 LCD LED screen Video cable 44C9991 44C9990 for IBM Lenovo thinkpad X200 X201 Item# 122177962323 -1.00 Stck","Position","Artikelnummer","Beschreibung","Menge","Einheit","1","122177962323","LCD LED screen Video cable 44C9991 44C9990 for IBM Lenovo thinkpad X200 X201 Item# 122177962323","-1.00","Stck"
"Position","Artikelnummer","Beschreibung","Menge","Einheit"
"1","122177962323","LCD LED screen Video cable 44C9991 44C9990 for IBM Lenovo thinkpad X200 X201 Item# 122177962323","-1.00","Stck"
"16.08.2017","4150","R","4426153","31","Alex NLD","10.08","0.00","10.08","10.08","16.08.2017","0.00","16.08.2017","","","","Pietro Staeheli","","","1520","Israel","","Inland","","1141 -- Gutschriften von LieferantInnen","4000 -- Material-Einkauf","nein","16.08.2017","Position Artikelnummer Beschreibung Menge Einheit 1 P57 Ersatzteil neu -1.00 Stck","Position","Artikelnummer","Beschreibung","Menge","Einheit","1","P57","Ersatzteil neu","-1.00","Stck"
"Position","Artikelnummer","Beschreibung","Menge","Einheit"
"1","P57","Ersatzteil neu","-1.00","Stck"
"24.08.2017","5921","K","111","","Switchplus","15.50","0.00","15.50","15.50","24.08.2017","0.00","24.08.2017","","","","Giuseppe Cirnigliaro","","","81","Schweiz","","Inland","","2000 -- Allgemeine Kreditoren","6511 -- Internet und Serverhousing","nein","02.09.2019",""
"24.08.2017","5919","K","109","","Switchplus","15.50","0.00","15.50","15.50","24.08.2017","0.00","24.08.2017","","","","Giuseppe Cirnigliaro","","","81","Schweiz","","Inland","","2000 -- Allgemeine Kreditoren","6511 -- Internet und Serverhousing","nein","02.09.2019",""
"24.08.2017","5920","K","110","","Switchplus","46.50","0.00","46.50","46.50","24.08.2017","0.00","24.08.2017","","","","Giuseppe Cirnigliaro","","","81","Schweiz","","Inland","","2000 -- Allgemeine Kreditoren","6511 -- Internet und Serverhousing","nein","02.09.2019",""
"26.08.2017","4198","R","319 524970 25080804","","ZVV","8.80","0.00","8.80","8.80","01.09.2017","0.00","26.08.2017","","","Zürcher Verkehrsverbund","Pietro Staeheli","","","1070","","","Inland","","2000 -- Allgemeine Kreditoren","5000 -- Löhne und Gehälter","nein","01.09.2017","Position Artikelnummer Beschreibung Menge Einheit 1 D11 Reisespesen -1.00 psch","Position","Artikelnummer","Beschreibung","Menge","Einheit","1","D11","Reisespesen","-1.00","psch"
"Position","Artikelnummer","Beschreibung","Menge","Einheit"
"1","D11","Reisespesen","-1.00","psch"
"04.09.2017","5928","K","117","","Allianz Suisse","84.60","0.00","84.60","84.60","04.09.2017","0.00","04.09.2017","","","","Giuseppe Cirnigliaro","","","1012","","","Inland","","2000 -- Allgemeine Kreditoren","6300 -- Betriebsversicherungen","nein","03.09.2019",""
"04.09.2017","5927","K","116","","SVA Zürich","472.40","0.00","472.40","472.40","04.09.2017","0.00","04.09.2017","","","","Giuseppe Cirnigliaro","","","010","","","Inland","","2000 -- Allgemeine Kreditoren","5700 -- AHV, IV, EO, ALV, FAK","nein","03.09.2019",""
"11.09.2017","6030","K","195","","Paypal Pte. Ltd.","71.63","0.00","71.63","71.63","11.09.2017","0.00","11.09.2017","","Qual-IT in GBP belastet","","Giuseppe Cirnigliaro","","","1223","Singapore","","Inland","","2000 -- Allgemeine Kreditoren","4000 -- Material-Einkauf","nein","17.09.2019",""
"11.09.2017","6029","K","194","","Paypal Pte. Ltd.","13.70","0.00","13.70","13.70","11.09.2017","0.00","11.09.2017","","Ma Guitao","","Giuseppe Cirnigliaro","","","1223","Singapore","","Inland","","2000 -- Allgemeine Kreditoren","4000 -- Material-Einkauf","nein","17.09.2019",""
"12.09.2017","5934","K","123","","Init7 (Schweiz) AG","648.00","0.00","648.00","648.00","12.09.2017","0.00","12.09.2017","","","","Giuseppe Cirnigliaro","","","13","CH","","Inland","","2000 -- Allgemeine Kreditoren","6511 -- Internet und Serverhousing","nein","03.09.2019",""
"12.09.2017","5933","K","122","","Alltron AG","447.85","0.00","447.85","447.85","12.09.2017","0.00","12.09.2017","","","","Giuseppe Cirnigliaro","","","013","","","Inland","","2000 -- Allgemeine Kreditoren","4710 -- Transporte zu uns","nein","03.09.2019",""
"13.09.2017","4213","R","802284273","32","Stauffer Max","80.00","0.00","80.00","80.00","20.09.2017","0.00","27.09.2017","","","Kunde hat bezahlt daher 80 Franken von den einnahmen an max stauffer","Max Stauffer","","","42","Schweiz","","Inland","","1141 -- Gutschriften von LieferantInnen","5000 -- Löhne und Gehälter","nein","13.09.2017","Position Artikelnummer Beschreibung Menge Einheit 1 Hs9013801010 LCD inside panel, LP140wf6 -1.00 Stck","Position","Artikelnummer","Beschreibung","Menge","Einheit","1","Hs9013801010","LCD inside panel, LP140wf6","-1.00","Stck"
"Position","Artikelnummer","Beschreibung","Menge","Einheit"
"1","Hs9013801010","LCD inside panel, LP140wf6","-1.00","Stck"
"18.09.2017","6031","K","196","","Paypal Pte. Ltd.","12.39","0.00","12.39","12.39","18.09.2017","0.00","18.09.2017","","NYCOMTECH","","Giuseppe Cirnigliaro","","","1223","Singapore","","Inland","","2000 -- Allgemeine Kreditoren","4000 -- Material-Einkauf","nein","17.09.2019",""
"29.09.2017","4241","R","53631","53631","laptopscreenwholesale@gmail.com","109.05","0.00","109.05","109.05","05.10.2017","0.00","29.09.2017","","","","Urs Sonderegger","","","58","","","Inland","","1141 -- Gutschriften von LieferantInnen","4000 -- Material-Einkauf","nein","05.10.2017","Position Artikelnummer Beschreibung Menge Einheit 1 P57 Laptop Screen -1.00 Stck … ⏷","Position","Artikelnummer","Beschreibung","Menge","Einheit","1","P57","Laptop Screen","-1.00","Stck","2","P57","Screen Kabel","-1.00","Stck"
"Position","Artikelnummer","Beschreibung","Menge","Einheit"
"1","P57","Laptop Screen","-1.00","Stck"
"2","P57","Screen Kabel","-1.00","Stck"
"29.09.2017","4240","R","4523-1507114308","35","laptopscreenwholesale@gmail.com","147.20","0.00","147.20","0.00","","147.20","29.09.2017","","","","Max Stauffer","","","58","","","Inland","","1141 -- Gutschriften von LieferantInnen","5000 -- Löhne und Gehälter","nein","04.10.2017","Position Artikelnummer Beschreibung Menge Einheit 1 GJBL11766 LSN150KT01-801 [4371] -1.00 Stck","Position","Artikelnummer","Beschreibung","Menge","Einheit","1","GJBL11766","LSN150KT01-801 [4371]","-1.00","Stck"
"Position","Artikelnummer","Beschreibung","Menge","Einheit"
"1","GJBL11766","LSN150KT01-801 [4371]","-1.00","Stck"
"13.10.2017","5943","K","130","","Backbone Solutions AG","400.00","0.00","400.00","400.00","13.10.2017","0.00","13.10.2017","","","","Giuseppe Cirnigliaro","","","1006","CH","","Inland","","2000 -- Allgemeine Kreditoren","6510 -- Telefon","nein","04.09.2019",""
"18.10.2017","4324","R","970661","382136711775","Discounted Laptop Parts","34.54","0.00","34.54","34.54","18.10.2017","0.00","18.10.2017","","","","Andreas Rudin","","","59","USA","","Inland","","1141 -- Gutschriften von LieferantInnen","4000 -- Material-Einkauf","nein","27.11.2017","Position Artikelnummer Beschreibung Menge Einheit 1 P45 HP ProBook 4310s Bottom Case 577209-001 -1.00 Stck","Position","Artikelnummer","Beschreibung","Menge","Einheit","1","P45","HP ProBook 4310s Bottom Case 577209-001","-1.00","Stck"
"Position","Artikelnummer","Beschreibung","Menge","Einheit"
"1","P45","HP ProBook 4310s Bottom Case 577209-001","-1.00","Stck"
"25.10.2017","4266","R","TCH426164","TCH8587923","TonerPartner International AG","22.20","0.00","22.20","22.20","22.08.2017","0.00","25.10.2017","","","","Max Stauffer","","","27","Schweiz","","Inland","","2000 -- Allgemeine Kreditoren","5000 -- Löhne und Gehälter","nein","25.10.2017","Position Artikelnummer Beschreibung Menge Einheit 1 4529B001 Canon 4529B001 Toner set -1.00 Stck","Position","Artikelnummer","Beschreibung","Menge","Einheit","1","4529B001","Canon 4529B001 Toner set","-1.00","Stck"
"Position","Artikelnummer","Beschreibung","Menge","Einheit"
"1","4529B001","Canon 4529B001 Toner set","-1.00","Stck"
"25.10.2017","4282","R","RE201702","","Schmidt Jan","148.10","0.00","148.10","148.10","31.10.2017","0.00","25.10.2017","","","","Pietro Staeheli","","","49","Schweiz","","Inland","","2000 -- Allgemeine Kreditoren","4000 -- Material-Einkauf","nein","31.10.2017","Position Artikelnummer Beschreibung Menge Einheit 1 P59 APU2C4 -1.00 Stck … ⏷","Position","Artikelnummer","Beschreibung","Menge","Einheit","1","P59","APU2C4","-1.00","Stck","2","P13","Speicherkarte mSATA 16GB","-1.00","Stck"
"Position","Artikelnummer","Beschreibung","Menge","Einheit"
"1","P59","APU2C4","-1.00","Stck"
"2","P13","Speicherkarte mSATA 16GB","-1.00","Stck"
"25.10.2017","4307","K","25457192","","Hilti","35.25","0.00","35.25","35.25","13.11.2017","0.00","25.10.2017","","Bithalter für Boschhammer","","Urs Sonderegger","","","60","","","Inland","","2000 -- Allgemeine Kreditoren","6100 -- Werkzeuge, Unterhalt, Betriebsmaterial","nein","13.11.2017",""
"26.10.2017","4330","R","504478888401093","","Discount Projector Lamp Store","193.55","0.00","193.55","193.55","26.10.2017","0.00","26.10.2017","","","","Urs Sonderegger","","","63","China","","Inland","","2000 -- Allgemeine Kreditoren","4000 -- Material-Einkauf","nein","30.11.2017","Position Artikelnummer Beschreibung Menge Einheit 1 P12 1076-6319 Watt/1076-6318 Watt DLP projektor DMD chip für Benq MP612C -1.00 Stck","Position","Artikelnummer","Beschreibung","Menge","Einheit","1","P12","1076-6319 Watt/1076-6318 Watt DLP projektor DMD chip für Benq MP612C","-1.00","Stck"
"Position","Artikelnummer","Beschreibung","Menge","Einheit"
"1","P12","1076-6319 Watt/1076-6318 Watt DLP projektor DMD chip für Benq MP612C","-1.00","Stck"
"03.11.2017","5952","K","139","","SVA Zürich","728.25","0.00","728.25","748.25","03.11.2017","-20.00","03.11.2017","","","","Giuseppe Cirnigliaro","","","010","","","Inland","","2000 -- Allgemeine Kreditoren","5700 -- AHV, IV, EO, ALV, FAK","nein","04.09.2019",""
"06.11.2017","4325","R","504641025841093","","ApexWay","18.33","0.00","18.33","18.33","06.11.2017","0.00","06.11.2017","","","Aliexpress Händler","Andreas Rudin","","","1590","NL","","Inland","","2000 -- Allgemeine Kreditoren","4710 -- Transporte zu uns","nein","27.11.2017","Position Artikelnummer Beschreibung Menge Einheit 1 P79 Ersatzakku neu für Laptop 2200mAh für HP 4310s -1.00 Stck … ⏷","Position","Artikelnummer","Beschreibung","Menge","Einheit","1","P79","Ersatzakku neu für Laptop 2200mAh für HP 4310s","-1.00","Stck","2","D16","Versandspesen","-1.00","psch"
"Position","Artikelnummer","Beschreibung","Menge","Einheit"
"1","P79","Ersatzakku neu für Laptop 2200mAh für HP 4310s","-1.00","Stck"
"2","D16","Versandspesen","-1.00","psch"
"11.11.2017","4308","R","504468161781093","504468161781093","Store No.408057","37.45","0.00","37.45","37.45","13.11.2017","0.00","11.11.2017","","<p>Gerät ist bei Kundin!</p>","","Urs Sonderegger","","","61","China","","Inland","","1141 -- Gutschriften von LieferantInnen","4000 -- Material-Einkauf","nein","13.11.2017","Position Artikelnummer Beschreibung Menge Einheit 1 001903 A1405 Batterie Für Apple MacBook Air 13 ""Modell A1466 Mitte 2012 -1.00 Stck","Position","Artikelnummer","Beschreibung","Menge","Einheit","1","001903","A1405 Batterie Für Apple MacBook Air 13 ""Modell A1466 Mitte 2012","-1.00","Stck"
"Position","Artikelnummer","Beschreibung","Menge","Einheit"
"1","001903","A1405 Batterie Für Apple MacBook Air 13 ""Modell A1466 Mitte 2012","-1.00","Stck"
"13.11.2017","5962","K","148","","NEST","50.00","0.00","50.00","50.00","13.11.2017","0.00","13.11.2017","","","","Giuseppe Cirnigliaro","","","998","","","Inland","","2000 -- Allgemeine Kreditoren","5720 -- Berufliche Vorsorge","nein","04.09.2019",""
"13.11.2017","5963","K","149","","Microspot.ch","246.60","0.00","246.60","246.60","13.11.2017","0.00","13.11.2017","","","","Giuseppe Cirnigliaro","","","7","","","Inland","","2000 -- Allgemeine Kreditoren","4000 -- Material-Einkauf","nein","04.09.2019",""
"16.11.2017","5965","K","151","","Accuswiss GmbH","69.08","0.00","69.08","69.08","16.11.2017","0.00","16.11.2017","","","","Giuseppe Cirnigliaro","","","1444","","","Inland","","2000 -- Allgemeine Kreditoren","4000 -- Material-Einkauf","nein","04.09.2019",""
"20.11.2017","4315","R","4950484","","Digitec","55.70","0.00","55.70","55.70","07.12.2017","0.00","20.11.2017","","","","Urs Sonderegger","","","001","","","Inland","","1141 -- Gutschriften von LieferantInnen","4000 -- Material-Einkauf","nein","20.11.2017","Position Artikelnummer Beschreibung Menge Einheit 1 000194 HP 740015-002 AC-Adapter (45W) -1.00 Stck","Position","Artikelnummer","Beschreibung","Menge","Einheit","1","000194","HP 740015-002 AC-Adapter (45W)","-1.00","Stck"
"Position","Artikelnummer","Beschreibung","Menge","Einheit"
"1","000194","HP 740015-002 AC-Adapter (45W)","-1.00","Stck"
"27.11.2017","4323","R","23956-1511788475","10020116","Accuswiss GmbH","52.82","0.00","52.82","52.82","27.11.2017","0.00","18.12.2017","","","Dienstag kommt noch das netzteil DK Bestellung Akku intern?! 27.11.2017 mstauffer: Da bis jetzt nichts passiert ist, habe ich den Akku bestellt und den Auftrag übernommen. Akku ist bestellt sollte in 2 Wochen bei uns sein. www.laptop-battery-shop.com Bestellnummer: 10020116 Bezahlt über Paypal ""Dell 2NJNF, 8JVDG 11.1V 3960mAh original batteries""","Max Stauffer","","","1444","","","Inland","","2000 -- Allgemeine Kreditoren","5000 -- Löhne und Gehälter","nein","27.11.2017","Position Artikelnummer Beschreibung Menge Einheit 1 1003112 2NJNF Akku -1.00 Stck","Position","Artikelnummer","Beschreibung","Menge","Einheit","1","1003112","2NJNF Akku","-1.00","Stck"
"Position","Artikelnummer","Beschreibung","Menge","Einheit"
"1","1003112","2NJNF Akku","-1.00","Stck"
"06.12.2017","4343","R","WS1802298","","Swissparts AG","104.70","0.00","104.70","104.70","07.12.2017","0.00","06.12.2017","","","","Urs Sonderegger","","","1009","CH","","Inland","","1141 -- Gutschriften von LieferantInnen","4000 -- Material-Einkauf","nein","07.12.2017","Position Artikelnummer Beschreibung Menge Einheit 1 P57 Laptop-Ersatzteil neu -1.00 Stck","Position","Artikelnummer","Beschreibung","Menge","Einheit","1","P57","Laptop-Ersatzteil neu","-1.00","Stck"
"Position","Artikelnummer","Beschreibung","Menge","Einheit"
"1","P57","Laptop-Ersatzteil neu","-1.00","Stck"
"07.12.2017","4411","R","956169416","","Zimmermann Viola","405.00","0.00","405.00","405.00","07.12.2017","0.00","07.12.2017","","<p>Via Ricardo ersteigert und persönlich abgeholt.</p>","","Andreas Rudin","","","1613","","","Inland","","2000 -- Allgemeine Kreditoren","4000 -- Material-Einkauf","nein","25.01.2018","Position Artikelnummer Beschreibung Menge Einheit 1 P60 Macbook Pro 15"" 2011, 2.66GHz Intel Core i7, 4GB 1066MHz DDR3 SDRAM - 2x2GB, 500GB Serial ATA Drive @ 7200 rpm, SuperDrive 8x (DVD+-R DL/DVD +-RW/CD-RW) -1.00 Stck","Position","Artikelnummer","Beschreibung","Menge","Einheit","1","P60","Macbook Pro 15"" 2011, 2.66GHz Intel Core i7, 4GB 1066MHz DDR3 SDRAM - 2x2GB, 500GB Serial ATA Drive @ 7200 rpm, SuperDrive 8x (DVD+-R DL/DVD +-RW/CD-RW)","-1.00","Stck"
"Position","Artikelnummer","Beschreibung","Menge","Einheit"
"1","P60","Macbook Pro 15"" 2011, 2.66GHz Intel Core i7, 4GB 1066MHz DDR3 SDRAM - 2x2GB, 500GB Serial ATA Drive @ 7200 rpm, SuperDrive 8x (DVD+-R DL/DVD +-RW/CD-RW)","-1.00","Stck"
"15.12.2017","4360","R","0500 67658 15120838","","ZVV","8.80","0.00","8.80","8.80","18.12.2017","0.00","18.12.2017","","","Zürcher Verkehrsverbund","Pietro Staeheli","","","1070","","","Inland","","1141 -- Gutschriften von LieferantInnen","5000 -- Löhne und Gehälter","nein","18.12.2017","Position Artikelnummer Beschreibung Menge Einheit 1 D11 Reisespesen -1.00 psch","Position","Artikelnummer","Beschreibung","Menge","Einheit","1","D11","Reisespesen","-1.00","psch"
"Position","Artikelnummer","Beschreibung","Menge","Einheit"
"1","D11","Reisespesen","-1.00","psch"
"27.12.2017","5976","K","162","","Switchplus","15.50","0.00","15.50","15.50","27.12.2017","0.00","27.12.2017","","","","Giuseppe Cirnigliaro","","","81","Schweiz","","Inland","","2000 -- Allgemeine Kreditoren","6511 -- Internet und Serverhousing","nein","04.09.2019",""
"27.12.2017","4371","R","1","","Khallef Abdelhak","200.00","0.00","200.00","200.00","28.12.2017","0.00","27.12.2017","","","","Abdelhak Khallef","","","64","","","Inland","","1141 -- Gutschriften von LieferantInnen","4000 -- Material-Einkauf","nein","28.12.2017","Position Artikelnummer Beschreibung Menge Einheit 1 P24 iMac Occasion -1.00 Stck","Position","Artikelnummer","Beschreibung","Menge","Einheit","1","P24","iMac Occasion","-1.00","Stck"
"Position","Artikelnummer","Beschreibung","Menge","Einheit"
"1","P24","iMac Occasion","-1.00","Stck"
"27.12.2017","5975","K","161","","Switchplus","15.50","0.00","15.50","15.50","27.12.2017","0.00","27.12.2017","","","","Giuseppe Cirnigliaro","","","81","Schweiz","","Inland","","2000 -- Allgemeine Kreditoren","6511 -- Internet und Serverhousing","nein","04.09.2019",""
"27.12.2017","5974","K","160","","Switchplus","15.50","0.00","15.50","15.50","27.12.2017","0.00","27.12.2017","","","","Giuseppe Cirnigliaro","","","81","Schweiz","","Inland","","2000 -- Allgemeine Kreditoren","6511 -- Internet und Serverhousing","nein","04.09.2019",""
"28.12.2017","5983","K","168","","green.ch ag","411.50","0.00","411.50","411.50","28.12.2017","0.00","28.12.2017","","","","Giuseppe Cirnigliaro","","","012","","","Inland","","2000 -- Allgemeine Kreditoren","6511 -- Internet und Serverhousing","nein","04.09.2019",""
"28.12.2017","5978","K","164","","Swissparts AG","104.70","0.00","104.70","104.70","28.12.2017","0.00","28.12.2017","","","","Giuseppe Cirnigliaro","","","1009","CH","","Inland","","1141 -- Gutschriften von LieferantInnen","4000 -- Material-Einkauf","nein","04.09.2019",""
"28.12.2017","5979","K","165","","Swissparts AG","18.35","0.00","18.35","18.35","28.12.2017","0.00","28.12.2017","","","","Giuseppe Cirnigliaro","","","1009","CH","","Inland","","2000 -- Allgemeine Kreditoren","4000 -- Material-Einkauf","nein","04.09.2019",""
"28.12.2017","5982","K","167","","SVA Zürich","708.25","0.00","708.25","708.25","28.12.2017","0.00","28.12.2017","","","","Giuseppe Cirnigliaro","","","010","","","Inland","","2000 -- Allgemeine Kreditoren","6511 -- Internet und Serverhousing","nein","04.09.2019",""
"28.12.2017","5980","K","166","","Init7 (Schweiz) AG","646.20","0.00","646.20","646.20","28.12.2017","0.00","28.12.2017","","","","Giuseppe Cirnigliaro","","","13","CH","","Inland","","2000 -- Allgemeine Kreditoren","6511 -- Internet und Serverhousing","nein","04.09.2019",""
"12.01.2018","4382","R","82U538005N930812X","","power4laptops","33.00","0.00","33.00","33.00","12.01.2018","0.00","12.01.2018","","<p>Lieferung ca. : Do. 18. Jan. - Do. 25. Jan.</p>","","Pietro Staeheli","","","1592","UK","","Inland","","2000 -- Allgemeine Kreditoren","4000 -- Material-Einkauf","nein","12.01.2018","Position Artikelnummer Beschreibung Menge Einheit 1 P57 Laptop-Ersatzteil neu -1.00 Stck","Position","Artikelnummer","Beschreibung","Menge","Einheit","1","P57","Laptop-Ersatzteil neu","-1.00","Stck"
"Position","Artikelnummer","Beschreibung","Menge","Einheit"
"1","P57","Laptop-Ersatzteil neu","-1.00","Stck"
"15.01.2018","4385","R","505244718201093","38","S-u-p-e-r Laptop parts Store","12.00","0.00","12.00","12.00","15.01.2018","0.00","15.01.2018","","<p>Lenovo T540p</p>","Kunde braucht Bildschirmhalterung T540p rechts da gebrochen laptop (hinge). Und er möchte einen ram riegel 8GB. Schon bezahlt bestellen und kunde bescheid geben das teile da sind 3 wochen abgemacht 15.01.2018 mstauffer: Ram bei digitec bestellt, muss abgeholt werden und direkt vor ort bezahlt.","Max Stauffer","","","65","","","Inland","","1141 -- Gutschriften von LieferantInnen","4000 -- Material-Einkauf","nein","15.01.2018","Position Artikelnummer Beschreibung Menge Einheit 1 P57 Laptopscharnier Bildschirm rechts T540p -1.00 Stck","Position","Artikelnummer","Beschreibung","Menge","Einheit","1","P57","Laptopscharnier Bildschirm rechts T540p","-1.00","Stck"
"Position","Artikelnummer","Beschreibung","Menge","Einheit"
"1","P57","Laptopscharnier Bildschirm rechts T540p","-1.00","Stck"
"15.01.2018","4384","R","12965055","37","Digitec","75.00","0.00","75.00","75.00","01.02.2018","0.00","31.01.2018","","<p>Lenovo T540p</p>","","Max Stauffer","","","001","","","Inland","","2000 -- Allgemeine Kreditoren","4000 -- Material-Einkauf","nein","15.01.2018","Position Artikelnummer Beschreibung Menge Einheit 1 P64a so-dimm RAM DDR3 8GB 12800 -1.00 Stck","Position","Artikelnummer","Beschreibung","Menge","Einheit","1","P64a","so-dimm RAM DDR3 8GB 12800","-1.00","Stck"
"Position","Artikelnummer","Beschreibung","Menge","Einheit"
"1","P64a","so-dimm RAM DDR3 8GB 12800","-1.00","Stck"
"15.01.2018","4394","K","05870 00223050 001 0001241","","coop","7.60","0.00","7.60","7.60","18.01.2018","0.00","22.01.2018","","","","Urs Sonderegger","","","17","","","Inland","","1141 -- Gutschriften von LieferantInnen","4000 -- Material-Einkauf","nein","22.01.2018",""
"24.01.2018","4407","R","505237890621093","505237890621093","MissXiaoMo Store","2.77","0.00","2.77","2.77","25.01.2018","0.00","24.01.2018","","","","Urs Sonderegger","","","1228758","China","","Inland","","2000 -- Allgemeine Kreditoren","5000 -- Löhne und Gehälter","nein","25.01.2018","Position Artikelnummer Beschreibung Menge Einheit 1 736278-001 CPU Cooling Fan -1.00 Stck","Position","Artikelnummer","Beschreibung","Menge","Einheit","1","736278-001","CPU Cooling Fan","-1.00","Stck"
"Position","Artikelnummer","Beschreibung","Menge","Einheit"
"1","736278-001","CPU Cooling Fan","-1.00","Stck"
"02.02.2018","5498","K","R663565-167846","","NEST","211.80","0.00","211.80","211.80","02.02.2018","0.00","02.02.2018","","","","Giuseppe Cirnigliaro","","","998","","","Inland","","2270 -- Verbindlichkeiten Sozialversicherungen und Vorsorgeeinrichtungen","5720 -- Berufliche Vorsorge","nein","27.06.2019",""
"07.02.2018","4435","R","505258316081093","","HSW laptop factory Store","60.99","0.00","60.99","60.99","17.01.2018","0.00","07.02.2018","","","","Urs Sonderegger","","","67","China","","Inland","","2000 -- Allgemeine Kreditoren","4000 -- Material-Einkauf","nein","08.02.2018","Position Artikelnummer Beschreibung Menge Einheit 1 001901 5200mAh Laptop Akku Dell Latitude D620 -3.00 Stck","Position","Artikelnummer","Beschreibung","Menge","Einheit","1","001901","5200mAh Laptop Akku Dell Latitude D620","-3.00","Stck"
"Position","Artikelnummer","Beschreibung","Menge","Einheit"
"1","001901","5200mAh Laptop Akku Dell Latitude D620","-3.00","Stck"
"07.02.2018","4434","R","89596613941093","","RC laptop NO.3 Store","123.50","0.00","123.50","123.50","08.02.2018","0.00","07.02.2018","","","","Urs Sonderegger","","","66","China","","Inland","","2000 -- Allgemeine Kreditoren","5000 -- Löhne und Gehälter","nein","08.02.2018","Position Artikelnummer Beschreibung Menge Einheit 1 89596613941093 Motherboard DA0U83MB6E0 Rev. E -1.00 Stck","Position","Artikelnummer","Beschreibung","Menge","Einheit","1","89596613941093","Motherboard DA0U83MB6E0 Rev. E","-1.00","Stck"
"Position","Artikelnummer","Beschreibung","Menge","Einheit"
"1","89596613941093","Motherboard DA0U83MB6E0 Rev. E","-1.00","Stck"
"12.02.2018","4441","R","505359289361093","39","Tasha trade company Ltd-laptop spare parts","55.00","0.00","55.00","55.00","12.02.2018","0.00","12.02.2018","","","","Urs Sonderegger","","","68","China","","Inland","","2000 -- Allgemeine Kreditoren","5000 -- Löhne und Gehälter","nein","12.02.2018","Position Artikelnummer Beschreibung Menge Einheit 1 D66 15.6"" Display LP156WH4 (TL)(P1) 1366x768 -1.00 Stck","Position","Artikelnummer","Beschreibung","Menge","Einheit","1","D66","15.6"" Display LP156WH4 (TL)(P1) 1366x768","-1.00","Stck"
"Position","Artikelnummer","Beschreibung","Menge","Einheit"
"1","D66","15.6"" Display LP156WH4 (TL)(P1) 1366x768","-1.00","Stck"
"26.02.2018","4484","S","Storno zu 5001","40","Xamtau IT","-50.00","0.00","-50.00","-50.00","26.02.2018","0.00","26.02.2018","","","","Max Stauffer","","","69","Schweiz","","Inland","","1141 -- Gutschriften von LieferantInnen","5000 -- Löhne und Gehälter","nein","05.03.2018","Position Artikelnummer Beschreibung Menge Einheit 1 D48 Datenrettung 50% rabatt für Revamp-it 1.00 Stck","Position","Artikelnummer","Beschreibung","Menge","Einheit","1","D48","Datenrettung 50% rabatt für Revamp-it","1.00","Stck"
"Position","Artikelnummer","Beschreibung","Menge","Einheit"
"1","D48","Datenrettung 50% rabatt für Revamp-it","1.00","Stck"
"26.02.2018","4467","R(S)","5001","40","Xamtau IT","50.00","0.00","50.00","100.00","26.02.2018","-50.00","26.02.2018","","","Rechnung storniert am 26.02.2018","Max Stauffer","","","69","Schweiz","","Inland","","1141 -- Gutschriften von LieferantInnen","5000 -- Löhne und Gehälter","nein","26.02.2018","Position Artikelnummer Beschreibung Menge Einheit 1 D48 Datenrettung 50% rabatt für Revamp-it -1.00 Stck","Position","Artikelnummer","Beschreibung","Menge","Einheit","1","D48","Datenrettung 50% rabatt für Revamp-it","-1.00","Stck"
"Position","Artikelnummer","Beschreibung","Menge","Einheit"
"1","D48","Datenrettung 50% rabatt für Revamp-it","-1.00","Stck"
"26.02.2018","4511","K","037443","","Caritas","6.00","0.00","6.00","6.00","09.03.2018","0.00","26.02.2018","","","","Urs Sonderegger","","","70","","","Inland","","2000 -- Allgemeine Kreditoren","6100 -- Werkzeuge, Unterhalt, Betriebsmaterial","nein","12.03.2018",""
"01.03.2018","5507","K","E-Finance 01-2663-1","","Init7 (Schweiz) AG","1'016.30","0.00","1'016.30","1'016.30","01.03.2018","0.00","01.03.2018","","","","Giuseppe Cirnigliaro","","","13","CH","","Inland","","2000 -- Allgemeine Kreditoren","6511 -- Internet und Serverhousing","nein","28.06.2019",""
"03.04.2018","4548","R","2037720","AU2018016","IPC-Computer Deutschland GmbH","61.75","0.00","61.75","61.75","03.04.2018","0.00","03.04.2018","","","","Sili Gal","","","16","Deutschland","","Inland","","2000 -- Allgemeine Kreditoren","6700 -- Übriger Betriebsaufwand","nein","06.04.2018","Position Artikelnummer Beschreibung Menge Einheit 1 skc-1 kühlkörper mit lüfter 640426-001 -1.00 Stck","Position","Artikelnummer","Beschreibung","Menge","Einheit","1","skc-1","kühlkörper mit lüfter 640426-001","-1.00","Stck"
"Position","Artikelnummer","Beschreibung","Menge","Einheit"
"1","skc-1","kühlkörper mit lüfter 640426-001","-1.00","Stck"
"06.04.2018","4549","R","2037720","","DHL","5.70","0.00","5.70","5.70","06.04.2018","0.00","06.04.2018","","","","Sili Gal","","","993","","","Inland","","2000 -- Allgemeine Kreditoren","5000 -- Löhne und Gehälter","nein","06.04.2018","Position Artikelnummer Beschreibung Menge Einheit 1 D62 Porto Zoll -1.00 Stck","Position","Artikelnummer","Beschreibung","Menge","Einheit","1","D62","Porto Zoll","-1.00","Stck"
"Position","Artikelnummer","Beschreibung","Menge","Einheit"
"1","D62","Porto Zoll","-1.00","Stck"
"09.04.2018","4553","R","2687023","","Bucher Daniel","17.60","0.00","17.60","17.60","09.04.2018","0.00","09.04.2018","","","","Daniel Bucher","","","73","","","Inland","","1141 -- Gutschriften von LieferantInnen","5000 -- Löhne und Gehälter","nein","09.04.2018","Position Artikelnummer Beschreibung Menge Einheit 1 D11 Reisespesen -1.00 psch","Position","Artikelnummer","Beschreibung","Menge","Einheit","1","D11","Reisespesen","-1.00","psch"
"Position","Artikelnummer","Beschreibung","Menge","Einheit"
"1","D11","Reisespesen","-1.00","psch"
"09.04.2018","5514","K","PAYMENT ID 4009758332","","Postfinance","25.00","0.00","25.00","25.00","09.04.2018","0.00","09.04.2018","","KAUF/ONLINE SHOPPING VOM 09.04.2018 Post CH AG www.post.ch PAYMENT ID 4009758332 BESTELLNUMMER 4009758332","","Giuseppe Cirnigliaro","","","3","","","Inland","","1141 -- Gutschriften von LieferantInnen","6700 -- Übriger Betriebsaufwand","nein","01.07.2019",""
"09.04.2018","5513","K","PAYMENT ID 4009766240","","Postfinance","25.00","0.00","25.00","25.00","09.04.2018","0.00","09.04.2018","","KAUF/ONLINE SHOPPING VOM 09.04.2018 Post CH AG www.post.ch PAYMENT ID 4009766240 BESTELLNUMMER 4009766240","","Giuseppe Cirnigliaro","","","3","","","Inland","","1141 -- Gutschriften von LieferantInnen","6700 -- Übriger Betriebsaufwand","nein","01.07.2019",""
"18.04.2018","5519","K","PAYMENT ID 4023873421","","Postfinance","200.00","0.00","200.00","200.00","18.04.2018","0.00","01.07.2019","","KAUF/ONLINE SHOPPING VOM 18.04.2018 Post CH AG www.post.ch PAYMENT ID 4023873421 BESTELLNUMMER 4023873421","","Giuseppe Cirnigliaro","","","3","","","Inland","","1141 -- Gutschriften von LieferantInnen","6700 -- Übriger Betriebsaufwand","nein","01.07.2019",""
"22.04.2018","5526","K","Kouf/OnlineShopping","","Switchplus","46.50","0.00","46.50","46.50","22.04.2018","0.00","22.04.2018","","KAUF/ONLINE- SHOPPING VOM 22.04.2018 switchplus ag www.switchplus.ch PAYMENT ID 180422124936643559 BESTELLNUMMER 454e7c82aa9b4f14ba","","Giuseppe Cirnigliaro","","","81","Schweiz","","Inland","","1141 -- Gutschriften von LieferantInnen","6511 -- Internet und Serverhousing","nein","02.07.2019",""
"23.04.2018","5523","K","ESR010026631","","Init7 (Schweiz) AG","646.20","0.00","646.20","646.20","23.04.2018","0.00","23.04.2018","","ESR 010026631 Credit Suisse Oerlikon 8050 Zürich SENDER REFERENZ: Init7 INC18001732 RaSp 1.4.- 30.6.18","","Giuseppe Cirnigliaro","","","13","CH","","Inland","","2000 -- Allgemeine Kreditoren","6511 -- Internet und Serverhousing","nein","02.07.2019",""
"23.04.2018","5524","K","ESR 01- 50507- 1","","SVA Zürich","708.25","0.00","708.25","708.25","23.04.2018","0.00","23.04.2018","","ESR 01- 50507- 1 SVA Zürich Ausgleichskasse 1.3 8087 Zürich SENDER REFERENZ: SVA 2018 0001 6.3.2018","","Giuseppe Cirnigliaro","","","010","","","Inland","","2270 -- Verbindlichkeiten Sozialversicherungen und Vorsorgeeinrichtungen","5700 -- AHV, IV, EO, ALV, FAK","nein","02.07.2019",""
"23.04.2018","5525","K","ESR 01- 50507- 1","","SVA Zürich","708.25","0.00","708.25","708.25","23.04.2018","0.00","23.04.2018","","ESR 01- 50507- 1 SVA Zürich Ausgleichskasse 1.3 8087 Zürich SENDER REFERENZ: SVA 2018 0002 13.4.2018","","Giuseppe Cirnigliaro","","","010","","","Inland","","2270 -- Verbindlichkeiten Sozialversicherungen und Vorsorgeeinrichtungen","5700 -- AHV, IV, EO, ALV, FAK","nein","02.07.2019",""
"25.04.2018","4575","R","505643384401093","","Store No.1628729","200.44","0.00","200.44","200.44","19.03.2018","0.00","25.04.2018","","","","Urs Sonderegger","","","71","China","","Inland","","2000 -- Allgemeine Kreditoren","5000 -- Löhne und Gehälter","nein","26.04.2018","Position Artikelnummer Beschreibung Menge Einheit 1 89596613941093 Motherboard DA0U83MB6E0 Rev. E -1.00 Stck","Position","Artikelnummer","Beschreibung","Menge","Einheit","1","89596613941093","Motherboard DA0U83MB6E0 Rev. E","-1.00","Stck"
"Position","Artikelnummer","Beschreibung","Menge","Einheit"
"1","89596613941093","Motherboard DA0U83MB6E0 Rev. E","-1.00","Stck"
"26.04.2018","4577","R","2039439","41","IPC-Computer Deutschland GmbH","51.12","0.00","51.12","51.12","26.04.2018","0.00","26.04.2018","","","","Sili Gal","","","16","Deutschland","","Inland","","1141 -- Gutschriften von LieferantInnen","5000 -- Löhne und Gehälter","nein","26.04.2018","Position Artikelnummer Beschreibung Menge Einheit 1 C0P50B CPU Kühler -1.00 Stck","Position","Artikelnummer","Beschreibung","Menge","Einheit","1","C0P50B","CPU Kühler","-1.00","Stck"
"Position","Artikelnummer","Beschreibung","Menge","Einheit"
"1","C0P50B","CPU Kühler","-1.00","Stck"
"14.05.2018","5542","K","ESR-01- 200025- 6","","Swissparts AG","359.75","0.00","359.75","359.75","14.05.2018","0.00","14.05.2018","","ESR 01- 200025- 6 Aargauische Kantonalbank Zweigniederlassung Wohlen Aarau SENDER REFERENZ: Swissparts RG1900460","","Giuseppe Cirnigliaro","","","1009","CH","","Inland","","2000 -- Allgemeine Kreditoren","4000 -- Material-Einkauf","nein","05.07.2019",""
"30.05.2018","4629","R","14662872","","Digitec","147.00","0.00","147.00","147.00","30.05.2018","0.00","30.05.2018","","","","Urs Sonderegger","","","001","","","Inland","","2000 -- Allgemeine Kreditoren","4000 -- Material-Einkauf","nein","30.05.2018","Position Artikelnummer Beschreibung Menge Einheit 1 P16 Festplatte neu Samsung 860 EVO Basic (500GB, 2.5"") -1.00 Stck","Position","Artikelnummer","Beschreibung","Menge","Einheit","1","P16","Festplatte neu Samsung 860 EVO Basic (500GB, 2.5"")","-1.00","Stck"
"Position","Artikelnummer","Beschreibung","Menge","Einheit"
"1","P16","Festplatte neu Samsung 860 EVO Basic (500GB, 2.5"")","-1.00","Stck"
"04.06.2018","4643","R","506029441491093","","Xim-Lisa Store","20.73","0.00","20.73","0.00","","20.73","04.06.2018","","","","Urs Sonderegger","","","74","China","","Inland","","2000 -- Allgemeine Kreditoren","4000 -- Material-Einkauf","nein","04.06.2018","Position Artikelnummer Beschreibung Menge Einheit 1 P12 ELPLP54 Projector Lamp High Quality 200 Watt -1.00 Stck","Position","Artikelnummer","Beschreibung","Menge","Einheit","1","P12","ELPLP54 Projector Lamp High Quality 200 Watt","-1.00","Stck"
"Position","Artikelnummer","Beschreibung","Menge","Einheit"
"1","P12","ELPLP54 Projector Lamp High Quality 200 Watt","-1.00","Stck"
"04.06.2018","5549","K","ESR 01- 200027- 2","","NEST","211.80","0.00","211.80","211.80","04.06.2018","0.00","04.06.2018","","ESR 01- 200027- 2 Zürcher Kantonalbank Zürich SENDER REFERENZ: NEST 1Q18 R668822 - 173145 25.4.18","","Giuseppe Cirnigliaro","","","998","","","Inland","","2270 -- Verbindlichkeiten Sozialversicherungen und Vorsorgeeinrichtungen","5720 -- Berufliche Vorsorge","nein","05.07.2019",""
"05.06.2018","4655","K","10169607805061436","","SBB","26.00","0.00","26.00","26.00","07.06.2018","0.00","05.06.2018","","Reise Octavian nach Winterthur Treffpunkt Vogelsang","","Octavian Anghelescu","","","1003","CH","","Inland","","1141 -- Gutschriften von LieferantInnen","6700 -- Übriger Betriebsaufwand","nein","07.06.2018",""
"06.06.2018","4656","R","506139999151093","","YouPuWei technology Co.,LTD","50.03","0.00","50.03","0.00","","50.03","06.06.2018","","","","Urs Sonderegger","","","75","China","","Inland","","2000 -- Allgemeine Kreditoren","4000 -- Material-Einkauf","nein","07.06.2018","Position Artikelnummer Beschreibung Menge Einheit 1 P12 Laptop Screen 15.6"" LTN156AT05 -1.00 Stck","Position","Artikelnummer","Beschreibung","Menge","Einheit","1","P12","Laptop Screen 15.6"" LTN156AT05","-1.00","Stck"
"Position","Artikelnummer","Beschreibung","Menge","Einheit"
"1","P12","Laptop Screen 15.6"" LTN156AT05","-1.00","Stck"
"11.06.2018","5552","K","Kouf/OnlineShopping","","Switchplus","49.00","0.00","49.00","49.00","11.06.2018","0.00","11.06.2018","","KAUF/ONLINE- SHOPPING VOM 11.06.2018 switchplus ag KAUF/ONLINE- SHOPPING VOM 11.06.2018 switchplus ag www.switchplus.ch PAYMENT ID 180611005614309865 BESTELLNUMMER 0020f60963d643e4a6 BESTELLNUMMER 0020f60963d643e4a6","","Giuseppe Cirnigliaro","","","81","Schweiz","","Inland","","1141 -- Gutschriften von LieferantInnen","6511 -- Internet und Serverhousing","nein","05.07.2019",""
"11.06.2018","4808","R","60667698","","Switchplus","0.00","0.00","0.00","0.00","","0.00","11.07.2018","","","","Sili Gal","","","81","Schweiz","","Inland","","","","nein","19.07.2018","Position Artikelnummer Beschreibung Menge Einheit 1 D35 Registrierungsgebühr -1.00 Jahr","Position","Artikelnummer","Beschreibung","Menge","Einheit","1","D35","Registrierungsgebühr","-1.00","Jahr"
"Position","Artikelnummer","Beschreibung","Menge","Einheit"
"1","D35","Registrierungsgebühr","-1.00","Jahr"
"11.06.2018","5553","K","Kouf/OnlineShopping","","Switchplus","15.50","0.00","15.50","15.50","11.06.2018","0.00","11.06.2018","","KAUF/ONLINE- SHOPPING VOM 11.06.2018 switchplus ag www.switchplus.ch PAYMENT ID 180611005806037327 BESTELLNUMMER 1218d8e327f1444e8e","","Giuseppe Cirnigliaro","","","81","Schweiz","","Inland","","1141 -- Gutschriften von LieferantInnen","6511 -- Internet und Serverhousing","nein","05.07.2019",""
"11.06.2018","5554","K","Kouf/OnlineShopping","","Switchplus","15.50","0.00","15.50","15.50","11.06.2018","0.00","11.06.2018","","KAUF/ONLINE- SHOPPING VOM 11.06.2018 switchplus ag www.switchplus.ch PAYMENT ID 180611010011878931 BESTELLNUMMER 27ca458f332d47719e","","Giuseppe Cirnigliaro","","","81","Schweiz","","Inland","","1141 -- Gutschriften von LieferantInnen","6511 -- Internet und Serverhousing","nein","05.07.2019",""
"11.06.2018","5555","K","Kouf/OnlineShopping","","Switchplus","31.00","0.00","31.00","31.00","11.06.2018","0.00","11.06.2018","","KAUF/ONLINE- SHOPPING VOM 11.06.2018 switchplus ag www.switchplus.ch PAYMENT ID 180611232734908364 BESTELLNUMMER de5fdfde57fc4092ba","","Giuseppe Cirnigliaro","","","81","Schweiz","","Inland","","1141 -- Gutschriften von LieferantInnen","6511 -- Internet und Serverhousing","nein","05.07.2019",""
"18.06.2018","4696","R","SCH1235339","","Subtel GmbH","38.90","0.00","38.90","38.90","19.06.2018","0.00","18.06.2018","","<p>Lieferfrist: 2-3 Tage!</p>","","Octavian Anghelescu","","","77","D","","Inland","","2000 -- Allgemeine Kreditoren","4710 -- Transporte zu uns","nein","19.06.2018","Position Artikelnummer Beschreibung Menge Einheit 1 P79 Akku für HP ProBook 4730s / 4740s - PR08 (14.4V) (4400mAh) Ersatzakku, SKU: 912950 -1.00 Stck … ⏷","Position","Artikelnummer","Beschreibung","Menge","Einheit","1","P79","Akku für HP ProBook 4730s / 4740s - PR08 (14.4V) (4400mAh) Ersatzakku, SKU: 912950","-1.00","Stck","2","D16","Versandspesen","-1.00","psch"
"Position","Artikelnummer","Beschreibung","Menge","Einheit"
"1","P79","Akku für HP ProBook 4730s / 4740s - PR08 (14.4V) (4400mAh) Ersatzakku, SKU: 912950","-1.00","Stck"
"2","D16","Versandspesen","-1.00","psch"
"22.06.2018","4701","R","15476514360","1547651436014","notebook-equipments","29.79","0.00","29.79","29.79","22.06.2018","0.00","22.06.2018","","","E-Bay Verkäufer","Andreas Rudin","","","79","Deutschland","","Inland","","2000 -- Allgemeine Kreditoren","4710 -- Transporte zu uns","nein","22.06.2018","Position Artikelnummer Beschreibung Menge Einheit 1 P12 CH QWERTZ Medion Tastatur V111430AK2 - E6224 E6226 E7218 P6812 P7624 CH Schweiz -1.00 Stck … ⏷","Position","Artikelnummer","Beschreibung","Menge","Einheit","1","P12","CH QWERTZ Medion Tastatur V111430AK2 - E6224 E6226 E7218 P6812 P7624 CH Schweiz","-1.00","Stck","2","D16","Versandspesen","-1.00","psch"
"Position","Artikelnummer","Beschreibung","Menge","Einheit"
"1","P12","CH QWERTZ Medion Tastatur V111430AK2 - E6224 E6226 E7218 P6812 P7624 CH Schweiz","-1.00","Stck"
"2","D16","Versandspesen","-1.00","psch"
"02.07.2018","5562","K","ESR 01- 50507- 1","","SVA Zürich","2'051.90","0.00","2'051.90","2'051.90","02.07.2018","0.00","02.07.2018","","SVA Zürich Röntgenstrasse 17 8005 Zürich SENDER REFERENZ: SVA 2018 0004 18.5.2018","","Giuseppe Cirnigliaro","","","010","","","Inland","","2270 -- Verbindlichkeiten Sozialversicherungen und Vorsorgeeinrichtungen","5700 -- AHV, IV, EO, ALV, FAK","nein","05.07.2019",""
"03.07.2018","4727","R","R1530698663","B1530698663","ScreenCountry Inc","100.62","0.00","100.62","100.62","04.07.2018","0.00","03.07.2018","","","","Max Stauffer","","","80","","","Inland","","1141 -- Gutschriften von LieferantInnen","4000 -- Material-Einkauf","nein","04.07.2018","Position Artikelnummer Beschreibung Menge Einheit 1 P57 Laptop-Ersatzteil neu: 1530698663 LCD Screen 15.6-inch WideScreen (13.6""x7.6"") FHD (1920x1080) Matte LED compatible with HP-Compaq PAVILION 15-AU044NZ / Lifetime Warranty. -1.00 Stck","Position","Artikelnummer","Beschreibung","Menge","Einheit","1","P57","Laptop-Ersatzteil neu: 1530698663 LCD Screen 15.6-inch WideScreen (13.6""x7.6"") FHD (1920x1080) Matte LED compatible with HP-Compaq PAVILION 15-AU044NZ / Lifetime Warranty.","-1.00","Stck"
"Position","Artikelnummer","Beschreibung","Menge","Einheit"
"1","P57","Laptop-Ersatzteil neu: 1530698663 LCD Screen 15.6-inch WideScreen (13.6""x7.6"") FHD (1920x1080) Matte LED compatible with HP-Compaq PAVILION 15-AU044NZ / Lifetime Warranty.","-1.00","Stck"
"05.07.2018","5568","K","ESR 01- 2509- 3","","green.ch ag","411.50","0.00","411.50","411.50","05.07.2018","0.00","05.07.2018","","Credit Suisse Baden 5401 Baden SENDER REFERENZ: Green 1.7. bis 31.12.2018","","Giuseppe Cirnigliaro","","","012","","","Inland","","2000 -- Allgemeine Kreditoren","6511 -- Internet und Serverhousing","nein","08.07.2019",""
"05.07.2018","5567","K","ESR 01- 2663- 1","","Init7 (Schweiz) AG","646.20","0.00","646.20","646.20","05.07.2018","0.00","05.07.2018","","Credit Suisse Oerlikon 8050 Zürich SENDER REFERENZ: Init7 INC18007421 RaSp 1.7.- 30.9.18","","Giuseppe Cirnigliaro","","","13","CH","","Inland","","2000 -- Allgemeine Kreditoren","6511 -- Internet und Serverhousing","nein","08.07.2019",""
"18.07.2018","5572","K","ESR 01- 50507- 1","","SVA Zürich","708.25","0.00","708.25","708.25","18.07.2018","0.00","18.07.2018","","SVA Zürich Röntgenstrasse 17 8005 Zürich SENDER REFERENZ: SVA 2018 0005 6.6.2018","","Giuseppe Cirnigliaro","","","010","","","Inland","","2270 -- Verbindlichkeiten Sozialversicherungen und Vorsorgeeinrichtungen","5700 -- AHV, IV, EO, ALV, FAK","nein","08.07.2019",""
"19.07.2018","4810","R","92387046284195","","Shell","20.00","0.00","20.00","20.00","19.07.2018","0.00","19.07.2018","","","","Urs Sonderegger","","","83","Schweiz","","Inland","","2000 -- Allgemeine Kreditoren","5000 -- Löhne und Gehälter","nein","19.07.2018","Position Artikelnummer Beschreibung Menge Einheit 1 D11 Reisespesen -1.00 psch","Position","Artikelnummer","Beschreibung","Menge","Einheit","1","D11","Reisespesen","-1.00","psch"
"Position","Artikelnummer","Beschreibung","Menge","Einheit"
"1","D11","Reisespesen","-1.00","psch"
"30.07.2018","5737","K","15476514360","","notebook-equipments","-7.20","0.00","-7.20","-7.20","30.07.2018","0.00","30.07.2018","","","","Giuseppe Cirnigliaro","","","79","Deutschland","","Inland","","2000 -- Allgemeine Kreditoren","4710 -- Transporte zu uns","nein","12.08.2019",""
"07.08.2018","5583","K","ESR 01- 50507- 1","","SVA Zürich","40.00","0.00","40.00","40.00","07.08.2018","0.00","07.08.2018","","SVA Zürich Röntgenstrasse 17 8005 Zürich SENDER REFERENZ: SVA 2018 0006 4.7.2018 Mahnspesen","","Giuseppe Cirnigliaro","","","010","","","Inland","","2270 -- Verbindlichkeiten Sozialversicherungen und Vorsorgeeinrichtungen","6900 -- Kontospesen und Finanzaufwand","nein","08.07.2019",""
"09.08.2018","5590","K","ESR 01- 200027- 2","","NEST","70.30","0.00","70.30","70.30","09.08.2018","0.00","09.08.2018","","Zürcher Kantonalbank Zürich SENDER REFERENZ: NEST 2Q18 R672509 - GS 674831","","Giuseppe Cirnigliaro","","","998","","","Inland","","2270 -- Verbindlichkeiten Sozialversicherungen und Vorsorgeeinrichtungen","5720 -- Berufliche Vorsorge","nein","08.07.2019",""
"12.08.2018","5591","K","Kouf/OnlineShopping","","Switchplus","46.50","0.00","46.50","46.50","12.08.2018","0.00","12.08.2018","","switchplus ag www.switchplus.ch PAYMENT ID 180812181254161027 BESTELLNUMMER 70d8c283735d40f0b6","","Giuseppe Cirnigliaro","","","81","Schweiz","","Inland","","1141 -- Gutschriften von LieferantInnen","6511 -- Internet und Serverhousing","nein","08.07.2019",""
"19.08.2018","5741","K","05A78972MT8649445","","Booking.comBV","156.11","0.00","156.11","156.11","19.08.2018","0.00","19.08.2018","","","","Giuseppe Cirnigliaro","","","87","","","Inland","","2000 -- Allgemeine Kreditoren","5830 -- Spesen von Mitarbeitenden","nein","12.08.2019",""
"20.08.2018","5743","K","5PF85706UM2791640","","DB Vertrieb GmbH","205.08","0.00","205.08","205.08","20.08.2018","0.00","20.08.2018","","","","Giuseppe Cirnigliaro","","","88","","","Inland","","2000 -- Allgemeine Kreditoren","5830 -- Spesen von Mitarbeitenden","nein","12.08.2019",""
"20.08.2018","5742","K","7XE105373Y540110K","","DB Vertrieb GmbH","188.56","0.00","188.56","188.56","20.08.2018","0.00","20.08.2018","","","","Giuseppe Cirnigliaro","","","88","","","Inland","","2000 -- Allgemeine Kreditoren","5830 -- Spesen von Mitarbeitenden","nein","12.08.2019",""
"23.08.2018","5745","K","3WW645633W292572G","","akku-handel.ch gmbh","64.70","0.00","64.70","64.70","23.08.2018","0.00","23.08.2018","","","","Giuseppe Cirnigliaro","","","1079","","","Inland","","2000 -- Allgemeine Kreditoren","4000 -- Material-Einkauf","nein","12.08.2019",""
"24.08.2018","5748","K","4Y7845432O282940M","","akku-handel.ch gmbh","44.53","0.00","44.53","44.53","24.08.2018","0.00","24.08.2018","","","","Giuseppe Cirnigliaro","","","1079","","","Inland","","2000 -- Allgemeine Kreditoren","4000 -- Material-Einkauf","nein","12.08.2019",""
"03.10.2018","5622","K","ESR 01- 50507- 1","","SVA Zürich","678.65","0.00","678.65","678.65","03.10.2018","0.00","03.10.2018","","SVA Zürich Röntgenstrasse 17 8005 Zürich SENDER REFERENZ: SVA 2018 0007 6.9.2018","","Giuseppe Cirnigliaro","","","010","","","Inland","","2270 -- Verbindlichkeiten Sozialversicherungen und Vorsorgeeinrichtungen","6900 -- Kontospesen und Finanzaufwand","nein","09.07.2019",""
"03.10.2018","5616","K","ESR 01- 2663- 1","","Init7 (Schweiz) AG","646.20","0.00","646.20","646.20","03.10.2018","0.00","03.10.2018","","Credit Suisse Oerlikon 8050 Zürich SENDER REFERENZ: Init7 INC18012758 RaSp 4.Q. 2018","","Giuseppe Cirnigliaro","","","13","CH","","Inland","","2000 -- Allgemeine Kreditoren","6511 -- Internet und Serverhousing","nein","09.07.2019",""
"03.10.2018","4958","R","506815940171093","43","Aliexpress","8.90","0.00","8.90","8.90","04.10.2018","0.00","03.10.2018","","","506815940171093 aliexpress order ID","Max Stauffer","","","84","China","","Inland","","2000 -- Allgemeine Kreditoren","4000 -- Material-Einkauf","nein","04.10.2018","Position Artikelnummer Beschreibung Menge Einheit 1 P57 Laptop-Ersatzteil neu: KDB04505HA New laptop cpu cooler fan for IBM ThinkPad ThinkPad X120E X121E X130E Edge 11 E10 MINI 110X -1.00 Stck","Position","Artikelnummer","Beschreibung","Menge","Einheit","1","P57","Laptop-Ersatzteil neu: KDB04505HA New laptop cpu cooler fan for IBM ThinkPad ThinkPad X120E X121E X130E Edge 11 E10 MINI 110X","-1.00","Stck"
"Position","Artikelnummer","Beschreibung","Menge","Einheit"
"1","P57","Laptop-Ersatzteil neu: KDB04505HA New laptop cpu cooler fan for IBM ThinkPad ThinkPad X120E X121E X130E Edge 11 E10 MINI 110X","-1.00","Stck"
"16.10.2018","5749","K","80420777U3537425Y","","Informatik","9.52","0.00","9.52","9.52","16.10.2018","0.00","16.10.2018","","","","Giuseppe Cirnigliaro","","","90","","","Inland","","2000 -- Allgemeine Kreditoren","4000 -- Material-Einkauf","nein","12.08.2019",""
"18.10.2018","5000","R","16436362","","Digitec","69.00","0.00","69.00","69.00","18.10.2018","0.00","18.10.2018","","","","Lukas Aboualaa","","","001","","","Inland","","2000 -- Allgemeine Kreditoren","4000 -- Material-Einkauf","nein","18.10.2018","Position Artikelnummer Beschreibung Menge Einheit 1 P16 Festplatte neu Samsung Evo 860 -1.00 Stck","Position","Artikelnummer","Beschreibung","Menge","Einheit","1","P16","Festplatte neu Samsung Evo 860","-1.00","Stck"
"Position","Artikelnummer","Beschreibung","Menge","Einheit"
"1","P16","Festplatte neu Samsung Evo 860","-1.00","Stck"
"01.11.2018","5637","K","ESR 01- 200025- 6","","Swissparts AG","73.45","0.00","73.45","73.45","01.11.2018","0.00","01.11.2018","","Aargauische Kantonalbank Zweigniederlassung Wohlen Aarau SENDER REFERENZ: Swissparts RG1902902","","Giuseppe Cirnigliaro","","","1009","CH","","Inland","","2000 -- Allgemeine Kreditoren","4000 -- Material-Einkauf","nein","09.07.2019",""
"02.11.2018","5638","K","ESR 01- 200027- 2","","NEST","211.50","0.00","211.50","211.50","02.11.2018","0.00","02.11.2018","","Zürcher Kantonalbank Zürich SENDER REFERENZ: NEST 3.Q18 R24471","","Giuseppe Cirnigliaro","","","998","","","Inland","","2270 -- Verbindlichkeiten Sozialversicherungen und Vorsorgeeinrichtungen","5720 -- Berufliche Vorsorge","nein","09.07.2019",""
"07.11.2018","5644","K","ESR 01- 200025- 6","","Swissparts AG","6.10","0.00","6.10","6.10","07.11.2018","0.00","07.11.2018","","Aargauische Kantonalbank Zweigniederlassung Wohlen Aarau SENDER REFERENZ: Swissparts RG1903420","","Giuseppe Cirnigliaro","","","1009","CH","","Inland","","2000 -- Allgemeine Kreditoren","4000 -- Material-Einkauf","nein","09.07.2019",""
"10.11.2018","5067","R","Q2018001","","Maier Hansjörg","100.00","0.00","100.00","100.00","10.11.2018","0.00","10.11.2018","","","","Andreas Rudin","","","2110","","","Inland","","2000 -- Allgemeine Kreditoren","4710 -- Transporte zu uns","nein","10.11.2018","Position Artikelnummer Beschreibung Menge Einheit 1 D16 Transport Dell-Server von Lausanne nach Zürich -1.00 psch","Position","Artikelnummer","Beschreibung","Menge","Einheit","1","D16","Transport Dell-Server von Lausanne nach Zürich","-1.00","psch"
"Position","Artikelnummer","Beschreibung","Menge","Einheit"
"1","D16","Transport Dell-Server von Lausanne nach Zürich","-1.00","psch"
"26.11.2018","5656","K","Kouf/OnlineShopping","","Switchplus","15.50","0.00","15.50","15.50","26.11.2018","0.00","26.11.2018","","VOM 26.11.2018 switchplus ag www.switchplus.ch PAYMENT ID 181126083104196982 BESTELLNUMMER ea0472300dc44858b2","","Giuseppe Cirnigliaro","","","81","Schweiz","","Inland","","2000 -- Allgemeine Kreditoren","6511 -- Internet und Serverhousing","nein","09.07.2019",""
"26.11.2018","5657","K","Kouf/OnlineShopping","","Switchplus","15.50","0.00","15.50","15.50","26.11.2018","0.00","26.11.2018","","VOM 26.11.2018 switchplus ag www.switchplus.ch PAYMENT ID 181126082445836351 BESTELLNUMMER 0e2659ca94e54ab09d","","Giuseppe Cirnigliaro","","","81","Schweiz","","Inland","","2000 -- Allgemeine Kreditoren","6511 -- Internet und Serverhousing","nein","09.07.2019",""
"26.11.2018","5658","K","Kouf/OnlineShopping","","Switchplus","15.50","0.00","15.50","15.50","26.11.2018","0.00","26.11.2018","","VOM 26.11.2018 switchplus ag www.switchplus.ch PAYMENT ID 181126083406107562 BESTELLNUMMER 3ffae42a4ba54c13ab","","Giuseppe Cirnigliaro","","","81","Schweiz","","Inland","","2000 -- Allgemeine Kreditoren","6511 -- Internet und Serverhousing","nein","09.07.2019",""
"30.11.2018","5664","K","Kauf/Online","","Switchplus","10.00","0.00","10.00","10.00","30.11.2018","0.00","30.11.2018","","VOM 30.11.2018 switchplus ag www.switchplus.ch PAYMENT ID 181130165110847644 BESTELLNUMMER 064a5651b57f48c1af","","Giuseppe Cirnigliaro","","","81","Schweiz","","Inland","","2000 -- Allgemeine Kreditoren","6511 -- Internet und Serverhousing","nein","10.07.2019",""
"30.11.2018","5665","K","Kauf/Online","","Switchplus","15.50","0.00","15.50","15.50","30.11.2018","0.00","30.11.2018","","VOM 30.11.2018 switchplus ag www.switchplus.ch PAYMENT ID 181130164918856272 BESTELLNUMMER 3a92aff44d754b8ba7","","Giuseppe Cirnigliaro","","","81","Schweiz","","Inland","","2000 -- Allgemeine Kreditoren","6511 -- Internet und Serverhousing","nein","10.07.2019",""
"18.12.2018","5185","R","20182535R","","Gebraucht-Notebook.de","84.05","0.00","84.05","84.05","18.12.2018","0.00","18.12.2018","","<p>P/Bell EasyNote TE69KB serie AMD</p><p>Mainboard Motherboard 48.4ZK15.03M@2945</p><p>Angebotsnummer. 263768952919</p><p>&nbsp;</p>","","Lukas Aboualaa","","","86","Deutschland","","Inland","","2000 -- Allgemeine Kreditoren","4000 -- Material-Einkauf","nein","07.01.2019","Position Artikelnummer Beschreibung Menge Einheit 1 P45 Laptop Ersatzteil Occasion: P/Bell EasyNote TE69KB serie AMD Mainboard 48.4ZK15.03M@2945 -1.00 Stck","Position","Artikelnummer","Beschreibung","Menge","Einheit","1","P45","Laptop Ersatzteil Occasion: P/Bell EasyNote TE69KB serie AMD Mainboard 48.4ZK15.03M@2945","-1.00","Stck"
"Position","Artikelnummer","Beschreibung","Menge","Einheit"
"1","P45","Laptop Ersatzteil Occasion: P/Bell EasyNote TE69KB serie AMD Mainboard 48.4ZK15.03M@2945","-1.00","Stck"
"18.12.2018","5750","K","1HL43921734513202","","Informatik","50.61","0.00","50.61","50.61","18.12.2018","0.00","18.12.2018","","","","Giuseppe Cirnigliaro","","","90","","","Inland","","2000 -- Allgemeine Kreditoren","4000 -- Material-Einkauf","nein","12.08.2019",""
"21.12.2018","5184","R","3005294012","","Post CH AG","35.65","0.00","35.65","35.65","21.12.2018","0.00","07.01.2019","","<p>Betrifft Auftrag Ingrid Hartmann. Zollspesen für Bestelltes Mainboard von gebraucht-notebook.de</p>","","Lukas Aboualaa","","","927","","","Inland","","2000 -- Allgemeine Kreditoren","6700 -- Übriger Betriebsaufwand","nein","07.01.2019","Position Artikelnummer Beschreibung Menge Einheit 1 D29 sonstige Spesen Einfuhrzoll -1.00 psch","Position","Artikelnummer","Beschreibung","Menge","Einheit","1","D29","sonstige Spesen Einfuhrzoll","-1.00","psch"
"Position","Artikelnummer","Beschreibung","Menge","Einheit"
"1","D29","sonstige Spesen Einfuhrzoll","-1.00","psch"
"03.01.2019","5782","K","Kauf/Online","","Switchplus","31.00","0.00","31.00","31.00","03.01.2019","0.00","05.01.2019","","KAUF/ONLINE- SHOPPING VOM 03.01.2019 switchplus ag www.switchplus.ch","","Giuseppe Cirnigliaro","","","81","Schweiz","","Inland","","2000 -- Allgemeine Kreditoren","6511 -- Internet und Serverhousing","nein","20.08.2019",""
"05.02.2019","5267","R","2128980","46","IPC-Computer Deutschland GmbH","98.48","0.00","98.48","98.48","04.02.2019","0.00","05.02.2019","","","Lukas hat dies bestellt und nciht richtig verbucht","Max Stauffer","","","16","Deutschland","","Inland","","1141 -- Gutschriften von LieferantInnen","6700 -- Übriger Betriebsaufwand","nein","06.02.2019","Position Artikelnummer Beschreibung Menge Einheit 1 T7592C LV5P_A50BRL Acer Tastatur inkl. Topcase CH -1.00 Stck","Position","Artikelnummer","Beschreibung","Menge","Einheit","1","T7592C","LV5P_A50BRL Acer Tastatur inkl. Topcase CH","-1.00","Stck"
"Position","Artikelnummer","Beschreibung","Menge","Einheit"
"1","T7592C","LV5P_A50BRL Acer Tastatur inkl. Topcase CH","-1.00","Stck"
"06.02.2019","5269","R","137370225","47","IPC-Computer Deutschland GmbH","7.60","0.00","7.60","7.60","06.02.2019","0.00","06.02.2019","","","6.2.2019 arudin Laptop liegt in Schublade im Empfangskorpus 06.02.2019 mstauffer: leider fehlt eine abdeckung vom Bildschirm Scharnier silbrig?!. Habe die von Lukas bestellte Tastatur eingebaut und funktionstest gemacht. Das Gerät Funktioniert. Wer hat dies unter mir geschrieben, das stimmt überhaupt nicht! Krisha 11.12.18 Laptop habe ich Repariet tTastatur Bestellt und ersätzt. Der Kunde hat bereit den Laptop abgeholt. oanghelescu 7.11.2018 Kunde hat Whisky Cola auf die Tastatur geleert","Max Stauffer","","","16","Deutschland","","Inland","","1141 -- Gutschriften von LieferantInnen","4710 -- Transporte zu uns","nein","06.02.2019","Position Artikelnummer Beschreibung Menge Einheit 1 D16 Versandspesen zoll dhl -1.00 psch","Position","Artikelnummer","Beschreibung","Menge","Einheit","1","D16","Versandspesen zoll dhl","-1.00","psch"
"Position","Artikelnummer","Beschreibung","Menge","Einheit"
"1","D16","Versandspesen zoll dhl","-1.00","psch"
"06.02.2019","5489","K","R2019001","","AXA Versicherungen AG","886.00","0.00","886.00","886.00","17.01.2018","0.00","06.02.2019","","Jahr 2018","","Giuseppe Cirnigliaro","","","009","","","Inland","","2270 -- Verbindlichkeiten Sozialversicherungen und Vorsorgeeinrichtungen","5740 -- Krankentaggeldversicherung","nein","27.06.2019",""
"21.08.2019","5784","K","60974855 Switchplus","","Switchplus","46.50","0.00","46.50","46.50","21.08.2019","0.00","21.08.2019","","Gebühren","","Giuseppe Cirnigliaro","","","81","Schweiz","","Inland","","2000 -- Allgemeine Kreditoren","6511 -- Internet und Serverhousing","nein","21.08.2019",""
"31.08.2019","5856","K","31082019","","Leuenberger Hans","60.00","0.00","60.00","60.00","31.08.2019","0.00","31.08.2019","","Transport Monitore und Kabel zu ungleich Glarus AG, Linthal","","Andreas Rudin","","","2381","","","Inland","","2000 -- Allgemeine Kreditoren","6700 -- Übriger Betriebsaufwand","nein","31.08.2019",""
"09.09.2019","5994","R","E2019-0384","48","Pentagon Infotech","43.00","0.00","43.00","43.00","10.09.2019","0.00","09.09.2019","","<p>Tastatur ist angekommen</p>","","Max Stauffer","","","92","DE","","Inland","","1141 -- Gutschriften von LieferantInnen","6700 -- Übriger Betriebsaufwand","nein","10.09.2019","Position Artikelnummer Beschreibung Menge Einheit 1 V072078BK1 VGN-NR VGN-NS Tastatur -1.00 Stck … ⏷","Position","Artikelnummer","Beschreibung","Menge","Einheit","1","V072078BK1","VGN-NR VGN-NS Tastatur","-1.00","Stck","2","D16","Versandspesen","-1.00","psch"
"Position","Artikelnummer","Beschreibung","Menge","Einheit"
"1","V072078BK1","VGN-NR VGN-NS Tastatur","-1.00","Stck"
"2","D16","Versandspesen","-1.00","psch"
"11.09.2019","6001","R","26426664","50","Digitec","76.50","0.00","76.50","76.50","12.09.2019","0.00","11.09.2019","","","","Max Stauffer","","","001","","","Inland","","1141 -- Gutschriften von LieferantInnen","6700 -- Übriger Betriebsaufwand","nein","12.09.2019","Position Artikelnummer Beschreibung Menge Einheit 1 49F95667M3865454L ssd 500GB Samsung -1.00 Stck","Position","Artikelnummer","Beschreibung","Menge","Einheit","1","49F95667M3865454L","ssd 500GB Samsung","-1.00","Stck"
"Position","Artikelnummer","Beschreibung","Menge","Einheit"
"1","49F95667M3865454L","ssd 500GB Samsung","-1.00","Stck"
"11.09.2019","6000","R","8001838245841093","49","Shop-Nr.1940031","38.94","0.00","38.94","38.94","12.09.2019","0.00","11.09.2019","","","Schweizer version bestellt","Max Stauffer","","","93","China","","Inland","","1141 -- Gutschriften von LieferantInnen","6700 -- Übriger Betriebsaufwand","nein","12.09.2019","Position Artikelnummer Beschreibung Menge Einheit 1 8001838245841093 Tastatur für Toshiba Satellite L650 L655 L670 L675 L750 L755 L770 L775 C650 C655 C660 C665 C670 C675D PORTUGIESISCH/SCHWEIZER/UNGARISCH -1.00 Stck","Position","Artikelnummer","Beschreibung","Menge","Einheit","1","8001838245841093","Tastatur für Toshiba Satellite L650 L655 L670 L675 L750 L755 L770 L775 C650 C655 C660 C665 C670 C675D PORTUGIESISCH/SCHWEIZER/UNGARISCH","-1.00","Stck"
"Position","Artikelnummer","Beschreibung","Menge","Einheit"
"1","8001838245841093","Tastatur für Toshiba Satellite L650 L655 L670 L675 L750 L755 L770 L775 C650 C655 C660 C665 C670 C675D PORTUGIESISCH/SCHWEIZER/UNGARISCH","-1.00","Stck"
"02.10.2019","6123","R","1570028255","51","LAPTOPSCREEN.COM","57.22","0.00","57.22","57.22","02.10.2019","0.00","02.10.2019","","<p>Bildschirm kappt, muss ggf. ersetzt werden.<br />Raparatur inkl. Ersatzteil (Bildschirm) ca. CHF 180.--&nbsp;</p>","","Max Stauffer","","","51","Canada","","Inland","","1141 -- Gutschriften von LieferantInnen","6700 -- Übriger Betriebsaufwand","nein","02.10.2019","Position Artikelnummer Beschreibung Menge Einheit 1 379515 LCD Screen 15.6-inch WideScreen FHD (1920x1080) Matte compatible with HP-Compaq HP 250 G6 -1.00 Stck … ⏷","Position","Artikelnummer","Beschreibung","Menge","Einheit","1","379515","LCD Screen 15.6-inch WideScreen FHD (1920x1080) Matte compatible with HP-Compaq HP 250 G6","-1.00","Stck","2","D62","Porto","-1.00","Stck"
"Position","Artikelnummer","Beschreibung","Menge","Einheit"
"1","379515","LCD Screen 15.6-inch WideScreen FHD (1920x1080) Matte compatible with HP-Compaq HP 250 G6","-1.00","Stck"
"2","D62","Porto","-1.00","Stck"
"20.11.2019","6315","R","3000499079751093","52","Aliexpress","17.55","0.00","17.55","17.55","22.11.2019","0.00","20.11.2019","","","arudin 15.11.2019 Kundin hat nachgefragt, wie es mit ihrem Macbook aussieht. Wie braucht es dringend nächste Woche, da sie anschliessend nicht mehr in der Schweiz ist. Habe aus den Mails gesehen, dass die Kundin am 25.9. geschrieben hat, dass sie mit dem Kostenvoranschlag einverstanden ist. Wer ist dafür verantwortlich? (kein Bearbeiter eingetragen!) Wurden die Ersatzteile bestellt und sind sie angekommen? kostenvoranschlag 90.- Tastatur 10.- touchpad 10.- + arbeit an Kundinn geschickt Tastatur und Touchpad defekt, Kostenvoranschlag nächste woche","Max Stauffer","","","84","China","","Inland","","1141 -- Gutschriften von LieferantInnen","6700 -- Übriger Betriebsaufwand","nein","22.11.2019","Position Artikelnummer Beschreibung Menge Einheit 1 ALI00002 A1502 Schweizer Tastatur Für Macbook Retina Pro 13 ""Laptop Schweiz Layout Version 2013 2014 2015 Tastaturen Ersatz Getestet -1.00 Stck","Position","Artikelnummer","Beschreibung","Menge","Einheit","1","ALI00002","A1502 Schweizer Tastatur Für Macbook Retina Pro 13 ""Laptop Schweiz Layout Version 2013 2014 2015 Tastaturen Ersatz Getestet","-1.00","Stck"
"Position","Artikelnummer","Beschreibung","Menge","Einheit"
"1","ALI00002","A1502 Schweizer Tastatur Für Macbook Retina Pro 13 ""Laptop Schweiz Layout Version 2013 2014 2015 Tastaturen Ersatz Getestet","-1.00","Stck"
"20.11.2019","6314","R","3000499079731093","000499079731093","Aliexpress","17.60","0.00","17.60","17.60","01.11.2019","0.00","20.11.2019","","","","Max Stauffer","","","84","China","","Inland","","1141 -- Gutschriften von LieferantInnen","6700 -- Übriger Betriebsaufwand","nein","22.11.2019","Position Artikelnummer Beschreibung Menge Einheit 1 ALI00001 100% getestet Echtem Touch Panel Touchpad Trackpad Mit Kabel Für Apple Macbook Retina 13 ''A1502 Touchpad Trackpad 2015 Jahr (MacTop Store) -1.00 Stck","Position","Artikelnummer","Beschreibung","Menge","Einheit","1","ALI00001","100% getestet Echtem Touch Panel Touchpad Trackpad Mit Kabel Für Apple Macbook Retina 13 ''A1502 Touchpad Trackpad 2015 Jahr (MacTop Store)","-1.00","Stck"
"Position","Artikelnummer","Beschreibung","Menge","Einheit"
"1","ALI00001","100% getestet Echtem Touch Panel Touchpad Trackpad Mit Kabel Für Apple Macbook Retina 13 ''A1502 Touchpad Trackpad 2015 Jahr (MacTop Store)","-1.00","Stck"
"18.12.2019","6356","R","Oskar18122019","","Levin Mosi","87.00","0.00","87.00","87.00","18.12.2019","0.00","18.12.2019","","","","Andreas Rudin","","","1366","","","Inland","","2000 -- Allgemeine Kreditoren","4710 -- Transporte zu uns","nein","18.12.2019","Position Artikelnummer Beschreibung Menge Einheit 1 D16 Versandspesen Paket an Gemeinde Horgen -1.00 psch … ⏷","Position","Artikelnummer","Beschreibung","Menge","Einheit","1","D16","Versandspesen Paket an Gemeinde Horgen","-1.00","psch","2","D16","Versandspesen Paket Bestellung Feldbusch, Versand an Thera Train GmbH, D 42551 Velbert","-1.00","psch","3","D16","Versandspesen ExpressPaket an Kammermann, Oetwil am See","-1.00","psch"
"Position","Artikelnummer","Beschreibung","Menge","Einheit"
"1","D16","Versandspesen Paket an Gemeinde Horgen","-1.00","psch"
"2","D16","Versandspesen Paket Bestellung Feldbusch, Versand an Thera Train GmbH, D 42551 Velbert","-1.00","psch"
"3","D16","Versandspesen ExpressPaket an Kammermann, Oetwil am See","-1.00","psch"
"31.12.2019","7718","K","4Q2019","","SVA Zürich","2'101.30","0.00","2'101.30","2'101.30","15.01.2020","0.00","15.01.2020","Akonto 4.Q. 2019","Akonto 4.Q. 2019","","Julia Dietz","","","010","","","Inland","","2270 -- Verbindlichkeiten Sozialversicherungen und Vorsorgeeinrichtungen","5700 -- AHV, IV, EO, ALV, FAK","nein","27.04.2023",""
"01.01.2020","7713","K","Paypal01012020","","Paypal Pte. Ltd.","1.36","0.00","1.36","1.36","01.01.2020","0.00","01.01.2020","","Alexander Kaufmann PayPal-Gebühr 7C585770YC3207452","","Julia Dietz","","","1223","Singapore","","Inland","","2000 -- Allgemeine Kreditoren","6900 -- Kontospesen und Finanzaufwand","nein","26.04.2023",""
"01.01.2020","7709","K","INC19019330","","Init7 (Schweiz) AG","646.20","0.00","646.20","646.20","15.01.2020","0.00","15.01.2020","","Rspc 1.1.-31.3.20","","Julia Dietz","","","13","CH","","Inland","","2000 -- Allgemeine Kreditoren","6511 -- Internet und Serverhousing","nein","24.04.2023",""
"01.01.2020","7712","K","Visa29122019","","Postfinance","109.95","0.00","109.95","109.95","15.01.2020","0.00","15.01.2020","","Visa Business 29.12.2019","","Julia Dietz","","","3","","","Inland","","2000 -- Allgemeine Kreditoren","4000 -- Material-Einkauf","nein","26.04.2023",""
"03.01.2020","7714","K","Damas03012020","","100 Damas Restaurant Pizzeria","109.00","0.00","109.00","109.00","03.01.2020","0.00","03.01.2020","","Essen für Zügelhilfe","","Julia Dietz","","","100","","","Inland","","2000 -- Allgemeine Kreditoren","6700 -- Übriger Betriebsaufwand","nein","26.04.2023",""
"09.01.2020","6402","R","R2019513a","AU2019218","Andrea Hebeisen","500.00","0.00","500.00","500.00","10.01.2020","0.00","09.01.2020","","<p>Konto Nr. 1132-0247.774<br>IBAN CH55 0070 0113 2002 4777 4</p>","","Sili Gal","","Hosting (Web & Cloud)","98","","","Inland","","2000 -- Allgemeine Kreditoren","6700 -- Übriger Betriebsaufwand","nein","09.01.2020","Position Artikelnummer Beschreibung Menge Einheit 1 D20 allgemeine Arbeiten pauschal -1.00 psch","Position","Artikelnummer","Beschreibung","Menge","Einheit","1","D20","allgemeine Arbeiten pauschal","-1.00","psch"
"Position","Artikelnummer","Beschreibung","Menge","Einheit"
"1","D20","allgemeine Arbeiten pauschal","-1.00","psch"
"09.01.2020","6401","R","R2019513","AU2019218","Andrea Hebeisen","0.00","0.00","0.00","0.00","","0.00","09.01.2020","","","","Sili Gal","","Hosting (Web & Cloud)","98","","","Inland","","","","nein","09.01.2020","Position Artikelnummer Beschreibung Menge Einheit 1 D20 Fotos WisligerHuusbeck -1.00 psch","Position","Artikelnummer","Beschreibung","Menge","Einheit","1","D20","Fotos WisligerHuusbeck","-1.00","psch"
"Position","Artikelnummer","Beschreibung","Menge","Einheit"
"1","D20","Fotos WisligerHuusbeck","-1.00","psch"
"13.01.2020","7717","K","PayPall13012020","","Paypal Pte. Ltd.","38.50","0.00","38.50","38.50","13.01.2020","0.00","13.01.2020","PayPal Gebühr","MTV.lda PayPal-Gebühr 9XK75459XG948290F","","Julia Dietz","","","1223","Singapore","","Inland","","2000 -- Allgemeine Kreditoren","6900 -- Kontospesen und Finanzaufwand","nein","27.04.2023",""
"21.01.2020","7721","K","PayPal21012020","","Paypal Pte. Ltd.","1.68","0.00","1.68","1.68","21.01.2020","0.00","21.01.2020","","Mario Gruber PalPal-Gebühr 0P280964WM486462G","","Julia Dietz","","","1223","Singapore","","Inland","","2000 -- Allgemeine Kreditoren","6900 -- Kontospesen und Finanzaufwand","nein","27.04.2023",""
"21.01.2020","7722","K","PayPal21012020","","Paypal Pte. Ltd.","2.29","0.00","2.29","2.29","21.01.2020","0.00","21.01.2020","","Erik Grobet PalPal-Gebühr 09750128SR530482H","","Julia Dietz","","","1223","Singapore","","Inland","","2000 -- Allgemeine Kreditoren","6900 -- Kontospesen und Finanzaufwand","nein","27.04.2023",""
"24.01.2020","7725","K","PayPal24012020","","Paypal Pte. Ltd.","11.08","0.00","11.08","11.08","24.01.2020","0.00","24.01.2020","","","","Julia Dietz","","","1223","Singapore","","Inland","","2000 -- Allgemeine Kreditoren","6900 -- Kontospesen und Finanzaufwand","nein","27.04.2023",""
"24.01.2020","7724","K","PayPal24012020","","Paypal Pte. Ltd.","1.77","0.00","1.77","1.77","24.01.2020","0.00","24.01.2020","","Peter Adamczyk PalPal-Gebühr 9LC04831MF8454352","","Julia Dietz","","","1223","Singapore","","Inland","","2000 -- Allgemeine Kreditoren","6900 -- Kontospesen und Finanzaufwand","nein","27.04.2023",""
"25.01.2020","7727","K","All-Time25012020","","all-time gmbh","150.00","0.00","150.00","150.00","25.01.2020","0.00","25.01.2020","","Fahrzeugmiete","","Julia Dietz","","","101","","","Inland","","2000 -- Allgemeine Kreditoren","6700 -- Übriger Betriebsaufwand","nein","27.04.2023",""
"27.01.2020","7726","K","Visa27012020","","Postfinance","124.94","0.00","124.94","124.94","06.02.2020","0.00","06.02.2020","","Visa Business 27.1.2020","","Julia Dietz","","","3","","","Inland","","2000 -- Allgemeine Kreditoren","4000 -- Material-Einkauf","nein","27.04.2023",""
"30.01.2020","7730","K","PayPal30012020","","Paypal Pte. Ltd.","2.27","0.00","2.27","2.27","30.01.2020","0.00","30.01.2020","","Alexander Kaufmann PalPal-Gebühr 7JV87409CE677681X","","Julia Dietz","","","1223","Singapore","","Inland","","2000 -- Allgemeine Kreditoren","6900 -- Kontospesen und Finanzaufwand","nein","27.04.2023",""
"31.01.2020","7731","K","Kontospesen","","Postfinance","5.00","0.00","5.00","5.00","31.01.2020","0.00","31.01.2020","","","","Julia Dietz","","","3","","","Inland","","2000 -- Allgemeine Kreditoren","6900 -- Kontospesen und Finanzaufwand","nein","27.04.2023",""
"31.01.2020","7732","K","Kontospesen","","Postfinance","1.80","0.00","1.80","1.80","31.01.2020","0.00","31.01.2020","","PREIS FÜR EINZAHLUNGEN AM SCHALTER","","Julia Dietz","","","3","","","Inland","","2000 -- Allgemeine Kreditoren","6900 -- Kontospesen und Finanzaufwand","nein","27.04.2023",""
"31.01.2020","7733","K","Postcard","","Postfinance","30.00","0.00","30.00","30.00","31.01.2020","0.00","31.01.2020","","PREIS FÜR POSTFINANCE CARD FÜR EIN JAHR IM VORAUS KARTEN NR. XXXX6015","","Julia Dietz","","","3","","","Inland","","2000 -- Allgemeine Kreditoren","6900 -- Kontospesen und Finanzaufwand","nein","27.04.2023",""
"01.02.2020","7734","K","Migrol","","Migrol","35.89","0.00","35.89","35.89","01.02.2020","0.00","01.02.2020","","Migrol Zürich Sihlquai Zürich TREIBSTOFF 35.89","","Julia Dietz","","","102","","","Inland","","2000 -- Allgemeine Kreditoren","6700 -- Übriger Betriebsaufwand","nein","27.04.2023",""
"04.02.2020","7742","K","PayPal04022020","","Paypal Pte. Ltd.","1.51","0.00","1.51","1.51","04.02.2020","0.00","04.02.2020","","Franco Bruni PalPal-Gebühr 9YU07832D25614006","","Julia Dietz","","","1223","Singapore","","Inland","","2000 -- Allgemeine Kreditoren","6900 -- Kontospesen und Finanzaufwand","nein","28.04.2023",""
"05.02.2020","7746","K","79192-S","","Backbone Solutions AG","300.00","0.00","300.00","300.00","06.02.2020","0.00","05.02.2020","","","internes Telefon","Julia Dietz","","","1006","CH","","Inland","","2000 -- Allgemeine Kreditoren","6510 -- Telefon","nein","28.04.2023",""
"05.02.2020","7748","K","PayPal05022020","","Paypal Pte. Ltd.","-1.22","0.00","-1.22","-1.22","05.02.2020","0.00","05.02.2020","","Peter Adamczyk Rückerstattung PalPal-Gebühr 6UF77422HV545364G","","Julia Dietz","","","1223","Singapore","","Inland","","2000 -- Allgemeine Kreditoren","6900 -- Kontospesen und Finanzaufwand","nein","28.04.2023",""
"06.02.2020","6438","R","Oskar06022020","","Levin Mosi","126.00","0.00","126.00","126.00","06.02.2020","0.00","06.02.2020","","","","Andreas Rudin","","","1366","","","Inland","","2000 -- Allgemeine Kreditoren","4710 -- Transporte zu uns","nein","06.02.2020","Position Artikelnummer Beschreibung Menge Einheit 1 D16 Versandspesen Paket Tercan Mehmet R2020034 -1.00 psch … ⏷","Position","Artikelnummer","Beschreibung","Menge","Einheit","1","D16","Versandspesen Paket Tercan Mehmet R2020034","-1.00","psch","2","D16","Versandspesen Paket Alexander Kaufmann R2020043","-1.00","psch","3","D16","Versandspesen Paket Barthelmess Tim c/o Josef Postler R2020037","-1.00","psch"
"Position","Artikelnummer","Beschreibung","Menge","Einheit"
"1","D16","Versandspesen Paket Tercan Mehmet R2020034","-1.00","psch"
"2","D16","Versandspesen Paket Alexander Kaufmann R2020043","-1.00","psch"
"3","D16","Versandspesen Paket Barthelmess Tim c/o Josef Postler R2020037","-1.00","psch"
"06.02.2020","7784","K","9002439232","","Steueramt Kanton Zürich","150.00","0.00","150.00","150.00","06.02.2020","0.00","06.02.2020","","","","Julia Dietz","","","104","","","Inland","","2000 -- Allgemeine Kreditoren","8900 -- Steuern","nein","05.05.2023",""
"07.02.2020","7751","K","All-Time07022020","","all-time gmbh","500.00","0.00","500.00","500.00","07.02.2020","0.00","07.02.2020","","","","Julia Dietz","","","101","","","Inland","","2000 -- Allgemeine Kreditoren","6700 -- Übriger Betriebsaufwand","nein","28.04.2023",""
"07.02.2020","7750","K","PayPal07022020","","Paypal Pte. Ltd.","1.51","0.00","1.51","1.51","07.02.2020","0.00","07.02.2020","","Sensirion AG PalPal-Gebühr 3T927914VD783822F","","Julia Dietz","","","1223","Singapore","","Inland","","2000 -- Allgemeine Kreditoren","6900 -- Kontospesen und Finanzaufwand","nein","28.04.2023",""
"08.02.2020","7752","K","Damas08022020","","100 Damas Restaurant Pizzeria","113.50","0.00","113.50","113.50","08.02.2020","0.00","08.02.2020","","Verpflegung Zügeln","","Julia Dietz","","","100","","","Inland","","2000 -- Allgemeine Kreditoren","6700 -- Übriger Betriebsaufwand","nein","28.04.2023",""
"10.02.2020","7753","K","Migrol10202020","","Migrol","32.00","0.00","32.00","32.00","10.02.2020","0.00","10.02.2020","","","","Julia Dietz","","","102","","","Inland","","2000 -- Allgemeine Kreditoren","6700 -- Übriger Betriebsaufwand","nein","28.04.2023",""
"11.02.2020","7754","K","PayPal11022020","","Paypal Pte. Ltd.","1.58","0.00","1.58","1.58","11.02.2020","0.00","11.02.2020","","Andreas Hartmann PalPal-Gebühr 0BR944296Y732274D","","Julia Dietz","","","1223","Singapore","","Inland","","2000 -- Allgemeine Kreditoren","6900 -- Kontospesen und Finanzaufwand","nein","28.04.2023",""
"13.02.2020","7755","K","AliBaba13022020","","Ali Baba Take Away","38.00","0.00","38.00","38.00","13.02.2020","0.00","13.02.2020","","Verpflegung Zügeln","","Julia Dietz","","","105","","","Inland","","2000 -- Allgemeine Kreditoren","6700 -- Übriger Betriebsaufwand","nein","28.04.2023",""
"14.02.2020","7756","K","PayPal14022020","","Paypal Pte. Ltd.","5.14","0.00","5.14","5.14","14.02.2020","0.00","14.02.2020","","Fernando Azevedo PalPal-Gebühr 7CM64376VW4405247","","Julia Dietz","","","1223","Singapore","","Inland","","2000 -- Allgemeine Kreditoren","6900 -- Kontospesen und Finanzaufwand","nein","28.04.2023",""
"14.02.2020","7757","K","San Gen14022020","","San Gennaro GmbH","75.50","0.00","75.50","75.50","14.02.2020","0.00","14.02.2020","","Verpflegung Zügeln","","Julia Dietz","","","106","","","Inland","","2000 -- Allgemeine Kreditoren","6700 -- Übriger Betriebsaufwand","nein","28.04.2023",""
"21.02.2020","7758","K","Damas210202020","","100 Damas Restaurant Pizzeria","117.00","0.00","117.00","117.00","21.02.2020","0.00","21.02.2020","","Verpflegung Zügeln","","Julia Dietz","","","100","","","Inland","","2000 -- Allgemeine Kreditoren","6700 -- Übriger Betriebsaufwand","nein","28.04.2023",""
"24.02.2020","7759","K","Chornlade240202020","","Chornlade","16.95","0.00","16.95","16.95","24.02.2020","0.00","24.02.2020","","Verpflegung Zügeln","","Julia Dietz","","","1380","","","Inland","","2000 -- Allgemeine Kreditoren","6700 -- Übriger Betriebsaufwand","nein","28.04.2023",""
"27.02.2020","7760","K","All-Time27022020","","all-time gmbh","300.00","0.00","300.00","300.00","27.02.2020","0.00","27.02.2020","","Fahrzeugmiete","","Julia Dietz","","","101","","","Inland","","2000 -- Allgemeine Kreditoren","6700 -- Übriger Betriebsaufwand","nein","28.04.2023",""
"29.02.2020","7769","K","Ersatzkarte","","Postfinance","30.00","0.00","30.00","30.00","29.02.2020","0.00","29.02.2020","","PREIS FÜR KARTENERSATZ KARTEN NR. XXXX4494","","Julia Dietz","","","3","","","Inland","","2000 -- Allgemeine Kreditoren","6900 -- Kontospesen und Finanzaufwand","nein","03.05.2023",""
"29.02.2020","7770","K","Kontospesen","","Postfinance","5.00","0.00","5.00","5.00","29.02.2020","0.00","29.02.2020","","PREIS FÜR DIE KONTOFÜHRUNG","","Julia Dietz","","","3","","","Inland","","2000 -- Allgemeine Kreditoren","6900 -- Kontospesen und Finanzaufwand","nein","03.05.2023",""
"29.02.2020","7771","K","Migrol29022020","","Migrol","12.80","0.00","12.80","12.80","29.02.2020","0.00","29.02.2020","","Migrol Zürich Sihlquai Zürich TREIBSTOFF 12.78","","Julia Dietz","","","102","","","Inland","","2000 -- Allgemeine Kreditoren","6700 -- Übriger Betriebsaufwand","nein","03.05.2023",""
"01.03.2020","7777","K","Migrol","","Migrol","12.78","0.00","12.78","12.78","01.03.2020","0.00","01.03.2020","","Migrol Zürich Sihlquai Zürich TREIBSTOFF 12.78","","Julia Dietz","","","102","","","Inland","","2000 -- Allgemeine Kreditoren","6700 -- Übriger Betriebsaufwand","nein","04.05.2023",""
"04.03.2020","7780","K","26967843","","Digitec","313.24","0.00","313.24","313.24","04.03.2020","0.00","04.03.2020","","","","Julia Dietz","","","001","","","Inland","","2000 -- Allgemeine Kreditoren","4000 -- Material-Einkauf","nein","04.05.2023",""
"04.03.2020","7779","K","Post","","Post CH AG","57.00","0.00","57.00","57.00","04.03.2020","0.00","04.03.2020","","Adressänderung mit Nachsendeauftrag","","Julia Dietz","","","927","","","Inland","","2000 -- Allgemeine Kreditoren","6700 -- Übriger Betriebsaufwand","nein","04.05.2023",""
"05.03.2020","7783","K","AXA2020","","AXA Versicherungen AG","946.00","0.00","946.00","946.00","05.03.2020","0.00","05.03.2020","","","","Julia Dietz","","","009","","","Inland","","2000 -- Allgemeine Kreditoren","5740 -- Krankentaggeldversicherung","nein","04.05.2023",""
"05.03.2020","7787","K","INC20001248","","Init7 (Schweiz) AG","777.00","0.00","777.00","777.00","05.03.2020","0.00","05.03.2020","","Zeugh60, 2020","","Julia Dietz","","","13","CH","","Inland","","2000 -- Allgemeine Kreditoren","6511 -- Internet und Serverhousing","nein","09.05.2023",""
"05.03.2020","7782","K","Webstamp","","Post CH AG","100.00","0.00","100.00","100.00","05.03.2020","0.00","05.03.2020","","Ladung Guthaben Webstamp etc.","","Julia Dietz","","","927","","","Inland","","2000 -- Allgemeine Kreditoren","4400 -- Aufwand für Dienstleistungen","nein","04.05.2023",""
"06.03.2020","7788","K","Versandspesen","","Post CH AG","198.00","0.00","198.00","198.00","06.03.2020","0.00","06.03.2020","","Versandspesen","","Julia Dietz","","","927","","","Inland","","2000 -- Allgemeine Kreditoren","4400 -- Aufwand für Dienstleistungen","nein","09.05.2023",""
"08.03.2020","7789","K","PayPal08032020","","Paypal Pte. Ltd.","2.50","0.00","2.50","2.50","08.03.2020","0.00","08.03.2020","","Fredy Baettig PayPal-Gebühr 5UD11391958236906","","Julia Dietz","","","1223","Singapore","","Inland","","2000 -- Allgemeine Kreditoren","6900 -- Kontospesen und Finanzaufwand","nein","09.05.2023",""
"12.03.2020","7792","K","PayPal12032020","","Paypal Pte. Ltd.","3.56","0.00","3.56","3.56","12.03.2020","0.00","12.03.2020","","Thorsten Klemp PalPal-Gebühr 34069221DE329305W","","Julia Dietz","","","1223","Singapore","","Inland","","2000 -- Allgemeine Kreditoren","6900 -- Kontospesen und Finanzaufwand","nein","09.05.2023",""
"13.03.2020","7793","K","Repaz","","Trägerverein Reparaturzentrum Zürich","100.00","0.00","100.00","100.00","13.03.2020","0.00","13.03.2020","","Mitgliederbeiträge REPAZ 2019","","Julia Dietz","","","107","","","Inland","","2000 -- Allgemeine Kreditoren","6700 -- Übriger Betriebsaufwand","nein","09.05.2023",""
"13.03.2020","7796","K","Transport","","Horber Emil","720.00","0.00","720.00","720.00","13.03.2020","0.00","13.03.2020","","24 Stunden Mithilfe beim Umzug inklusive Autofahren","Talent-Mitglied","Julia Dietz","","","109","","","Inland","","2000 -- Allgemeine Kreditoren","6700 -- Übriger Betriebsaufwand","nein","09.05.2023",""
"14.03.2020","7799","K","TAF14032020","","Tauschen an Fluss","60.00","0.00","60.00","60.00","14.03.2020","0.00","14.03.2020","","François Leimgruber Mithilfe beim Umzug von revamp-it","Zum Verbuchen von Dienstleistungen von Tauschen am Fluss Mitgliedern","Julia Dietz","","","110","","","Inland","","2000 -- Allgemeine Kreditoren","6700 -- Übriger Betriebsaufwand","nein","09.05.2023",""
"14.03.2020","7798","K","TAF14032020","","Tauschen an Fluss","75.00","0.00","75.00","75.00","14.03.2020","0.00","14.03.2020","","Gina Menegola Mithilfe bei den Umzugsarbeiten von revamp-it 2.5 Stunden","Zum Verbuchen von Dienstleistungen von Tauschen am Fluss Mitgliedern","Julia Dietz","","","110","","","Inland","","2000 -- Allgemeine Kreditoren","6700 -- Übriger Betriebsaufwand","nein","09.05.2023",""
"14.03.2020","7800","K","TAF14032020","","Tauschen an Fluss","45.00","0.00","45.00","45.00","14.03.2020","0.00","14.03.2020","","Marfried Winkler Mithilfe beim Umzug (Lager räumen)","Zum Verbuchen von Dienstleistungen von Tauschen am Fluss Mitgliedern","Julia Dietz","","","110","","","Inland","","2000 -- Allgemeine Kreditoren","6700 -- Übriger Betriebsaufwand","nein","09.05.2023",""
"16.03.2020","7802","K","All.Time16032020","","all-time gmbh","490.00","0.00","490.00","490.00","16.03.2020","0.00","16.03.2020","","Fahrzeugmiete","","Julia Dietz","","","101","","","Inland","","2000 -- Allgemeine Kreditoren","6700 -- Übriger Betriebsaufwand","nein","09.05.2023",""
"25.03.2020","7803","K","27780206","","Digitec","12.75","0.00","12.75","12.75","25.03.2020","0.00","25.03.2020","","","","Julia Dietz","","","001","","","Inland","","2000 -- Allgemeine Kreditoren","4000 -- Material-Einkauf","nein","09.05.2023",""
"29.03.2020","7805","K","Visa29032020","","Postfinance","61.00","0.00","61.00","61.00","27.04.2020","0.00","27.04.2020","","Visa Business 29.3.2020","","Julia Dietz","","","3","","","Inland","","2000 -- Allgemeine Kreditoren","4000 -- Material-Einkauf","nein","09.05.2023",""
"31.03.2020","7807","K","AXA","","AXA Versicherungen AG","30.00","0.00","30.00","30.00","31.03.2020","0.00","31.03.2020","","","","Julia Dietz","","","009","","","Inland","","2000 -- Allgemeine Kreditoren","6900 -- Kontospesen und Finanzaufwand","nein","09.05.2023",""
"31.03.2020","7808","K","Kontospesen","","Postfinance","5.00","0.00","5.00","5.00","31.03.2020","0.00","31.03.2020","","PREIS FÜR DIE KONTOFÜHRUNG","","Julia Dietz","","","3","","","Inland","","2000 -- Allgemeine Kreditoren","6900 -- Kontospesen und Finanzaufwand","nein","09.05.2023",""
"08.04.2020","7813","K","R61170613","","Switchplus","46.50","0.00","46.50","46.50","08.04.2020","0.00","08.04.2020","","","","Julia Dietz","","","81","Schweiz","","Inland","","2000 -- Allgemeine Kreditoren","6511 -- Internet und Serverhousing","nein","09.05.2023",""
"17.04.2020","7816","K","INC20003127","","Init7 (Schweiz) AG","632.10","0.00","632.10","632.10","17.04.2020","0.00","17.04.2020","","RS 2HE 1.4.-30.6.20","","Julia Dietz","","","13","CH","","Inland","","2000 -- Allgemeine Kreditoren","6511 -- Internet und Serverhousing","nein","09.05.2023",""
"27.04.2020","7829","K","INC20004415","","Init7 (Schweiz) AG","1'172.00","0.00","1'172.00","1'172.00","27.04.2020","0.00","27.04.2020","","Fiber7 Limmatstr. 23","","Julia Dietz","","","13","CH","","Inland","","2000 -- Allgemeine Kreditoren","6511 -- Internet und Serverhousing","nein","16.05.2023",""
"30.04.2020","7832","K","Kontospesen","","Postfinance","5.00","0.00","5.00","5.00","30.04.2020","0.00","30.04.2020","","PREIS FÜR DIE KONTOFÜHRUNG","","Julia Dietz","","","3","","","Inland","","2000 -- Allgemeine Kreditoren","6900 -- Kontospesen und Finanzaufwand","nein","16.05.2023",""
"01.05.2020","7846","K","Swizzonic","","Switchplus","68.00","0.00","68.00","68.00","01.05.2020","0.00","01.05.2020","","","","Julia Dietz","","","81","Schweiz","","Inland","","2000 -- Allgemeine Kreditoren","6511 -- Internet und Serverhousing","nein","22.05.2023",""
"15.05.2020","7855","K","G27780206","","Digitec","-12.75","0.00","-12.75","-12.75","15.05.2020","0.00","15.05.2020","","Gutschrift wegen Rückgabe","","Julia Dietz","","","001","","","Inland","","2000 -- Allgemeine Kreditoren","4000 -- Material-Einkauf","nein","23.05.2023",""
"25.05.2020","7856","K","PayPal25052020","","Paypal Pte. Ltd.","1.10","0.00","1.10","1.10","25.05.2020","0.00","25.05.2020","","Fredy Baettig PalPal-Gebühr 7GR685329T143212G","","Julia Dietz","","","1223","Singapore","","Inland","","2000 -- Allgemeine Kreditoren","6900 -- Kontospesen und Finanzaufwand","nein","23.05.2023",""
"30.05.2020","7860","K","PayPal30052020","","Paypal Pte. Ltd.","9.88","0.00","9.88","9.88","30.05.2020","0.00","30.05.2020","PayPal-Gebühr","Grosu Teodor PayPal-Gebühr 8D9659089B9768623aa","","Julia Dietz","","","1223","Singapore","","Inland","","2000 -- Allgemeine Kreditoren","6900 -- Kontospesen und Finanzaufwand","nein","23.05.2023",""
"31.05.2020","7861","K","Kontospesen","","Paypal Pte. Ltd.","5.00","0.00","5.00","5.00","31.05.2020","0.00","31.05.2020","","PREIS FÜR DIE KONTOFÜHRUNG","","Julia Dietz","","","1223","Singapore","","Inland","","2000 -- Allgemeine Kreditoren","6900 -- Kontospesen und Finanzaufwand","nein","23.05.2023",""
"04.06.2020","7866","K","Versandspesen","","Post CH AG","79.00","0.00","79.00","79.00","04.06.2020","0.00","04.06.2020","","","","Julia Dietz","","","927","","","Inland","","2000 -- Allgemeine Kreditoren","4400 -- Aufwand für Dienstleistungen","nein","23.05.2023",""
"09.06.2020","7868","K","30959619","","Digitec","107.10","0.00","107.10","107.10","09.06.2020","0.00","09.06.2020","","","","Julia Dietz","","","001","","","Inland","","2000 -- Allgemeine Kreditoren","4000 -- Material-Einkauf","nein","23.05.2023",""
"09.06.2020","7867","K","PayPal09062020","","Paypal Pte. Ltd.","8.37","0.00","8.37","8.37","09.06.2020","0.00","09.06.2020","PayPal-Gebühr","Joshua Pflüger PayPal-Gebühr 8PM04284TM609520N","","Julia Dietz","","","1223","Singapore","","Inland","","2000 -- Allgemeine Kreditoren","6900 -- Kontospesen und Finanzaufwand","nein","23.05.2023",""
"16.06.2020","7870","K","SBB","","SBB","13.00","0.00","13.00","13.00","16.06.2020","0.00","16.06.2020","","KAUF/DIENSTLEISTUNG VOM 16.06.2020 KARTEN NR. XXXX4494 ZÜRICH HB SBB ZÜRICH HB","KAUF/DIENSTLEISTUNG","Julia Dietz","","","1003","CH","","Inland","","2000 -- Allgemeine Kreditoren","6700 -- Übriger Betriebsaufwand","nein","23.05.2023",""
"23.06.2020","7873","K","R 3598","","Genossenschaft Infolink","215.40","0.00","215.40","215.40","23.06.2020","0.00","23.06.2020","","Branchenverzeichnis 2020","WOZ","Julia Dietz","","","111","","","Inland","","2000 -- Allgemeine Kreditoren","6600 -- Werbeaufwand","nein","23.05.2023",""
"28.06.2020","7875","K","Visa28062020","","Postfinance","80.45","0.00","80.45","80.45","20.07.2020","0.00","20.07.2020","","Visa Business 28.6.2020","","Julia Dietz","","","3","","","Inland","","2000 -- Allgemeine Kreditoren","4000 -- Material-Einkauf","nein","23.05.2023",""
"30.06.2020","8113","K","Domaingebühren","","Switchplus","15.50","0.00","15.50","15.50","01.07.2020","0.00","01.07.2020","","KAUF/ONLINE-SHOPPING VOM 30.06.2020 SWITCHPLUS AG WWW.SWITCHPLUS.CH PAYMENT ID 200630073252579996 BESTELLNUMMER 716DA30E-3276-4D2A","","Julia Dietz","","","81","Schweiz","","Inland","","2000 -- Allgemeine Kreditoren","6511 -- Internet und Serverhousing","nein","27.06.2023",""
"30.06.2020","7887","K","Domaingebühren","","Switchplus","200.00","0.00","200.00","200.00","01.07.2020","0.00","01.07.2020","","KAUF/ONLINE-SHOPPING VOM 30.06.2020 SWITCHPLUS AG WWW.SWITCHPLUS.CH PAYMENT ID 200630073723038800 BESTELLNUMMER E799C9A8-3A98-42E2","","Julia Dietz","","","81","Schweiz","","Inland","","2000 -- Allgemeine Kreditoren","6511 -- Internet und Serverhousing","nein","23.05.2023",""
"30.06.2020","7877","K","Zinsabschluss","","Postfinance","6.37","0.00","6.37","6.37","30.06.2020","0.00","30.06.2020","Zinsabschluss 30.6.2020","Zinsabschluss 30.6.2020","","Julia Dietz","","","3","","","Inland","","2000 -- Allgemeine Kreditoren","6900 -- Kontospesen und Finanzaufwand","nein","23.05.2023",""
"30.06.2020","7878","K","Kontospesen","","Postfinance","1.50","0.00","1.50","1.50","30.06.2020","0.00","30.06.2020","","PREIS FÜR EINZAHLUNGEN AM SCHALTER","","Julia Dietz","","","3","","","Inland","","2000 -- Allgemeine Kreditoren","6900 -- Kontospesen und Finanzaufwand","nein","23.05.2023",""
"30.06.2020","7897","K","82068-S","","Backbone Solutions AG","200.00","0.00","200.00","200.00","01.07.2020","0.00","01.07.2020","","GIRO BANK Zürcher Kantonalbank 8010 Zürich CH0400700110000753841 Backbone Solutions AG Chaltenbodenstr. 4b 8834 Schindellegi SENDER REFERENZ: sipcall Re 82068-S 30.6.2020","internes Telefon","Julia Dietz","","","1006","CH","","Inland","","2000 -- Allgemeine Kreditoren","6510 -- Telefon","nein","29.05.2023",""
"30.06.2020","7884","K","Domaingebühren","","Switchplus","15.50","0.00","15.50","15.50","01.07.2020","0.00","01.07.2020","","KAUF/ONLINE-SHOPPING VOM 30.06.2020 SWITCHPLUS AG WWW.SWITCHPLUS.CH PAYMENT ID 200630073443819741","","Julia Dietz","","","81","Schweiz","","Inland","","2000 -- Allgemeine Kreditoren","6511 -- Internet und Serverhousing","nein","23.05.2023",""
"30.06.2020","7885","K","Domaingebühren","","Switchplus","10.00","0.00","10.00","10.00","01.07.2020","0.00","01.07.2020","","KAUF/ONLINE-SHOPPING VOM 30.06.2020 SWITCHPLUS AG WWW.SWITCHPLUS.CH PAYMENT ID 200630073849218241 BESTELLNUMMER 2B568A12-EC42-441E","","Julia Dietz","","","81","Schweiz","","Inland","","2000 -- Allgemeine Kreditoren","6511 -- Internet und Serverhousing","nein","23.05.2023",""
"30.06.2020","7886","K","Domaingebühren","","Switchplus","49.00","0.00","49.00","49.00","01.07.2020","0.00","01.07.2020","","KAUF/ONLINE-SHOPPING VOM 30.06.2020 SWITCHPLUS AG WWW.SWITCHPLUS.CH PAYMENT ID 200630073116169671 BESTELLNUMMER 236BA1D1-13B8-4478","","Julia Dietz","","","81","Schweiz","","Inland","","2000 -- Allgemeine Kreditoren","6511 -- Internet und Serverhousing","nein","23.05.2023",""
"30.06.2020","7879","K","Kontospesen","","Postfinance","5.00","0.00","5.00","5.00","30.06.2020","0.00","30.06.2020","PREIS FÜR DIE KONTOFÜHRUNG","PREIS FÜR DIE KONTOFÜHRUNG","","Julia Dietz","","","3","","","Inland","","2000 -- Allgemeine Kreditoren","6900 -- Kontospesen und Finanzaufwand","nein","23.05.2023",""
"01.07.2020","7896","K","SBB","","SBB","84.00","0.00","84.00","84.00","01.07.2020","0.00","01.07.2020","","KAUF/DIENSTLEISTUNG VOM 01.07.2020 KARTEN NR. XXXX4494 WIL SBB WIL","KAUF/DIENSTLEISTUNG","Julia Dietz","","","1003","CH","","Inland","","2000 -- Allgemeine Kreditoren","6700 -- Übriger Betriebsaufwand","nein","29.05.2023",""
"01.07.2020","7898","K","Webstamp","","Post CH AG","100.00","0.00","100.00","100.00","01.07.2020","0.00","01.07.2020","","Ladung Guthaben Webstamp etc.","","Julia Dietz","","","927","","","Inland","","2000 -- Allgemeine Kreditoren","4400 -- Aufwand für Dienstleistungen","nein","29.05.2023",""
"01.07.2020","7899","K","SVA2019","","SVA Zürich","1'142.95","0.00","1'142.95","1'142.95","01.07.2020","0.00","01.07.2020","","SVA Zürich Ausgleichskasse 1.3 8087 Zürich SENDER REFERENZ: SVA Schlussrechnung 2019","","Julia Dietz","","","010","","","Inland","","2270 -- Verbindlichkeiten Sozialversicherungen und Vorsorgeeinrichtungen","5700 -- AHV, IV, EO, ALV, FAK","nein","29.05.2023",""
"01.07.2020","7902","K","473934","","Christian Rüedi AG","139.25","0.00","139.25","139.25","20.07.2020","0.00","01.07.2020","","","","Julia Dietz","","","112","","","Inland","","2000 -- Allgemeine Kreditoren","6700 -- Übriger Betriebsaufwand","nein","29.05.2023",""
"01.07.2020","7903","K","473934","","Christian Rüedi AG","920.85","0.00","920.85","920.85","20.07.2020","0.00","20.07.2020","","","","Julia Dietz","","","112","","","Inland","","2000 -- Allgemeine Kreditoren","6700 -- Übriger Betriebsaufwand","nein","29.05.2023",""
"01.07.2020","7904","K","2020085","","Kivitendo GmbH","218.76","0.00","218.76","218.76","23.11.2020","0.00","23.11.2020","","Partner-Beitrag Kivitendo","","Julia Dietz","","","113","","","Inland","","2000 -- Allgemeine Kreditoren","6600 -- Werbeaufwand","nein","29.05.2023",""
"01.07.2020","7905","K","473934","","Christian Rüedi AG","1'729.90","0.00","1'729.90","1'729.90","25.11.2020","0.00","25.11.2020","","","","Julia Dietz","","","112","","","Inland","","2000 -- Allgemeine Kreditoren","6700 -- Übriger Betriebsaufwand","nein","29.05.2023",""
"03.07.2020","7906","K","184761","","NEST","62.70","0.00","62.70","62.70","20.07.2020","0.00","20.07.2020","","","","Julia Dietz","","","998","","","Inland","","2000 -- Allgemeine Kreditoren","5720 -- Berufliche Vorsorge","nein","29.05.2023",""
"06.07.2020","7908","K","Webstamp","","Post CH AG","220.00","0.00","220.00","220.00","02.10.2020","0.00","02.10.2020","","Ladung Guth. Webstamp 6.7.20 + Mahnung","","Julia Dietz","","","927","","","Inland","","2000 -- Allgemeine Kreditoren","4400 -- Aufwand für Dienstleistungen","nein","29.05.2023",""
"06.07.2020","7909","K","PayPal06072020","","Paypal Pte. Ltd.","3.70","0.00","3.70","3.70","06.07.2020","0.00","06.07.2020","","Nils Persson PalPal-Gebühr 5EH793753P333990B","","Julia Dietz","","","1223","Singapore","","Inland","","2000 -- Allgemeine Kreditoren","6900 -- Kontospesen und Finanzaufwand","nein","29.05.2023",""
"08.07.2020","6511","K","CQ009046305CH","","Post CH AG","55.00","0.00","55.00","55.00","08.07.2020","0.00","08.07.2020","","PostPac International Schweden zu R2020105","","Andreas Rudin","","","927","","","Inland","","2000 -- Allgemeine Kreditoren","6500 -- Büro- und sonstiger Verwaltungsaufwand","nein","08.07.2020",""
"13.07.2020","7910","K","PayPal13072020","","Paypal Pte. Ltd.","15.96","0.00","15.96","15.96","13.07.2020","0.00","13.07.2020","","MTV.lda PalPal-Gebühr 55Y67558A4645445V","","Julia Dietz","","","1223","Singapore","","Inland","","2000 -- Allgemeine Kreditoren","6900 -- Kontospesen und Finanzaufwand","nein","29.05.2023",""
"15.07.2020","7911","K","PayPal15072020","","Paypal Pte. Ltd.","4.34","0.00","4.34","4.34","15.07.2020","0.00","15.07.2020","","Janik Baumgartner PalPal-Gebühr 3KA34027XR743391S","","Julia Dietz","","","1223","Singapore","","Inland","","2000 -- Allgemeine Kreditoren","6900 -- Kontospesen und Finanzaufwand","nein","29.05.2023",""
"20.07.2020","7914","K","INC20010601","","Init7 (Schweiz) AG","323.10","0.00","323.10","323.10","20.07.2020","0.00","20.07.2020","","Racksp.1HE 4.5.-3.8.20","","Julia Dietz","","","13","CH","","Inland","","2000 -- Allgemeine Kreditoren","6511 -- Internet und Serverhousing","nein","29.05.2023",""
"20.07.2020","7912","K","INC20010477","","Init7 (Schweiz) AG","323.10","0.00","323.10","323.10","20.07.2020","0.00","20.07.2020","Racksp.1HE 4.2.-3.5.20","Racksp.1HE 4.2.-3.5.20","","Julia Dietz","","","13","CH","","Inland","","2000 -- Allgemeine Kreditoren","6511 -- Internet und Serverhousing","nein","29.05.2023",""
"20.07.2020","7913","K","INC20008852","","Init7 (Schweiz) AG","646.20","0.00","646.20","646.20","20.07.2020","0.00","20.07.2020","","Racksp.2HE 1.7.-30.9.20","","Julia Dietz","","","13","CH","","Inland","","2000 -- Allgemeine Kreditoren","6511 -- Internet und Serverhousing","nein","29.05.2023",""
"24.07.2020","7916","K","Gebühr","","Stadtammann- und Betreibungsamt Zürich","17.00","0.00","17.00","17.00","24.07.2020","0.00","24.07.2020","","","","Julia Dietz","","","114","","","Inland","","2000 -- Allgemeine Kreditoren","6700 -- Übriger Betriebsaufwand","nein","29.05.2023",""
"24.07.2020","7917","K","Gebühr","","Handelsregisteramt des Kanton Zürich","50.00","0.00","50.00","50.00","24.07.2020","0.00","24.07.2020","Gebühr","","","Julia Dietz","","","115","","","Inland","","2000 -- Allgemeine Kreditoren","6700 -- Übriger Betriebsaufwand","nein","29.05.2023",""
"25.07.2020","7918","K","Jumbo25072020","","Jumbo","50.85","0.00","50.85","50.85","24.07.2020","0.00","25.07.2020","","Spanngurte","","Julia Dietz","","","940","","","Inland","","2000 -- Allgemeine Kreditoren","6700 -- Übriger Betriebsaufwand","nein","29.05.2023",""
"26.07.2020","7919","K","PayPal26072020","","Paypal Pte. Ltd.","-1.51","0.00","-1.51","-1.51","26.07.2020","0.00","26.07.2020","","Franco Bruni Rückerstattung PalPal-Gebühr 1BS22109VP632261C EE1Z0330","","Julia Dietz","","","1223","Singapore","","Inland","","2000 -- Allgemeine Kreditoren","6900 -- Kontospesen und Finanzaufwand","nein","29.05.2023",""
"27.07.2020","7924","K","Dräyer27072020","","René Dräyer Schreinerei","1'850.00","0.00","1'850.00","1'850.00","27.07.2020","0.00","27.07.2020","","100 Palettenrahmen","","Julia Dietz","","","117","","","Inland","","2000 -- Allgemeine Kreditoren","1510 -- Mobiliar und Einrichtungen","nein","29.05.2023",""
"27.07.2020","7923","K","1127631338","","Ricardo","194.00","0.00","194.00","194.00","27.07.2020","0.00","27.07.2020","Spanngurte","Crazy Rolf's Bushman’s Oil R. Lenzi n & M. Wechsler SENDER REFERENZ: Ricardo 1127631338 60 Spanngurte","","Julia Dietz","","","116","","","Inland","","2000 -- Allgemeine Kreditoren","6700 -- Übriger Betriebsaufwand","nein","29.05.2023",""
"29.07.2020","7927","K","INC20011322","","Init7 (Schweiz) AG","323.10","0.00","323.10","323.10","29.07.2020","0.00","29.07.2020","Racksp.1HE 4.8.-3.11.20","Racksp.1HE 4.8.-3.11.20","","Julia Dietz","","","13","CH","","Inland","","2000 -- Allgemeine Kreditoren","6511 -- Internet und Serverhousing","nein","29.05.2023",""
"29.07.2020","7928","K","Gebühr","","Ricardo","30.50","0.00","30.50","30.50","29.07.2020","0.00","29.07.2020","Ricardo Gebühren","Ricardo Gebühren","","Julia Dietz","","","116","","","Inland","","2000 -- Allgemeine Kreditoren","6700 -- Übriger Betriebsaufwand","nein","29.05.2023",""
"31.07.2020","7929","K","Kontospesen","","Postfinance","5.00","0.00","5.00","5.00","31.07.2020","0.00","31.07.2020","","PREIS FÜR DIE KONTOFÜHRUNG","","Julia Dietz","","","3","","","Inland","","2000 -- Allgemeine Kreditoren","6900 -- Kontospesen und Finanzaufwand","nein","29.05.2023",""
"03.08.2020","8099","K","Dräyer03082020","","René Dräyer Schreinerei","1'850.00","0.00","1'850.00","1'850.00","03.08.2020","0.00","03.08.2020","","100 Pal.rahmen 2.Teil","","Julia Dietz","","","117","","","Inland","","2000 -- Allgemeine Kreditoren","1510 -- Mobiliar und Einrichtungen","nein","14.06.2023",""
"03.08.2020","7932","K","Versandspesen","","Post CH AG","64.00","0.00","64.00","64.00","03.08.2020","0.00","03.08.2020","","","","Julia Dietz","","","927","","","Inland","","2000 -- Allgemeine Kreditoren","4400 -- Aufwand für Dienstleistungen","nein","30.05.2023",""
"03.08.2020","7933","K","474215","","Christian Rüedi AG","522.80","0.00","522.80","522.80","07.09.2020","0.00","07.09.2020","","","","Julia Dietz","","","112","","","Inland","","2000 -- Allgemeine Kreditoren","6700 -- Übriger Betriebsaufwand","nein","30.05.2023",""
"04.08.2020","7934","K","474369","","Christian Rüedi AG","315.45","0.00","315.45","315.45","07.09.2020","0.00","07.09.2020","","","","Julia Dietz","","","112","","","Inland","","2000 -- Allgemeine Kreditoren","6700 -- Übriger Betriebsaufwand","nein","30.05.2023",""
"11.08.2020","7935","K","817176","","IPC-Computer Deutschland GmbH","89.06","0.00","89.06","89.06","11.08.2020","0.00","11.08.2020","","","","Julia Dietz","","","16","Deutschland","","Inland","","2000 -- Allgemeine Kreditoren","4000 -- Material-Einkauf","nein","30.05.2023",""
"19.08.2020","7937","K","SVA2020_1S","","SVA Zürich","1'142.95","0.00","1'142.95","1'142.95","19.08.2020","0.00","19.08.2020","","SVA 1.1. bis 30.6.2020","","Julia Dietz","","","010","","","Inland","","2000 -- Allgemeine Kreditoren","5700 -- AHV, IV, EO, ALV, FAK","nein","30.05.2023",""
"19.08.2020","7938","K","Domaingebühren","","Switchplus","49.00","0.00","49.00","49.00","19.08.2020","0.00","19.08.2020","","zuerich.repair","","Julia Dietz","","","81","Schweiz","","Inland","","2000 -- Allgemeine Kreditoren","6511 -- Internet und Serverhousing","nein","30.05.2023",""
"23.08.2020","7945","K","Migrol","","Migrol","65.01","0.00","65.01","65.01","22.08.2020","0.00","23.08.2020","","MIGROL ZÜRICH SIHLQUAI ZÜRICH TREIBSTOFF 65.01","","Julia Dietz","","","102","","","Inland","","2000 -- Allgemeine Kreditoren","6700 -- Übriger Betriebsaufwand","nein","30.05.2023",""
"23.08.2020","7944","K","Dapizi","","RESTAURANT DAPIZI","45.00","0.00","45.00","45.00","22.08.2020","0.00","23.08.2020","","","","Julia Dietz","","","118","","","Inland","","2000 -- Allgemeine Kreditoren","6700 -- Übriger Betriebsaufwand","nein","30.05.2023",""
"27.08.2020","7952","K","Visa27082020","","Postfinance","280.00","0.00","280.00","280.00","02.10.2020","0.00","02.10.2020","","Visa Business 27.8.2020","","Julia Dietz","","","3","","","Inland","","2000 -- Allgemeine Kreditoren","4000 -- Material-Einkauf","nein","30.05.2023",""
"27.08.2020","7954","K","Il Basiliko","","IL BASILICO GMBH","72.50","0.00","72.50","72.50","26.08.2020","0.00","27.08.2020","","","","Julia Dietz","","","119","","","Inland","","2000 -- Allgemeine Kreditoren","6700 -- Übriger Betriebsaufwand","nein","30.05.2023",""
"28.08.2020","7953","K","9860075911","","Entsorgung und Recycling Zürich","24.75","0.00","24.75","24.75","02.10.2020","0.00","02.10.2020","","ERZ Nr. 9860075911 28.8.2020","","Julia Dietz","","","120","","","Inland","","2000 -- Allgemeine Kreditoren","6100 -- Werkzeuge, Unterhalt, Betriebsmaterial","nein","30.05.2023",""
"31.08.2020","7951","K","Kontospesen","","Postfinance","5.00","0.00","5.00","5.00","31.08.2020","0.00","31.08.2020","","","","Julia Dietz","","","3","","","Inland","","2000 -- Allgemeine Kreditoren","6900 -- Kontospesen und Finanzaufwand","nein","30.05.2023",""
"31.08.2020","7956","K","Domaingebühren","","Switchplus","10.00","0.00","10.00","10.00","31.08.2020","0.00","01.09.2020","","36F8787D-7AD9-45E3","","Julia Dietz","","","81","Schweiz","","Inland","","2000 -- Allgemeine Kreditoren","6511 -- Internet und Serverhousing","nein","30.05.2023",""
"31.08.2020","7957","K","Domaingebühren","","Switchplus","10.00","0.00","10.00","10.00","31.08.2020","0.00","01.09.2020","","A42BF86F-C9C5-4767","","Julia Dietz","","","81","Schweiz","","Inland","","2000 -- Allgemeine Kreditoren","6511 -- Internet und Serverhousing","nein","30.05.2023",""
"31.08.2020","7958","K","Domaingebühren","","Switchplus","10.00","0.00","10.00","10.00","31.08.2020","0.00","01.09.2020","","38B4690C-785E-47C2","","Julia Dietz","","","81","Schweiz","","Inland","","2000 -- Allgemeine Kreditoren","6511 -- Internet und Serverhousing","nein","30.05.2023",""
"31.08.2020","7959","K","Domaingebühren","","Switchplus","46.50","0.00","46.50","46.50","31.08.2020","0.00","01.09.2020","","48BC4A8A-F4B3-40A5","","Julia Dietz","","","81","Schweiz","","Inland","","2000 -- Allgemeine Kreditoren","6511 -- Internet und Serverhousing","nein","30.05.2023",""
"01.09.2020","7955","K","Jumbo01092020","","Jumbo","10.00","0.00","10.00","10.00","31.08.2020","0.00","01.09.2020","","Spanngurte","","Julia Dietz","","","940","","","Inland","","2000 -- Allgemeine Kreditoren","6700 -- Übriger Betriebsaufwand","nein","30.05.2023",""
"02.09.2020","7965","K","474605","","Christian Rüedi AG","3'863.75","0.00","3'863.75","3'863.75","12.10.2020","0.00","12.10.2020","","","","Julia Dietz","","","112","","","Inland","","2000 -- Allgemeine Kreditoren","6700 -- Übriger Betriebsaufwand","nein","05.06.2023",""
"03.09.2020","7968","K","LiefRent03092020","","Lieferwagen Rental GmbH","189.00","0.00","189.00","189.00","03.09.2020","0.00","03.09.2020","","Fahrzeugmiete","","Julia Dietz","","","122","","","Inland","","2000 -- Allgemeine Kreditoren","6700 -- Übriger Betriebsaufwand","nein","05.06.2023",""
"03.09.2020","7964","K","DiloCanGastro","","Dilo Can Gastro GmbH","16.00","0.00","16.00","16.00","02.09.2020","0.00","03.09.2020","","Migrol Zürich Sihlquai Zürich TREIBSTOFF 35.89","","Julia Dietz","","","121","","","Inland","","2000 -- Allgemeine Kreditoren","6700 -- Übriger Betriebsaufwand","nein","05.06.2023",""
"03.09.2020","7967","K","474716","","Christian Rüedi AG","808.60","0.00","808.60","808.60","15.10.2020","0.00","15.10.2020","","474716 3.9.2020","","Julia Dietz","","","112","","","Inland","","2000 -- Allgemeine Kreditoren","6700 -- Übriger Betriebsaufwand","nein","05.06.2023",""
"04.09.2020","7982","K","Versandspesen","","Post CH AG","72.00","0.00","72.00","72.00","04.09.2020","0.00","04.09.2020","","","","Julia Dietz","","","927","","","Inland","","2000 -- Allgemeine Kreditoren","4400 -- Aufwand für Dienstleistungen","nein","05.06.2023",""
"04.09.2020","8100","K","Dräyer04092020","","René Dräyer Schreinerei","975.00","0.00","975.00","975.00","04.09.2020","0.00","04.09.2020","","25 Pal.rahmen","","Julia Dietz","","","117","","","Inland","","2000 -- Allgemeine Kreditoren","1510 -- Mobiliar und Einrichtungen","nein","14.06.2023",""
"05.09.2020","7969","K","Jumbo05092020","","Jumbo","111.20","0.00","111.20","111.20","04.09.2020","0.00","05.09.2020","","Spanngurte","","Julia Dietz","","","940","","","Inland","","2000 -- Allgemeine Kreditoren","6700 -- Übriger Betriebsaufwand","nein","05.06.2023",""
"05.09.2020","7970","K","St.Gallerhof","","Restaurant St Gallerhof","89.50","0.00","89.50","89.50","04.09.2020","0.00","05.09.2020","","","","Julia Dietz","","","123","","","Inland","","2000 -- Allgemeine Kreditoren","6700 -- Übriger Betriebsaufwand","nein","05.06.2023",""
"07.09.2020","8097","K","Dräyer07092020","","René Dräyer Schreinerei","1'550.00","0.00","1'550.00","1'550.00","07.09.2020","0.00","07.09.2020","","40 Palettenrahmen","","Julia Dietz","","","117","","","Inland","","2000 -- Allgemeine Kreditoren","1510 -- Mobiliar und Einrichtungen","nein","14.06.2023",""
"08.09.2020","7977","K","Glattwägs","","Glattwägs","103.70","0.00","103.70","103.70","12.10.2020","0.00","12.10.2020","","Glattwägs, 9.9.2020 Zügelhilfe","","Julia Dietz","","","124","","","Inland","","2000 -- Allgemeine Kreditoren","6700 -- Übriger Betriebsaufwand","nein","05.06.2023",""
"08.09.2020","7976","K","ServiceLeistung","","Entsorgung und Recycling Zürich","24.00","0.00","24.00","24.00","08.09.2020","0.00","08.09.2020","","Entsorgung Hagenholz","","Julia Dietz","","","120","","","Inland","","2000 -- Allgemeine Kreditoren","6100 -- Werkzeuge, Unterhalt, Betriebsmaterial","nein","05.06.2023",""
"16.09.2020","7978","K","Gebühr","","Post CH AG","57.00","0.00","57.00","57.00","16.09.2020","0.00","16.09.2020","","Nachsendeauftrag","","Julia Dietz","","","927","","","Inland","","2000 -- Allgemeine Kreditoren","4400 -- Aufwand für Dienstleistungen","nein","05.06.2023",""
"17.09.2020","7979","K","83550-S","","Backbone Solutions AG","200.00","0.00","200.00","200.00","18.09.2020","0.00","18.09.2020","","","internes Telefon","Julia Dietz","","","1006","CH","","Inland","","2000 -- Allgemeine Kreditoren","6510 -- Telefon","nein","05.06.2023",""
"27.09.2020","7983","K","Visa27092020","","Postfinance","14.05","0.00","14.05","14.05","12.10.2020","0.00","12.10.2020","","Visa Business 27.9.2020","","Julia Dietz","","","3","","","Inland","","2000 -- Allgemeine Kreditoren","4000 -- Material-Einkauf","nein","05.06.2023",""
"30.09.2020","7985","K","Kontospesen","","Postfinance","5.00","0.00","5.00","5.00","30.09.2020","0.00","30.09.2020","","","","Julia Dietz","","","3","","","Inland","","2000 -- Allgemeine Kreditoren","6900 -- Kontospesen und Finanzaufwand","nein","05.06.2023",""
"02.10.2020","7991","K","SVA2020_1Sa","","SVA Zürich","420.65","0.00","420.65","420.65","02.10.2020","0.00","02.10.2020","","SVA 1.1. bis 30.6.2020 Rest","","Julia Dietz","","","010","","","Inland","","2000 -- Allgemeine Kreditoren","5700 -- AHV, IV, EO, ALV, FAK","nein","05.06.2023",""
"02.10.2020","7994","K","203034","","NEST","187.20","0.00","187.20","187.20","10.12.2020","0.00","10.12.2020","Pensionskassenbeitrag","","","Julia Dietz","","","998","","","Inland","","2270 -- Verbindlichkeiten Sozialversicherungen und Vorsorgeeinrichtungen","5720 -- Berufliche Vorsorge","nein","05.06.2023",""
"02.10.2020","7990","K","INC20014374","","Init7 (Schweiz) AG","149.00","0.00","149.00","149.00","02.10.2020","0.00","02.10.2020","","Rsp.2HE 1.10.-31.12.20","","Julia Dietz","","","13","CH","","Inland","","2000 -- Allgemeine Kreditoren","6511 -- Internet und Serverhousing","nein","05.06.2023",""
"03.10.2020","7993","K","DiloCanGastro","","Dilo Can Gastro GmbH","34.00","0.00","34.00","34.00","02.10.2020","0.00","03.10.2020","","","","Julia Dietz","","","121","","","Inland","","2000 -- Allgemeine Kreditoren","6700 -- Übriger Betriebsaufwand","nein","05.06.2023",""
"03.10.2020","7992","K","Jumbo03102020","","Jumbo","84.75","0.00","84.75","84.75","02.10.2020","0.00","03.10.2020","","Spanngurte","","Julia Dietz","","","940","","","Inland","","2000 -- Allgemeine Kreditoren","6700 -- Übriger Betriebsaufwand","nein","05.06.2023",""
"11.10.2020","7999","K","PayPal11102020","","Paypal Pte. Ltd.","2.57","0.00","2.57","2.57","11.10.2020","0.00","11.10.2020","PayPal-Gebühr","Marcel Allemann PayPal-Gebühr 58G41469L5516440B","","Julia Dietz","","","1223","Singapore","","Inland","","2000 -- Allgemeine Kreditoren","6900 -- Kontospesen und Finanzaufwand","nein","05.06.2023",""
"12.10.2020","8001","K","SVA2020_3Q","","SVA Zürich","791.65","0.00","791.65","791.65","12.10.2020","0.00","12.10.2020","SVA 3.Q 2020","SVA 1.7. bis 30.9.2020","","Julia Dietz","","","010","","","Inland","","2000 -- Allgemeine Kreditoren","5700 -- AHV, IV, EO, ALV, FAK","nein","05.06.2023",""
"12.10.2020","8002","K","Lebrument","","Lebrument GmbH","16.80","0.00","16.80","16.80","12.10.2020","0.00","12.10.2020","","Lebrument GmbH, Namensschilder","","Julia Dietz","","","125","","","Inland","","2000 -- Allgemeine Kreditoren","6100 -- Werkzeuge, Unterhalt, Betriebsmaterial","nein","05.06.2023",""
"13.10.2020","8004","K","Gebühr","","Ricardo","19.45","0.00","19.45","19.45","13.10.2020","0.00","13.10.2020","","Ricardo Gebühren","","Julia Dietz","","","116","","","Inland","","2000 -- Allgemeine Kreditoren","6600 -- Werbeaufwand","nein","05.06.2023",""
"15.10.2020","8005","K","TAF15102020","","Tauschen an Fluss","60.00","0.00","60.00","60.00","15.10.2020","0.00","15.10.2020","","Lena Hemmeler Zügelhilfe","Zum Verbuchen von Dienstleistungen von Tauschen am Fluss Mitgliedern","Julia Dietz","","","110","","","Inland","","2000 -- Allgemeine Kreditoren","6700 -- Übriger Betriebsaufwand","nein","05.06.2023",""
"17.10.2020","8010","K","TCH648519","","TonerPartner International AG","60.10","0.00","60.10","60.10","17.10.2020","0.00","17.10.2020","","","","Julia Dietz","","","27","Schweiz","","Inland","","2000 -- Allgemeine Kreditoren","4000 -- Material-Einkauf","nein","05.06.2023",""
"22.10.2020","8012","K","INC20015763","","Init7 (Schweiz) AG","1'172.00","0.00","1'172.00","1'172.00","22.10.2020","0.00","22.10.2020","","F7 B379 31.8.20-30.8.21","","Julia Dietz","","","13","CH","","Inland","","2000 -- Allgemeine Kreditoren","6511 -- Internet und Serverhousing","nein","05.06.2023",""
"27.10.2020","8013","K","Visa27102020","","Postfinance","175.50","0.00","175.50","175.50","23.11.2020","0.00","23.11.2020","","Visa Business 27.10.2020","","Julia Dietz","","","3","","","Inland","","2000 -- Allgemeine Kreditoren","4000 -- Material-Einkauf","nein","05.06.2023",""
"31.10.2020","8020","K","Gebühr","","Postfinance","2.00","0.00","2.00","2.00","31.10.2020","0.00","31.10.2020","PREIS FÜR EINZAHLUNGEN AM SCHALTER","PREIS FÜR EINZAHLUNGEN AM SCHALTER","","Julia Dietz","","","3","","","Inland","","2000 -- Allgemeine Kreditoren","6900 -- Kontospesen und Finanzaufwand","nein","05.06.2023",""
"31.10.2020","8021","K","Kontospesen","","Postfinance","5.00","0.00","5.00","5.00","31.10.2020","0.00","31.10.2020","","PREIS FÜR EXPRESS-DIENSTLEISTUNGEN","","Julia Dietz","","","3","","","Inland","","2000 -- Allgemeine Kreditoren","6900 -- Kontospesen und Finanzaufwand","nein","05.06.2023",""
"31.10.2020","8022","K","Kontospesen","","Postfinance","5.00","0.00","5.00","5.00","31.10.2020","0.00","31.10.2020","","PREIS FÜR DIE KONTOFÜHRUNG","","Julia Dietz","","","3","","","Inland","","2000 -- Allgemeine Kreditoren","6900 -- Kontospesen und Finanzaufwand","nein","05.06.2023",""
"31.10.2020","8023","K","17023089","","Planzer AG","861.05","0.00","861.05","861.05","21.12.2020","0.00","21.12.2020","","Planzer 17023089 31.10.20","","Julia Dietz","","","126","","","Inland","","2000 -- Allgemeine Kreditoren","6700 -- Übriger Betriebsaufwand","nein","05.06.2023",""
"31.10.2020","8024","K","348640","","Planzer AG","777.85","0.00","777.85","777.85","21.12.2020","0.00","21.12.2020","","Planzer 348640 31.10.20","","Julia Dietz","","","126","","","Inland","","2000 -- Allgemeine Kreditoren","6700 -- Übriger Betriebsaufwand","nein","05.06.2023",""
"09.11.2020","8040","K","PayPal09112020","","Paypal Pte. Ltd.","1.74","0.00","1.74","1.74","09.11.2020","0.00","09.11.2020","","Markus Grunder PalPal-Gebühr 2.68367125762781E","","Julia Dietz","","","1223","Singapore","","Inland","","2000 -- Allgemeine Kreditoren","6900 -- Kontospesen und Finanzaufwand","nein","12.06.2023",""
"21.11.2020","8044","K","Domaingebühren","","Switchplus","25.00","0.00","25.00","25.00","20.11.2020","0.00","21.11.2020","","","","Julia Dietz","","","81","Schweiz","","Inland","","2000 -- Allgemeine Kreditoren","6511 -- Internet und Serverhousing","nein","12.06.2023",""
"21.11.2020","8045","K","Domaingebühren","","Switchplus","25.00","0.00","25.00","25.00","20.11.2020","0.00","21.11.2020","","","","Julia Dietz","","","81","Schweiz","","Inland","","2000 -- Allgemeine Kreditoren","6511 -- Internet und Serverhousing","nein","12.06.2023",""
"23.11.2020","8046","K","INC20017008","","Init7 (Schweiz) AG","323.10","0.00","323.10","323.10","23.11.2020","0.00","23.11.2020","","RSP 3HE 4.11.20-3.2.21","","Julia Dietz","","","13","CH","","Inland","","2000 -- Allgemeine Kreditoren","6511 -- Internet und Serverhousing","nein","12.06.2023",""
"23.11.2020","8047","K","PayPal23112020","","Paypal Pte. Ltd.","2.11","0.00","2.11","2.11","23.11.2020","0.00","23.11.2020","","MPL AG PalPal-Gebühr 3DF51061MD153373K","","Julia Dietz","","","1223","Singapore","","Inland","","2000 -- Allgemeine Kreditoren","6900 -- Kontospesen und Finanzaufwand","nein","12.06.2023",""
"27.11.2020","8048","K","DiloCanGastro","","Dilo Can Gastro GmbH","58.00","0.00","58.00","58.00","27.11.2020","0.00","27.11.2020","","","","Julia Dietz","","","121","","","Inland","","2000 -- Allgemeine Kreditoren","6700 -- Übriger Betriebsaufwand","nein","12.06.2023",""
"30.11.2020","8052","K","Kontospesen","","Postfinance","5.00","0.00","5.00","5.00","30.11.2020","0.00","30.11.2020","PREIS FÜR DIE KONTOFÜHRUNG","PREIS FÜR DIE KONTOFÜHRUNG","","Julia Dietz","","","3","","","Inland","","2000 -- Allgemeine Kreditoren","6900 -- Kontospesen und Finanzaufwand","nein","12.06.2023",""
"30.11.2020","8051","K","Kontospesen","","Postfinance","5.00","0.00","5.00","5.00","30.11.2020","0.00","30.11.2020","PREIS FÜR EXPRESS-DIENSTLEISTUNGEN","PREIS FÜR EXPRESS-DIENSTLEISTUNGEN","","Julia Dietz","","","3","","","Inland","","2000 -- Allgemeine Kreditoren","6900 -- Kontospesen und Finanzaufwand","nein","12.06.2023",""
"01.12.2020","8056","K","Webstamp","","Post CH AG","100.00","0.00","100.00","100.00","29.12.2020","0.00","29.12.2020","","Ladung Guth. Webstamp etc. 1.12.20","","Julia Dietz","","","927","","","Inland","","2000 -- Allgemeine Kreditoren","4400 -- Aufwand für Dienstleistungen","nein","13.06.2023",""
"03.12.2020","8059","K","R2019513b","","Andrea Hebeisen","250.00","0.00","250.00","250.00","03.12.2020","0.00","03.12.2020","Photos für Kunden-Website","Photos für Kunden-Website","Konto Nr. 1132-0247.774 IBAN CH55 0070 0113 2002 4777 4","Julia Dietz","","","98","","","Inland","","2000 -- Allgemeine Kreditoren","4400 -- Aufwand für Dienstleistungen","nein","13.06.2023",""
"10.12.2020","8068","K","5582c0ca-3269-4ad6-92b2-8f1d543fccc5","","Ebay","23.15","0.00","23.15","23.15","10.12.2020","0.00","10.12.2020","","","","Julia Dietz","","","127","","","Inland","","2000 -- Allgemeine Kreditoren","4000 -- Material-Einkauf","nein","13.06.2023",""
"10.12.2020","8065","K","COOP","","coop","6.90","0.00","6.90","6.90","10.12.2020","0.00","10.12.2020","","COOP-4069 ZH GUTSTRASSE ZÜRICH","","Julia Dietz","","","17","","","Inland","","2000 -- Allgemeine Kreditoren","6700 -- Übriger Betriebsaufwand","nein","13.06.2023",""
"10.12.2020","8066","K","Steuern2018_1","","Steueramt Kanton Zürich","230.80","0.00","230.80","230.80","10.12.2020","0.00","10.12.2020","Steuerrechnung 2018 1. Rate","Steuerrechnung 2018 1. Rate","","Julia Dietz","","","104","","","Inland","","2000 -- Allgemeine Kreditoren","8900 -- Steuern","nein","13.06.2023",""
"11.12.2020","6661","K","8109B000","","Pusterla AG","29.80","0.00","29.80","29.80","11.12.2020","0.00","08.07.2020","","5-zack-Schraubenzieher, Druckluft-Spray","","Andreas Rudin","","","1017","","","Inland","","2000 -- Allgemeine Kreditoren","6100 -- Werkzeuge, Unterhalt, Betriebsmaterial","nein","11.12.2020",""
"25.12.2020","8073","K","PayPal25122020","","Paypal Pte. Ltd.","1.38","0.00","1.38","1.38","25.12.2020","0.00","25.12.2020","","Marina Zapf PalPal-Gebühr 22P86220BF6353009","","Julia Dietz","","","1223","Singapore","","Inland","","2000 -- Allgemeine Kreditoren","6900 -- Kontospesen und Finanzaufwand","nein","13.06.2023",""
"25.12.2020","8072","K","PayPal25122020","","Paypal Pte. Ltd.","2.17","0.00","2.17","2.17","25.12.2020","0.00","25.12.2020","","Marina Zapf PalPal-Gebühr 18H31287EE837060Y","","Julia Dietz","","","1223","Singapore","","Inland","","2000 -- Allgemeine Kreditoren","6900 -- Kontospesen und Finanzaufwand","nein","13.06.2023",""
"26.12.2020","8074","K","PayPal26122020","","Paypal Pte. Ltd.","2.22","0.00","2.22","2.22","26.12.2020","0.00","26.12.2020","PayPal-Gebühr","Goeldi.com PayPal-Gebühr 5KP49197U3655630T","","Julia Dietz","","","1223","Singapore","","Inland","","2000 -- Allgemeine Kreditoren","6900 -- Kontospesen und Finanzaufwand","nein","13.06.2023",""
"29.12.2020","8080","K","DiloCanGastro","","Dilo Can Gastro GmbH","34.00","0.00","34.00","34.00","29.12.2020","0.00","29.12.2020","","","","Julia Dietz","","","121","","","Inland","","2000 -- Allgemeine Kreditoren","6700 -- Übriger Betriebsaufwand","nein","13.06.2023",""
"31.12.2020","8086","K","Kontospesen","","Postfinance","5.00","0.00","5.00","5.00","31.12.2020","0.00","31.12.2020","","PREIS FÜR DIE KONTOFÜHRUNG","","Julia Dietz","","","3","","","Inland","","2000 -- Allgemeine Kreditoren","6900 -- Kontospesen und Finanzaufwand","nein","13.06.2023",""
"02.01.2021","8058","K","475532","","Christian Rüedi AG","1'773.80","0.00","1'773.80","1'773.80","04.01.2021","0.00","04.01.2021","Christian Rüedi AG 475532","Christian Rüedi AG 475532 2.12.2020 im 2020 vergessen zu buchen","","Julia Dietz","","","112","","","Inland","","2000 -- Allgemeine Kreditoren","8700 -- Periodenfremder Aufwand","nein","13.06.2023",""
"02.01.2021","8053","K","17023181","","Planzer AG","633.30","0.00","633.30","633.30","04.01.2021","0.00","04.01.2021","Planzer 17023181","Planzer 17023181 30.11.2020 im 2020 vergessen zu buchen","","Julia Dietz","","","126","","","Inland","","2000 -- Allgemeine Kreditoren","8700 -- Periodenfremder Aufwand","nein","12.06.2023",""
"11.01.2021","8156","K","Steuerrechnung 2018","","Steueramt Kanton Zürich","230.80","0.00","230.80","230.80","11.01.2021","0.00","11.01.2021","","2. Rate","","Julia Dietz","","","104","","","Inland","","2000 -- Allgemeine Kreditoren","8900 -- Steuern","nein","25.07.2023",""
"11.01.2021","8145","K","SVA2021","","SVA Zürich","781.80","0.00","781.80","781.80","11.01.2021","0.00","11.01.2021","","SVA 1.10. bis 31.12.2020","","Julia Dietz","","","010","","","Inland","","2000 -- Allgemeine Kreditoren","5700 -- AHV, IV, EO, ALV, FAK","nein","18.07.2023",""
"11.01.2021","8155","K","219600","","NEST","187.20","0.00","187.20","187.20","11.01.2021","0.00","11.01.2021","","10.12.2020","","Julia Dietz","","","998","","","Inland","","2000 -- Allgemeine Kreditoren","5720 -- Berufliche Vorsorge","nein","25.07.2023",""
"11.01.2021","8157","K","AXA2021","","AXA Versicherungen AG","946.00","0.00","946.00","946.00","11.01.2021","0.00","11.01.2021","","","","Julia Dietz","","","009","","","Inland","","2000 -- Allgemeine Kreditoren","6900 -- Kontospesen und Finanzaufwand","nein","25.07.2023",""
"11.01.2021","8158","K","Postfinance Credit Cards","","Postfinance","13.25","0.00","13.25","13.25","11.01.2021","0.00","11.01.2021","","","","Julia Dietz","","","3","","","Inland","","2000 -- Allgemeine Kreditoren","6900 -- Kontospesen und Finanzaufwand","nein","25.07.2023",""
"11.01.2021","8159","K","Brack Re 20740472","","Brack.ch AG","129.05","0.00","129.05","129.05","11.01.2021","0.00","11.01.2021","","23.12.2020","","Julia Dietz","","","3104","","","Inland","","2000 -- Allgemeine Kreditoren","4000 -- Material-Einkauf","nein","25.07.2023",""
"11.01.2021","8161","K","KAUF/ONLINE","","Switchplus","10.00","0.00","10.00","10.00","11.01.2021","0.00","11.01.2021","","KAUF/ONLINE-SHOPPING VOM 10.01.2021 SWITCHPLUS AG WWW.SWITCHPLUS.CH PAYMENT ID 210110221411424562 BESTELLNUMMER 085F1186-7941-4719","","Julia Dietz","","","81","Schweiz","","Inland","","2000 -- Allgemeine Kreditoren","6511 -- Internet und Serverhousing","nein","25.07.2023",""
"11.01.2021","8162","K","KAUF/ONLINE","","Switchplus","15.50","0.00","15.50","15.50","11.01.2021","0.00","11.01.2021","","KAUF/ONLINE-SHOPPING VOM 10.01.2021 SWITCHPLUS AG WWW.SWITCHPLUS.CH PAYMENT ID 210110221224894486 BESTELLNUMMER BE7B3637-70DE-4D99","","Julia Dietz","","","81","Schweiz","","Inland","","2000 -- Allgemeine Kreditoren","6511 -- Internet und Serverhousing","nein","25.07.2023",""
"14.01.2021","8163","K","INC20020563","","Init7 (Schweiz) AG","646.20","0.00","646.20","646.20","14.01.2021","0.00","14.01.2021","","RSP 2HE 1.1.21-31.3.21","","Julia Dietz","","","13","CH","","Inland","","2000 -- Allgemeine Kreditoren","6511 -- Internet und Serverhousing","nein","25.07.2023",""
"15.01.2021","8166","K","Drogama2021","","Drogama Apotheke","39.80","0.00","39.80","39.80","15.01.2021","0.00","15.01.2021","Corona","","","Julia Dietz","","","3105","","","Inland","","2000 -- Allgemeine Kreditoren","6700 -- Übriger Betriebsaufwand","nein","25.07.2023",""
"15.01.2021","8165","K","Ricardo Artnr 1146601292","","Ricardo","558.70","0.00","558.70","558.70","15.01.2021","0.00","15.01.2021","Einkauf MacBook","GIRO BANK Berner Kantonalbank AG Bundesplatz 8 3001 Bern CH2200790042922018044 Dimitri Bart Zelgstrasse 9 3183 Albligen SENDER REFERENZ: Ricardo Artnr 1146601292 MacBook i7","","Julia Dietz","","","116","","","Inland","","2000 -- Allgemeine Kreditoren","4000 -- Material-Einkauf","nein","25.07.2023",""
"15.01.2021","8164","K","Post5706871896","","Post CH AG","24.00","0.00","24.00","24.00","15.01.2021","0.00","15.01.2021","","KAUF/ONLINE SHOPPING VOM 14.01.2021 POST CH AG WWW.POST.CH PAYMENT ID 5706871896 BESTELLNUMMER WS31919672","","Julia Dietz","","","927","","","Inland","","2000 -- Allgemeine Kreditoren","4400 -- Aufwand für Dienstleistungen","nein","25.07.2023",""
"20.01.2021","8168","K","474925","","Christian Rüedi AG","2'237.45","0.00","2'237.45","2'237.45","20.01.2021","0.00","20.01.2021","","2.10.2020","","Julia Dietz","","","112","","","Inland","","2000 -- Allgemeine Kreditoren","6700 -- Übriger Betriebsaufwand","nein","25.07.2023",""
"22.01.2021","9111","K","AR202101","","United Domains AG","24.67","0.00","24.67","24.67","22.01.2021","0.00","22.01.2021","Hosting linuxola.org 22.63 Euro","","","Andreas Rudin","","","135","","","Inland","","2000 -- Allgemeine Kreditoren","6511 -- Internet und Serverhousing","nein","21.01.2025",""
"27.01.2021","8422","K","Billet","","VBZ","13.00","0.00","13.00","13.00","27.01.2021","0.00","27.01.2021","Billet","","","Julia Dietz","","","130","","","Inland","","2000 -- Allgemeine Kreditoren","4400 -- Aufwand für Dienstleistungen","nein","16.10.2023",""
"29.01.2021","8171","K","Postfinance Credit Card","","Postfinance","30.00","0.00","30.00","30.00","29.01.2021","0.00","29.01.2021","","PREIS FÜR POSTFINANCE CARD FÜR EIN JAHR IM VORAUS KARTEN NR. XXXX4494","","Julia Dietz","","","3","","","Inland","","2000 -- Allgemeine Kreditoren","6900 -- Kontospesen und Finanzaufwand","nein","25.07.2023",""
"31.01.2021","8172","K","KONTOFÜHRUNG","","Postfinance","5.00","0.00","5.00","5.00","31.01.2021","0.00","31.01.2021","PREIS FÜR DIE KONTOFÜHRUNG","1 PREIS FÜR DIE KONTOFÜHRUNG","","Julia Dietz","","","3","","","Inland","","2000 -- Allgemeine Kreditoren","6900 -- Kontospesen und Finanzaufwand","nein","25.07.2023",""
"02.02.2021","8427","K","Job-Vermittlung","","Job-Vermittlung Wipkingen Zügelhilf","816.45","0.00","816.45","816.45","02.02.2021","0.00","02.02.2021","Job-Vermittlung","","","Julia Dietz","","","131","","","Inland","","2000 -- Allgemeine Kreditoren","6700 -- Übriger Betriebsaufwand","nein","16.10.2023",""
"04.02.2021","8429","K","5748786677","","Post CH AG","50.00","0.00","50.00","50.00","04.02.2021","0.00","04.02.2021","BESTELLNUMMER 5748786677","PAYMENT ID 5748786677 BESTELLNUMMER 5748786677","","Julia Dietz","","","927","","","Inland","","2000 -- Allgemeine Kreditoren","4000 -- Material-Einkauf","nein","16.10.2023",""
"07.02.2021","8431","K","Drogama","","Drogama Apotheke","29.80","0.00","29.80","29.80","07.02.2021","0.00","07.02.2021","Corona","","","Julia Dietz","","","3105","","","Inland","","2000 -- Allgemeine Kreditoren","6700 -- Übriger Betriebsaufwand","nein","17.10.2023",""
"10.02.2021","8435","K","CR AG","","Christian Rüedi AG","1'824.85","0.00","1'824.85","1'824.85","10.02.2021","0.00","10.02.2021","Christian Rüedi AG","AG 475781 4.1.2021","","Julia Dietz","","","112","","","Inland","","2000 -- Allgemeine Kreditoren","6700 -- Übriger Betriebsaufwand","nein","17.10.2023",""
"11.02.2021","8437","K","EET","","EET Schweiz GmbH","211.04","0.00","211.04","211.04","11.02.2021","0.00","11.02.2021","EET","Auftrag 2137508 EET Schweiz GmbH","","Julia Dietz","","","132","","","Inland","","2000 -- Allgemeine Kreditoren","4000 -- Material-Einkauf","nein","17.10.2023",""
"11.02.2021","8436","K","Planzer","","Planzer AG","437.55","0.00","437.55","437.55","11.02.2021","0.00","11.02.2021","Planzer","Planzer 300330 31.12.2020","","Julia Dietz","","","126","","","Inland","","2000 -- Allgemeine Kreditoren","4710 -- Transporte zu uns","nein","17.10.2023",""
"15.02.2021","8439","K","SVA Ausgleichskasse","","SVA Zürich","49.75","0.00","49.75","49.75","15.02.2021","0.00","15.02.2021","Ausgleichskasse 1.3","","","Julia Dietz","","","010","","","Inland","","2000 -- Allgemeine Kreditoren","5700 -- AHV, IV, EO, ALV, FAK","nein","17.10.2023",""
"17.02.2021","8441","K","Planzer","","Planzer AG","944.65","0.00","944.65","944.65","17.02.2021","0.00","17.02.2021","Planzer","Planzer 17023381 31.12.2020","","Julia Dietz","","","126","","","Inland","","2000 -- Allgemeine Kreditoren","6000 -- Miete","nein","17.10.2023",""
"17.02.2021","8442","K","INC21000264","","Init7 (Schweiz) AG","323.10","0.00","323.10","323.10","17.02.2021","0.00","17.02.2021","INC21000264 RSP 1HE 4.2.21-3.5.21","INC21000264 RSP 1HE 4.2.21-3.5.21","","Julia Dietz","","","13","CH","","Inland","","2000 -- Allgemeine Kreditoren","6511 -- Internet und Serverhousing","nein","17.10.2023",""
"17.02.2021","8443","K","Credit Cards","","Postfinance","472.75","0.00","472.75","472.75","17.02.2021","0.00","17.02.2021","Credit Cards","","","Julia Dietz","","","3","","","Inland","","2000 -- Allgemeine Kreditoren","4000 -- Material-Einkauf","nein","17.10.2023",""
"25.02.2021","8445","K","Job-Vermittlung","","Job-Vermittlung Wipkingen Zügelhilf","622.10","0.00","622.10","622.10","25.02.2021","0.00","25.02.2021","Job-Vermittlung","","","Julia Dietz","","","131","","","Inland","","2000 -- Allgemeine Kreditoren","6700 -- Übriger Betriebsaufwand","nein","17.10.2023",""
"26.02.2021","8447","K","Dilo Can Gastro GmbH","","Dilo Can Gastro GmbH","34.00","0.00","34.00","34.00","26.02.2021","0.00","26.02.2021","Dilo Can Gastro GmbH","","","Julia Dietz","","","121","","","Inland","","2000 -- Allgemeine Kreditoren","6700 -- Übriger Betriebsaufwand","nein","17.10.2023",""
"28.02.2021","8448","K","Kontospesen","","Postfinance","5.00","0.00","5.00","5.00","28.02.2021","0.00","28.02.2021","Kontoführung","","","Julia Dietz","","","3","","","Inland","","2000 -- Allgemeine Kreditoren","6900 -- Kontospesen und Finanzaufwand","nein","17.10.2023",""
"01.03.2021","8671","K","Webstamp","","Post CH AG","50.00","0.00","50.00","50.00","01.03.2021","0.00","01.03.2021","Webstamp","Ladung Guth. Webstamp 18.1.2021","","Julia Dietz","","","927","","","Inland","","2000 -- Allgemeine Kreditoren","4400 -- Aufwand für Dienstleistungen","nein","21.02.2024",""
"02.03.2021","8675","K","475282","","Christian Rüedi AG","1'824.85","0.00","1'824.85","1'824.85","02.03.2021","0.00","02.03.2021","475282 4.11.2020","","","Julia Dietz","","","112","","","Inland","","2000 -- Allgemeine Kreditoren","6000 -- Miete","nein","21.02.2024",""
"05.03.2021","8678","K","Planzer 17023581","","Planzer AG","277.05","0.00","277.05","277.05","05.03.2021","0.00","05.03.2021","Planzer 17023581 31.1.2021","","","Julia Dietz","","","126","","","Inland","","2000 -- Allgemeine Kreditoren","6000 -- Miete","nein","21.02.2024",""
"05.03.2021","8679","K","KUREPO","","Post CH AG","92.30","0.00","92.30","92.30","05.03.2021","0.00","05.03.2021","KUREPO","","","Julia Dietz","","","927","","","Inland","","2000 -- Allgemeine Kreditoren","4400 -- Aufwand für Dienstleistungen","nein","21.02.2024",""
"05.03.2021","8677","K","INC21001347","","Init7 (Schweiz) AG","777.00","0.00","777.00","777.00","05.03.2021","0.00","05.03.2021","INC21001347 F7 Zgh 25.2.21-24.2.22","","","Julia Dietz","","","13","CH","","Inland","","2000 -- Allgemeine Kreditoren","4400 -- Aufwand für Dienstleistungen","nein","21.02.2024",""
"06.03.2021","8681","K","Migros","","MIGROS ZÜRICH CITY","7.95","0.00","7.95","7.95","06.03.2021","0.00","06.03.2021","Migros","","","Julia Dietz","","","3252","","","Inland","","2000 -- Allgemeine Kreditoren","6700 -- Übriger Betriebsaufwand","nein","21.02.2024",""
"15.03.2021","8686","K","476097","","Christian Rüedi AG","1'824.85","0.00","1'824.85","1'824.85","15.03.2021","0.00","15.03.2021","476097 3.2.2021","","","Julia Dietz","","","112","","","Inland","","2000 -- Allgemeine Kreditoren","6000 -- Miete","nein","21.02.2024",""
"18.03.2021","8687","K","Switchplus","","Switchplus","46.50","0.00","46.50","46.50","18.03.2021","0.00","18.03.2021","BESTELLNUMMER C2445DED-6CF3-44A1","","","Julia Dietz","","","81","Schweiz","","Inland","","2000 -- Allgemeine Kreditoren","6511 -- Internet und Serverhousing","nein","21.02.2024",""
"19.03.2021","8688","K","Credit Cards","","Post CH AG","120.45","0.00","120.45","120.45","19.03.2021","0.00","19.03.2021","Credit Cards","","","Julia Dietz","","","927","","","Inland","","2000 -- Allgemeine Kreditoren","4000 -- Material-Einkauf","nein","21.02.2024",""
"31.03.2021","9116","K","17023845","","Planzer AG","227.05","0.00","227.05","227.05","25.05.2021","0.00","31.03.2021","Planzer 17023845","","","Andreas Rudin","","","126","","","Inland","","2000 -- Allgemeine Kreditoren","6000 -- Miete","nein","21.01.2025",""
"01.04.2021","8464","K","Planzer 17023672","","Planzer AG","197.75","0.00","197.75","197.75","01.04.2021","0.00","01.04.2021","Planzer 17023672 28.2.2021","","","Julia Dietz","","","126","","","Inland","","2000 -- Allgemeine Kreditoren","6000 -- Miete","nein","24.10.2023",""
"01.04.2021","8463","K","Post CH","","Post CH AG","6.30","0.00","6.30","6.30","01.04.2021","0.00","01.04.2021","KARTEN NR. XXXX4494","","","Julia Dietz","","","927","","","Inland","","2000 -- Allgemeine Kreditoren","4400 -- Aufwand für Dienstleistungen","nein","24.10.2023",""
"01.04.2021","8465","K","Direkte Bundessteuer 2018 2.Rate","","Steueramt Kanton Zürich","212.00","0.00","212.00","212.00","01.04.2021","0.00","01.04.2021","Direkte Bundessteuer 2018 2.Rate","","","Julia Dietz","","","104","","","Inland","","2000 -- Allgemeine Kreditoren","8900 -- Steuern","nein","24.10.2023",""
"06.04.2021","9125","K","476462","","Christian Rüedi AG","1'582.55","0.00","1'582.55","1'582.55","03.06.2021","0.00","05.05.2021","Christian Rüedi AG 476462","","","Andreas Rudin","","","112","","","Inland","","2000 -- Allgemeine Kreditoren","6000 -- Miete","nein","21.01.2025",""
"07.04.2021","8468","K","GENOSSENSCHAFT CHORNLADE","","GENOSSENSCHAFT CHORNLADE","2.70","0.00","2.70","2.70","07.04.2021","0.00","07.04.2021","GENOSSENSCHAFT CHORNLADE","","","Julia Dietz","","","133","","","Inland","","2000 -- Allgemeine Kreditoren","6700 -- Übriger Betriebsaufwand","nein","24.10.2023",""
"09.04.2021","8470","K","KUREPO","","Post CH AG","57.00","0.00","57.00","57.00","09.04.2021","0.00","09.04.2021","KUREPO","","","Julia Dietz","","","927","","","Inland","","2000 -- Allgemeine Kreditoren","4400 -- Aufwand für Dienstleistungen","nein","24.10.2023",""
"13.04.2021","8472","K","INC21003745","","Init7 (Schweiz) AG","666.20","0.00","666.20","666.20","13.04.2021","0.00","13.04.2021","INC21003745 RS 2HE 1.4.21-30.6.21","","","Julia Dietz","","","13","CH","","Inland","","2000 -- Allgemeine Kreditoren","6511 -- Internet und Serverhousing","nein","24.10.2023",""
"13.04.2021","8474","K","Sipcall","","Backbone Solutions AG","200.00","0.00","200.00","200.00","13.04.2021","0.00","13.04.2021","sipcall Re 87291-S 12.4.2021","","internes Telefon","Julia Dietz","","","1006","CH","","Inland","","2000 -- Allgemeine Kreditoren","6510 -- Telefon","nein","24.10.2023",""
"20.04.2021","8559","K","Steuerrechnung 2018 5. Rate","","Steueramt Kanton Zürich","230.80","0.00","230.80","230.80","20.04.2021","0.00","20.04.2021","Steuerrechnung 2018 5. Rate","","","Julia Dietz","","","104","","","Inland","","2000 -- Allgemeine Kreditoren","8900 -- Steuern","nein","12.12.2023",""
"20.04.2021","9117","K","Bundessteuer 2019","","Steueramt Kanton Zürich","100.00","0.00","100.00","100.00","25.05.2021","0.00","20.05.2021","Busse Bundessteuer 2019","","","Andreas Rudin","","","104","","","Inland","","2000 -- Allgemeine Kreditoren","8900 -- Steuern","nein","21.01.2025",""
"20.04.2021","8562","K","476282 2.3.2021","","Christian Rüedi AG","107.70","0.00","107.70","107.70","20.04.2021","0.00","20.04.2021","476282 2.3.2021","","","Julia Dietz","","","112","","","Inland","","2000 -- Allgemeine Kreditoren","6700 -- Übriger Betriebsaufwand","nein","12.12.2023",""
"20.04.2021","8561","K","SVA BR1246/2021/1.Q","","SVA Zürich","784.65","0.00","784.65","784.65","20.04.2021","0.00","20.04.2021","SVA BR1246/2021/1.Q","","","Julia Dietz","","","010","","","Inland","","2000 -- Allgemeine Kreditoren","5700 -- AHV, IV, EO, ALV, FAK","nein","12.12.2023",""
"20.04.2021","8560","K","Credit Cards","","Postfinance","3.00","0.00","3.00","3.00","20.04.2021","0.00","20.04.2021","Credit Cards","","","Julia Dietz","","","3","","","Inland","","2000 -- Allgemeine Kreditoren","6700 -- Übriger Betriebsaufwand","nein","12.12.2023",""
"21.04.2021","8564","K","476348 2.3.2021","","Christian Rüedi AG","1'526.30","0.00","1'526.30","1'526.30","21.04.2021","0.00","21.04.2021","476348 2.3.2021","","","Julia Dietz","","","112","","","Inland","","2000 -- Allgemeine Kreditoren","6000 -- Miete","nein","12.12.2023",""
"03.05.2021","8644","K","Mitgliederbeiträge REPAZ 2020/21","","Trägerverein Reparaturzentrum Zürich","40.00","0.00","40.00","40.00","03.05.2021","0.00","03.05.2021","Mitgliederbeiträge REPAZ 2020/21","","","Julia Dietz","","","107","","","Inland","","2000 -- Allgemeine Kreditoren","6700 -- Übriger Betriebsaufwand","nein","06.02.2024",""
"03.05.2021","8643","K","Webstamp","","Post CH AG","100.00","0.00","100.00","100.00","03.05.2021","0.00","03.05.2021","Webstamp","Ladung Guth. Webstamp 22.2.2021","","Julia Dietz","","","927","","","Inland","","2000 -- Allgemeine Kreditoren","4400 -- Aufwand für Dienstleistungen","nein","06.02.2024",""
"12.05.2021","8660","K","EWZ","","Elektrizitätswerk der Stadt Zürich","168.00","0.00","168.00","168.00","12.05.2021","0.00","12.05.2021","EWZ Akonto 9.2.2021","","","Julia Dietz","","","3108","","","Inland","","2000 -- Allgemeine Kreditoren","6100 -- Werkzeuge, Unterhalt, Betriebsmaterial","nein","13.02.2024",""
"12.05.2021","8659","K","EWZ","","Elektrizitätswerk der Stadt Zürich","167.00","0.00","167.00","167.00","12.05.2021","0.00","12.05.2021","EWZ Akonto 10.11.2020","","","Julia Dietz","","","3108","","","Inland","","2000 -- Allgemeine Kreditoren","6100 -- Werkzeuge, Unterhalt, Betriebsmaterial","nein","13.02.2024",""
"14.05.2021","8661","K","KUREPO","","Post CH AG","79.00","0.00","79.00","79.00","14.05.2021","0.00","14.05.2021","KUREPO","","","Julia Dietz","","","927","","","Inland","","2000 -- Allgemeine Kreditoren","4400 -- Aufwand für Dienstleistungen","nein","13.02.2024",""
"17.05.2021","8663","K","INC21006317","","Init7 (Schweiz) AG","323.10","0.00","323.10","323.10","17.05.2021","0.00","17.05.2021","INC21006317 RS 1HE 4.5.21-3.8.21","","","Julia Dietz","","","13","CH","","Inland","","2000 -- Allgemeine Kreditoren","6511 -- Internet und Serverhousing","nein","13.02.2024",""
"18.05.2021","8666","K","NEST R.Nr. 240518","","NEST","188.40","0.00","188.40","188.40","18.05.2021","0.00","18.05.2021","NEST R.Nr. 240518 1.4.2021","","","Julia Dietz","","","998","","","Inland","","2000 -- Allgemeine Kreditoren","5720 -- Berufliche Vorsorge","nein","13.02.2024",""
"25.05.2021","9118","K","CreditCards","","Postfinance","76.95","0.00","76.95","76.95","25.05.2021","0.00","25.05.2021","Credit Cards","","","Andreas Rudin","","","3","","","Inland","","2000 -- Allgemeine Kreditoren","4000 -- Material-Einkauf","nein","21.01.2025",""
"05.06.2021","9128","K","210604064343073361","","Switchplus","68.00","0.00","68.00","68.00","05.06.2021","0.00","05.06.2021","Domaingebühren","","","Andreas Rudin","","","81","Schweiz","","Inland","","2000 -- Allgemeine Kreditoren","6511 -- Internet und Serverhousing","nein","21.01.2025",""
"05.06.2021","9126","K","210604063629694748","","Switchplus","49.00","0.00","49.00","49.00","05.06.2021","0.00","05.06.2021","Domaingebühren","","","Andreas Rudin","","","81","Schweiz","","Inland","","2000 -- Allgemeine Kreditoren","6511 -- Internet und Serverhousing","nein","21.01.2025",""
"05.06.2021","9127","K","210604064035253597","","Switchplus","15.50","0.00","15.50","15.50","05.06.2021","0.00","05.06.2021","Domaingebühren","","","Andreas Rudin","","","81","Schweiz","","Inland","","2000 -- Allgemeine Kreditoren","6511 -- Internet und Serverhousing","nein","21.01.2025",""
"14.06.2021","8178","K","KUREPO","","Post CH AG","181.65","0.00","181.65","181.65","14.06.2021","0.00","14.06.2021","","ESR 01-21033-6 Post CH AG Finanzen - KUREPO Wankdorfallee 4 3030 Bern","","Julia Dietz","","","927","","","Inland","","2000 -- Allgemeine Kreditoren","4400 -- Aufwand für Dienstleistungen","nein","27.07.2023",""
"14.06.2021","8177","K","Klink Wyss","","Privatklinik Wyss AG","1'464.70","0.00","1'464.70","1'464.70","14.06.2021","0.00","14.06.2021","SSD-Festplatten","Klink Wyss Re9.4.21 SSD-Festplatten","","Julia Dietz","","","3106","","","Inland","","2000 -- Allgemeine Kreditoren","4000 -- Material-Einkauf","nein","27.07.2023",""
"14.06.2021","8176","K","17024023","","Planzer AG","169.70","0.00","169.70","169.70","14.06.2021","0.00","14.06.2021","Planzer 17024023","30.4.21 -50.- Guth","","Julia Dietz","","","126","","","Inland","","2000 -- Allgemeine Kreditoren","6000 -- Miete","nein","27.07.2023",""
"15.06.2021","8179","K","RM2-6461-000CN","","Copytron GmbH","220.00","0.00","220.00","220.00","15.06.2021","0.00","15.06.2021","Copytron Fixiereinh","Copytron Fixiereinh. RM2-6461-000CN","","Julia Dietz","","","3107","","","Inland","","2000 -- Allgemeine Kreditoren","4000 -- Material-Einkauf","nein","27.07.2023",""
"16.06.2021","8180","K","01-47392-6","","Elektrizitätswerk der Stadt Zürich","169.00","0.00","169.00","169.00","16.06.2021","0.00","16.06.2021","EWZ Akonto","","","Julia Dietz","","","3108","","","Inland","","2000 -- Allgemeine Kreditoren","6100 -- Werkzeuge, Unterhalt, Betriebsmaterial","nein","27.07.2023",""
"30.06.2021","8181","K","KONTOFÜHRUNG","","Postfinance","5.00","0.00","5.00","5.00","30.06.2021","0.00","30.06.2021","","PREIS FÜR DIE KONTOFÜHRUNG","","Julia Dietz","","","3","","","Inland","","2000 -- Allgemeine Kreditoren","6900 -- Kontospesen und Finanzaufwand","nein","27.07.2023",""
"30.06.2021","8182","K","Schalter einzahlung","","Postfinance","4.40","0.00","4.40","4.40","30.06.2021","0.00","30.06.2021","","PREIS FÜR EINZAHLUNGEN AM SCHALTER ES URSPRUNGS-KONTONUMMER: CH1609000000872509717","","Julia Dietz","","","3","","","Inland","","2000 -- Allgemeine Kreditoren","6900 -- Kontospesen und Finanzaufwand","nein","27.07.2023",""
"05.07.2021","8194","K","KUREPO","","Post CH AG","113.00","0.00","113.00","113.00","05.07.2021","0.00","05.07.2021","","","","Julia Dietz","","","927","","","Inland","","2000 -- Allgemeine Kreditoren","4400 -- Aufwand für Dienstleistungen","nein","28.07.2023",""
"05.07.2021","8193","K","INC21009785","","Init7 (Schweiz) AG","646.20","0.00","646.20","646.20","05.07.2021","0.00","05.07.2021","","RS 2HE 1.7.21-30.9.21","","Julia Dietz","","","13","CH","","Inland","","2000 -- Allgemeine Kreditoren","6511 -- Internet und Serverhousing","nein","28.07.2023",""
"06.07.2021","8197","K","WOZ2021","","Genossenschaft Infolink","215.40","0.00","215.40","215.40","06.07.2021","0.00","06.07.2021","","Die Wochenzeitung Inserate R 3836 Branchenverzeichnis 2021","WOZ","Julia Dietz","","","111","","","Inland","","2000 -- Allgemeine Kreditoren","6600 -- Werbeaufwand","nein","28.07.2023",""
"06.07.2021","8195","K","SVA BR1246","","SVA Zürich","784.65","0.00","784.65","784.65","06.07.2021","0.00","06.07.2021","","SVA BR1246/2021/2.Q Ausgleichskasse 1.3","","Julia Dietz","","","010","","","Inland","","2000 -- Allgemeine Kreditoren","5700 -- AHV, IV, EO, ALV, FAK","nein","28.07.2023",""
"06.07.2021","8196","K","17024163","","Planzer AG","227.05","0.00","227.05","227.05","06.07.2021","0.00","06.07.2021","Planzer 17024163 31.5.21","Planzer 17024163 31.5.21","","Julia Dietz","","","126","","","Inland","","2000 -- Allgemeine Kreditoren","6000 -- Miete","nein","28.07.2023",""
"13.07.2021","8199","K","476959","","Christian Rüedi AG","1'531.50","0.00","1'531.50","1'531.50","13.07.2021","0.00","13.07.2021","Christian Rüedi AG 476959","5.5.2021","","Julia Dietz","","","112","","","Inland","","2000 -- Allgemeine Kreditoren","6000 -- Miete","nein","28.07.2023",""
"22.07.2021","8200","K","Switchplus","","Switchplus","15.50","0.00","15.50","15.50","22.07.2021","0.00","22.07.2021","","PAYMENT ID 210721080820648461 BESTELLNUMMER DF65392B-E3BD-4FC2","","Julia Dietz","","","81","Schweiz","","Inland","","2000 -- Allgemeine Kreditoren","6511 -- Internet und Serverhousing","nein","28.07.2023",""
"31.07.2021","8201","K","Kontoführung","","Postfinance","5.00","0.00","5.00","5.00","31.07.2021","0.00","31.07.2021","","","","Julia Dietz","","","3","","","Inland","","2000 -- Allgemeine Kreditoren","6900 -- Kontospesen und Finanzaufwand","nein","28.07.2023",""
"02.08.2021","8206","K","Credit Cards","","Postfinance","32.20","0.00","32.20","32.20","02.08.2021","0.00","02.08.2021","Credit Cards","","","Julia Dietz","","","3","","","Inland","","2000 -- Allgemeine Kreditoren","4000 -- Material-Einkauf","nein","04.08.2023",""
"04.08.2021","8216","K","57768483","","Galaxus","15.88","0.00","15.88","15.88","05.08.2021","0.00","05.08.2021","BESTELLNUMMER 57768483","","KAUF/DIENSTLEISTUNG","Julia Dietz","","","3123","","","Inland","","2000 -- Allgemeine Kreditoren","4000 -- Material-Einkauf","nein","09.08.2023",""
"05.08.2021","8215","K","SBB","","SBB","13.00","0.00","13.00","13.00","05.08.2021","0.00","05.08.2021","SBB","","KAUF/DIENSTLEISTUNG","Julia Dietz","","","1003","CH","","Inland","","2000 -- Allgemeine Kreditoren","4400 -- Aufwand für Dienstleistungen","nein","09.08.2023",""
"10.08.2021","8709","K","Ladung Kreditkarte","","Post CH AG","34.35","0.00","34.35","34.35","10.08.2021","0.00","10.08.2021","Ladung Kreditkarte","","","Julia Dietz","","","927","","","Inland","","2000 -- Allgemeine Kreditoren","4000 -- Material-Einkauf","nein","06.03.2024",""
"11.08.2021","8221","K","58072031","","Galaxus","44.60","0.00","44.60","44.60","11.08.2021","0.00","11.08.2021","BESTELLNUMMER 58072031","","","Julia Dietz","","","3123","","","Inland","","2000 -- Allgemeine Kreditoren","4000 -- Material-Einkauf","nein","09.08.2023",""
"11.08.2021","8220","K","KUREPO","","Post CH AG","62.40","0.00","62.40","62.40","11.08.2021","0.00","11.08.2021","KUREPO","","","Julia Dietz","","","927","","","Inland","","2000 -- Allgemeine Kreditoren","4400 -- Aufwand für Dienstleistungen","nein","09.08.2023",""
"11.08.2021","8222","K","58064799","","Galaxus","25.60","0.00","25.60","25.60","11.08.2021","0.00","11.08.2021","BESTELLNUMMER 58064799","","","Julia Dietz","","","3123","","","Inland","","2000 -- Allgemeine Kreditoren","4000 -- Material-Einkauf","nein","09.08.2023",""
"12.08.2021","8711","K","LADUNG KREDITKARTENKONTO","","Post CH AG","100.00","0.00","100.00","100.00","12.08.2021","0.00","12.08.2021","LADUNG KREDITKARTENKONTO","","","Julia Dietz","","","927","","","Inland","","2000 -- Allgemeine Kreditoren","4000 -- Material-Einkauf","nein","06.03.2024",""
"12.08.2021","8710","K","LADUNG KREDITKARTENKONTO","","Post CH AG","200.00","0.00","200.00","200.00","12.08.2021","0.00","12.08.2021","LADUNG KREDITKARTENKONTO","","","Julia Dietz","","","927","","","Inland","","2000 -- Allgemeine Kreditoren","4000 -- Material-Einkauf","nein","06.03.2024",""
"13.08.2021","8712","K","INC21012369","","Init7 (Schweiz) AG","323.10","0.00","323.10","323.10","13.08.2021","0.00","13.08.2021","INC21012369 RS 1HE 4.8.21-3.11.21","","","Julia Dietz","","","13","CH","","Inland","","2000 -- Allgemeine Kreditoren","6511 -- Internet und Serverhousing","nein","06.03.2024",""
"16.08.2021","8224","K","17024342","","Planzer AG","219.70","0.00","219.70","219.70","16.08.2021","0.00","16.08.2021","17024342","Planzer 17024342 30.6.21","","Julia Dietz","","","126","","","Inland","","2000 -- Allgemeine Kreditoren","6000 -- Miete","nein","09.08.2023",""
"16.08.2021","8223","K","477232","","Christian Rüedi AG","1'582.55","0.00","1'582.55","1'582.55","16.08.2021","0.00","16.08.2021","477232 2.6.2021","477232 2.6.2021","","Julia Dietz","","","112","","","Inland","","2000 -- Allgemeine Kreditoren","6000 -- Miete","nein","09.08.2023",""
"20.08.2021","8225","K","256321","","NEST","188.40","0.00","188.40","188.40","20.08.2021","0.00","20.08.2021","NEST 256321","NEST R.Nr. 256321 1.7.2021","","Julia Dietz","","","998","","","Inland","","2000 -- Allgemeine Kreditoren","5720 -- Berufliche Vorsorge","nein","09.08.2023",""
"20.08.2021","8228","K","Switchplus","","Switchplus","49.00","0.00","49.00","49.00","20.08.2021","0.00","20.08.2021","Switchplus","BESTELLNUMMER 6C714937-4C51-4839","","Julia Dietz","","","81","Schweiz","","Inland","","2000 -- Allgemeine Kreditoren","6511 -- Internet und Serverhousing","nein","09.08.2023",""
"20.08.2021","8226","K","9502217","","Entsorgung und Recycling Zürich","24.75","0.00","24.75","24.75","20.08.2021","0.00","20.08.2021","ERZ","ERZ ReNr. 9502217 21.6.2021","","Julia Dietz","","","120","","","Inland","","2000 -- Allgemeine Kreditoren","6100 -- Werkzeuge, Unterhalt, Betriebsmaterial","nein","09.08.2023",""
"20.08.2021","8227","K","Switchplus","","Switchplus","46.50","0.00","46.50","46.50","20.08.2021","0.00","20.08.2021","BESTELLNUMMER 38BA0260-40B7-4F1C","BESTELLNUMMER 38BA0260-40B7-4F1C","","Julia Dietz","","","81","Schweiz","","Inland","","2000 -- Allgemeine Kreditoren","6511 -- Internet und Serverhousing","nein","09.08.2023",""
"23.08.2021","8229","K","Sipcall","","Backbone Solutions AG","100.00","0.00","100.00","100.00","23.08.2021","0.00","23.08.2021","sipcall Re 89139-S 23.8.2021","sipcall Re 89139-S 23.8.2021","internes Telefon","Julia Dietz","","","1006","CH","","Inland","","2000 -- Allgemeine Kreditoren","6510 -- Telefon","nein","09.08.2023",""
"03.09.2021","8239","K","KUREPO","","Post CH AG","50.00","0.00","50.00","50.00","03.09.2021","0.00","03.09.2021","KUREPO","","","Julia Dietz","","","927","","","Inland","","2000 -- Allgemeine Kreditoren","4400 -- Aufwand für Dienstleistungen","nein","15.08.2023",""
"06.09.2021","8243","K","477518","","Christian Rüedi AG","1'531.50","0.00","1'531.50","1'531.50","06.09.2021","0.00","06.09.2021","CR AG","477518 5.7.2021","","Julia Dietz","","","112","","","Inland","","2000 -- Allgemeine Kreditoren","6000 -- Miete","nein","15.08.2023",""
"06.09.2021","8241","K","17024474","","Planzer AG","227.05","0.00","227.05","227.05","06.09.2021","0.00","06.09.2021","Planzer","17024474 31.7.21","","Julia Dietz","","","126","","","Inland","","2000 -- Allgemeine Kreditoren","6000 -- Miete","nein","15.08.2023",""
"10.09.2021","8244","K","89459-S","","Backbone Solutions AG","100.00","0.00","100.00","100.00","10.09.2021","0.00","10.09.2021","sipcall","sipcall Re 89459-S 10.9.2021","internes Telefon","Julia Dietz","","","1006","CH","","Inland","","2000 -- Allgemeine Kreditoren","6510 -- Telefon","nein","15.08.2023",""
"14.09.2021","8245","K","477791","","Christian Rüedi AG","1'582.55","0.00","1'582.55","1'582.55","14.09.2021","0.00","14.09.2021","CR AG","Christian Rüedi AG 477791 9.8.2021","","Julia Dietz","","","112","","","Inland","","2000 -- Allgemeine Kreditoren","6000 -- Miete","nein","15.08.2023",""
"14.09.2021","8246","K","INC21014602","","Init7 (Schweiz) AG","1'017.00","0.00","1'017.00","1'017.00","14.09.2021","0.00","14.09.2021","INC","F7 Bi 31.8.21-30.8.22","","Julia Dietz","","","13","CH","","Inland","","2000 -- Allgemeine Kreditoren","6511 -- Internet und Serverhousing","nein","15.08.2023",""
"28.09.2021","8247","K","ÖBU","","öbu - Der Verband für nachhaltiges Wirtschaften","650.00","0.00","650.00","650.00","28.09.2021","0.00","28.09.2021","ÖBU","RE-0478 Ku-Nr. 020033 MB 2021","","Julia Dietz","","","3124","","","Inland","","2000 -- Allgemeine Kreditoren","6700 -- Übriger Betriebsaufwand","nein","15.08.2023",""
"30.09.2021","8248","K","Kontospesen","","Postfinance","5.00","0.00","5.00","5.00","30.09.2021","0.00","30.09.2021","Kontoführung","","","Julia Dietz","","","3","","","Inland","","2000 -- Allgemeine Kreditoren","6900 -- Kontospesen und Finanzaufwand","nein","15.08.2023",""
"04.10.2021","9146","K","478343","","Christian Rüedi AG","1'531.50","0.00","1'531.50","1'531.50","30.11.2021","0.00","04.11.2021","Lager Wetzikon","","","Andreas Rudin","","","112","","","Inland","","2000 -- Allgemeine Kreditoren","6000 -- Miete","nein","23.01.2025",""
"08.10.2021","8257","K","KUREPO","","Post CH AG","20.65","0.00","20.65","20.65","08.10.2021","0.00","08.10.2021","KUREPO","","","Julia Dietz","","","927","","","Inland","","2000 -- Allgemeine Kreditoren","4400 -- Aufwand für Dienstleistungen","nein","21.08.2023",""
"14.10.2021","8260","K","REPAZ 2022","","Alternative Bank Schweiz AG","20.00","0.00","20.00","20.00","14.10.2021","0.00","14.10.2021","Mitgliederbeitrag","","","Julia Dietz","","","3125","","","Inland","","2000 -- Allgemeine Kreditoren","6700 -- Übriger Betriebsaufwand","nein","22.08.2023",""
"15.10.2021","8261","K","SVA BR1246/2021/3.Q","","SVA Zürich","764.60","0.00","764.60","764.60","15.10.2021","0.00","15.10.2021","SVA BR1246/2021/3.Q","","","Julia Dietz","","","010","","","Inland","","2000 -- Allgemeine Kreditoren","5700 -- AHV, IV, EO, ALV, FAK","nein","22.08.2023",""
"15.10.2021","8264","K","477900","","Christian Rüedi AG","1'582.55","0.00","1'582.55","1'582.55","15.10.2021","0.00","15.10.2021","CR AG","Christian Rüedi AG 477900 1.9.2021","","Julia Dietz","","","112","","","Inland","","2000 -- Allgemeine Kreditoren","6000 -- Miete","nein","22.08.2023",""
"15.10.2021","8265","K","Kivitendo","","Kivitendo GmbH","867.76","0.00","867.76","867.76","15.10.2021","0.00","15.10.2021","Kivitendo GmbH 2021093 vom 1.7.2021","Kivitendo GmbH 2021093 vom 1.7.2021","","Julia Dietz","","","113","","","Inland","","2000 -- Allgemeine Kreditoren","6700 -- Übriger Betriebsaufwand","nein","22.08.2023",""
"15.10.2021","8263","K","17024669","","Planzer AG","227.05","0.00","227.05","227.05","15.10.2021","0.00","15.10.2021","Planzer 17024669 31.8.21","Planzer 17024669 31.8.21","","Julia Dietz","","","126","","","Inland","","2000 -- Allgemeine Kreditoren","6000 -- Miete","nein","22.08.2023",""
"15.10.2021","8262","K","INC21017159","","Init7 (Schweiz) AG","646.20","0.00","646.20","646.20","15.10.2021","0.00","15.10.2021","INC21017159","INC21017159 RS 2HE 1.10.21-31.12.21","","Julia Dietz","","","13","CH","","Inland","","2000 -- Allgemeine Kreditoren","6511 -- Internet und Serverhousing","nein","22.08.2023",""
"20.10.2021","8267","K","Teilnahme Forum ö 2021","","Zweigniederlassung Zürich","215.40","0.00","215.40","215.40","20.10.2021","0.00","20.10.2021","Teilnahme Forum ö 2021","Teilnahme Forum ö 2021","","Julia Dietz","","","3126","","","Inland","","2000 -- Allgemeine Kreditoren","6700 -- Übriger Betriebsaufwand","nein","22.08.2023",""
"21.10.2021","8268","K","Credit Cards","","Postfinance","206.00","0.00","206.00","206.00","21.10.2021","0.00","21.10.2021","Credit Cards","","","Julia Dietz","","","3","","","Inland","","2000 -- Allgemeine Kreditoren","4000 -- Material-Einkauf","nein","22.08.2023",""
"26.10.2021","8271","K","SBB AARAU","","SBB","12.90","0.00","12.90","12.90","26.10.2021","0.00","26.10.2021","SBB","","KAUF/DIENSTLEISTUNG","Julia Dietz","","","1003","CH","","Inland","","2000 -- Allgemeine Kreditoren","6700 -- Übriger Betriebsaufwand","nein","22.08.2023",""
"26.10.2021","8270","K","SBB Zürich","","SBB","12.90","0.00","12.90","12.90","26.10.2021","0.00","26.10.2021","SBB","","KAUF/DIENSTLEISTUNG","Julia Dietz","","","1003","CH","","Inland","","2000 -- Allgemeine Kreditoren","6700 -- Übriger Betriebsaufwand","nein","22.08.2023",""
"31.10.2021","8275","K","Kontospesen","","Postfinance","5.00","0.00","5.00","5.00","31.10.2021","0.00","31.10.2021","Kontoführung","","KAUF/DIENSTLEISTUNG","Julia Dietz","","","3","","","Inland","","2000 -- Allgemeine Kreditoren","6900 -- Kontospesen und Finanzaufwand","nein","22.08.2023",""
"31.10.2021","8276","K","Zahlung am Schalter","","Postfinance","3.10","0.00","3.10","3.10","31.10.2021","0.00","31.10.2021","PREIS FÜR EINZAHLUNGEN AM SCHALTER ES","PREIS FÜR EINZAHLUNGEN AM SCHALTER ES","","Julia Dietz","","","3","","","Inland","","2000 -- Allgemeine Kreditoren","6900 -- Kontospesen und Finanzaufwand","nein","22.08.2023",""
"12.11.2021","8323","K","272965","","NEST","188.40","0.00","188.40","188.40","12.11.2021","0.00","12.11.2021","NEST R.Nr. 272965","NEST R.Nr. 272965 5.10.2021","","Julia Dietz","","","998","","","Inland","","2000 -- Allgemeine Kreditoren","5720 -- Berufliche Vorsorge","nein","11.09.2023",""
"12.11.2021","8322","K","17024862","","Planzer AG","219.70","0.00","219.70","219.70","12.11.2021","0.00","12.11.2021","Planzer 17024862","Planzer 17024862 30.9.21","","Julia Dietz","","","126","","","Inland","","2000 -- Allgemeine Kreditoren","6000 -- Miete","nein","11.09.2023",""
"12.11.2021","9144","K","0001-00000000D9WOU","","Accuswiss GmbH","48.80","0.00","48.80","48.80","12.11.2021","0.00","12.11.2021","Einkauf Akku","","","Andreas Rudin","","","1444","","","Inland","","2000 -- Allgemeine Kreditoren","4000 -- Material-Einkauf","nein","23.01.2025",""
"12.11.2021","8324","K","Rate 1","","Elektrizitätswerk der Stadt Zürich","545.60","0.00","545.60","545.60","12.11.2021","0.00","12.11.2021","Rate 1","EWZ 11002158872 9.9.21 1.Rate","","Julia Dietz","","","3108","","","Inland","","2000 -- Allgemeine Kreditoren","6100 -- Werkzeuge, Unterhalt, Betriebsmaterial","nein","11.09.2023",""
"15.11.2021","8327","K","Credit Cards","","Postfinance","137.20","0.00","137.20","137.20","15.11.2021","0.00","15.11.2021","Credit Cards","","","Julia Dietz","","","3","","","Inland","","2000 -- Allgemeine Kreditoren","4000 -- Material-Einkauf","nein","11.09.2023",""
"15.11.2021","8326","K","KUREPO","","Postfinance","51.00","0.00","51.00","51.00","15.11.2021","0.00","15.11.2021","KUREPO","","","Julia Dietz","","","3","","","Inland","","2000 -- Allgemeine Kreditoren","4400 -- Aufwand für Dienstleistungen","nein","11.09.2023",""
"15.11.2021","8325","K","sipcall","","Backbone Solutions AG","100.00","0.00","100.00","100.00","15.11.2021","0.00","15.11.2021","sipcall Re 90396-S","sipcall Re 90396-S 14.11.2021","internes Telefon","Julia Dietz","","","1006","CH","","Inland","","2000 -- Allgemeine Kreditoren","6510 -- Telefon","nein","11.09.2023",""
"17.11.2021","8343","K","Digitale Gesellschaft","","Digitale Gesellschaft","75.00","0.00","75.00","75.00","17.11.2021","0.00","17.11.2021","Mitgl.beitrag digitale Gesellschaft","Mitgl.beitrag digitale Gesellschaft","","Julia Dietz","","","128","","","Inland","","2000 -- Allgemeine Kreditoren","6700 -- Übriger Betriebsaufwand","nein","19.09.2023",""
"17.11.2021","8344","K","5584461134234006","","DHL","39.10","0.00","39.10","39.10","17.11.2021","0.00","17.11.2021","DHL EXPRESS","BESTELLNUMMER 5584461134234006","","Julia Dietz","","","993","","","Inland","","2000 -- Allgemeine Kreditoren","4000 -- Material-Einkauf","nein","19.09.2023",""
"19.11.2021","8345","K","INC21020404","","Init7 (Schweiz) AG","323.10","0.00","323.10","323.10","19.11.2021","0.00","19.11.2021","INC21020404","INC21020404 RS 1HE 4.11.21-3.2.22","","Julia Dietz","","","13","CH","","Inland","","2000 -- Allgemeine Kreditoren","6511 -- Internet und Serverhousing","nein","19.09.2023",""
"22.11.2021","8346","K","Foletti","","FOLETTI COMPUTER","16.40","0.00","16.40","16.40","22.11.2021","0.00","22.11.2021","FOLETTI COMPUTER","","","Julia Dietz","","","129","","","Inland","","2000 -- Allgemeine Kreditoren","4000 -- Material-Einkauf","nein","19.09.2023",""
"29.11.2021","8347","K","Switchplus","","Switchplus","15.50","0.00","15.50","15.50","29.11.2021","0.00","29.11.2021","Switchplus","PAYMENT ID 211128185444139062 BESTELLNUMMER 270FA51B-AADA-4388","","Julia Dietz","","","81","Schweiz","","Inland","","2000 -- Allgemeine Kreditoren","6511 -- Internet und Serverhousing","nein","19.09.2023",""
"30.11.2021","8348","K","Kontospesen","","Postfinance","5.00","0.00","5.00","5.00","30.11.2021","0.00","30.11.2021","Kontoführung","","","Julia Dietz","","","3","","","Inland","","2000 -- Allgemeine Kreditoren","6900 -- Kontospesen und Finanzaufwand","nein","19.09.2023",""
"30.11.2021","8349","K","Einzahlung Schalter Post","","Postfinance","3.10","0.00","3.10","3.10","30.11.2021","0.00","30.11.2021","PREIS FÜR EINZAHLUNGEN AM SCHALTER ES","","","Julia Dietz","","","3","","","Inland","","2000 -- Allgemeine Kreditoren","6900 -- Kontospesen und Finanzaufwand","nein","19.09.2023",""
"08.12.2021","8368","K","Steuerrechnung 2019 4. Rate","","Steueramt Kanton Zürich","229.95","0.00","229.95","229.95","08.12.2021","0.00","08.12.2021","Steuerrechnung 2019 4. Rate","","","Julia Dietz","","","104","","","Inland","","2000 -- Allgemeine Kreditoren","8900 -- Steuern","nein","26.09.2023",""
"09.12.2021","8369","K","Direkte Bundesst. 2019 letzte Rate","","Steueramt Kanton Zürich","160.70","0.00","160.70","160.70","09.12.2021","0.00","09.12.2021","Direkte Bundesst. 2019 letzte Rate","Direkte Bundesst. 2019 letzte Rate","","Julia Dietz","","","104","","","Inland","","2000 -- Allgemeine Kreditoren","8900 -- Steuern","nein","26.09.2023",""
"10.12.2021","8371","K","LADUNG KREDITKARTENKONTO","","Postfinance","100.00","0.00","100.00","100.00","10.12.2021","0.00","10.12.2021","LADUNG KREDITKARTENKONTO","","","Julia Dietz","","","3","","","Inland","","2000 -- Allgemeine Kreditoren","4000 -- Material-Einkauf","nein","26.09.2023",""
"10.12.2021","8370","K","63742938","","Galaxus","383.27","0.00","383.27","383.27","10.12.2021","0.00","10.12.2021","BESTELLNUMMER 63742938","GALAXUS (SCHWEIZ) AG WWW.GALAXUS.COM PAYMENT ID 211209125616368810 BESTELLNUMMER 63742938","","Julia Dietz","","","3123","","","Inland","","2000 -- Allgemeine Kreditoren","4000 -- Material-Einkauf","nein","26.09.2023",""
"13.12.2021","8385","K","KUREPO","","Post CH AG","121.60","0.00","121.60","121.60","13.12.2021","0.00","13.12.2021","KUREPO","","","Julia Dietz","","","927","","","Inland","","2000 -- Allgemeine Kreditoren","4400 -- Aufwand für Dienstleistungen","nein","03.10.2023",""
"15.12.2021","8387","K","Ricardo 1154533088","","Ricardo","55.00","0.00","55.00","55.00","15.12.2021","0.00","15.12.2021","Ricardo 1154533088 Tast. MacBookAir","","","Julia Dietz","","","116","","","Inland","","2000 -- Allgemeine Kreditoren","4000 -- Material-Einkauf","nein","03.10.2023",""
"20.12.2021","8389","K","2. Rate","","Elektrizitätswerk der Stadt Zürich","545.60","0.00","545.60","545.60","20.12.2021","0.00","20.12.2021","EWZ 11002158872 9.9.21 2.Rate","","","Julia Dietz","","","3108","","","Inland","","2000 -- Allgemeine Kreditoren","6100 -- Werkzeuge, Unterhalt, Betriebsmaterial","nein","03.10.2023",""
"20.12.2021","8392","K","478485","","Christian Rüedi AG","1'582.55","0.00","1'582.55","1'582.55","20.12.2021","0.00","20.12.2021","Christian Rüedi AG 478485 1.11.2021","Christian Rüedi AG 478485 1.11.2021","","Julia Dietz","","","112","","","Inland","","2000 -- Allgemeine Kreditoren","6000 -- Miete","nein","03.10.2023",""
"21.12.2021","8404","K","Elektrizitätswerk","","Elektrizitätswerk der Stadt Zürich","407.00","0.00","407.00","407.00","21.12.2021","0.00","21.12.2021","Elektrizitätswerk","","","Julia Dietz","","","3108","","","Inland","","2000 -- Allgemeine Kreditoren","6100 -- Werkzeuge, Unterhalt, Betriebsmaterial","nein","10.10.2023",""
"21.12.2021","8405","K","Digitec","","Digitec","223.13","0.00","223.13","223.13","21.12.2021","0.00","21.12.2021","Digitec","","","Julia Dietz","","","001","","","Inland","","2000 -- Allgemeine Kreditoren","4000 -- Material-Einkauf","nein","10.10.2023",""
"21.12.2021","8403","K","Credit Cards","","Postfinance","803.65","0.00","803.65","803.65","21.12.2021","0.00","21.12.2021","Credit Cards","","","Julia Dietz","","","3","","","Inland","","2000 -- Allgemeine Kreditoren","4000 -- Material-Einkauf","nein","10.10.2023",""
"28.12.2021","8406","K","Planzer","","Planzer AG","227.05","0.00","227.05","227.05","28.12.2021","0.00","28.12.2021","Planzer 17024989 31.10.21","","","Julia Dietz","","","126","","","Inland","","2000 -- Allgemeine Kreditoren","6000 -- Miete","nein","10.10.2023",""
"31.12.2021","8411","K","KONTOFÜHRUNG","","Postfinance","5.00","0.00","5.00","5.00","31.12.2021","0.00","31.12.2021","PREIS FÜR DIE KONTOFÜHRUNG","","","Julia Dietz","","","3","","","Inland","","2000 -- Allgemeine Kreditoren","8900 -- Steuern","nein","10.10.2023",""
"31.12.2021","8410","K","5. Rate","","Steueramt Kanton Zürich","229.95","0.00","229.95","229.95","31.12.2021","0.00","31.12.2021","Steuerrechnung 2019 5. Rate","","","Julia Dietz","","","104","","","Inland","","2000 -- Allgemeine Kreditoren","8900 -- Steuern","nein","10.10.2023",""
"04.01.2022","9306","K","Kurepo","","Post CH AG","78.10","0.00","78.10","78.10","04.01.2022","0.00","04.01.2022","Kurepo","","","Andreas Rudin","","","927","","","Inland","","2000 -- Allgemeine Kreditoren","4400 -- Aufwand für Dienstleistungen","nein","26.03.2025",""
"04.01.2023","9447","K","2022094_2","","Kivitendo GmbH","798.40","0.00","798.40","798.40","04.01.2023","0.00","04.01.2023","Jahresbeitrag Kivitendo Partnerschaft 2022 2.Teil","","","Andreas Rudin","","","113","","","Inland","","2000 -- Allgemeine Kreditoren","6700 -- Übriger Betriebsaufwand","nein","24.05.2025",""
"10.01.2023","9453","K","SVA10012023","","SVA Zürich","774.60","0.00","774.60","774.60","10.01.2023","0.00","10.01.2023","Akonto SVA 7.12.2022","","","Andreas Rudin","","","010","","","Inland","","2000 -- Allgemeine Kreditoren","5700 -- AHV, IV, EO, ALV, FAK","nein","24.05.2025",""
"11.01.2023","9454","K","435638","","Backbone Solutions AG","45.23","0.00","45.23","45.23","11.01.2023","0.00","11.01.2023","Sipcall 1.12.2022","","","Andreas Rudin","","","1006","CH","","Inland","","2000 -- Allgemeine Kreditoren","6510 -- Telefon","nein","24.05.2025",""
"17.01.2023","9458","K","359041","","NEST","214.50","0.00","214.50","214.50","17.01.2023","0.00","17.01.2023","Pensionskasse 12.12.2022","","","Andreas Rudin","","","998","","","Inland","","2000 -- Allgemeine Kreditoren","5720 -- Berufliche Vorsorge","nein","24.05.2025",""
"17.01.2023","9457","K","17027197","","Planzer AG","219.70","0.00","219.70","219.70","17.01.2023","0.00","17.01.2023","Lagermiete 30.11.2022","","","Andreas Rudin","","","126","","","Inland","","2000 -- Allgemeine Kreditoren","6000 -- Miete","nein","24.05.2025",""
"18.01.2023","9461","K","18012023","","Postfinance","110.50","0.00","110.50","110.50","18.01.2023","0.00","18.01.2023","Kreditkartenabrechnung 27.12.2022","","","Andreas Rudin","","","3","","","Inland","","2000 -- Allgemeine Kreditoren","4000 -- Material-Einkauf","nein","24.05.2025",""
"18.01.2023","9460","K","482615","","Christian Rüedi AG","1'531.50","0.00","1'531.50","1'531.50","18.01.2023","0.00","18.01.2023","Lagermiete 2.12.2022","","","Andreas Rudin","","","112","","","Inland","","2000 -- Allgemeine Kreditoren","6000 -- Miete","nein","24.05.2025",""
"24.01.2023","9464","K","Kurepo","","Post CH AG","157.20","0.00","157.20","157.20","24.01.2023","0.00","24.01.2023","Postlogistics 5.12.2022","","","Andreas Rudin","","","927","","","Inland","","2000 -- Allgemeine Kreditoren","4400 -- Aufwand für Dienstleistungen","nein","24.05.2025",""
"24.01.2023","9465","K","AR202301","","United Domains AG","22.97","0.00","22.97","22.97","24.01.2023","0.00","24.01.2023","Domaingebühren","","","Andreas Rudin","","","135","","","Inland","","2000 -- Allgemeine Kreditoren","1510 -- Mobiliar und Einrichtungen","nein","24.05.2025",""
"31.01.2023","9468","K","EWZ31012023","","Elektrizitätswerk der Stadt Zürich","309.70","0.00","309.70","309.70","31.01.2023","0.00","31.01.2023","Stromkostenabrechnung","","EWZ LETZTE RATE PLUS MAHNSEPSEN 20230126000800836814937","Andreas Rudin","","","3108","","","Inland","","2000 -- Allgemeine Kreditoren","6400 -- Strom, Gas, Wasser","nein","24.05.2025",""
"01.02.2023","9473","K","Sipcall01022025","","Backbone Solutions AG","71.23","0.00","71.23","71.23","01.02.2023","0.00","01.02.2023","Sipcall","","","Andreas Rudin","","","1006","CH","","Inland","","2000 -- Allgemeine Kreditoren","6510 -- Telefon","nein","24.05.2025",""
"07.02.2023","9481","K","20230207000800094499486","","Conrad Electronic AG","63.95","0.00","63.95","63.95","07.02.2023","0.00","07.02.2023","Materialeinkauf","","","Andreas Rudin","","","1020","Schweiz","","Inland","","2000 -- Allgemeine Kreditoren","4000 -- Material-Einkauf","nein","24.05.2025",""
"10.02.2023","9485","K","Kurepo","","Post CH AG","148.50","0.00","148.50","148.50","10.02.2023","0.00","10.02.2023","Postlogistics 10.2.2023","","","Andreas Rudin","","","927","","","Inland","","2000 -- Allgemeine Kreditoren","4400 -- Aufwand für Dienstleistungen","nein","24.05.2025",""
"15.02.2023","9487","K","15022023","","Postfinance","389.45","0.00","389.45","389.45","15.02.2023","0.00","15.02.2023","Kreditkartenabrechnung","","","Andreas Rudin","","","3","","","Inland","","2000 -- Allgemeine Kreditoren","4400 -- Aufwand für Dienstleistungen","nein","24.05.2025",""
"16.02.2023","9488","K","84123061","","Galaxus","15.30","0.00","15.30","15.30","16.02.2023","0.00","24.05.2025","Materialeinkauf","","","Andreas Rudin","","","3123","","","Inland","","2000 -- Allgemeine Kreditoren","4000 -- Material-Einkauf","nein","24.05.2025",""
"16.02.2023","9489","K","20230215000800246290980","","Bürotechnik Kempf Gmbh","31.35","0.00","31.35","31.35","16.02.2023","0.00","16.02.2023","Materialeinkauf","","","Andreas Rudin","","","1011","CH","","Inland","","2000 -- Allgemeine Kreditoren","4000 -- Material-Einkauf","nein","24.05.2025",""
"22.02.2023","9492","K","INC23001608","","Init7 (Schweiz) AG","717.28","0.00","717.28","717.28","22.02.2023","0.00","22.02.2023","RS 2HE 1.1.-31.3.23","","","Andreas Rudin","","","13","CH","","Inland","","2000 -- Allgemeine Kreditoren","6511 -- Internet und Serverhousing","nein","24.05.2025",""
"23.02.2023","9493","K","17027311","","Planzer AG","227.05","0.00","227.05","227.05","23.02.2023","0.00","23.02.2023","Lagermiete 31.12.2022","","","Andreas Rudin","","","126","","","Inland","","2000 -- Allgemeine Kreditoren","6000 -- Miete","nein","24.05.2025",""
"01.03.2023","9496","K","INC23002744","","Init7 (Schweiz) AG","777.00","0.00","777.00","777.00","01.03.2023","0.00","01.03.2023","Fiber7 Zeughausstr. 60 bis 24.2.2024","","","Andreas Rudin","","","13","CH","","Inland","","2000 -- Allgemeine Kreditoren","6511 -- Internet und Serverhousing","nein","25.05.2025",""
"03.03.2023","9497","K","03032023","","Backbone Solutions AG","43.59","0.00","43.59","43.59","03.03.2023","0.00","03.03.2023","Sipcall Rechnung","","","Andreas Rudin","","","1006","CH","","Inland","","2000 -- Allgemeine Kreditoren","6510 -- Telefon","nein","25.05.2025",""
"06.03.2023","9504","K","20230306000800622726180","","KLDiscovery Limited SW","400.00","0.00","400.00","400.00","06.03.2023","0.00","06.03.2023","ONTRACK DATENRETTUNG 1. RATE","","","Andreas Rudin","","","137","Deutschland","","Inland","","2000 -- Allgemeine Kreditoren","4400 -- Aufwand für Dienstleistungen","nein","25.05.2025",""
"06.03.2023","9498","K","482794","","Christian Rüedi AG","1'582.55","0.00","1'582.55","1'582.55","06.03.2023","0.00","06.03.2023","Lagermiete Re. 3.1.2023","","internes Telefon","Andreas Rudin","","","112","","","Inland","","2000 -- Allgemeine Kreditoren","6000 -- Miete","nein","25.05.2025",""
"08.03.2023","9505","K","20230307000800649756195","","AXA Versicherungen AG","343.25","0.00","343.25","343.25","08.03.2023","0.00","08.03.2023","Unfall und Krankentaggeld 2023 1. Rate","","","Andreas Rudin","","","009","","","Inland","","2000 -- Allgemeine Kreditoren","5730 -- Unfallversicherung","nein","25.05.2025",""
"08.03.2023","9506","K","Kurepo","","Post CH AG","-4.00","0.00","-4.00","86.90","08.03.2023","-90.90","08.03.2023","Logistic-Services","","","Andreas Rudin","","","927","","","Inland","","2000 -- Allgemeine Kreditoren","4400 -- Aufwand für Dienstleistungen","nein","25.05.2025",""
"13.03.2023","9507","K","17027489","","Planzer AG","227.05","0.00","227.05","227.05","13.03.2023","0.00","13.03.2023","Lager Miete 31.1.2023","","","Andreas Rudin","","","126","","","Inland","","2000 -- Allgemeine Kreditoren","6000 -- Miete","nein","25.05.2025",""
"17.03.2023","9511","K","483088","","Christian Rüedi AG","1'635.30","0.00","1'635.30","1'635.30","17.03.2023","0.00","17.03.2023","Lagermiete Re. 1.2.2023","","","Andreas Rudin","","","112","","","Inland","","2000 -- Allgemeine Kreditoren","6000 -- Miete","nein","25.05.2025",""
"17.03.2023","9510","K","17032023","","Elektrizitätswerk der Stadt Zürich","517.00","0.00","517.00","517.00","17.03.2023","0.00","17.03.2023","Akontozahlung","","","Andreas Rudin","","","3108","","","Inland","","2000 -- Allgemeine Kreditoren","6400 -- Strom, Gas, Wasser","nein","25.05.2025",""
"21.03.2023","9514","K","21032023","","Postfinance","783.15","0.00","783.15","783.15","21.03.2023","0.00","21.03.2023","Kreditkartenabrechnung","","","Andreas Rudin","","","3","","","Inland","","2000 -- Allgemeine Kreditoren","4000 -- Material-Einkauf","nein","25.05.2025",""
"28.03.2023","9522","K","28032023","","KLDiscovery Limited SW","400.00","0.00","400.00","400.00","28.03.2023","0.00","28.03.2023","ONTRACK DATENRETTUNG 2. RATE","","","Andreas Rudin","","","137","Deutschland","","Inland","","2000 -- Allgemeine Kreditoren","4400 -- Aufwand für Dienstleistungen","nein","25.05.2025",""
"29.03.2023","9524","K","29032023","","Backbone Solutions AG","39.65","0.00","39.65","39.65","29.03.2023","0.00","29.03.2023","Sipcall Rechnung","","","Andreas Rudin","","","1006","CH","","Inland","","2000 -- Allgemeine Kreditoren","6510 -- Telefon","nein","25.05.2025",""
"14.04.2023","9530","K","R483532","","Christian Rüedi AG","1'477.05","0.00","1'477.05","1'477.05","14.04.2023","0.00","14.04.2023","Lagermiete Re. 2.3.2023","","","Andreas Rudin","","","112","","","Inland","","2000 -- Allgemeine Kreditoren","6000 -- Miete","nein","25.05.2025",""
"14.04.2023","9531","K","17027803","","Planzer AG","205.05","0.00","205.05","205.05","14.04.2023","0.00","14.04.2023","Lagermiete 28.2.2023","","","Andreas Rudin","","","126","","","Inland","","2000 -- Allgemeine Kreditoren","6000 -- Miete","nein","25.05.2025",""
"19.05.2023","9535","K","17027976","","Planzer AG","227.05","0.00","227.05","227.05","19.05.2023","0.00","19.05.2023","Lagermiete 31.3.2023","","","Andreas Rudin","","","126","","","Inland","","2000 -- Allgemeine Kreditoren","6000 -- Miete","nein","25.05.2025",""
"24.05.2023","9536","K","R483687","","Christian Rüedi AG","1'635.30","0.00","1'635.30","1'635.30","24.05.2023","0.00","24.05.2023","Lagermiete 3.4.2023","","","Andreas Rudin","","","112","","","Inland","","2000 -- Allgemeine Kreditoren","6000 -- Miete","nein","25.05.2025",""
"01.06.2023","9538","K","R. 17028193","","Planzer AG","219.70","0.00","219.70","219.70","01.06.2023","0.00","01.06.2023","Lagermiete 30.4.2023","","","Andreas Rudin","","","126","","","Inland","","2000 -- Allgemeine Kreditoren","6000 -- Miete","nein","25.05.2025",""
"05.07.2023","9542","K","483998","","Christian Rüedi AG","1'582.55","0.00","1'582.55","1'582.55","05.07.2023","0.00","05.07.2023","Lagermiete 2.5.2023","","","Andreas Rudin","","","112","","","Inland","","2000 -- Allgemeine Kreditoren","6000 -- Miete","nein","25.05.2025",""
"08.08.2023","9546","K","17028576","","Planzer AG","219.70","0.00","219.70","219.70","08.08.2023","0.00","08.08.2023","Lagermiete 30.6.2023","","","Andreas Rudin","","","126","","","Inland","","2000 -- Allgemeine Kreditoren","6000 -- Miete","nein","25.05.2025",""
"11.08.2023","9547","K","20230810000800615941677","","Planzer AG","242.00","0.00","242.00","242.00","11.08.2023","0.00","11.08.2023","Lagermiete 31.5.2023","","","Andreas Rudin","","","126","","","Inland","","2000 -- Allgemeine Kreditoren","6000 -- Miete","nein","25.05.2025",""
"21.08.2023","9551","K","484800","","Christian Rüedi AG","1'582.55","0.00","1'582.55","1'582.55","21.08.2023","0.00","21.08.2023","Lagermiete","","","Andreas Rudin","","","112","","","Inland","","2000 -- Allgemeine Kreditoren","6000 -- Miete","nein","25.05.2025",""
"25.08.2023","9552","K","484298","","Christian Rüedi AG","1'635.30","0.00","1'635.30","1'635.30","25.08.2023","0.00","25.08.2023","Lagermiete","","","Andreas Rudin","","","112","","","Inland","","2000 -- Allgemeine Kreditoren","6000 -- Miete","nein","25.05.2025",""
"13.09.2023","9557","K","17028751","","Planzer AG","227.05","0.00","227.05","227.05","13.09.2023","0.00","13.09.2023","Lagermiete 31.7.2023","","","Andreas Rudin","","","126","","","Inland","","2000 -- Allgemeine Kreditoren","6000 -- Miete","nein","25.05.2025",""
"25.09.2023","9559","K","R 484888","","Christian Rüedi AG","1'635.30","0.00","1'635.30","1'635.30","25.09.2023","0.00","25.09.2023","Lagermiete","","","Andreas Rudin","","","112","","","Inland","","2000 -- Allgemeine Kreditoren","6000 -- Miete","nein","25.05.2025",""
"09.10.2023","9563","K","17028909","","Planzer AG","227.05","0.00","227.05","227.05","09.10.2023","0.00","09.10.2023","Lagermiete 31.8.2023","","","Andreas Rudin","","","126","","","Inland","","2000 -- Allgemeine Kreditoren","6000 -- Miete","nein","25.05.2025",""
"06.11.2023","9567","K","R 485184","","Christian Rüedi AG","1'635.30","0.00","1'635.30","1'635.30","06.11.2023","0.00","06.11.2023","Lagermiete","","","Andreas Rudin","","","112","","","Inland","","2000 -- Allgemeine Kreditoren","6000 -- Miete","nein","25.05.2025",""
"10.11.2023","9568","K","R. 17029148","","Planzer AG","219.70","0.00","219.70","219.70","10.11.2023","0.00","10.11.2023","Lagermiete 9.10.2023","","","Andreas Rudin","","","126","","","Inland","","2000 -- Allgemeine Kreditoren","6000 -- Miete","nein","25.05.2025",""
"13.12.2023","9576","K","R. 485495","","Christian Rüedi AG","1'582.55","0.00","1'582.55","1'582.55","13.12.2023","0.00","13.12.2023","Lagermiete 2.10.2023","","","Andreas Rudin","","","112","","","Inland","","2000 -- Allgemeine Kreditoren","6000 -- Miete","nein","25.05.2025",""
"13.12.2023","9577","K","R. 485789","","Christian Rüedi AG","1'635.30","0.00","1'635.30","1'635.30","13.12.2023","0.00","13.12.2023","Lagermiete 1.11.2023","","","Andreas Rudin","","","112","","","Inland","","2000 -- Allgemeine Kreditoren","6000 -- Miete","nein","25.05.2025",""
"13.12.2023","9575","K","17029317","","Planzer AG","227.05","0.00","227.05","227.05","13.12.2023","0.00","13.12.2023","Lagermiete 31.10.2023","","","Andreas Rudin","","","126","","","Inland","","2000 -- Allgemeine Kreditoren","6000 -- Miete","nein","25.05.2025",""
"31.08.2024","8922","K","17031084","","Planzer AG","227.90","0.00","227.90","0.00","","227.90","30.09.2024","","","","Andreas Rudin","","","126","","","Inland","","2000 -- Allgemeine Kreditoren","6700 -- Übriger Betriebsaufwand","nein","29.09.2024",""
"03.09.2024","8921","K","INC/24/059228","","Init7 (Schweiz) AG","719.95","0.00","719.95","0.00","","719.95","02.10.2024","","","","Andreas Rudin","","","13","CH","","Inland","","2000 -- Allgemeine Kreditoren","1510 -- Mobiliar und Einrichtungen","nein","29.09.2024",""
"01.08.2025","9704","K","INC/25/040793","","Init7 (Schweiz) AG","1'016.98","0.00","1'016.98","0.00","","1'016.98","31.08.2025","","Fiber7 Birmensdorferstr.379 31.8.25-30.8.26","","Andreas Rudin","","","13","CH","","Inland","","2000 -- Allgemeine Kreditoren","6511 -- Internet und Serverhousing","nein","14.09.2025",""
"22.01.2026","9869","K","801412","","bloosite AG","5'007.20","0.00","5'007.20","0.00","","5'007.20","11.02.2026","","bloosite AG","Rackspace EKT Datacenter Thurgau","Cem Aydin","","","139","Schweiz","","Inland","","2000 -- Allgemeine Kreditoren","6511 -- Internet und Serverhousing","nein","28.01.2026",""
"26.01.2026","9868","K","INC/26/005755","","Init7 (Schweiz) AG","777.00","0.00","777.00","0.00","","777.00","26.02.2026","","Init7 (Schweiz) AG","","Cem Aydin","","","13","CH","","Inland","","2000 -- Allgemeine Kreditoren","6511 -- Internet und Serverhousing","nein","28.01.2026",""
"","","","","","","334'028.75","0.00","334'028.75","326'395.87","","7'632.88","","","","","","","","","","","","","","","","",""